AGbFBg,,RGFjcXVvaXNl,,,,,QmFuYW5hIE1hcmlh,,RGFjcXVvaXNl
AWbFBg,,V2hhdCdzIGFsbCB0aGF0IHlvdSdyZSBjYXJyeWluZz8gTGlnaHRlbiB5b3VyIGxvYWQgYSBiaXQgYW5kIGZvbGxvdyBtZS4=,,,,,Vm9jw6ogdMOhIGNhcnJlZ2FuZG8gbXVpdGEgY29pc2EuIExpYmVyZSBlc3Bhw6dvIG5vIGludmVudMOhcmlvIQ==,,wr9RdcOpIGVzIHRvZG8gZXNvIHF1ZSBsbGV2YXM/IEFsaWdlcmEgdW4gcG9jbyBsYSBjYXJnYSB5IHPDrWd1ZW1lLg==
AmbFBg,,W0RhY3F1b2lzZV0KQW4gYXJvbWEgdGhhdCB1bmRlbmlhYmx5IHN0aW11bGF0ZXMgdGhlIG5vc3RyaWxzIQ==,,,,,W0JhbmFuYSBNYXJpYV0KSHVtLi4uIFNpbnRvIGNoZWlybyBkZS4uLiBkZS4uLg==,,W0RhY3F1b2lzZV0KVW4gYXJvbWEgcXVlIGluZHVkYWJsZW1lbnRlIGVzdGltdWxhIGxhcyBmb3NhcyBuYXNhbGVzLg==
A2bFBg,,W0VjbGFpcmVdCkRpdmVyc2UgZGlzaGVzIHRoYXQgYXdha2VuIHRoZSBmaXZlIHNlbnNlcyEgWWVzLCB0aGF0IGlzIG15IGRlc3Rpbnkh,,,,,W0JhbGEgR2lsXQpOw6NvIMOpIHRlbXBlcm8uLi4gTsOjbyDDqSBjaMOhLi4u,,W0VjbGFpcmVdCsKhUGxhdG9zIHZhcmlhZG9zIHF1ZSBkZXNwaWVydGFuIGxvcyBjaW5jbyBzZW50aWRvcyEgwqFTw60sIGVzZSBlcyBtaSBkZXN0aW5vIQ==
BGbFBg,,W01pbGxlIEZldWlsbGVdCllvdXIgYXJyaXZhbCBoZXJlIHdhcyBubyBtZXJlIGNvaW5jaWRlbmNlIGVpdGhlciE=,,,,,W1BhbG1pdGluaGFdCsOJIGNoZWlybyBkZSBBcHJlbmRpeiEKRSBBcHJlbmRpeiBkb3MgYm9ucyE=,,W01pbGxlIEZldWlsbGVdClR1IGxsZWdhZGEgYXF1w60gdGFtcG9jbyBlcyB1bmEgbWVyYSBjb2luY2lkZW5jaWEu
BWbFBg,,W0RhY3F1b2lzZV0KV2hhdCdzIHlvdXIgbmFtZSwgeW91IHdobyBpcyBjb25zdGFudGx5IHR1Z2dlZCBieSBmYXRlPw==,,,,,W0JhbmFuYSBNYXJpYV0KU8OzIHByYSBjb25maXJtYXIgZGUgcXVlIHZvY8OqIMOpIG1lc21vIHF1ZW0gZXN0w6F2YW1vcyBlc3BlcmFuZG86CnF1YWwgw6kgbyBzZXUgbm9tZT8=,,W0RhY3F1b2lzZV0Kwr9Dw7NtbyB0ZSBsbGFtYXMsIHTDuiBhIHF1aWVuIGVsIGRlc3Rpbm8gamFsYSBjb25zdGFudGVtZW50ZSBjb24gc3VzIGhpbG9zPw==
BmbFBg,,W3t9XQp7fS4uLg==,,,,,W3t9XQp7fS4uLg==,,W3t9XQp7feKApg==
B2bFBg,,W0RhY3F1b2lzZV0KQXMgZm9yIG1lLCBJJ20gRGFjcXVvaXNlLCBhIGRpc2NpcGxlIG9mIHRoZSBmYW1vdXMgbGVnZW5kYXJ5IGNoZWYgb2YgUnVuZSBNaWRnYXJkLCBeMDAwMENEQ2hhcmxlcyBPcmxlYW5eMDAwMDAwLg==,,,,,W0JhbmFuYSBNYXJpYV0KSXNzbyBtZXNtbyEgRXN0w6F2YW1vcyBlc3BlcmFuZG8gcG9yIHZvY8OqLiBTb21vcyBhbHVuYXMgZG8gaW5jcsOtdmVsIGNoZWYgXjkzNzBEQkVyaWNrIEphY8Ojb14wMDAwMDAu,,W0RhY3F1b2lzZV0KRW4gY3VhbnRvIGEgbcOtLCBzb3kgRGFjcXVvaXNlLCB1biBkaXNjw61wdWxvIGRlbCBsZWdlbmRhcmlvIGNoZWYgZGUgUnVuZS1NaWRnYXJ0cywgXjk5MDA5OUNoYXJsZXMgT3JsZWFuc14wMDAwMDAu
CGbFBg,,W0VjbGFpcmVdCkFuZCB3ZSdyZSBhbHNvIG1lbWJlcnMgb2YgdGhlIF4wMDAwQ0RPcmxlYW4gZmFuIGNsdWJeMDAwMDAwIQ==,,,,,W0JhbGEgR2lsXQpTb21vcyBjb3ppbmhlaXJhcyBkbyBeOTM3MERCRsOjLWNsdWJlIEphY8Ojb14wMDAwMDAu,,W0VjbGFpcmVdCsKhWSB0YW1iacOpbiBzb21vcyBtaWVtYnJvcyBkZWwgXjk5MDA5OWNsdWIgZGUgZmFucyBkZSBPcmxlYW5zXjAwMDAwMCE=
CWbFBg,,W01pbGxlIEZldWlsbGVdCk9ybGVhbiBpcyB3aXRoIGFsbCBvZiB1cyE=,,,,,W1BhbG1pdGluaGFdCkFkb3JhbW9zIG8gSmFjw6NvIQ==,,W01pbGxlIEZldWlsbGVdCsKhT3JsZWFucyB2aXZlIGVuIHRvZG9zIG5vc290cm9zIQ==
CmbFBg,,W0RhY3F1b2lzZV0KQWghIEhvdyBkbyB0aGUgZm9vbGlzaCBvbmVzIG9mIHRoaXMgbGFuZCBlYXQ/,,,,,W0JhbmFuYSBNYXJpYV0KVGVudGFtb3MgZmF6ZXIgYXMgbWVzbWFzIHJlY2VpdGFzIHF1ZSBwYXNzYW0gbmEgVFYh,,W0RhY3F1b2lzZV0KwqFBaCEgwr9RdcOpIGNvbWVuIGxvcyBpbnNlbnNhdG9zIGRlIGVzdGFzIHRpZXJyYXM/
C2bFBg,,W0RhY3F1b2lzZV0KRnJ1aXQ/IE9mIGNvdXJzZSwgaXQncyBkZWxpY2lvdXMgb24gaXRzIG93biEgQnV0IHdoYXQgYXJlIGJyaWdodCByZWQgc3RyYXdiZXJyaWVzIHdoZW4gbm90IGdlbnRseSBsYWlkIGRvd24gb24gYSBzb2Z0LCB3aGl0ZSBjYWtlPw==,,,,,W0JhbmFuYSBNYXJpYV0KTW9yYW5nb3Mgc8OjbyBiZWxvcywgbsOpPyBNYXMgZSBzZSB2b2PDqiBwdXNlciB1bSBtb3JhbmfDo28gbm8gdG9wbyBkZSB1bSBib2xvLi4uCkVsZSBuw6NvIGZpY2EgYWluZGEgbWFpcyBsaW5kbz8=,,W0RhY3F1b2lzZV0Kwr9GcnV0YXM/IFBvciBzdXB1ZXN0bywgc29uIGRlbGljaW9zYXMgc2kgbGFzIGNvbWVzIHNvbGFzLiDCv1Blcm8gcXXDqSBlcyB1bmEgZnJlc2Egcm9qYSB5IGJyaWxsYW50ZSBzaSBubyBzZSBsYSBjb2xvY2EgY3VpZGFkb3NhbWVudGUgc29icmUgdW4gYmxhbmNvIHkgc3VhdmUgcGFzdGVsPw==
DGbFBg,,W0VjbGFpcmVdCkJyZWFkPyBPZiBjb3Vyc2UsIGl0J3MgZ29vZCBvbiBpdHMgb3duLiBCdXQgdG9nZXRoZXIgd2l0aCBjaGVlc2UsIG1lYXQsIGFuZCB2ZWdldGFibGVzLi4uIE5vIG9uZSBjb3VsZCByZWplY3Qgc3VjaCBmYW50YXN0aWMgaGFybW9ueS4=,,,,,W0JhbGEgR2lsXQpBcXVlbGEgbWFzc2EgY3JvY2FudGluaGEgZG8gcGFzdGVsIMOpIGRlbGljaW9zYS4uLgpNYXMgbsOjbyDDqSBuYWRhIHNlIG7Do28gdGl2ZXIgdW0gcmVjaGVpbyBkZSBxdWVpam8sIHRvbWF0ZSBlIG9yw6lnYW5vIQ==,,W0VjbGFpcmVdCsK/UGFuPyBDbGFybyBxdWUgZXMgYnVlbm8gcG9yIHPDrSBzb2xvLiBQZXJvIHNpIGxvIGNvbWJpbmFzIGNvbiBxdWVzbywgY2FybmUgeSB2ZXJkdXJhc+KApiBOYWRpZSBwb2Ryw61hIG5lZ2Fyc2UgYSBlc2EgZmFudMOhc3RpY2EgYXJtb27DrWEu
DWbFBg,,W01pbGxlIEZldWlsbGVdCkkgbGlrZSBNaW5vcm91cyBob29mIHN0ZXch,,,,,W1BhbG1pdGluaGFdCkFkb3JvIHVtIGVuc29wYWRvIGRlIGNhc2NvIGRlIE1pbm9yb3VzIQ==,,W01pbGxlIEZldWlsbGVdCsKhQSBtw60gbWUgZ3VzdGEgZWwgZ3Vpc28gZGUgcGV6dcOxYSBkZSBNaW5vcm91cyE=
DmbFBg,,W0RhY3F1b2lzZV0KV2hlbiB5b3UgZWF0IGEgd2FybSwgZGVsaWNpb3VzIG1lYWwsIHlvdXIgXjAwMDBDRHN0YXRzIGFyZSBib29zdGVkXjAwMDAwMCBhbmQgeW91IF4wMDAwQ0RyZWNvdmVyIGhlYWx0aF4wMDAwMDAsIHNvIHRoZXJlJ3Mgbm8gcmVhc29uIG5vdCB0byBjb29rIHlvdXIgbWVhbHMu,,,,,W0JhbmFuYSBNYXJpYV0KTyBxdWUgZXN0YW1vcyBxdWVyZW5kbyBkaXplciDDqSBxdWUsIHNlIHZvY8OqIGNvbWVyIHVtIHByYXRvIGJlbSBmZWl0bywKXjkzNzBEQnZvY8OqIHBvZGVyw6EgdGVyIHVtIGLDtG51cyBkZSBhdHJpYnV0b14wMDAwMDAgZSBeOTM3MERCbWFpb3IgcmVjdXBlcmHDp8Ojb14wMDAwMDAuIEVudMOjbywgY296aW5oZSE=,,W0RhY3F1b2lzZV0KQ3VhbmRvIGNvbWVzIHVuIHBsYXRvIGNhbGllbnRlIHkgZGVsaWNpb3NvLCB0dXMgZXN0YWTDrXN0aWNhcyBeOTkwMDk5YXVtZW50YW5eMDAwMDAwIHkgXjk5MDA5OXJlY3VwZXJhcyBzYWx1ZF4wMDAwMDAsIGFzw60gcXVlIG5vIGhheSByYXrDs24gcGFyYSBubyBjb2NpbmFyIHR1cyBjb21pZGFzLg==
D2bFBg,,W0VjbGFpcmVdCkRvbid0IHlvdSB3YW50IHRvIGxlYXJuIGFib3V0IGNvb2tpbmc/,,,,,W0JhbGEgR2lsXQpFIGHDrSwgdm9jw6ogcXVlciBzYWJlciBtYWlzIHNvYnJlIGEgYXJ0ZSBkZSBjb3ppbmhhcj8=,,W0VjbGFpcmVdCsK/Tm8gcXVpZXJlcyBhcHJlbmRlciBhIGNvY2luYXI/
EGbFBg,,W01pbGxlIEZldWlsbGVdCkV4cGVyaWVuY2UgdGhlIGN1bGluYXJ5IGNhc2NhZGUgb2YgY29va2luZyE=,,,,,W1BhbG1pdGluaGFdCkFkb3JhcsOtYW1vcyB0aXJhciBzdWFzIGTDunZpZGFzIQ==,,W01pbGxlIEZldWlsbGVdCsKhRXhwbG9yYSBlbCBhbXBsaW8gYWJhbmljbyBkZSBwb3NpYmlsaWRhZGVzIGRlIGxhIGNvY2luYSE=
EWbFBg,,SSdtIG5vdCBpbnRlcmVzdGVkLi4u,,,,,UHJlZmlybyBwZWRpciBjb21pZGEgcHJvbnRhIHBlbG8gUmFnZ2ku,,Tm8gbWUgaW50ZXJlc2HigKY=
EmbFBg,,V293ISBJIHdhbnQgdG8gbGVhcm4h,,,,,U2ltISBNZSBlbnNpbmUgdHVkbyE=,,wqFHdWF1ISDCoVF1aWVybyBhcHJlbmRlciE=
E2bFBg,,W0RhY3F1b2lzZV0KSXMgdGhhdCBzbz8gVGhhdCdzIHRvbyBiYWQuIENvbWUgYmFjayBpZiB5b3UgY2hhbmdlIHlvdXIgbWluZCE=,,,,,W0JhbmFuYSBNYXJpYV0KUHV4YSB2aWRhLi4uIE1hcyBlIG8gcHJhemVyIGRlIGNvemluaGFyLCBjb21vIGZpY2E/,,W0RhY3F1b2lzZV0Kwr9EZSB2ZXJkYWQ/IEVzIHVuYSBsw6FzdGltYS4gVnVlbHZlIHNpIGNhbWJpYXMgZGUgb3BpbmnDs24u
FGbFBg,,W0VjbGFpcmVdCkkgYmV0IHlvdSdsbCBiZSBiYWNrIHNvb24hIFRoYXQncyB3aGF0IG15IGludHVpdGlvbiBpcyB0ZWxsaW5nIG1lIQ==,,,,,W0JhbGEgR2lsXQpOw6NvIHNlIHByZW9jdXBhLCBCYW5hbmEhIEVzc2EgcGVzc29hIHZhaSB2b2x0YXIgdW0gZGlhLi4u,,W0VjbGFpcmVdCsKhQXB1ZXN0byBhIHF1ZSB2b2x2ZXLDoXMgcHJvbnRvISBNZSBsbyBkaWNlIG1pIGludHVpY2nDs24u
FWbFBg,,W01pbGxlIEZldWlsbGVdCkRvbid0IGZvcmdldCB0byBwb3VuZCBvbiB5b3VyIGNoZXN0IHdoZW4gc3dlZXQgcG90YXRvIGdldHMgc3R1Y2sgaW4geW91ciB0aHJvYXQh,,,,,W0JhbmFuYSBNYXJpYV0KUGVyZmVpdG8hIMOJIGFzc2ltIHF1ZSBzZSBmYWxhIQ==,,W01pbGxlIEZldWlsbGVdCsKhTm8gb2x2aWRlcyBnb2xwZWFydGUgZWwgcGVjaG8gc2kgdGUgYXRyYWdhbnRhcyBjb24gbGFzIGJhdGF0YXMh
FmbFBg,,W0RhY3F1b2lzZV0KT2theSEgV2UnbGwgYmUgeW91ciBndWlkZXMgb24geW91ciBjb29raW5nIGpvdXJuZXkh,,,,,W0JhbmFuYSBNYXJpYV0KT2shIFNlcmVtb3Mgc3VhcyBndWlhcyBuYSBqb3JuYWRhIGN1bGluw6FyaWEh,,W0RhY3F1b2lzZV0KwqFCaWVuISDCoVNlcmVtb3MgdHVzIGd1w61hcyBlbiBlc3RlIHZpYWplIGN1bGluYXJpbyE=
F2bFBg,,W0VjbGFpcmVdCkFzayB1cyBhbnl0aGluZyE=,,,,,W0JhbGEgR2lsXQpQb2RlIHBlcmd1bnRhciBxdWFscXVlciBjb2lzYSE=,,W0VjbGFpcmVdClByZWfDum50YW5vcyBsbyBxdWUgcXVpZXJhcy4=
GGbFBg,,W01pbGxlIEZldWlsbGVdCkZyaWVuZGxpbmVzcyBpcyBvdXIgc2Vhc29uaW5nIQ==,,,,,W1BhbG1pdGluaGFdClZhbW9zIHRlIHJlc3BvbmRlciB0dWRvIGNvbSBvIG5vc3NvIHRlbXBlcm8gZXNwZWNpYWwuLi4=,,W01pbGxlIEZldWlsbGVdCsKhTGEgYW1hYmlsaWRhZCBlcyBudWVzdHJvIGNvbmRpbWVudG8h
GWbFBg,,RWZmZWN0cyBvZiBjb29raW5nLg==,,,,,T3MgYmVuZWbDrWNpb3MgZGUgY296aW5oYXI=,,RWZlY3RvcyBkZSBsYXMgY29taWRhcy4=
GmbFBg,,SG93IHRvIGNvb2su,,,,,Q29tbyBjb3ppbmhhcg==,,Q8OzbW8gY29jaW5hci4=
G2bFBg,,RnJpZW5kbGluZXNzIGlzIG5vIHNlYXNvbmluZy4=,,,,,Q2FuY2VsYXI=,,TGEgYW1hYmlsaWRhZCBubyBlcyB1biBjb25kaW1lbnRvLg==
HGbFBg,,W0RhY3F1b2lzZV0KQWhhISBZb3Ugd2FudCB0byBsZWFybiBhYm91dCB0aGUgZWZmZWN0cyBvZiBjb29raW5nPyBUaGVyZSBhcmUgdHdvIG1ham9yIGVmZmVjdHMh,,,,,W0JhbmFuYSBNYXJpYV0KTyBhdG8gZGUgY296aW5oYXIgdHJheiBkb2lzIGJlbmVmw61jaW9zIGltcG9ydGFudMOtc3NpbW9zIQ==,,W0RhY3F1b2lzZV0KwqFBasOhISDCv1F1aWVyZSBjb25vY2VyIGxvcyBlZmVjdG9zIGRlIGxhcyBjb21pZGFzPyBIYXkgZG9zIGVmZWN0b3MgcHJpbmNpcGFsZXMu
HWbFBg,,W0RhY3F1b2lzZV0KVGhlIGZpcnN0IGlzIGl0IF4wMDAwQ0Rib29zdHMgeW91ciBzdGF0c14wMDAwMDAhIFRhLWRhaCE=,,,,,W0JhbmFuYSBNYXJpYV0KUHJpbWVpcm8gc8OjbyBvcyBeOTM3MERCYsO0bnVzIGRlIGF0cmlidXRvcyFeMDAwMDAw,,W0RhY3F1b2lzZV0KwqFFbCBwcmltZXJvIGVzIHF1ZSBeOTkwMDk5cG90ZW5jaWFuIHR1cyBlc3RhZMOtc3RpY2FzXjAwMDAwMCEgwqFUYXLDoW4h
HmbFBg,,W0VjbGFpcmVdClRoZSA2IHR5cGVzIG9mIGNvb2tpbmcgZWFjaCBib29zdCBvbmUgc3RhdCBhbW9uZyBeMDAwMENEU1RSLCBBR0ksIFZJVCwgSU5ULCBERVgsIExVS14wMDAwMDAu,,,,,W0JhbGEgR2lsXQpDZXJ0b3MgcmFuZ29zIHBvZGVtIGF1bWVudGFyIHRlbXBvcmFyaWFtZW50ZSBhIHN1YSBeOTM3MERCRk9SLCBBR0ksIFZJVCwgSU5ULCBERVMgZSBTT1JeMDAwMDAwLg==,,W0VjbGFpcmVdCkNhZGEgdW5vIGRlIGxvcyA2dGlwb3MgZGUgY29jaW5hIHBvdGVuY2lhbiB1bmEgZXN0YWTDrXN0aWNhIGVuIHBhcnRpY3VsYXI6IF45OTAwOTlGVUUsIEFHSSwgVklULCBJTlQsIERFUyBvIFNVRV4wMDAwMDAu
H2bFBg,,W01pbGxlIEZldWlsbGVdClRoZSBhbW91bnQgaXQgYm9vc3RzIGRlcGVuZHMgb24gdGhlIGxldmVsIG9mIHRoZSBkaXNoLg==,,,,,W1BhbG1pdGluaGFdCkRlcGVuZGVuZG8gZGEgc3VhIGhhYmlsaWRhZGUgbm8gZm9nw6NvLCBvcyBiw7RudXMgZGUgYXRyaWJ1dG8gcG9kZW0gc2VyIGJlbSBhbHRvcyE=,,W01pbGxlIEZldWlsbGVdCkxhIGNhbnRpZGFkIHF1ZSBwb3RlbmNpYW4gZGVwZW5kZSBkZWwgbml2ZWwgZGVsIHBsYXRvLg==
IGbFBg,,W0RhY3F1b2lzZV0KQW5kIHRoZSBzZWNvbmQgZWZmZWN0ISBEdW4gZHVuIGR1biE=,,,,,W0JhbmFuYSBNYXJpYV0KRSBlbSBzZWd1bmRvIGx1Z2FyLCBtYXMgbsOjbyBtZW5vcyBpbXBvcnRhbnRlLi4u,,W0RhY3F1b2lzZV0KWSBlbCBzZWd1bmRvIGVmZWN0b+KApiDCoVR1biwgdHVuLCB0dW4h
IWbFBg,,W0VjbGFpcmVdCl4wMDAwQ0RSZXN0b3JpbmcgSFAgYW5kIFNQXjAwMDAwMCE=,,,,,W0JhbGEgR2lsXQpDb21pZGFzIHBvZGVtIHJlZ2VuZXJhciBzZXUgXjkzNzBEQkhQIGUgU1BeMDAwMDAwIQ==,,W0VjbGFpcmVdCl45OTAwOTnCoVJlY3VwZXJhbiBQViB5IFBNXjAwMDAwMCE=
ImbFBg,,W01pbGxlIEZldWlsbGVdCkhvdyBtdWNoIGlzIHJlc3RvcmVkIGRlcGVuZHMgb24gdGhlIGxldmVsIG9mIHRoZSBkaXNoLiBUaGVyZSBhcmUgYWxzbyBkaXNoZXMgdGhhdCBvbmx5IHJlc3RvcmUgSFAu,,,,,W1BhbG1pdGluaGFdCkFzc2ltIGNvbW8gb3MgYsO0bnVzIGRlIGF0cmlidXRvLCBhIHJlZ2VuZXJhw6fDo28gdmFpIHZhcmlhciBjb20gYSBzdWEgcHJvZmljacOqbmNpYS4=,,W01pbGxlIEZldWlsbGVdCkxhIGNhbnRpZGFkIHF1ZSByZWN1cGVyYW4gZGVwZW5kZSBkZWwgbml2ZWwgZGVsIHBsYXRvLiBUYW1iacOpbiBoYXkgcGxhdG9zIHF1ZSBzb2xvIHJlY3VwZXJhbiBQVi4=
I2bFBg,,W0RhY3F1b2lzZV0KV2hhdCBkbyB5b3UgdGhpbms/IERvZXNuJ3QgdGhhdCB3aGV0IHlvdXIgYXBwZXRpdGU/,,,,,W0JhbmFuYSBNYXJpYV0KTyBxdWUgYWNoYT8gTsOjbyBkw6Egw6FndWEgbmEgYm9jYT8=,,W0RhY3F1b2lzZV0Kwr9RdcOpIG9waW5hcz8gwr9ObyB0ZSBhYnJlIGVsIGFwZXRpdG8/
JGbFBg,,W0VjbGFpcmVdCllvdSBtaWdodCBub3QgZXhwZXJpZW5jZSB0aGVzZSBlZmZlY3RzIGZ1bGx5IGJlY2F1c2UgeW91ciBsZXZlbCBpcyBzdGlsbCBsb3csIGJ1dCBvbmNlIHlvdXIgbGV2ZWwgZ2V0cyBoaWdoZXIsIHRoZSBwb3dlciBvZiBjb29raW5nIHdpbGwgbW92ZSB5b3UgdG8gdGVhcnMu,,,,,W0JhbGEgR2lsXQpWb2PDqiBhaW5kYSB0w6EgbWVpbyBjcnUsIG1hcyBjb25mb3JtZSBmb3IgYW1hZHVyZWNlbmRvLCB2YWkgY29uc2VndWlyIGZhemVyIHVucyBwcmF0b3Mgc2Vuc2FjaW9uYWlzIQ==,,W0VjbGFpcmVdClB1ZWRlIHF1ZSBubyBleHBlcmltZW50ZXMgbG9zIGVmZWN0b3MgZW4gc3UgdG90YWxpZGFkIHBvcnF1ZSB0dSBuaXZlbCBkZSBjb2NpbmEgZXMgYmFqbywgcGVybyB1bmEgdmV6IHF1ZSBzdWJhcyBkZSBuaXZlbCwgZWwgcG9kZXIgZGUgbGEgY29jaW5hIHRlIGVtb2Npb25hcsOhIGhhc3RhIGxhcyBsw6FncmltYXMu
JWbFBg,,W01pbGxlIEZldWlsbGVdClByZXBhcmUgYSBsYWNlIGhhbmRrZXJjaGllZi4=,,,,,W1BhbG1pdGluaGFdCkFycnVtZSB1bSBsZW7Dp28gZGUgcmVuZGEu,,W01pbGxlIEZldWlsbGVdClByZXBhcmFyIGVsIHBhw7F1ZWxvLg==
JmbFBg,,SG93IGRvIEkgY29vaz8=,,,,,TGVnYWwuIEUgY29tbyBldSBjb21lw6dvPw==,,wr9Dw7NtbyBwdWVkbyBjb2NpbmFyPw==
J2bFBg,,W0RhY3F1b2lzZV0KVGhhdCdzIGl0ISBZb3UncmUgZmluYWxseSBpbnRlcmVzdGVkIQ==,,,,,W0JhbmFuYSBNYXJpYV0KQ2FsbWEgbMOhLCBjYWxtYSBsw6Eh,,W0RhY3F1b2lzZV0KwqFFc28gZXMgdG9kbyEgwqFQb3IgZmluIHRlIGludGVyZXNhIQ==
KGbFBg,,W0RhY3F1b2lzZV0KV2hlbiBjb29raW5nLCBicmFzaG5lc3MgaXMgZm9yYmlkZGVuISBQcmVwYXJhdGlvbiBpcyBrZXku,,,,,W0JhbmFuYSBNYXJpYV0KQXByZXNzYWRvIGNvbWUgY3J1IQ==,,W0RhY3F1b2lzZV0KRW4gbGEgY29jaW5hLCDCoWVzdMOhIHByb2hpYmlkbyBhcHJlc3VyYXJzZSEgTGEgcHJlcGFyYWNpw7NuIGVzIGNsYXZlLg==
KWbFBg,,W0VjbGFpcmVdCk9ubHkgdGhvc2Ugd2hvIGFyZSBwcm9wZXJseSBwcmVwYXJlZCBtYXkgZW50ZXIgdGhlIHdvcmxkIG9mIGNvb2tpbmch,,,,,W0JhbGEgR2lsXQpTw7MgYXMgcGVzc29hcyBxdWUgZXN0aXZlcmVtIHByZXBhcmFkYXMgcG9kZW0gZW50cmFyIG5vIG11bmRvIGRhIGNvemluaGEh,,W0VjbGFpcmVdCsKhU29sbyBsb3MgcXVlIHNhYmVuIHByZXBhcmFyc2UgYmllbiBwdWVkZW4gZW50cmFyIGVuIGVsIG11bmRvIGRlIGxhIGNvY2luYSE=
KmbFBg,,W01pbGxlIEZldWlsbGVdClByZXBhcmF0aW9uISBJdCdzIG5vdCBzb21ldGhpbmcgZGlmZmljdWx0IQ==,,,,,W1BhbG1pdGluaGFdClByZXBhcmHDp8OjbyDDqSBhIHBhbGF2cmEh,,W01pbGxlIEZldWlsbGVdCsKhUHJlcGFyYWNpw7NuISBObyBlcyBuYWRhIGRpZsOtY2lsLg==
K2bFBg,,W0RhY3F1b2lzZV0KUHJlcGFyYXRpb24gaXMgZGl2aWRlZCBpbnRvIHR3byBtYWluIHN0ZXBzOg==,,,,,W0JhbmFuYSBNYXJpYV0KQW50ZXMgZGUgdHVkbywgdm9jw6ogcHJlY2lzYSBkZSBkdWFzIGNvaXNhcy4=,,W0RhY3F1b2lzZV0KTGEgcHJlcGFyYWNpw7NuIHNlIGRpdmlkZSBlbiBkb3MgcGFzb3MgcHJpbmNpcGFsZXM6
LGbFBg,,W0RhY3F1b2lzZV0KRmlyc3QhIFlvdSBuZWVkIGEgXjAwMDBDRHJlY2lwZSBib29rXjAwMDAwMC4=,,,,,W0JhbmFuYSBNYXJpYV0KUHJpbWVpcm8sIHZvY8OqIHByZWNpc2EgZGUgdW0gXjkzNzBEQkxpdnJvIGRlIEN1bGluw6FyaWFeMDAwMDAwLg==,,W0RhY3F1b2lzZV0KUHJpbWVybywgbmVjZXNpdGFzIHVuIF45OTAwOTlsaWJybyBkZSByZWNldGFzXjAwMDAwMC4=
LWbFBg,,W0VjbGFpcmVdCkltYWdpbmUgdGhhdCB0aGVyZSBhcmUgbW91bnRhaW5zIG9mIGluZ3JlZGllbnRzIHBpbGVkIHVwIGJlZm9yZSB5b3UuIEJ1dCB5b3UgZG9uJ3Qga25vdyB3aGF0IHRvIGRvIHdpdGggdGhlbSE=,,,,,W0JhbGEgR2lsXQpBZmluYWwsIGRvIHF1ZSBhZGlhbnRhIHRlciBvcyBpbmdyZWRpZW50ZXMsIHNlIHZvY8OqIG7Do28gc2FiZSBvIHF1ZSBmYXplciBjb20gZWxlcz8=,,W0VjbGFpcmVdCkltYWdpbmEgcXVlIGhheSB1bmEgbW9udGHDsWEgZGUgaW5ncmVkaWVudGVzIGFwaWxhZGEgZnJlbnRlIGEgdGksIHBlcm8gbm8gc2FiZXMgcXXDqSBoYWNlciBjb24gZWxsYS4=
LmbFBg,,W01pbGxlIEZldWlsbGVdClRoYXQncyB3aGVuIHlvdSBvcGVuIHlvdXIgcmVjaXBlIGJvb2su,,,,,W1BhbG1pdGluaGFdCsOJIHF1YW5kbyB2b2PDqiBhYnJlIHNldSBsaXZybyBkZSBjdWxpbsOhcmlhLg==,,W01pbGxlIEZldWlsbGVdCkVzIGVudG9uY2VzIGN1YW5kbyBhYnJlcyBlbCBsaWJybyBkZSByZWNldGFzLg==
L2bFBg,,W0RhY3F1b2lzZV0KQSByZWNpcGUgYm9vayB3aWxsIHRlbGwgeW91IGhvdyB0byB0dXJuIHRob3NlIGluZ3JlZGllbnRzIGludG8gYSBkaXNoLg==,,,,,W0JhbmFuYSBNYXJpYV0KVW0gbGl2cm8gZGUgY3VsaW7DoXJpYSBlbnNpbmEgYSB0cmFuc2Zvcm1hciBpbmdyZWRpZW50ZXMgZW0gcHJhdG9zLg==,,W0RhY3F1b2lzZV0KRWwgbGlicm8gZGUgcmVjZXRhcyB0ZSBkaXLDoSBjw7NtbyBjb252ZXJ0aXIgZXNvcyBpbmdyZWRpZW50ZXMgZW4gdW4gcGxhdG8u
MGbFBg,,W0VjbGFpcmVdClNvIGhvdyBkbyB5b3UgZ2V0IGEgcmVjaXBlIGJvb2s/,,,,,W0JhbGEgR2lsXQpFIHBhcmEgaXNzby4uLg==,,W0VjbGFpcmVdCsK/Q8OzbW8gc2UgY29uc2lndWUgdW4gbGlicm8gZGUgcmVjZXRhcz8=
MWbFBg,,W01pbGxlIEZldWlsbGVdClJlY2lwZSBib29rcyBjYW4gYmUgZ2FpbmVkIF4wMDAwQ0R0aHJvdWdoIHF1ZXN0c14wMDAwMDAgb3IgXjAwMDBDRGZyb20gbW9uc3RlcnNeMDAwMDAwLg==,,,,,W1BhbG1pdGluaGFdClZvY8OqIHBvZGUgY29uc2VndWktbG8gcG9yIG1laW8gZGUgXjkzNzBEQm1pc3PDtWVzXjAwMDAwMCBvdSBeOTM3MERCZGVycm90YW5kbyBtb25zdHJvc14wMDAwMDAu,,W01pbGxlIEZldWlsbGVdClB1ZWRlcyBvYnRlbmVybG9zIF45OTAwOTlhIHRyYXbDqXMgZGUgbWlzaW9uZXNeMDAwMDAwIG8gXjk5MDA5OWRlcnJvdGFuZG8gbW9uc3RydW9zXjAwMDAwMC4=
MmbFBg,,W0RhY3F1b2lzZV0KT25jZSB5b3UgaGF2ZSBhIHJlY2lwZSBib29rLCB5b3UncmUgb24gdG8gdGhlIHNlY29uZCBzdGVwIQpXaGljaCBpcyBeMDAwMENEaW5ncmVkaWVudHNeMDAwMDAwIQ==,,,,,W0JhbmFuYSBNYXJpYV0KQ29tIG8gTGl2cm8gZGUgQ3VsaW7DoXJpYSBlbSBtw6NvcywgdmVtIG8gc2VndW5kbyBwYXNzby4uLgpUZXIgb3MgXjkzNzBEQkluZ3JlZGllbnRlcyFeMDAwMDAw,,W0RhY3F1b2lzZV0KVW5hIHZleiBxdWUgdGVuZ2FzIHVuIGxpYnJvIGRlIHJlY2V0YXMsIHB1ZWRlcyBhdmFuemFyIGFsIHNlZ3VuZG8gcGFzbywKwqFxdWUgc29uIGxvcyBeOTkwMDk5aW5ncmVkaWVudGVzXjAwMDAwMCE=
M2bFBg,,W0VjbGFpcmVdCllvdSBjYW4ndCBjb29rIHdpdGggb25seSBhIHJlY2lwZSBib29rIGFuZCBubyBpbmdyZWRpZW50cy4gRXZlbiBhIG5ld2Jvcm4gYmFieSBrbm93cyB0aGF0IQ==,,,,,W0JhbGEgR2lsXQpOw6NvIGTDoSBwcmEgY296aW5oYXIgc8OzIGNvbSBsaXZybyBkZSByZWNlaXRhcyBlIHNlbSBpbmdyZWRpZW50ZXMhIEF0w6kgdW0gYmViw6ogc2FiZSBkaXNzbyE=,,W0VjbGFpcmVdCk5vIHNlIHB1ZWRlIGNvY2luYXIgc29sbyBjb24gdW4gbGlicm8gZGUgcmVjZXRhcyB5IHNpbiBpbmdyZWRpZW50ZXMuIMKhRXNvIGxvIHNhYmUgaGFzdGEgdW4gYmViw6kh
NGbFBg,,W01pbGxlIEZldWlsbGVdCllvdSBjYW4gZ2V0IGluZ3JlZGllbnRzIGJ5IGRlZmVhdGluZyBeMDAwMENEbW9uc3RlcnNeMDAwMDAwLCBvciB5b3UgY2FuIGJ1eSB0aGVtIGZyb20gXjAwMDBDREluZ3JlZGllbnQgTWVyY2hhbnRzXjAwMDAwMC4=,,,,,W1BhbG1pdGluaGFdClZvY8OqIHBvZGUgY29uc2VndWktbG9zIGRlcnJvdGFuZG8gXjkzNzBEQm1vbnN0cm9zXjAwMDAwMCBvdSBjb21wcmFuZG8gZGUgXjkzNzBEQk1lcmNhZG9yZXNeMDAwMDAwLg==,,W01pbGxlIEZldWlsbGVdClB1ZWRlcyBjb25zZWd1aXIgaW5ncmVkaWVudGVzIGRlcnJvdGFuZG8gXjk5MDA5OW1vbnN0cnVvc14wMDAwMDAgbyBwdWVkZXMgY29tcHLDoXJzZWxvcyBhIGxvcyBeOTkwMDk5Y29tZXJjaWFudGVzIGRlIGluZ3JlZGllbnRlc14wMDAwMDAu
NWbFBg,,W0RhY3F1b2lzZV0KSXQgdGFrZXMgc29tZSBwcmVwYXJhdGlvbiBiZWZvcmUgeW91IGNhbiBzdGFydCBjb29raW5nLCBidXQgd2hlbiB5b3UgdGhpbmsgb2YgdGhlIGJlbmVmaXRzLCBpdCdzIGFsbCB3b3J0aCBpdCE=,,,,,W0JhbmFuYSBNYXJpYV0KQ296aW5oYXIgZXhpZ2UgcHJlcGFybywgbWFzIG9zIGJlbmVmw61jaW9zIGNvbXBlbnNhbSE=,,W0RhY3F1b2lzZV0KTmVjZXNpdGFzIGFsZ28gZGUgcHJlcGFyYWNpw7NuIGFudGVzIGRlIGVtcGV6YXIgYSBjb2NpbmFyLCBwZXJvIGN1YW5kbyBwaWVuc2FzIGVuIGxvcyBiZW5lZmljaW9zLCDCoXRvZG8gdmFsZSBsYSBwZW5hIQ==
NmbFBg,,W0RhY3F1b2lzZV0KU29tZXRoaW5nIHRvIHJlbWVtYmVyIHdoZW4gY29va2luZyBpcyB0aGF0IHRoZXJlJ3MgYSBeMDAwMENEY2hhbmNlIG9mIGZhaWx1cmVeMDAwMDAwLiBUaGUgcHJvYmFiaWxpdHkgY2hhbmdlcyBiYXNlZCBvbiB5b3VyIGNvb2tpbmcgdG9vbHMgYW5kIGNvb2tpbmcgbGV2ZWwu,,,,,W0JhbmFuYSBNYXJpYV0KQWgsIGUgdW1hIGNvaXNhIHF1ZSB2b2PDqiBuw6NvIHBvZGUgZXNxdWVjZXI6IF45MzcwREJzZXUgcHJhdG8gcG9kZSBhY2FiYXIgZGFuZG8gcnVpbSFeMDAwMDAwIEEgcmVjZWl0YSBkZXBlbmRlIGRvIHNldSBuw612ZWwgZSBkb3MgaW5ncmVkaWVudGVzIHV0aWxpemFkb3Mu,,W0RhY3F1b2lzZV0KQWxnbyBxdWUgZGViZXMgdGVuZXIgZW4gY3VlbnRhIGVzIHF1ZSBhbCBjb2NpbmFyLCBoYXkgdW5hIF45OTAwOTlwb3NpYmlsaWRhZCBkZSBmcmFjYXNvXjAwMDAwMC4gRXN0YSBwb3NpYmlsaWRhZCBjYW1iaWEgZW4gZnVuY2nDs24gZGUgbG9zIHV0ZW5zaWxpb3MgeSBlbCBuaXZlbCBkZSBjb2NpbmEgcXVlIHRlbmdhcy4=
N2bFBg,,SSB3YW50IHRvIHRyeSBjb29raW5nIQ==,,,,,UXVlcm8gdGVudGFyIGZhemVyIHVtIHByYXRvIQ==,,wqFRdWllcm8gY29jaW5hciE=
OGbFBg,,W0RhY3F1b2lzZV0KWW91IGxvb2sgc28gZW50aHVzaWFzdGljISBMZXQncyB0cnkgdG8gY29vayBzb21ldGhpbmchIENsZWFuc2UgeW91ciBtaW5kIGFuZCByZXR1cm4gdG8gbWUh,,,,,W0JhbmFuYSBNYXJpYV0KUXVlIHByb2F0aXZpZGFkZSEgR29zdGVpIGRlIHZlciE=,,W0RhY3F1b2lzZV0KwqFNZSBlbmNhbnRhIGVzZSBlbnR1c2lhc21vISDCoVRyYXRlbW9zIGRlIGNvY2luYXIgYWxnbyEgwqFMaW1waWEgdHUgbWVudGUgeSB2ZW4gYSB2ZXJtZSBkZSBudWV2byE=
OWbFBg,,W0RhY3F1b2lzZV0KVGhhdCdzIHJpZ2h0LiBDb29raW5nIHJlcXVpcmVzIHByZXBhcmF0aW9uLiBUaGF0IHByZXBhcmF0aW9uIGlzIGRpdmlkZWQgaW50byB0d28gbWFpbiBzdGVwczo=,,,,,W0JhbmFuYSBNYXJpYV0KRXhhdG8uIENvemluaGFyIGV4aWdlIHByZXBhcm8sIGUgZXNzZSBwcmVwYXJvIHNlIGRpdmlkZSBlbSBkdWFzIGV0YXBhcyBwcmluY2lwYWlzOg==,,W0RhY3F1b2lzZV0KQXPDrSBlcy4gQ29jaW5hciByZXF1aWVyZSBwcmVwYXJhY2nDs24uIERpY2hhIHByZXBhcmFjacOzbiBzZSBkaXZpZGUgZW4gZG9zIHBhc29zIHByaW5jaXBhbGVzOg==
OmbFBg,,W0RhY3F1b2lzZV0KRmlyc3QhIFlvdSBtdXN0IGhhdmUgYSBeMDAwMENEcmVjaXBlIGJvb2teMDAwMDAwIQ==,,,,,W0JhbmFuYSBNYXJpYV0KUHJpbWVpcm8hIFZvY8OqIHByZWNpc2EgdGVyIHVtIF4wMDAwQ0RsaXZybyBkZSBjdWxpbsOhcmlhXjAwMDAwMCE=,,W0RhY3F1b2lzZV0KwqFQcmltZXJvISDCoURlYmVzIHRlbmVyIHVuIF45OTAwOTlsaWJybyBkZSByZWNldGFzXjAwMDAwMCE=
O2bFBg,,W0RhY3F1b2lzZV0KQSByZWNpcGUgYm9vayB3aWxsIHRlbGwgeW91IGhvdyB0byByZWZpbmUgdGhvc2UgaW5ncmVkaWVudHMgaW50byBhIGRpc2gu,,,,,W0JhbmFuYSBNYXJpYV0KTyBsaXZybyBlbnNpbmEgYSB0cmFuc2Zvcm1hciBpbmdyZWRpZW50ZXMgZW0gcHJhdG9zLg==,,W0RhY3F1b2lzZV0KRWwgbGlicm8gZGUgcmVjZXRhcyB0ZSBkaXLDoSBjw7NtbyByZWZpbmFyIGVzb3MgaW5ncmVkaWVudGVzIHBhcmEgaGFjZXIgdW4gcGxhdG8u
PGbFBg,,W0VjbGFpcmVdClJlY2lwZSBib29rcyBjYW4gYmUgZ2FpbmVkIF4wMDAwQ0R0aHJvdWdoIHF1ZXN0c14wMDAwMDAgb3IgXjAwMDBDRGZyb20gbW9uc3RlcnNeMDAwMDAwLg==,,,,,W0JhbGEgR2lsXQpMaXZyb3MgZGUgcmVjZWl0YXMgc8OjbyBvYnRpZG9zIF4wMDAwQ0RlbSBtaXNzw7Vlc14wMDAwMDAgb3UgXjAwMDBDRGRlIG1vbnN0cm9zXjAwMDAwMC4=,,W0VjbGFpcmVdClB1ZWRlcyBvYnRlbmVybG9zIF45OTAwOTlhIHRyYXbDqXMgZGUgbWlzaW9uZXNeMDAwMDAwIG8gXjk5MDA5OWRlcnJvdGFuZG8gbW9uc3RydW9zXjAwMDAwMC4=
PWbFBg,,W01pbGxlIEZldWlsbGVdClRlbGwgdXMgd2hhdCB5b3UgbmVlZCB0byBwcmVwYXJlIG5leHQu,,,,,W1BhbG1pdGluaGFdCkRpZ2EgbyBxdWUgcHJlY2lzYSBwcmVwYXJhciBhZ29yYS4=,,W01pbGxlIEZldWlsbGVdCkRpbm9zIHF1w6kgbmVjZXNpdGFzIHByZXBhcmFyIGxhIHByw7N4aW1hLg==
PmbFBg,,W0RhY3F1b2lzZV0KU2Vjb25kISBPZiBjb3Vyc2UsIGl0J3MgZnJlc2ggXjAwMDBDRGluZ3JlZGllbnRzXjAwMDAwMCE=,,,,,W0JhbmFuYSBNYXJpYV0KU2VndW5kbyEgQ2xhcm8sIHPDo28gXjAwMDBDRGluZ3JlZGllbnRlcyBmcmVzY29zXjAwMDAwMCE=,,W0RhY3F1b2lzZV0KwqFTZWd1bmRvISDCoVBvciBzdXB1ZXN0bywgc29uIGxvcyBeOTkwMDk5aW5ncmVkaWVudGVzIGZyZXNjb3NeMDAwMDAwIQ==
P2bFBg,,W0VjbGFpcmVdCkhvdyB3b3VsZCB5b3UgY29vayB3aXRob3V0IGluZ3JlZGllbnRzPyBBcmUgeW91IGdvaW5nIHRvIGVhdCB0aGUgcmVjaXBlIGJvb2s/,,,,,W0JhbGEgR2lsXQpDb21vIGNvemluaGFyIHNlbSBpbmdyZWRpZW50ZXM/IFZhaSBjb21lciBvIGxpdnJvPw==,,W0VjbGFpcmVdCsK/Q8OzbW8gcG9kcsOtYXMgY29jaW5hciBzaW4gaW5ncmVkaWVudGVzPyDCv08gcGVuc2FiYXMgY29tZXJ0ZSBlbCBsaWJybyBkZSByZWNldGFzPw==
QGbFBg,,W01pbGxlIEZldWlsbGVdClRoZXJlIGFyZSBkaXNoZXMgbWFkZSB3aXRoIGluZ3JlZGllbnRzIHRoYXQgYXJlIDEwMCB5ZWFycyBvbGQsIGFuZCB0aGV5J3JlIHBlcmZlY3RseSBlZGlibGUh,,,,,W1BhbG1pdGluaGFdCkV4aXN0ZW0gcHJhdG9zIGZlaXRvcyBjb20gaW5ncmVkaWVudGVzIGRlIDEwMCBhbm9zLi4uIGUgc8OjbyBjb21lc3TDrXZlaXMh,,W01pbGxlIEZldWlsbGVdCkhheSBwbGF0b3MgZWxhYm9yYWRvcyBjb24gaW5ncmVkaWVudGVzIGRlIGhhY2UgMTAwYcOxb3MsIMKheSBzb24gcGVyZmVjdGFtZW50ZSBjb21lc3RpYmxlcyE=
QWbFBg,,W0RhY3F1b2lzZV0KTm9uc2Vuc2UhIEFueXdheSwgaXQgdGFrZXMgc29tZSBwcmVwYXJhdGlvbiB0byBiZSByZWFkeSB0byBjb29rLCBidXQgaWYgeW91IHRoaW5rIG9mIHRoZSBiZW5lZml0cywgaXQncyBhbGwgd29ydGggaXQu,,,,,W0JhbmFuYSBNYXJpYV0KQm9iYWdlbSEgRW5maW0sIGNvemluaGFyIGV4aWdlIHByZXBhcm8sIG1hcyBvcyBiZW5lZsOtY2lvcyBjb21wZW5zYW0u,,W0RhY3F1b2lzZV0KwqFUb250ZXLDrWFzISBFbiB0b2RvIGNhc28sIG5lY2VzaXRhcyBhbGdvIGRlIHByZXBhcmFjacOzbiBhbnRlcyBkZSBlbXBlemFyIGEgY29jaW5hciwgcGVybyBjdWFuZG8gcGllbnNhcyBlbiBsb3MgYmVuZWZpY2lvcywgdG9kbyB2YWxlIGxhIHBlbmEu
QmbFBg,,W0VjbGFpcmVdClNvbWV0aGluZyB0byByZW1lbWJlciB3aGVuIGNvb2tpbmcgaXMgdGhhdCB0aGVyZSdzIGEgXjAwMDBDRGNoYW5jZSBvZiBmYWlsdXJlXjAwMDAwMC4gVGhlIHByb2JhYmlsaXR5IGNoYW5nZXMgYmFzZWQgb24geW91ciBjb29raW5nIHRvb2xzIGFuZCBjb29raW5nIGxldmVsLg==,,,,,W0JhbGEgR2lsXQpMZW1icmUtc2U6IGjDoSBeMDAwMENEY2hhbmNlIGRlIGZhbGhhXjAwMDAwMC4gRGVwZW5kZSBkb3MgdXRlbnPDrWxpb3MgZSBkbyBzZXUgbsOtdmVsIGRlIGN1bGluw6FyaWEu,,W0VjbGFpcmVdCkFsZ28gcXVlIGRlYmVzIHRlbmVyIGVuIGN1ZW50YSBlcyBxdWUgYWwgY29jaW5hciwgaGF5IHVuYSBeOTkwMDk5cG9zaWJpbGlkYWQgZGUgZnJhY2Fzb14wMDAwMDAuIEVzdGEgcG9zaWJpbGlkYWQgY2FtYmlhIGVuIGZ1bmNpw7NuIGRlIGxvcyB1dGVuc2lsaW9zIHkgZWwgbml2ZWwgZGUgY29jaW5hIHF1ZSB0ZW5nYXMu
Q2bFBg,,W0VjbGFpcmVdCklmIHlvdSBmYWlsLCB3ZSdyZSBub3QgcmVzcG9uc2libGUh,,,,,W0JhbGEgR2lsXQpTZSB2b2PDqiBmYWxoYXIuLi4gVm9jw6ogcXVlIGx1dGUhIEEgZ2VudGUgbsOjbyBzZSByZXNwb25zYWJpbGl6YSwgbsOjbyE=,,W0VjbGFpcmVdClNpIGZyYWNhc2FzLCDCoW5vIG5vcyBoYXJlbW9zIHJlc3BvbnNhYmxlcyE=
RGbFBg,,V2hhdCdzIGdvb2QgYWJvdXQgZWF0aW5nIGEgY29va2VkIGRpc2g/,,,,,UHJhIHF1ZSBldSB2b3UgY29tZXI/,,wr9RdcOpIHRpZW5lIGRlIGJ1ZW5vIGNvbWVyIHVuIHBsYXRvIGNvY2luYWRvPw==
RWbFBg,,W0RhY3F1b2lzZV0KVGhhdCdzIGEgZ29vZCBxdWVzdGlvbiEgVGhlcmUgYXJlIHR3byBtYWpvciBlZmZlY3RzIQ==,,,,,W0JhbmFuYSBNYXJpYV0KQWzDqW0gZGUgbsOjbyBtb3JyZXIgZGUgZm9tZSwgdm9jw6ogdmFpIHRlciBkb2lzIGJlbmVmw61jaW9zIQ==,,W0RhY3F1b2lzZV0KwqFCdWVuYSBwcmVndW50YSEgSGF5IGRvcyBlZmVjdG9zIHByaW5jaXBhbGVz
RmbFBg,,W0VjbGFpcmVdCkVjbGFpcmUncyAxIG1pbnV0ZSBjb29raW5nIGtub3dsZWRnZSBsZXNzb24hIFRoZSA2IHR5cGVzIG9mIGNvb2tpbmcgZWFjaCBib29zdCBvbmUgc3RhdCBhbW9uZyBeMDAwMENEU1RSLCBBR0ksIFZJVCwgSU5ULCBERVgsIExVS14wMDAwMDAu,,,,,W0JhbGEgR2lsXQpWb2PDqiBwb2RlIGdhbmhhciBiw7RudXMgZW0gXjkzNzBEQkZPUiwgQUdJLCBWSVQsIElOVCwgREVTIGUgU09SXjAwMDAwMC4=,,W0VjbGFpcmVdCsKhTGVjY2nDs24gZGUgY29jaW5hIGRlIEVjbGFpcmUgZW4gMW1pbnV0byEgTG9zIDYgdGlwb3MgZGUgY29jaW5hIHBvdGVuY2lhbiBjYWRhIHVubyB1bmEgZXN0YWTDrXN0aWNhIGVudHJlIF45OTAwOTlTVFIsIEFHSSwgVklULCBJTlQsIERFWCwgTFVLXjAwMDAwMC4=
R2bFBg,,W0VjbGFpcmVdCkRvbid0IGludGVycnVwdCBtZSB3aGlsZSBJJ20gZXhwbGFpbmluZy4=,,,,,W0JhbGEgR2lsXQpFaSwgZXUgcXVlIGVzdGF2YSBleHBsaWNhbmRvIQ==,,W0VjbGFpcmVdCk5vIG1lIGludGVycnVtcGFzIG1pZW50cmFzIHRlIGxvIGV4cGxpY28u
SGbFBg,,W0VjbGFpcmVdCl4wMDAwQ0RSZXN0b3JpbmcgSFAgYW5kIFNQIV4wMDAwMDA=,,,,,W0JhbGEgR2lsXQpeOTM3MERCw4kgYSByZWN1cGVyYcOnw6NvIGRlIEhQIGUgU1AhISFeMDAwMDAw,,W0VjbGFpcmVdCl45OTAwOTnCoVJlY3VwZXJhbiBQViB5IFBNIV4wMDAwMDA=
SWbFBg,,W0VjbGFpcmVdCkkgc2FpZCwgc3RvcCBpbnRlcnJ1cHRpbmch,,,,,W0JhbGEgR2lsXQpBYWFhaCwgcGFyZSBkZSBtZSBpbnRlcnJvbXBlciE=,,W0VjbGFpcmVdCsKhVGUgZGlqZSBxdWUgZGVqZXMgZGUgaW50ZXJydW1waXIh
SmbFBg,,W0RhY3F1b2lzZV0KRG9lc24ndCB0aGF0IHdoZXQgeW91ciBhcHBldGl0ZT8gWW91IG1pZ2h0IG5vdCBleHBlcmllbmNlIHRoZXNlIGVmZmVjdHMgZnVsbHkgYmVjYXVzZSB5b3VyIGxldmVsIGlzIHN0aWxsIGxvdywgYnV0IG9uY2UgeW91ciBsZXZlbCBnZXRzIGhpZ2hlciwgeW91ciBjb29raW5nIHdpbGwgYnJpbmcgYSB0ZWFyIHRvIHlvdXIgZXllIQ==,,,,,W0JhbmFuYSBNYXJpYV0KTsOjbyBkw6Egw6FndWEgbmEgYm9jYT8gU2V1IG7DrXZlbCDDqSBiYWl4bywgbWFzIHF1YW5kbyBzdWJpciwgdmFpIGNob3JhciBkZSBlbW/Dp8OjbyE=,,W0RhY3F1b2lzZV0Kwr9ObyB0ZSBhYnJlIGVsIGFwZXRpdG8/IFB1ZWRlIHF1ZSBubyBleHBlcmltZW50ZXMgZXN0b3MgZWZlY3RvcyBwbGVuYW1lbnRlIHBvcnF1ZSB0aWVuZXMgdW4gbml2ZWwgYmFqbywgcGVybyB1bmEgdmV6IHF1ZSB0dSBuaXZlbCBzdWJhLCDCoXR1cyBwbGF0b3MgdGUgZW1vY2lvbmFyw6FuIGhhc3RhIGxhcyBsw6FncmltYXMh
S2bFBg,,V293ISBJIHdhbnQgdG8gdHJ5IGNvb2tpbmch,,,,,TGVnYWwhIEV1IHF1ZXJvIGNvemluaGFyISEh,,wqFHdWF1ISBRdWllcm8gcHJvYmFyIGEgY29jaW5hcg==
TGbFBg,,W0RhY3F1b2lzZV0KWW91IGxvb2sgc28gZW50aHVzaWFzdGljISBMZXQncyB0cnkgdG8gY29vayBzb21ldGhpbmchIENsZWFuc2UgeW91ciBtaW5kIGFuZCByZXR1cm4h,,,,,W0JhbmFuYSBNYXJpYV0KUXVlIHByb2F0aXZpZGFkZSEgQXNzaW0gcXVlIGV1IGdvc3RvIGRlIHZlciEhIQ==,,W0RhY3F1b2lzZV0KwqFQYXJlY2VzIHRhbiBlbnR1c2lhc21hZG8hIMKhSW50ZW50ZW1vcyBjb2NpbmFyIGFsZ28hIMKhTGltcGlhIHR1IG1lbnRlIHkgdnVlbHZlIGEgdmVybWUh
TWbFBg,,W0RhY3F1b2lzZV0KV2hhdD8gV2UndmUgd2FzdGVkIG91ciBwcmVjaW91cyB0aW1lIQ==,,,,,W0JhbmFuYSBNYXJpYV0KTsOjbyBkZXNwZXJkaWNlIG1ldSB0ZW1wbyBwcmVjaW9zbyE=,,W0RhY3F1b2lzZV0Kwr9RdcOpPyDCoU1lIGhpY2lzdGUgcGVyZGVyIHRpZW1wbyB2YWxpb3NvIQ==
TmbFBg,,W0VjbGFpcmVdCkp1c3Qgd2hlbiBJIHdhcyB3b25kZXJpbmcgaWYgd2UnZCBnYWluIGEgbmV3IG1lbWJlciE=,,,,,W0JhbGEgR2lsXQpQZW5zZWkgcXVlIGZpbmFsbWVudGUgdGVyw61hbW9zIHVtIG5vdm8gbWVtYnJvIQ==,,W0VjbGFpcmVdCllvIHF1ZSBwZW5zYWJhIHF1ZSB0ZW5kcsOtYW1vcyB1biBudWV2byBtaWVtYnJvLg==
T2bFBg,,W01pbGxlIEZldWlsbGVdCkRvbid0IHNob3cgeW91ciBmYWNlIGFyb3VuZCBoZXJlIGFnYWluIQ==,,,,,W1BhbG1pdGluaGFdCk7Do28gYXBhcmXDp2EgbWFpcyBhcXVpIQ==,,W01pbGxlIEZldWlsbGVdCsKhTm8gdnVlbHZhcyBhIGFwYXJlY2VyIHBvciBhcXXDrSE=
UGbFBg,,W0RhY3F1b2lzZV0KQXJlIHlvdSByZWFkeT8gU2VlaW5nIGlzIGJlbGlldmluZyEgTGV0J3MgY29vayEKRnJvbSB0aGlzIG5vdmljZSB0cmlhbCBwZXJpb2QsIHlvdSdsbCBnZXQgYSB0YXN0ZSBvZiB0aGUgY29va2luZyBleHBlcmllbmNlLg==,,,,,W0JhbmFuYSBNYXJpYV0KVHVkbyBwcm9udG8/IEVudMOjbyB2YW1vcyBjb3ppbmhhciE=,,W0RhY3F1b2lzZV0Kwr9UaWVuZXMgdG9kbyBsaXN0bz8gRW50b25jZXMsIMKhY29jaW5hciBlcyBjcmVlciEgwqFIYWfDoW1vc2xvIQpFbiBlc3RlIHBlcsOtb2RvIGRlIHBydWViYSBwYXJhIHByaW5jaXBpYW50ZXMsIHBvZHLDoXMgc2Fib3JlYXIgbGEgZXhwZXJpZW5jaWEgZGUgbGEgY29jaW5hLg==
UWbFBg,,W0VjbGFpcmVdClNpbmNlIGl0J3MgYSBub3ZpY2UgdHJpYWwsIHRoZSBlZmZlY3RzIG9mIHRoZSBMZXZlbCAxIGRpc2hlcyBeMDAwMENEd29uJ3QgbGFzdCBmb3IgdmVyeSBsb25nXjAwMDAwMCE=,,,,,W0JhbGEgR2lsXQpGYXJlbW9zIHVtIHByYXRvIGRlIGluaWNpYW50ZSwgZW50w6NvIG7Do28gc2Vyw6EgbXVpdG8gZGlmw61jaWwu,,W0VjbGFpcmVdCkNvbW8gZXMgdW5hIHBydWViYSBwYXJhIHByaW5jaXBpYW50ZXMsIGxvcyBlZmVjdG9zIGRlIGxvcyBwbGF0b3MgZGUgbml2ZWwgMV45OTAwOTlubyBkdXJhcsOhbiBtdWNobyB0aWVtcG9eMDAwMDAwLg==
UmbFBg,,W01pbGxlIEZldWlsbGVdCk5vcm1hbGx5LCB5b3UnZCBuZWVkIGEgcmVjaXBlIGFuZCBjb29raW5nIHRvb2xzLCBidXQgc2VlaW5nIGFzIHlvdSdyZSBhIG5vdmljZSBhbmQgYWxsLCBJJ2xsIHRha2UgY2FyZSBvZiBhbGwgdGhhdCBmb3IgeW91Lg==,,,,,W1BhbG1pdGluaGFdCk5vcm1hbG1lbnRlIHZvY8OqIHByZWNpc2FyaWEgZG9zIGFwYXJhdG9zIGRlIGNvemluaGEsCm1hcyBjb21vIHZvY8OqIGVzdMOhIGNvbWXDp2FuZG8gYWdvcmEsIGV1IHZvdSB0ZSBhanVkYXIgY29tIGlzc28u,,W01pbGxlIEZldWlsbGVdCk5vcm1hbG1lbnRlLCBuZWNlc2l0YXLDrWFzIHVuYSByZWNldGEgeSB1dGVuc2lsaW9zIGRlIGNvY2luYSwgcGVybyBjb21vIGVyZXMgcHJpbmNpcGlhbnRlIHkgdG9kbyBlc28sIHlvIG1lIGVuY2FyZ2Fyw6kgZGUgdG9kby4=
U2bFBg,,W0RhY3F1b2lzZV0KU2hvdWxkbid0IHRoZSBhZHZlbnR1cmVyIGJlIG1ha2luZyB0aGUgZGlzaD8=,,,,,W0JhbmFuYSBNYXJpYV0KUG9yIHF1ZSB2b2PDqiB2YWkgYWp1ZGFyPw==,,W0RhY3F1b2lzZV0Kwr9ObyBzZSBzdXBvbmUgcXVlIGNvY2luYXLDrWEgbGEgcGVyc29uYSBxdWUgZXN0w6EgYXByZW5kaWVuZG8/
VGbFBg,,W01pbGxlIEZldWlsbGVdCldoeSBjYW4ndCBJIGRvIGl0Pw==,,,,,W1BhbG1pdGluaGFdClXDqSwgbsOjbyBwb3Nzbz8=,,W01pbGxlIEZldWlsbGVdCsK/UG9yIHF1w6kgbm8gcHVlZG8gaGFjZXJsbyB5bz8=
VWbFBg,,W0RhY3F1b2lzZV0KSSB0b2xkIHlvdSwgSSdtIHRoZSBsZWFkZXIgb2YgdGhlIFRocmVlIE11c2tldGVlcnMgb2YgQ29va2luZyE=,,,,,W0JhbmFuYSBNYXJpYV0KUG9ycXVlIMOpIGFzc2ltIHF1ZSBuw7NzLCBhcyBUcsOqcyBNb3NxdWV0ZWlyYXMgZGEgQ296aW5oYSwgZmF6ZW1vcyE=,,W0RhY3F1b2lzZV0KWWEgdGUgbG8gZGlqZSwgwqFzb3kgZWwgbMOtZGVyIGRlIGxvcyBUcmVzIE1vc3F1ZXRlcm9zIGRlIGxhIENvY2luYSE=
VmbFBg,,W0VjbGFpcmVdCldoYXQ/IFNpbmNlIHdoZW4/,,,,,W0JhbGEgR2lsXQpRdcOqPyBRdWUgaGlzdMOzcmlhIMOpIGVzc2E/IQ==,,W0VjbGFpcmVdCsK/UXXDqT8gwr9EZXNkZSBjdcOhbmRvPw==
V2bFBg,,W0RhY3F1b2lzZV0KSSdtIHRoZSBvbGRlc3QsIHRoYXQgbWVhbnMgSSdtIGluIGNoYXJnZSE=,,,,,W0JhbmFuYSBNYXJpYV0KRXUgcXVlIHNvdSBhIG1haXMgdmVsaGEsIG7Do28gc291PyBFbnTDo28gZXUgcG9zc28h,,W0RhY3F1b2lzZV0KWW8gc295IGVsIG1heW9yLCDCoWVzbyBxdWllcmUgZGVjaXIgcXVlIGVzdG95IGFsIG1hbmRvIQ==
WGbFBg,,W0VjbGFpcmVdCkFoLCBvZiBjb3Vyc2UsIHRoZSBncm91cCBzZW5pb3IhIFRoZW4gdGhhdCBzZXR0bGVzIGl0Lg==,,,,,W0JhbGEgR2lsXQpBaCwgYmVtLi4uIFNlIGEgcXVlc3TDo28gZm9yIGlkYWRlLCBlbnTDo28gZXUgbsOjbyBwb3NzbyBmYWxhciBuYWRhLi4u,,W0VjbGFpcmVdCkFoLCBwb3Igc3VwdWVzdG8sIMKhZWwgYW5jaWFubyBkZWwgZ3J1cG8hIE5vIHNlIGRpZ2EgbcOhcy4=
WWbFBg,,W01pbGxlIEZldWlsbGVdCllvdSd2ZSBvbmx5IGdvdCBvbmUgeWVhciBvbiBtZSwgYnV0IGhleSwgd2hvJ3MgY291bnRpbmc/,,,,,W1BhbG1pdGluaGFdClBvaXMgZXUgcG9zc28hIFZvY8OqIHF1ZXIgc2VyIHJlc3BlaXRhZGEgc8OzIHBvcnF1ZSDDqSB1bSBhbm8gbWFpcyB2ZWxoYT8h,,W01pbGxlIEZldWlsbGVdClNvbG8gbWUgbGxldmFzIHVuIGHDsW8gZGUgdmVudGFqYSwgcGVybyBveWUsIMK/cXVpw6luIGxsZXZhIGxhIGN1ZW50YT8=
WmbFBg,,W0RhY3F1b2lzZV0KQmUgcXVpZXQh,,,,,W0JhbmFuYSBNYXJpYV0KU2lsw6puY2lvISEh,,W0RhY3F1b2lzZV0KwqFTaWxlbmNpbyE=
W2bFBg,,W0RhY3F1b2lzZV0KV2hhdCBkbyB5b3Ugd2FudCB0byBtYWtlPyBJTlQgYW5kIExVSyBkaXNoZXMgd29uJ3QgZG8geW91IG11Y2ggZ29vZCB5ZXQsIHNvIEkndmUgb25seSBwcmVwYXJlZCB0aGUgb3RoZXIgZm91ci4=,,,,,W0JhbmFuYSBNYXJpYV0KRW50w6NvLCBxdWFsIHByYXRvIHZvY8OqIHF1ZXIgZmF6ZXI/,,W0RhY3F1b2lzZV0Kwr9RdcOpIHF1aWVyZXMgaGFjZXI/IExvcyBwbGF0b3MgZGUgSU5UIHkgU1VFIG5vIHRlIHNlcnZpcsOhbiBkZSBtdWNobyB0b2RhdsOtYSwgYXPDrSBxdWUgc29sbyBwcmVwYXLDqSBsb3Mgb3Ryb3MgY3VhdHJvLg==
XGbFBg,,U2F2b3J5IEhlcmIgU2FsYWQu,,,,,U2FsYWRhIGRlIEVydmFz,,RW5zYWxhZGEgc2FsYWRhIGRlIGhpZXJiYXMu
XWbFBg,,QXBwbGUgQ2Fycm90IFNhbGFkLg==,,,,,U2FsYWRhIGRlIENlbm91cmEgY29tIE1hw6fDow==,,RW5zYWxhZGEgZGUgbWFuemFuYSB5IHphbmFob3JpYS4=
XmbFBg,,Q2FzdWFsIFN0ZXcu,,,,,RW5zb3BhZG8=,,R3Vpc28gaW1wcm92aXNhZG8u
X2bFBg,,R29sZGVuIFJvYXN0ZWQgQXBwbGUu,,,,,TWHDp8OjIGRvIEFtb3I=,,TWFuemFuYSBhc2FkYSBkb3JhZGEu
YGbFBg,,W0RhY3F1b2lzZV0KXjAwMDBDRFNhdm9yeSBIZXJiIFNhbGFkXjAwMDAwMCBib29zdHMgXjAwMDBDRFNUUl4wMDAwMDAu,,,,,W0JhbmFuYSBNYXJpYV0KQSBeOTM3MERCU2FsYWRhIGRlIEVydmFzXjAwMDAwMCBkw6EgdW0gYsO0bnVzIGRlIF45MzcwREJGT1JeMDAwMDAwLg==,,W0RhY3F1b2lzZV0KTGEgXjk5MDA5OUVuc2FsYWRhIHNhbGFkYSBkZSBoaWVyYmFzXjAwMDAwMCBwb3RlbmNpYSB0dSBeOTkwMDk5RlVFXjAwMDAwMC4=
YWbFBg,,W0FjcXVvaXNlXQpJdCdzIG1haW5seSBlYXRlbiBieSBwZW9wbGUgd2hvIHVzZSB0aGVpciBtdXNjbGVzLg==,,,,,W0JhbmFuYSBNYXJpYV0Kw4kgdW0gcHJhdG8gbXVpdG8gc2F1ZMOhdmVsLg==,,W0FjcXVvaXNlXQpMYSBjb25zdW1lbiBwcmluY2lwYWxtZW50ZSBsYXMgcGVyc29uYXMgcXVlIHVzYW4gbG9zIG3DunNjdWxvcy4=
YmbFBg,,W01pbGxlIEZldWlsbGVdClRoZSBpbmdyZWRpZW50cyBhcmUgXjAwMDBDRDEgQ2xvdmVyLCAxIEdyZWVuIEhlcmIsIGFuZCAxIFJlZCBIZXJiXjAwMDAwMC4=,,,,,W1BhbG1pdGluaGFdCk9zIGluZ3JlZGllbnRlcyBzw6NvIF45MzcwREIxIFRyZXZvLCAxIEVydmEgVmVyZGUgZSAxIEVydmEgVmVybWVsaGFeMDAwMDAwLg==,,W01pbGxlIEZldWlsbGVdCkxvcyBpbmdyZWRpZW50ZXMgc29uIF45OTAwOTkxVHLDqWJvbCwgMUhpZXJiYSB2ZXJkZSB5IDFIaWVyYmEgcm9qYV4wMDAwMDAu
Y2bFBg,,W0RhY3F1b2lzZV0KWW91IGNhbiBnZXQgQ2xvdmVyIGFuZCBSZWQgSGVyYiBmcm9tIEx1bmF0aWNzIG9yIEZhYnJlcyBpbiB0aGUgZmllbGQgb3V0c2lkZSBJemx1ZGUu,,,,,W0JhbmFuYSBNYXJpYV0KTHVuw6F0aWNvcyBlIEZhYnJlcyBkZXJydWJhbSBUcmV2b3MgZSBFcnZhcyBWZXJtZWxoYXMuIFZvY8OqIHBvZGUgZW5jb250csOhLWxvcyBub3MgYXJyZWRvcmVzIGRlIEl6bHVkZS4=,,W0RhY3F1b2lzZV0KUHVlZGVzIGNvbnNlZ3VpciB0csOpYm9sZXMgeSBoaWVyYmFzIHJvamFzIGRlIG1vbnN0cnVvcyBMdW7DoXRpY2EgbyBkZSBGYWJsZXMgZW4gbGFzIGFmdWVyYXMgZGUgSXpsdWRlLg==
ZGbFBg,,W0VjbGFpcmVdCkZhYnJlcyBoYXZlIEdyZWVuIEhlcmIu,,,,,W0JhbGEgR2lsXQpKw6EgYXMgRXJ2YXMgVmVyZGVzIHBvZGVtIHNlciBjb25zZWd1aWRhcyBhcGVuYXMgZGVycm90YW5kbyBGYWJyZXMu,,W0VjbGFpcmVdCkxvcyBtb25zdHJ1b3MgRmFibGVzIHRpZW5lbiBIaWVyYmEgdmVyZGUu
ZWbFBg,,W01pbGxlIEZldWlsbGVdCklmIHlvdSBnZXQgYWxsIHRoZSBpbmdyZWRpZW50cywgd2UgY2FuIGNvb2su,,,,,W1BhbG1pdGluaGFdClNlIHZvY8OqIG1lIHRyb3V4ZXIgdG9kb3Mgb3MgaW5ncmVkaWVudGVzLCBwb2RlbW9zIGZhemVyIG8gcHJhdG8u,,W01pbGxlIEZldWlsbGVdClNpIGNvbnNpZ3VlcyB0b2RvcyBsb3MgaW5ncmVkaWVudGVzLCBwb2RlbW9zIGNvY2luYXIu
ZmbFBg,,W0RhY3F1b2lzZV0KXjAwMDBDREFwcGxlIENhcnJvdCBTYWxhZF4wMDAwMDAgaXMgb25lIG9mIG15IGZhdm9yaXRlcy4gSSBzZWUgeW91IGtub3cgaG93IHRvIHBpY2sgeW91ciBmb29kLg==,,,,,W0JhbmFuYSBNYXJpYV0KXjkzNzBEQlNhbGFkYSBkZSBDZW5vdXJhIGNvbSBNYcOnw6M/XjAwMDAwMCBBaCwgZXNzYSDDqSBhIG1pbmhhIGZhdm9yaXRhISBWb2PDqiBzYWJlIGNvbW8gZmF6Pw==,,W0RhY3F1b2lzZV0KTGEgXjk5MDA5OUVuc2FsYWRhIGRlIG1hbnphbmEgeSB6YW5haG9yaWFeMDAwMDAwIGVzIHVuYSBkZSBtaXMgZmF2b3JpdGFzLiBWZW8gcXVlIHNhYmVzIGVsZWdpciB0dSBjb21pZGEu
Z2bFBg,,W0VjbGFpcmVdCkFwcGxlIENhcnJvdCBTYWxhZCBib29zdHMgXjAwMDBDREFHSV4wMDAwMDAuIEl0J3MgbWFpbmx5IGVhdGVuIGJ5IHRob3NlIHdobyB3YW50IHRvIHJhaXNlIHRoZWlyIGF0dGFjayBzcGVlZCwgb3IgYXZvaWQgZ2V0dGluZyBoaXQgYnkgbW9uc3RlcnMu,,,,,W0JhbGEgR2lsXQpBbMOpbSBkZSBzZXIgdW1hIGRlbMOtY2lhLCBlbGEgYXVtZW50YSBhIHN1YSBeOTM3MERCQUdJXjAwMDAwMC4=,,W0VjbGFpcmVdCkxhIEVuc2FsYWRhIGRlIG1hbnphbmEgeSB6YW5haG9yaWEgcG90ZW5jaWEgdHUgXjk5MDA5OUFHSV4wMDAwMDAuIExhIGNvbnN1bWVuIHByaW5jaXBhbG1lbnRlIGxvcyBxdWUgcXVpZXJlbiBhdW1lbnRhciBsYSB2ZWxvY2lkYWQgZGUgYXRhcXVlIG8gZXZpdGFyIHF1ZSBsb3MgbW9uc3RydW9zIGxvcyBnb2xwZWVuLg==
aGbFBg,,W01pbGxlIEZldWlsbGVdClRoZSBpbmdyZWRpZW50cyBhcmUgXjAwMDBDRDEgQXBwbGUgYW5kIDIgQ2Fycm90c14wMDAwMDAu,,,,,W1BhbG1pdGluaGFdClZvY8OqIHZhaSBwcmVjaXNhciBkZSBeOTM3MERCMSBNYcOnw6MgZSAyIENlbm91cmFzXjAwMDAwMC4=,,W01pbGxlIEZldWlsbGVdCkxvcyBpbmdyZWRpZW50ZXMgc29uIF45OTAwOTkxTWFuemFuYSB5IDJaYW5haG9yaWFzXjAwMDAwMC4=
aWbFBg,,W0RhY3F1b2lzZV0KWW91IGNhbiBnZXQgYXBwbGVzIGZyb20gdGhlIGJvdW5jaW5nIFBvcmluZyBpbiB0aGUgZmllbGQgb3V0c2lkZSBvZiBJemx1ZGUu,,,,,W0JhbmFuYSBNYXJpYV0KQ2FjZSBhbGd1bnMgUG9yaW5ncyBub3MgYXJyZWRvcmVzIGRlIEl6bHVkZSBwYXJhIGNvbnNlZ3VpciBNYcOnw6NzLg==,,W0RhY3F1b2lzZV0KUHVlZGVzIGNvbnNlZ3VpciBtYW56YW5hcyBkZSBsb3MgUG9yaW5nIHNhbHRhcmluZXMgZW4gZWwgY2FtcG8gYSBsYXMgYWZ1ZXJhcyBkZSBJemx1ZGUu
ambFBg,,W0VjbGFpcmVdCkx1bmF0aWNzIGhhdmUgY2Fycm90cy4=,,,,,W0JhbGEgR2lsXQpKw6EgYXMgQ2Vub3VyYXMgcG9kZW0gc2VyIG9idGlkYXMgc2Ugdm9jw6ogY2HDp2FyIGFsZ3VucyBMdW7DoXRpY29zLg==,,W0VjbGFpcmVdCkxvcyBtb25zdHJ1b3MgTHVuw6F0aWNhIHRpZW5lbiB6YW5haG9yaWFzLg==
a2bFBg,,W01pbGxlIEZldWlsbGVdCklmIHlvdSBnZXQgYWxsIHRoZSBpbmdyZWRpZW50cywgSSdsbCBjb29rIGl0IGZvciB5b3Uh,,,,,W1BhbG1pdGluaGFdClNlIHRyb3V4ZXIgdG9kb3Mgb3MgaW5ncmVkaWVudGVzLCBldSBjb3ppbmhvIHByYSB2b2PDqiE=,,W01pbGxlIEZldWlsbGVdClNpIGNvbnNpZ3VlcyB0b2RvcyBsb3MgaW5ncmVkaWVudGVzLCDCoWxhIGNvY2luYXLDqSBwYXJhIHRpIQ==
bGbFBg,,W0RhY3F1b2lzZV0KVGhlIF4wMDAwQ0RDYXN1YWwgU3Rld14wMDAwMDAgb2YgdGVycm9yISBUaGlzIGRpc2ggYm9vc3RzIHlvdXIgXjAwMDBDRFZJVF4wMDAwMDAuIFlvdSdsbCBiZSBzZXQgd2l0aCBqdXN0IGEgc2luZ2xlIGJpdGUu,,,,,W0JhbmFuYSBNYXJpYV0KXjkzNzBEQkVuc29wYWRvXjAwMDAwMC4uLiBFbGUgZMOhIHVtIGLDtG51cyBkZSBeOTM3MERCVklUXjAwMDAwMCBlIHRlIGRlaXhhIGRlIGJ1Y2hpbmhvIGNoZWlvLg==,,W0RhY3F1b2lzZV0KwqFFbCB0ZW1pYmxlIF45OTAwOTlHdWlzbyBpbXByb3Zpc2Fkb14wMDAwMDAhIEVzdGUgcGxhdG8gcG90ZW5jaWEgdHUgXjk5MDA5OVZJVF4wMDAwMDAuIFRlIGFsY2FuemFyw6EgY29uIHVuIHNvbG8gYm9jYWRvLg==
bWbFBg,,W0VjbGFpcmVdCkFmdGVyIGVhdGluZyB0aGlzIGRpc2gsIHlvdSdsbCBmZWVsIGxlc3MgcGFpbiB3aGVuIHlvdSdyZSBoaXQgYnkgbW9uc3RlcnMu,,,,,W0JhbGEgR2lsXQpTZSB2b2PDqiBjb21lciB1bSBwb3VxdWluaG8gZGlzc28sIGrDoSB2YWkgZmljYXIgbWFpcyByZXNpc3RlbnRlLg==,,W0VjbGFpcmVdCkRlc3B1w6lzIGRlIGNvbWVyIGVzdGUgcGxhdG8sIHNlbnRpcsOhcyBtZW5vcyBkb2xvciBjdWFuZG8gdGUgZ29scGVlbiBsb3MgbW9uc3RydW9zLg==
bmbFBg,,W01pbGxlIEZldWlsbGVdClRoZSBpbmdyZWRpZW50cyBhcmUgXjAwMDBDRDEgSmVsbG9weSwgMSBGbHVmZiwgYW5kIDEgRmVhdGhlcl4wMDAwMDAu,,,,,W1BhbG1pdGluaGFdClBhcmEgcHJlcGFyYXIsIHZvY8OqIHByZWNpc2Fyw6EgZGUgXjkzNzBEQjEgSmVsbG9weSwgMSBGZWxwYSBlIDEgUGx1bWFeMDAwMDAwLg==,,W01pbGxlIEZldWlsbGVdCkxvcyBpbmdyZWRpZW50ZXMgc29uIF45OTAwOTkxSmVsbG9weSwgMVBlbHVzYSB5IDFQbHVtYV4wMDAwMDAu
b2bFBg,,W0RhY3F1b2lzZV0KWW91IGNhbiBnZXQgYSB0b24gb2YgSmVsbG9weSBmcm9tIHRoZSBib3VuY2luZyBQb3JpbmcgaW4gdGhlIGZpZWxkIG91dHNpZGUgb2YgSXpsdWRlLg==,,,,,W0JhbmFuYSBNYXJpYV0KVm9jw6ogcG9kZSBjb25xdWlzdGFyIEplbGxvcGllcyBhbyBkZXJyb3RhciBQb3JpbmdzIG5vcyBhcnJlZG9yZXMgZGUgSXpsdWRlLg==,,W0RhY3F1b2lzZV0KUHVlZGVzIGNvbnNlZ3VpciB1biBtb250w7NuIGRlIEplbGxvcHkgZGUgbG9zIFBvcmluZyBzYWx0YXJpbmVzIGVuIGVsIGNhbXBvIGEgbGFzIGFmdWVyYXMgZGUgSXpsdWRlLg==
cGbFBg,,W0VjbGFpcmVdCkZhYnJlcyBhbmQgTHVuYXRpY3MgaGF2ZSBGbHVmZi4=,,,,,W0JhbGEgR2lsXQpEZXJyb3RlIEZhYnJlcyBlIEx1bsOhdGljb3MgcGFyYSBjb25zZWd1aXIgRmVscGFzLg==,,W0VjbGFpcmVdCkxvcyBtb25zdHJ1b3MgRmFibGVzIHkgTHVuw6F0aWNhIHRpZW5lbiBwZWx1c2FzLg==
cWbFBg,,W01pbGxlIEZldWlsbGVdCllvdSBjYW4gZ2V0IHNvZnQgZmVhdGhlcnMgZnJvbSBMdW5hdGljcyBvciBGYWJyZXMu,,,,,W1BhbG1pdGluaGFdClBvciBmaW0sIHZvY8OqIGNvbnNlZ3VlIFBsdW1hcyBkZXJyb3RhbmRvIHRhbnRvIEx1bsOhdGljb3MgcXVhbnRvIEZhYnJlcyE=,,W01pbGxlIEZldWlsbGVdClB1ZWRlcyBjb25zZWd1aXIgcGx1bWFzIHN1YXZlcyBkZSBsb3MgbW9uc3RydW9zIEx1bsOhdGljYSBvIEZhYmxlcy4=
cmbFBg,,W0RhY3F1b2lzZV0KSSdsbCBjb29rIGl0IGZvciB5b3Ugb25jZSB5b3UndmUgZ290IGFsbCB0aGUgaW5ncmVkaWVudHMu,,,,,W0JhbmFuYSBNYXJpYV0KU2Ugdm9jw6ogbWUgdHJvdXhlciB0b2RvcyBvcyBpbmdyZWRpZW50ZXMsIHBvZGVtb3MgZmF6ZXIgbyBwcmF0by4=,,W0RhY3F1b2lzZV0KTG8gY29jaW5hcsOpIHBhcmEgdGkgY3VhbmRvIHRlbmdhcyB0b2RvcyBsb3MgaW5ncmVkaWVudGVzLg==
c2bFBg,,W0RhY3F1b2lzZV0KXjAwMDBDREdvbGRlbiBSb2FzdGVkIEFwcGxlLl4wMDAwMDAgTm8gb25lIGNhbiByZXNpc3QgdGhlIGZsb3dpbmcgZ29sZGVuIGp1aWNlcy4=,,,,,W0JhbmFuYSBNYXJpYV0KQSBeOTM3MERCTWHDp8OjIGRvIEFtb3JeMDAwMDAwISBFdSBwYXJ0aWN1bGFybWVudGUgYWNobyBkb2NlIGRlbWFpcywgbWFzIG8gcGVzc29hbCBjb3N0dW1hIGdvc3Rhci4=,,W0RhY3F1b2lzZV0KTmFkaWUgcHVlZGUgcmVzaXN0aXJzZSBhIGxvcyBkb3JhZG9zIGp1Z29zIGRlIGxhIF45OTAwOTlNYW56YW5hIGFzYWRhIGRvcmFkYS5eMDAwMDAw
dGbFBg,,W0VjbGFpcmVdClRoaXMgZGlzaCBib29zdHMgXjAwMDBDRERFWF4wMDAwMDAuIEl0J3MgbWFpbmx5IGVhdGVuIGJ5IGFyY2hlcnMgd2hvIHdhbnQgdG8gYm9vc3QgdGhlaXIgYXR0YWNrLCBvciBieSBwZW9wbGUgd2hvIHdhbnQgdG8gaW5jcmVhc2UgdGhlaXIgSElULg==,,,,,W0JhbGEgR2lsXQpFbGEgZMOhIHVtIGLDtG51cyBuYSBzdWEgXjkzNzBEQkRFU14wMDAwMDAuIE11aXRvIMO6dGlsIHBhcmEgQXJxdWVpcm9zIQ==,,W0VjbGFpcmVdCkVzdGUgcGxhdG8gcG90ZW5jaWEgdHUgXjk5MDA5OURFU14wMDAwMDAuIExvIGNvbnN1bWVuIHByaW5jaXBhbG1lbnRlIGxvcyBBcnF1ZXJvcyBxdWUgcXVpZXJlbiBwb3RlbmNpYXIgc3UgYXRhcXVlIG8gbGFzIHBlcnNvbmFzIHF1ZSBxdWllcmVuIGF1bWVudGFyIHN1IFBSRUMu
dWbFBg,,W01pbGxlIEZldWlsbGVdClRoZSBpbmdyZWRpZW50cyBhcmUgXjAwMDBDRDEgQXBwbGUgYW5kIDEgQ2xvdmVyXjAwMDAwMC4=,,,,,W1BhbG1pdGluaGFdClBhcmEgcHJlcGFyw6EtbGEsIHZvY8OqIHZhaSBwcmVjaXNhciBkZSBeOTM3MERCMSBNYcOnw6MgZSAxIFRyZXZvXjAwMDAwMC4=,,W01pbGxlIEZldWlsbGVdCkxvcyBpbmdyZWRpZW50ZXMgc29uIF45OTAwOTkxTWFuemFuYSB5IDFUcsOpYm9sXjAwMDAwMC4=
dmbFBg,,W0RhY3F1b2lzZV0KWW91IGNhbiBnZXQgYXBwbGVzIGZyb20gUG9yaW5nIGluIHRoZSBmaWVsZCBvdXRzaWRlIEl6bHVkZS4=,,,,,W0JhbmFuYSBNYXJpYV0KTWHDp8OjcywgY29tbyB2b2PDqiBkZXZlIHNhYmVyLCBwb2RlbSBzZXIgb2J0aWRhcyBkZXJyb3RhbmRvIFBvcmluZ3Mgbm9zIGFycmVkb3JlcyBkZSBJemx1ZGUu,,W0RhY3F1b2lzZV0KUHVlZGVzIGNvbnNlZ3VpciBtYW56YW5hcyBkZSBsb3MgUG9yaW5nIGVuIGVsIGNhbXBvIGEgbGFzIGFmdWVyYXMgZGUgSXpsdWRlLg==
d2bFBg,,W0VjbGFpcmVdCkZhYnJlcyBhbmQgTHVuYXRpY3MgZHJvcCBjbG92ZXJzIGdlbmVyb3VzbHku,,,,,W0JhbGEgR2lsXQpKw6EgcGFyYSBjb25zZWd1aXIgVHJldm9zLCBiYXN0YSBlbmZyZW50YXIgRmFicmVzIGUgTHVuw6F0aWNvcy4=,,W0VjbGFpcmVdCkxvcyBtb25zdHJ1b3MgRmFibGVzIHkgTHVuw6F0aWNhIGRlamFuIGNhZXIgdHLDqWJvbGVzIGdlbmVyb3NhbWVudGUu
eGbFBg,,W01pbGxlIEZldWlsbGVdCkknbGwgbWFrZSBpdCBmb3IgeW91IG9uY2UgeW91IGJyaW5nIHRoZSBpbmdyZWRpZW50cywgc28gaHVycnkgYmFjayE=,,,,,W1BhbG1pdGluaGFdCkZhw6dvIG8gcHJhdG8gcXVhbmRvIHRyb3V4ZXIgb3MgaW5ncmVkaWVudGVzLCB2b2x0ZSBsb2dvIQ==,,W01pbGxlIEZldWlsbGVdCkxvIHByZXBhcmFyw6kgcGFyYSB0aSBlbiBjdWFudG8gdHJhaWdhcyBsb3MgaW5ncmVkaWVudGVzLCDCoWFzw60gcXVlIGRhdGUgcHJpc2Eh
eWbFBg,,W0RhY3F1b2lzZV0KRGlkIHlvdSBnZXQgZXZlcnl0aGluZz8=,,,,,W0JhbmFuYSBNYXJpYV0KRSBhw60sIHZvY8OqIHRyb3V4ZSB0dWRvPw==,,W0RhY3F1b2lzZV0Kwr9MbyB0aWVuZXMgdG9kbz8=
embFBg,,WWVzLCBJIGhhdmUgZXZlcnl0aGluZyE=,,,,,U2ltLCB0w6EgdHVkbyBhcXVpIQ==,,wqFTw60sIGxvIHRlbmdvIHRvZG8h
e2bFBg,,SXQncyB0b28gbXVjaCB3b3JrLiBJJ20gZ2l2aW5nIHVwLg==,,,,,Tm9zc2EsIG1lIGJhdGV1IHVtYSBwcmVndWnDp2EuLi4=,,RXMgZGVtYXNpYWRvIHRyYWJham8uIE1lIHJpbmRvLg==
fGbFBg,,W0RhY3F1b2lzZV0KU2hhbGwgd2UgdGFrZSBhIGxvb2s/,,,,,W0JhbmFuYSBNYXJpYV0KVmVqYW1vcy4uLg==,,W0RhY3F1b2lzZV0Kwr9FY2hhbW9zIHVuIHZpc3Rhem8/
fWbFBg,,W0RhY3F1b2lzZV0KWW91IGdvdCBldmVyeXRoaW5nIHlvdSBuZWVkISBJJ2xsIG1ha2UgaXQgZm9yIHlvdSBqdXN0IGFzIEkgcHJvbWlzZWQuIE9oIHllYWghIExpa2UgYSBib2x0IG9mIGxpZ2h0bmluZyE=,,,,,W0JhbmFuYSBNYXJpYV0KQ2VydGluaG8sIHTDoSB0dWRvIGFxdWkhIENvbW8gZXUgdGUgcHJvbWV0aSwgdm91IGZhemVyIG8gcHJhdG8gcHJhIHZvY8OqIQ==,,W0RhY3F1b2lzZV0KwqFUaWVuZXMgdG9kbyBsbyBxdWUgaGFjZSBmYWx0YSEgVGUgbG8gcHJlcGFyYXLDqSB0YWwgeSBjb21vIHRlIHByb21ldMOtLiDCoU9oLCBzw60hIMKhQ29tbyB1biByYXlvIQ==
fmbFBg,,W0VjbGFpcmVdCkdvIGh1bnRpbmcgYWZ0ZXIgeW91IGVhdCB0aGlzLiBZb3UnbGwgbmVlZCBhIGNvbmR1aXQgZm9yIHlvdXIgb3ZlcmZsb3dpbmcgZW5lcmd5Lg==,,,,,W0JhbGEgR2lsXQpDb21hIHR1ZGluaG8gZSBhcHJvdmVpdGUgbyBiw7RudXMh,,W0VjbGFpcmVdClZlIGEgY2F6YXIgZGVzcHXDqXMgZGUgY29tZXJ0ZSBlc3RvLiBOZWNlc2l0YXLDoXMgZGVzY2FyZ2FyIHRvZGEgZXNhIGVuZXJnw61hIGRlIHNvYnJhLg==
f2bFBg,,W01pbGxlIEZldWlsbGVdCklmIHlvdSdyZSBzZXJpb3VzIGFib3V0IGNvb2tpbmcsIGZpbmQgXjAwMDBDRENoYXJsZXMgT3JsZWFuIGluIHRoZSBiYXNlbWVudCBvZiBQcm9udGVyYSBDYXN0bGVeMDAwMDAwLiBDaGVmIE9ybGVhbiE=,,,,,W1BhbG1pdGluaGFdClNlIHF1aXNlciBmYXplciB1bSBwcmF0byBtYWlzIGVsYWJvcmFkbywgZmFsZSBjb20gbyBKYWPDo28sIG5vIGNhc3RlbG8gZGUgUHJvbnRlcmEhCkRpZ28uLi4gYSB2ZXJkYWRlIMOpIHF1ZSBhIGdlbnRlIHF1ZSBkZXUgZXNzZSBhcGVsaWRvIHBlbGFzIGNvc3RhcyBkZWxlIQ==,,W01pbGxlIEZldWlsbGVdClNpIHRlIHRvbWFzIGVuIHNlcmlvIGxhIGNvY2luYSwgYnVzY2EgYSBeOTkwMDk5Q2hhcmxlcyBPcmxlYW5zIGVuIGVsIHPDs3Rhbm8gZGVsIGNhc3RpbGxvIGRlIFByb250ZXJhXjAwMDAwMC4gwqFDaGVmIE9ybGVhbnMh
gGbFBg,,W0RhY3F1b2lzZV0KWW91IGV4cGVjdCBtZSB0byBtYWtlIGEgbWVhbCB3aXRob3V0IGFueSBpbmdyZWRpZW50cz8gQ2FuJ3QgeW91IGh1cnJ5IHVwIGFuZCBnZXQgdGhlbT8=,,,,,W0JhbmFuYSBNYXJpYV0KUGVyYcOtLi4uIFRlbSBjb2lzYSBmYWx0YW5kbyE=,,W0RhY3F1b2lzZV0Kwr9Fc3BlcmFzIHF1ZSBjb2NpbmUgc2luIG5pbmfDum4gaW5ncmVkaWVudGU/IMK/Tm8gcHVlZGVzIGRhcnRlIHByaXNhIHkgY29uc2VndWlybG9zPw==
gWbFBg,,W0RhY3F1b2lzZV0KSSB1c2VkIG15IHByZWNpb3VzIHRpbWUgdG8gdGVhY2ggeW91IGFib3V0IHRoZSB3b3JsZCBvZiBjb29raW5nLCBhbmQgeW91J3JlIGdpdmluZyB1cD8=,,,,,W0JhbmFuYSBNYXJpYV0KTsOzcyB0ZSBkZW1vcyB1bWEgYmFpdGEgYXVsYSBkZSBjdWxpbsOhcmlhIERFIEdSQcOHQSBlIHZvY8OqIHTDoSBkZXNpc3RpbmRvPyE=,,W0RhY3F1b2lzZV0KSGUgZW1wbGVhZG8gbWkgdmFsaW9zbyB0aWVtcG8gZW4gZW5zZcOxYXJ0ZSBlbCBtdW5kbyBkZSBsYSBjb2NpbmEsIMK/eSB0ZSByaW5kZXM/
gmbFBg,,W0VjbGFpcmVdCllvdSd2ZSBpbnN1bHRlZCB1cyE=,,,,,W0JhbGEgR2lsXQpRdWUgdWx0cmFqZSE=,,W0VjbGFpcmVdCsKhRXMgdW4gaW5zdWx0byBwYXJhIG5vc290cm9zIQ==
g2bFBg,,W01pbGxlIEZldWlsbGVdCklmIHlvdSB3YW50IHRvIGxlYXJuIGxhdGVyLCBtYWtlIHN1cmUgdG8gY29tZSBiYWNrLg==,,,,,W1BhbG1pdGluaGFdClN1YSBzb3J0ZSDDqSBxdWUgc29tb3MgbXVpdG8gbGVnYWlzLgpTZSBtdWRhciBkZSBpZGVpYSwgw6kgc8OzIHZvbHRhciBhIGZhbGFyIGNvbSBhIGdlbnRlLg==,,W01pbGxlIEZldWlsbGVdClNpIHF1aWVyZXMgYXByZW5kZXIgbHVlZ28sIGFzZWfDunJhdGUgZGUgdm9sdmVyLg==
hGbFBg,,W0VjbGFpcmVdClRha2UgYSBiaXRlISBOb3cgeW91IGNhbiBtb3ZlIGZhc3RlciB0aGFuIGFueW9uZSwgZXZlbiBmYXN0ZXIgdGhhbiB0aGUgd2luZ3Mgb2YgYSBodW1taW5nYmlyZC4=,,,,,W0JhbGEgR2lsXQpFeHBlcmltZW50ZSEgVm9jw6ogdmFpIGZpY2FyIG1haXMgcsOhcGlkbyBxdWUgbyBvdXJpw6dvIGF6dWwu,,W0VjbGFpcmVdCsKhRGFsZSB1biBtb3JkaXNjbyEgQWhvcmEgcHVlZGVzIG1vdmVydGUgbcOhcyByw6FwaWRvIHF1ZSB0b2RvcywgaW5jbHVzbyBtw6FzIHF1ZSBsYXMgYWxhcyBkZSB1biBjb2xpYnLDrS4=
hWbFBg,,W01pbGxlIEZldWlsbGVdCklmIHlvdSdyZSBzZXJpb3VzIGFib3V0IGNvb2tpbmcsIGZpbmQgXjAwMDBDRENoYXJsZXMgT3JsZWFuIGluIHRoZSBiYXNlbWVudCBvZiBQcm9udGVyYSBDYXN0bGVeMDAwMDAwLiBZb3UnbGwgZmFsbCBoZWFkIG92ZXIgaGVlbHMgZm9yIGhpbSwganVzdCBsaWtlIHVzIQ==,,,,,W1BhbG1pdGluaGFdClNlIGxldmEgY3VsaW7DoXJpYSBhIHPDqXJpbywgZW5jb250cmUgbyBeMDAwMENESmFjw6NvIG5vIHBvcsOjbyBkbyBDYXN0ZWxvIGRlIFByb250ZXJhXjAwMDAwMC4gVmFpIHNlIGFwYWl4b25hciBwb3IgZWxlLCBpZ3VhbCBhIG7Ds3Mh,,W01pbGxlIEZldWlsbGVdClNpIHNlIHRvbWEgZW4gc2VyaW8gbGEgY29jaW5hLCBidXNxdWUgXjk5MDA5OUNoYXJsZXMgT3JsZWFuIGVuIGVsIHPDs3Rhbm8gZGVsIGNhc3RpbGxvIGRlIFByb250ZXJhXjAwMDAwMC4gVGUgZW5hbW9yYXLDoXMgZGUgw6lsLCBjb21vIHRvZG9zIG5vc290cm9zLg==
hmbFBg,,W0VjbGFpcmVdCllvdSBmZWVsIGxpa2UgdGhlcmUncyBzb21lIHVua25vd24gZm9yY2UgZmxvd2luZyB0aHJvdWdoIHlvdXIgdmVpbnMsIHJpZ2h0PyBZb3UncmUgYWxyZWFkeSBlYXRpbmchIA==,,,,,W0JhbGEgR2lsXQpTZW50ZSB1bWEgZW5lcmdpYSBlc3RyYW5oYSBuYXMgdmVpYXMsIG7DqT8gSsOhIGVzdMOhIGNvbWVuZG8h,,W0VjbGFpcmVdClNpZW50ZXMgY29tbyBzaSB1bmEgZnVlcnphIGRlc2Nvbm9jaWRhIGZsdXllcmEgcG9yIHR1cyB2ZW5hcywgwr92ZXJkYWQ/IMKhWWEgZXN0w6FzIGNvbWllbmRvISA=
h2bFBg,,W01pbGxlIEZldWlsbGVdCklmIHlvdSdyZSBjdXJpb3VzIGFib3V0IHByb3BlciBjb29raW5nLCBmaW5kIF4wMDAwQ0RDaGFybGVzIE9ybGVhbiBpbiB0aGUgYmFzZW1lbnQgb2YgUHJvbnRlcmEgQ2FzdGxlXjAwMDAwMCE=,,,,,W1BhbG1pdGluaGFdClNlIHF1ZXIgYXByZW5kZXIgY3VsaW7DoXJpYSBkZSB2ZXJkYWRlLCBlbmNvbnRyZSBvIF4wMDAwQ0RKYWPDo28gbm8gcG9yw6NvIGRvIENhc3RlbG8gZGUgUHJvbnRlcmFeMDAwMDAwIQ==,,W01pbGxlIEZldWlsbGVdCsKhU2kgc2llbnRlcyBjdXJpb3NpZGFkIHBvciBsYSBidWVuYSBjb2NpbmEsIHZpc2l0YSBeOTkwMDk5Q2hhcmxlcyBPcmxlYW5zIGVuIGVsIHPDs3Rhbm8gZGVsIGNhc3RpbGxvIGRlIFByb250ZXJhXjAwMDAwMCE=
iGbFBg,,W0RhY3F1b2lzZV0KV2UgdXNlZCBvdXIgcHJlY2lvdXMgdGltZSB0byB0ZWFjaCB5b3UgYWJvdXQgdGhlIHdvcmxkIG9mIGNvb2tpbmcsIGFuZCB5b3UncmUgZ2l2aW5nIHVwPw==,,,,,W0JhbmFuYSBNYXJpYV0KVXNhbW9zIG5vc3NvIHRlbXBvIHByZWNpb3NvIHByYSB0ZSBlbnNpbmFyLCBlIHZvY8OqIGRlc2lzdGU/Cg==,,W0RhY3F1b2lzZV0KRW1wbGVhbW9zIG51ZXN0cm8gdmFsaW9zbyB0aWVtcG8gZW4gZW5zZcOxYXJ0ZSBlbCBtdW5kbyBkZSBsYSBjb2NpbmEsIMK/eSB0ZSByaW5kZXM/
iWbFBg,,W0VjbGFpcmVdCklmIHlvdSBlYXQgdGhpcywgeW91J2xsIGJlIGFibGUgdG8gaGl0IGEgYnVsbHMtZXllIHdpdGggeW91ciBleWVzIGNsb3NlZCEKIEFjdHVhbGx5LCBwZXJmZWN0IGFjY3VyYWN5IGlzbid0IGxpa2VseSBmb3IgTGV2ZWwgMS4uLiBCdXQgdGhlIHBvaW50IHN0aWxsIHN0YW5kcy4=,,,,,W1BhbG1pdGluaGFdCkVzc2VzIGRvaXMgdGFtYsOpbSBkZXJydWJhbSBhcyBQbHVtYXMh,,W0VjbGFpcmVdClNpIGNvbWVzIGVzdG8sIMKhcG9kcsOhcyBkYXIgZW4gZWwgYmxhbmNvIGNvbiBsb3Mgb2pvcyBjZXJyYWRvcyEKIEVuIHJlYWxpZGFkLCBubyBlcyBtdXkgcHJvYmFibGUgcXVlIG9idGVuZ2FzIHByZWNpc2nDs24gcGVyZmVjdGEgY29uIHVuIHBsYXRvIGRlIG5pdmVsIDHigKYgUGVybyBlbCBwdW50byBzaWd1ZSBlbiBwaWUu
imbFBg,,W01pbGxlIEZldWlsbGVdClNlZWsgb3V0IF4wMDAwQ0RDaGFybGVzIE9ybGVhbiBpbiB0aGUgYmFzZW1lbnQgb2YgUHJvbnRlcmEgQ2FzdGxlXjAwMDAwMC4gWW91J2xsIGJlIGFibGUgdG8gbGVhcm4gYWJvdXQgcmVhbCBjb29raW5nLg==,,,,,W0JhbmFuYSBNYXJpYV0KTWFzIHN1YSBNYcOnw6MgZG8gQW1vciB0w6EgZnJlc3F1aW5oYSE=,,W01pbGxlIEZldWlsbGVdCkJ1c2NhIGEgXjk5MDA5OUNoYXJsZXMgT3JsZWFucyBlbiBlbCBzw7N0YW5vIGRlbCBjYXN0aWxsbyBkZSBQcm9udGVyYV4wMDAwMDAuIFBvZHLDoXMgYXByZW5kZXIgYSBjb2NpbmFyIGRlIHZlcmRhZC4=
i2bFBg,,W0RhY3F1b2lzZV0KSSdtIGd1ZXNzaW5nIGZyb20gdGhlIGZhY3QgdGhhdCB5b3UndmUgcmV0dXJuZWQgdGhhdCB5b3Ugd2FudCB0byBkbyBtb3JlIGNvb2tpbmcuIEFtIEkgcmlnaHQ/,,,,,W0JhbGEgR2lsXQpDb21hLWEgYW50ZXMgZGUgcHJlcGFyYXIgb3V0cm8h,,W0RhY3F1b2lzZV0KU3Vwb25nbywgcG9yIGVsIGhlY2hvIGRlIHF1ZSB2b2x2aXN0ZSwgcXVlIHF1aWVyZXMgY29jaW5hciBtw6FzLiDCv0VzdG95IGVuIGxvIGNvcnJlY3RvPw==
jGbFBg,,W0VjbGFpcmVdCldoYXQgZG8geW91IHdhbnQgdG8gbWFrZT8=,,,,,W0JhbmFuYSBNYXJpYV0KQSBNYcOnw6MgZG8gQW1vciEgRXUgcGFydGljdWxhcm1lbnRlIGFjaG8gZG9jZSBkZW1haXMsIG1hcyBvIHBlc3NvYWwgY29zdHVtYSBnb3N0YXIu,,W0VjbGFpcmVdCsK/UXXDqSBxdWllcmVzIGhhY2VyPw==
jWbFBg,,W0VjbGFpcmVdCk9oLCBpdCdzIHt9LCBmcm9tIGxhc3QgdGltZS4gWW91IHdlcmUgdmVyeSBwcmV0dHku,,,,,W0JhbGEgR2lsXQpFbGEgZMOhIHVtIGLDtG51cyBkZSBERVMsIGVudMOjbyDDqSBtdWl0byBib2EgcGFyYSBBcnF1ZWlyb3Mu,,W0VjbGFpcmVdCk9oLCBlcmVzIHt9LCBxdWllbiBub3MgdmlzaXTDsyBhbnRlcy4gVGUgdmXDrWFzIG11eSBiaWVuLg==
jmbFBg,,W0RhY3F1b2lzZV0KRm9vZCBpcyB0aGUgbW9zdCB0YXN0eSB3aGVuIGl0J3MganVzdCBiZWVuIG1hZGUh,,,,,W1BhbG1pdGluaGFdClBhcmEgZmF6w6otbGEsIHZvY8OqIHByZWNpc2Fyw6EgZGUgXjkzNzBEQjEgTWHDp8OjIGUgMSBUcmV2b14wMDAwMDAu,,W0RhY3F1b2lzZV0KwqFMYSBjb21pZGEgZXMgbcOhcyBzYWJyb3NhIGN1YW5kbyBlc3TDoSByZWNpw6luIGhlY2hhIQ==
j2bFBg,,W0VjbGFpcmVdCldoeSBkb24ndCB5b3UgZmluaXNoIGVhdGluZyB5b3VyIFNhdm9yeSBIZXJiIFNhbGFkIGJlZm9yZSBhc2tpbmcgZm9yIGEgbmV3IG9uZT8=,,,,,W0JhbGEgR2lsXQpMdW7DoXRpY29zIGUgRmFicmVzIGNvc3R1bWFtIGRlcnJ1YmFyIFRyZXZvcy4=,,W0VjbGFpcmVdCsK/UG9yIHF1w6kgbm8gdGVybWluYXMgZGUgY29tZXJ0ZSBsYSBFbnNhbGFkYSBzYWxhZGEgZGUgaGllcmJhcyBhbnRlcyBkZSBwZWRpciBvdHJhPw==
kGbFBg,,W01pbGxlIEZldWlsbGVdCllvdSBjYW4ndCBhc2sgZm9yIGFub3RoZXIgaGVscGluZyBvZiBhIGRpc2ggeW91IGFscmVhZHkgaGF2ZS4=,,,,,W0JhbmFuYSBNYXJpYV0KVm9jw6ogasOhIHBlbnNvdSBlbSBzZSBlc3BlY2lhbGl6YXIgbmEgY296aW5oYT8=,,W01pbGxlIEZldWlsbGVdCk5vIHB1ZWRlcyBwZWRpciBvdHJhIHJhY2nDs24gZGUgdW4gcGxhdG8gcXVlIHlhIHRpZW5lcy4=
kWbFBg,,W0RhY3F1b2lzZV0KU2F2b3J5IEhlcmIgU2FsYWQgYm9vc3RzIFNUUi4=,,,,,W0JhbGEgR2lsXQpWb2PDqiBwb2RlIGNvbWXDp2FyIGEgcHJlcGFyYXIgcHJhdG9zIGFpbmRhIG1lbGhvcmVzLCBxdWUgZMOjbyBtYWlzIGLDtG51cyBlIHJlY3VwZXJhw6fDo28u,,W0RhY3F1b2lzZV0KTGEgZW5zYWxhZGEgc2FsYWRhIGRlIGhpZXJiYXMgcG90ZW5jaWEgdHUgRlVFLg==
kmbFBg,,W0RhY3F1b2lzZV0KRm9vZCBpcyB0aGUgbW9zdCBkZWxpY2lvdXMgd2hlbiBpdHMganVzdCBiZWVuIG1hZGUu,,,,,W1BhbG1pdGluaGFdClbDoSBmYWxhciBjb20gbyBKYWPDo28uLi4gRXIsIGRpZ28sIG8gQ2hlZiBubyBDYXN0ZWxvIGRlIFByb250ZXJhIQ==,,W0RhY3F1b2lzZV0KTGEgY29taWRhIGVzIG3DoXMgZGVsaWNpb3NhIGN1YW5kbyBlc3TDoSByZWNpw6luIGhlY2hhLg==
k2bFBg,,W0VjbGFpcmVdCldoeSBkb24ndCB5b3UgZmluaXNoIGVhdGluZyB5b3VyIEFwcGxlIENhcnJvdCBTYWxhZCBiZWZvcmUgYXNraW5nIGZvciBhIG5ldyBvbmU/,,,,,W0JhbmFuYSBNYXJpYV0KQ2VydG8sIGRlaXhhIGV1IHZlci4uLg==,,W0VjbGFpcmVdCsK/UG9yIHF1w6kgbm8gdGVybWluYXMgZGUgY29tZXIgbGEgRW5zYWxhZGEgZGUgbWFuemFuYSB5IHphbmFob3JpYSBhbnRlcyBkZSBwZWRpciBvdHJhPw==
lGbFBg,,W0RhY3F1b2lzZV0KQXBwbGUgQ2Fycm90IFNhbGFkIGlzIG9uZSBvZiBteSBmYXZvcml0ZXMuIEkgc2VlIHlvdSBrbm93IGhvdyB0byBwaWNrIHlvdXIgZm9vZC4=,,,,,W0JhbmFuYSBNYXJpYV0Kw4ksIHTDoSB0dWRvIGFxdWkgbWVzbW8hIEJlbGV6aW5oYSEgVm91IGZhemVyIG8gcHJhdG8gaW1lZGlhdGFtZW50ZS4=,,W0RhY3F1b2lzZV0KTGEgRW5zYWxhZGEgZGUgbWFuemFuYSB5IHphbmFob3JpYSBlcyB1bmEgZGUgbWlzIGZhdm9yaXRhcy4gVmVvIHF1ZSBzYWJlcyBlbGVnaXIgdHUgY29taWRhLg==
lWbFBg,,W0VjbGFpcmVdCkFwcGxlIENhcnJvdCBTYWxhZCBib29zdHMgQUdJLiBJdCdzIG1haW5seSBlYXRlbiBieSB0aG9zZSB3aG8gd2FudCB0byByYWlzZSB0aGVpciBhdHRhY2sgc3BlZWQsIG9yIGF2b2lkIGdldHRpbmcgaGl0IGJ5IG1vbnN0ZXJzLg==,,,,,W1BhbG1pdGluaGFdClNlIHF1aXNlciBmYXplciB1bSBwcmF0byBtYWlzIGVsYWJvcmFkbywgZmFsZSBjb20gbyBKYWPDo28sIG5vIGNhc3RlbG8gZGUgUHJvbnRlcmEhCkVyciwgYWxpw6FzLi4uIGEgZ2VudGUgcXVlIGRldSBlc3NlIGFwZWxpZG8gcGVsYXMgY29zdGFzIGRlbGUh,,W0VjbGFpcmVdCkxhIEVuc2FsYWRhIGRlIG1hbnphbmEgeSB6YW5haG9yaWEgYXVtZW50YSB0dSBBR0kuIExvIGNvbnN1bWVuIHByaW5jaXBhbG1lbnRlIHF1aWVuZXMgcXVpZXJlbiBhdW1lbnRhciBzdSB2ZWxvY2lkYWQgZGUgYXRhcXVlLCBvIGV2aXRhciBzZXIgZ29scGVhZG9zIHBvciBtb25zdHJ1b3Mu
lmbFBg,,W0VjbGFpcmVdCldoeSBkb24ndCB5b3UgZmluaXNoIGVhdGluZyB5b3VyIENhc3VhbCBTdGV3IGJlZm9yZSBhc2tpbmcgZm9yIGEgbmV3IG9uZT8=,,,,,W1BhbG1pdGluaGFdClZvY8OqIG7Do28gw6kgbWFpcyBwcmluY2lwaWFudGUhIFNlIHF1aXNlciBhcHJlbmRlciBtYWlzLCBmYWxlIGNvbSBvIENoZWYgbm8gQ2FzdGVsbyBkZSBQcm9udGVyYSE=,,W0VjbGFpcmVdCsK/UG9yIHF1w6kgbm8gdGVybWluYXMgZGUgY29tZXJ0ZSBlbCBHdWlzbyBpbXByb3Zpc2FkbyBhbnRlcyBkZSBwZWRpciBvdHJvPw==
l2bFBg,,W0RhY3F1b2lzZV0KVGhlIENhc3VhbCBTdGV3IG9mIHRlcnJvciEgVGhpcyBkaXNoIGJvb3N0cyB5b3VyIFZJVC4gWW91J2xsIGJlIHNldCB3aXRoIGp1c3QgYSBzaW5nbGUgYml0ZS4=,,,,,W0JhbGEgR2lsXQpUw6Egc2VudGluZG8gbyBwb2Rlcj8gQSBmb3LDp2E/IE8gRW5zb3BhZG8gw6kgbWFyYXZpbGhvc28hISE=,,W0RhY3F1b2lzZV0KwqFFbCB0ZW1pYmxlIEd1aXNvIGltcHJvdmlzYWRvISBFc3RlIHBsYXRvIHBvdGVuY2lhIHR1IFZJVC4gRXN0YXLDoXMgbGlzdG8gY29uIHVuIHNvbG8gYm9jYWRvLg==
mGbFBg,,W0VjbGFpcmVdCldoeSBkb24ndCB5b3UgZmluaXNoIGVhdGluZyB5b3VyIEdvbGRlbiBSb2FzdGVkIEFwcGxlIGJlZm9yZSBhc2tpbmcgZm9yIGEgbmV3IG9uZT8=,,,,,W0JhbGEgR2lsXQpFeHBlcmltZW50ZSEgVm9jw6ogdmFpIGZpY2FyIG1haXMgcsOhcGlkbyBxdWUgbyBvdXJpw6dvIGF6dWwuLg==,,W0VjbGFpcmVdCsK/UG9yIHF1w6kgbm8gdGVybWluYXMgZGUgY29tZXJ0ZSBsYSBNYW56YW5hIGFzYWRhIGRvcmFkYSBhbnRlcyBkZSBwZWRpciBvdHJhPw==
mWbFBg,,W0RhY3F1b2lzZV0KR29sZGVuIFJvYXN0ZWQgQXBwbGUuIE5vIG9uZSBjYW4gcmVzaXN0IHRoZSBmbG93aW5nIGdvbGRlbiBqdWljZXMu,,,,,W0JhbmFuYSBNYXJpYV0KVm9jw6ogc2UgaW50ZXJlc3NhIHBlbG8gbXVuZG8gZGEgY296aW5oYT8=,,W0RhY3F1b2lzZV0KTWFuemFuYSBhc2FkYSBkb3JhZGEuIE5hZGllIHB1ZWRlIHJlc2lzdGlyc2UgYSBsb3MganVnb3MgZG9yYWRvcyBxdWUgZmx1eWVuIGRlIGVsbGEu
mmbFBg,,W0VjbGFpcmVdClRoaXMgZGlzaCBib29zdHMgREVYLiBJdCdzIG1haW5seSBlYXRlbiBieSBhcmNoZXJzIHdobyB3YW50IHRvIGJvb3N0IHRoZWlyIGF0dGFjaywgb3IgYnkgcGVvcGxlIHdobyB3YW50IHRvIGluY3JlYXNlIHRoZWlyIEhJVC4=,,,,,W0JhbGEgR2lsXQpTaW0/IE8gcXVlIGFjaGEgZGUgc2UgdG9ybmFyIHVtYSBwZXNzb2EgZGUgbcOjbyBjaGVpYSBuYSBjb3ppbmhhPw==,,W0VjbGFpcmVdCkVzdGUgcGxhdG8gcG90ZW5jaWEgdHUgREVTLiBFcyBjb25zdW1pZG8gcHJpbmNpcGFsbWVudGUgcG9yIGFycXVlcm9zIHF1ZSBxdWllcmVuIHBvdGVuY2lhciBzdSBhdGFxdWUsIG8gcG9yIGdlbnRlIHF1ZSBxdWllcmUgYXVtZW50YXIgc3UgSElULg==
m2bFBg,,W0RhY3F1b2lzZV0KSGV5LCBkb24ndCB5b3Ugd2FudCB0byBtZWV0IHRoZSBiZXN0IGNoZWYsIF4wMDAwQ0RDaGFybGVzIE9ybGVhbl4wMDAwMDA/IEhlJ2xsIG9wZW4gdGhlIGRvb3JzIHRvIHRoZSBkaXZlcnNlIHdvcmxkIG9mIGZvb2Qh,,,,,W1BhbG1pdGluaGFdCk9zIHByYXRvcyBwb2RlbSB0ZSBkYXIgYsO0bnVzIGRlIGF0cmlidXRvcyBlIHJlY3VwZXJhw6fDo28hISE=,,W0RhY3F1b2lzZV0KT3llLCDCv25vIHF1aWVyZXMgY29ub2NlciBhbCBtZWpvciBjaGVmLCBeOTkwMDk5Q2hhcmxlcyBPcmxlYW5zXjAwMDAwMD8gwqFUZSBhYnJpcsOhIGxhcyBwdWVydGFzIGFsIGRpdmVyc28gbXVuZG8gZGUgbGEgY29taWRhIQ==
nGbFBg,,W0VjbGFpcmVdCllvdSByZWFsbHkgZG9uJ3Qgd2FudCB0byBjb29rLCBldmVuIHRob3VnaCBpdCBib29zdHMgc3RhdHMgYW5kIHJlc3RvcmVzIEhQIGFuZCBTUD8=,,,,,W0JhbmFuYSwgR2lsIGUgUGFsbWl0aW5oYV0KUGFyYSBhcHJlbmRlciBtYWlzLCBmYWxlIGNvbSBvIENoZWYgZG8gQ2FzdGVsbyBkZSBQcm9udGVyYSE=,,W0VjbGFpcmVdCsK/RGUgdmVyZGFkIG5vIHF1aWVyZXMgY29jaW5hciwgYSBwZXNhciBkZSBxdWUgdGUgYXVtZW50YSBsYXMgZXN0YWTDrXN0aWNhcyB5IHJlY3VwZXJhIHR1cyBQViB5IFBNPw==
nWbFBg,,W01pbGxlIEZldWlsbGVdCkNoYXJsZXMgT3JsZWFuIGlzIGluIF4wMDAwQ0R0aGUgYmFzZW1lbnQgb2YgUHJvbnRlcmEgQ2FzdGxlXjAwMDAwMCEgSHVycnkgb3ZlciB0aGVyZSE=,,,,,QmFsYSBHaWw=,,W01pbGxlIEZldWlsbGVdCsKhQ2hhcmxlcyBPcmxlYW5zIGVzdMOhIGVuIF45OTAwOTllbCBzw7N0YW5vIGRlbCBjYXN0aWxsbyBkZSBQcm9udGVyYV4wMDAwMDAhIMKhRGF0ZSBwcmlzYSE=
nmbFBg,,W01pbGxlIEZldWlsbGVdClNpbmNlIHlvdSdyZSBubyBsb25nZXIgYSBub3ZpY2UsIHlvdSBjYW4ndCBjb29rIGhlcmUgYW55bW9yZS4KU2VlayBvdXQgXjAwMDBDRENoYXJsZXMgT3JsZWFuIGluIHRoZSBiYXNlbWVudCBvZiBQcm9udGVyYSBDYXN0bGVeMDAwMDAwLiBZb3UnbGwgYmUgYWJsZSB0byBsZWFybiBhYm91dCByZWFsIGNvb2tpbmcu,,,,,W0JhbGEgR2lsXQpBaSwgZXUgYWRvcm8gY296aW5oYXIh,,W01pbGxlIEZldWlsbGVdCkNvbW8geWEgbm8gZXJlcyBwcmluY2lwaWFudGUsIHlhIG5vIHB1ZWRlcyBjb2NpbmFyIGFxdcOtLgpCdXNjYSBhIF45OTAwOTlDaGFybGVzIE9ybGVhbnMgZW4gZWwgc8OzdGFubyBkZWwgY2FzdGlsbG8gZGUgUHJvbnRlcmFeMDAwMDAwLiBQb2Ryw6FzIGFwcmVuZGVyIGEgY29jaW5hciBkZSB2ZXJkYWQu
n2bFBg,,W01pbGxlIEZldWlsbGVdClNpbmNlIHlvdSdyZSBubyBsb25nZXIgYSBub3ZpY2UsIGlmIHlvdSB3YW50IHRvIGNvb2ssIGdvIGZpbmQgXjAwMDBDRENoYXJsZXMgT3JsZWFuIGluIHRoZSBiYXNlbWVudCBvZiBQcm9udGVyYSBDYXN0bGVeMDAwMDAwLg==,,,,,UGFsbWl0aW5oYQ==,,W01pbGxlIEZldWlsbGVdCkNvbW8geWEgbm8gZXJlcyBwcmluY2lwaWFudGUsIHNpIHF1aWVyZXMgY29jaW5hciwgdmUgYSBidXNjYXIgYSBeOTkwMDk5Q2hhcmxlcyBPcmxlYW5zIGVuIGVsIHPDs3Rhbm8gZGVsIGNhc3RpbGxvIGRlIFByb250ZXJhXjAwMDAwMC4=
oGbFBg,,W01pbGxlIEZldWlsbGVdClNpbmNlIHlvdSdyZSBubyBsb25nZXIgYSBub3ZpY2UsIHlvdSBjYW4ndCBjb29rIGhlcmUgYW55bW9yZS4KSWYgeW91J3JlIGN1cmlvdXMgYWJvdXQgcHJvcGVyIGNvb2tpbmcsIGZpbmQgXjAwMDBDRENoYXJsZXMgT3JsZWFuIGluIHRoZSBiYXNlbWVudCBvZiBQcm9udGVyYSBDYXN0bGVeMDAwMDAwIQ==,,,,,W1BhbG1pdGluaGFdCkNvbW8gbyBDaGVmIGVzdMOhPw==,,W01pbGxlIEZldWlsbGVdCkNvbW8geWEgbm8gZXJlcyBwcmluY2lwaWFudGUsIHlhIG5vIHB1ZWRlcyBjb2NpbmFyIGFxdcOtLgrCoVNpIHNpZW50ZXMgY3VyaW9zaWRhZCBwb3IgbGEgYnVlbmEgY29jaW5hLCB2aXNpdGEgXjk5MDA5OUNoYXJsZXMgT3JsZWFucyBlbiBlbCBzw7N0YW5vIGRlbCBjYXN0aWxsbyBkZSBQcm9udGVyYV4wMDAwMDAh
oWbFBg,,W01pbGxlIEZldWlsbGVdClNpbmNlIHlvdSdyZSBubyBsb25nZXIgYSBub3ZpY2UsIHlvdSBjYW4ndCBjb29rIGhlcmUgYW55bW9yZS4KSWYgeW91J3JlIHNlcmlvdXMgYWJvdXQgY29va2luZywgZmluZCBeMDAwMENEQ2hhcmxlcyBPcmxlYW4gaW4gdGhlIGJhc2VtZW50IG9mIFByb250ZXJhIENhc3RsZV4wMDAwMDAuIFlvdSdsbCBmYWxsIGhlYWQgb3ZlciBoZWVscyBmb3IgaGltLCBqdXN0IGxpa2UgdXMh,,,,,QWxpY2hl,,W01pbGxlIEZldWlsbGVdCkNvbW8geWEgbm8gZXJlcyBwcmluY2lwaWFudGUsIHlhIG5vIHB1ZWRlcyBjb2NpbmFyIGFxdcOtLgpTaSBzZSB0b21hIGVuIHNlcmlvIGxhIGNvY2luYSwgYnVzcXVlIF45OTAwOTlDaGFybGVzIE9ybGVhbiBlbiBlbCBzw7N0YW5vIGRlbCBjYXN0aWxsbyBkZSBQcm9udGVyYV4wMDAwMDAuIFRlIGVuYW1vcmFyw6FzIGRlIMOpbCwgY29tbyB0b2RvcyBub3NvdHJvcy4=
ombFBg,,W01pbGxlIEZldWlsbGVdClNpbmNlIHlvdSdyZSBubyBsb25nZXIgYSBub3ZpY2UsIHlvdSBjYW4ndCBjb29rIGhlcmUgYW55bW9yZS4KSWYgeW91J3JlIHNlcmlvdXMgYWJvdXQgY29va2luZywgZmluZCBeMDAwMENEQ2hhcmxlcyBPcmxlYW4gaW4gdGhlIGJhc2VtZW50IG9mIFByb250ZXJhIENhc3RsZV4wMDAwMDAuIENoZWYgT3JsZWFuIQ==,,,,,W0FsaWNoZV0KVm9jw6ogYWNhYm91IGRlIHNlIG1hdHJpY3VsYXIgbm8gSW5zdGl0dXRvIGRvIEFwcmVuZGl6PwpFbnTDo28gw6kgbWVsaG9yIGNvbnZlcnNhciBjb20gYSBCYW5hbmEgTWFyaWEu,,W01pbGxlIEZldWlsbGVdCkNvbW8geWEgbm8gZXJlcyBwcmluY2lwaWFudGUsIHlhIG5vIHB1ZWRlcyBjb2NpbmFyIGFxdcOtLgpTaSB0ZSB0b21hcyBlbiBzZXJpbyBsYSBjb2NpbmEsIGJ1c2NhIGEgXjk5MDA5OUNoYXJsZXMgT3JsZWFucyBlbiBlbCBzw7N0YW5vIGRlbCBjYXN0aWxsbyBkZSBQcm9udGVyYV4wMDAwMDAuIMKhQ2hlZiBPcmxlYW5zIQ==
o2bFBg,,W0RhY3F1b2lzZV0KSGV5LCB5b3UncmUgbm8gbm92aWNlISBIYXZlIHlvdSBiZWVuIGNvb2tpbmc/,,,,,TW9kaXBob21l,,W0RhY3F1b2lzZV0KwqFFeSwgbm8gZXJlcyBwcmluY2lwaWFudGUhIMK/SGFzIGVzdGFkbyBjb2NpbmFuZG8/
pGbFBg,,W0VjbGFpcmVdCklmIG5vdCwgZG8geW91IHdhbnQgdG8gdHJ5Pw==,,,,,W01vZGlwaG9tZV0KUMO0LCBhcXVpIG7Do28gw6kgdW0gcmVmZWl0w7NyaW8/IENhZMOqIGEgY29taWRhPw==,,W0VjbGFpcmVdClNpIG5vLCDCv3F1aWVyZXMgaW50ZW50YXJsbz8=
pWbFBg,,W01pbGxlIEZldWlsbGVdCkNvb2tpbmcgY2FuIGhlbHAgYm9vc3QgeW91ciBzdGF0cyBhbmQgZXZlbiByZXN0b3JlIEhQIGFuZCBTUCE=,,,,,TWFyZ3Vlcml0YQ==,,W01pbGxlIEZldWlsbGVdCsKhQ29jaW5hciBwdWVkZSBheXVkYXIgYSBwb3RlbmNpYXIgdHVzIGVzdGFkw61zdGljYXMgZSBpbmNsdXNvIHJlY3VwZXJhciB0dXMgUFYgeSBQTSE=
pmbFBg,,W1RoZSBUaHJlZSBNdXNrZXRlZXJzIG9mIENvb2tpbmddCklmIHlvdSB3YW50IHRvIGNvb2ssIGdvIGFuZCBmaW5kIF4wMDAwQ0RDaGFybGVzIE9ybGVhbiBpbiB0aGUgYmFzZW1lbnQgb2YgUHJvbnRlcmEgQ2FzdGxlXjAwMDAwMCE=,,,,,W01hcmd1ZXJpdGFdCkVzdG91IGZhemVuZG8gZXN0w6FnaW8gYXF1aS4gRXNwZXJvIGFwcmVuZGVyIGEgcHJlcGFyYXIgdW1hIHBpenphIQ==,,W0xvcyBUcmVzIE1vc3F1ZXRlcm9zIGRlIGxhIENvY2luYV0KwqFTaSBxdWllcmVzIGNvY2luYXIsIHZlIGEgYnVzY2FyIGEgXjk5MDA5OUNoYXJsZXMgT3JsZWFucyBlbiBlbCBzw7N0YW5vIGRlbCBjYXN0aWxsbyBkZSBQcm9udGVyYV4wMDAwMDAh
p2bFBg,,RWNsYWlyZQ==,,,,,TXVjayBSYW5h,,RWNsYWlyZQ==
qGbFBg,,W0VjbGFpcmVdCkNvb2tpbmcgaXMgdHJhZGl0aW9uISBUaGUgcmVhbCBoZWFydCBvZiB0aGUgcGVvcGxlIQ==,,,,,W011Y2sgUmFuYV0KTm9zc2EsIGEgY29taWRhIHTDoSB0w6NvIGNhcmEgdWx0aW1hbWVudGUuLi4=,,W0VjbGFpcmVdCsKhQ29jaW5hciBlcyB0cmFkaWNpw7NuISDCoUVsIHZlcmRhZGVybyBjb3JhesOzbiBkZWwgcHVlYmxvIQ==
qWbFBg,,TWlsbGUgRmV1aWxsZQ==,,,,,UGFsbWl0aW5oYQ==,,TWlsbGUgRmV1aWxsZQ==
qmbFBg,,W01pbGxlIEZldWlsbGVdCkkgd29uZGVyIGlmIE9ybGVhbiBpcyBkb2luZyB3ZWxsLg==,,,,,W1BhbG1pdGluaGFdCkdvc3RhcmlhIGRlIHNhYmVyIHNlIE9ybGVhbnMgZXN0w6EgYmVtLg==,,W01pbGxlIEZldWlsbGVdCk1lIHByZWd1bnRvIHNpIE9ybGVhbnMgZXN0w6EgYmllbi4=
q2bFBg,,Q2hlZg==,,,,,Q2hlZmUgZGUgQ296aW5oYQ==,,Q2hlZg==
rGbFBg,,W0NoZWZdCkhtLCBhcmUgeW91IGEgbmV3IHRyYWluZWUgYXQgQ3JpYXR1cmEgQWNhZGVteT8KR28gdGhlcmUgYW5kIGZpbmQgc29tZW9uZSBuYW1lZCBEYWNxdW9pc2Uu,,,,,W0NoZWZlIGRlIENvemluaGFdCkhtLCB2b2PDqiDDqSB1bSBub3ZvIGVzdGFnacOhcmlvIG5hIEFjYWRlbWlhIENyaWF0dXJhPwpWw6EgYXTDqSBsw6EgZSBlbmNvbnRyZSBhbGd1w6ltIGNoYW1hZG8gQmFuYW5hIE1hcmlhLg==,,W0NoZWZdCsK/RXJlcyBkZSBsb3MgYXByZW5kaWNlcyBkZSBsYSBBY2FkZW1pYSBkZSBjcmlhdHVyYXM/ClZlIGFsbMOtIHkgYnVzY2EgYSBhbGd1aWVuIGxsYW1hZG8gRGFjcXVvaXNlLg==
rWbFBg,,W0NoZWZdCkkgYWxzbyBsZWFybmVkIGZyb20gQ2hhcmxlcyBPcmxlYW4uCkV2ZXJ5b25lIHdobyB0cmllcyBteSBmb29kIGxlYXZlcyB3aXRoIGEgc21pbGUu,,,,,W0NoZWZlIGRlIENvemluaGFdClRhbWLDqW0gYXByZW5kaSBjb20gQ2hhcmxlcyBPcmxlYW5zLgpUb2RvcyBxdWUgZXhwZXJpbWVudGFtIG1pbmhhIGNvbWlkYSBzYWVtIGNvbSB1bSBzb3JyaXNvLg==,,W0NoZWZdClRhbWJpw6luIGFwcmVuZMOtIGRlIENoYXJsZXMgT3JsZWFucy4KVG9kb3MgbG9zIHF1ZSBwcnVlYmFuIG1pIGNvbWlkYSBzZSB2YW4gY29uIHVuYSBzb25yaXNhLg==
rmbFBg,,W0NoZWZdCkxhdGVseSwgbWFraW5nIGZvb2QgZm9yIHRoZSBuZXcgdHJhaW5lZXMgYXQgdGhlIGFjYWRlbXkgYnJpbmdzIG1lIGpveS4=,,,,,W0NoZWZlIGRlIENvemluaGFdClVsdGltYW1lbnRlLCBmYXplciBjb21pZGEgcGFyYSBvcyBub3ZvcyBpbnRlZ3JhbnRlcyBkYSBhY2FkZW1pYSBtZSB0cmF6IGFsZWdyaWEu,,W0NoZWZdCsOabHRpbWFtZW50ZSwgY29jaW5hciBwYXJhIGxvcyBudWV2b3MgYXByZW5kaWNlcyBkZSBsYSBhY2FkZW1pYSBtZSBsbGVuYSBkZSBhbGVncsOtYS4=
r2bFBg,,SHVuZ3J5IFRyYWluZWU=,,,,,TW9kaXBob21l,,SHVuZ3J5IFRyYWluZWU=
sGbFBg,,W0h1bmdyeSBUcmFpbmVlXQpEb24ndCB0aGV5IHRha2Ugb3JkZXJzIGhlcmU/IEl0J3MgYmVlbiBhbiBob3VyLi4uClRoZSBwZW9wbGUgd2hvIHNob3VsZCBiZSB0YWtpbmcgbXkgb3JkZXIgYXJlIG92ZXIgdGhlcmUuLi4=,,,,,W01vZGlwaG9tZV0KQ2Fkw6ogbWV1IHBlZGlkbz8gSsOhIGZheiB1bWEgaG9yYS4uLgpFc3NhIGNvemluaGEgYcOtIHPDsyBlbnJvbGEuLi4=,,W0FwcmVuZGl6IGhhbWJyaWVudG9dCsK/Tm8gdG9tYW4gcGVkaWRvcyBhcXXDrT8gWWEgcGFzw7MgdW5hIGhvcmHigKYKWWEgdGVuZHLDrWEgcXVlIGVzdGFyIGxhIHBlcnNvbmEgcXVlIHZhIGEgdG9tYXIgbWkgcGVkaWRv4oCm
sWbFBg,,W1NjaG9sYXJzaGlwIFRyYWluZWVdCldoeSBhcmUgeW91IHN0aWxsIGFza2luZyB0aGUgc2FtZSB0aGluZz8KSSd2ZSB0b2xkIHlvdSBhIGh1bmRyZWQgdGltZXMsIGl0J3MgYSBidWZmZXQh,,,,,W01hcmd1ZXJpdGFdClBvciBxdWUgYWluZGEgZXN0w6EgcGVyZ3VudGFuZG8gYSBtZXNtYSBjb2lzYT8KRXUgasOhIGxoZSBkaXNzZSBjZW50ZW5hcyBkZSB2ZXplcywgw6kgdW0gU2VydmUtU2VydmUtU2Uh,,W0FwcmVuZGl6IGJlY2FyaWFdCsK/UG9yIHF1w6kgc2lndWVzIHByZWd1bnRhbmRvIGxvIG1pc21vPwpUZSBsbyBkaWplIGNpZW50b3MgZGUgdmVjZXMsIMKhZXMgdW4gYnVmw6kh
smbFBg,,W0h1bmdyeSBUcmFpbmVlXQpBIGJ1ZmZldD8gV2hhdCdzIHRoYXQ/IElzIGl0IHNvbWV0aGluZyB0byBlYXQ/CkFyZSB5b3UgaWdub3JpbmcgbWUgYmVjYXVzZSBJJ20gZnJvbSB0aGUgY291bnRyeT8gSGVsbG8/,,,,,W01vZGlwaG9tZV0KVW0gU2VydmUtU2VydmUtU2U/CkVzdMOhIG1lIHpvYW5kbyBwb3IgZXUgc2VyIGRvIGludGVyaW9yPw==,,W0FwcmVuZGl6IGhhbWJyaWVudG9dCsK/VW4gYnVmw6k/IMK/UXXDqSBlcyBlc28/IMK/RXMgYWxnbyBwYXJhIGNvbWVyPwrCv01lIGVzdMOhcyBpZ25vcmFuZG8gcG9ycXVlIHNveSBkZWwgY2FtcG8/IMK/SG9sYT8=
s2bFBg,,W0h1bmdyeSBUcmFpbmVlXQpEb24ndCB1c2UgZGlmZmljdWx0IHdvcmRzISBUaGlzIGFpbid0IGEgbGVjdHVyZSB5b3Uga25vdyE=,,,,,W01vZGlwaG9tZV0KTsOjbyB1c2UgcGFsYXZyYXMgZGlmw61jZWlzISBFdSBuw6NvIHNlaSBvIHF1ZSDDqSBTZXJ2ZS1TZXJ2ZS1TZSEh,,W0FwcmVuZGl6IGhhbWJyaWVudG9dCsKhTm8gdXNlcyBwYWxhYnJhcyBkaWbDrWNpbGVzISBFc3RvIG5vIGVzIHVuIHNlcm3Ds24sIMK/c2FiZXM/
tGbFBg,,U2Nob2xhcnNoaXAgVHJhaW5lZQ==,,,,,TWFyZ3Vlcml0YQ==,,U2Nob2xhcnNoaXAgVHJhaW5lZQ==
tWbFBg,,W1NjaG9sYXJzaGlwIFRyYWluZWVdCkkndmUgd29ya2VkIGluIGEgaHVuZHJlZCBwbGFjZXMsIGJ1dCBub25lIGhhdmUgaGFkIGFzIG1hbnkgc3RyYW5nZSBwZW9wbGUgYXMgaGVyZS4=,,,,,W01hcmd1ZXJpdGFdCkrDoSB0cmFiYWxoZWkgZW0gY2VudGVuYXMgZGUgbHVnYXJlcywgbWFzIG5lbmh1bSB0aW5oYSB0YW50YXMgcGVzc29hcyBlc3RyYW5oYXMgY29tbyBhcXVpLg==,,W0FwcmVuZGl6IGJlY2FyaWFdClRyYWJhasOpIGVuIGNpZW50b3MgZGUgc2l0aW9zLCBwZXJvIGVuIG5pbmd1bm8gaGFiw61hIHRhbnRhIGdlbnRlIHJhcmEgY29tbyBhcXXDrS4=
tmbFBg,,QnJva2UgVHJhaW5lZQ==,,,,,TXVjayBSYW5h,,QnJva2UgVHJhaW5lZQ==
t2bFBg,,W0Jyb2tlIFRyYWluZWVdClNjaG9vbCBsdW5jaCBoYXMgZ290dGVuIG1vcmUgZXhwZW5zaXZlIGxhdGVseS4uLiBJJ20gZWF0aW5nIHdoaWxlIEkgc3RpbGwgY2FuLg==,,,,,W011Y2sgUmFuYV0KQSBtZXJlbmRhIGVzY29sYXIgdGVtIGZpY2FkbyBtYWlzIGNhcmEgdWx0aW1hbWVudGUuLi4=,,W0FwcmVuZGl6IHNpbiBkaW5lcm9dCkVsIGFsbXVlcnpvIGVzY29sYXIgc2Ugdm9sdmnDsyBtw6FzIGNhcm8gw7psdGltYW1lbnRl4oCmIEVzdG95IGNvbWllbmRvIHRvZG8gbG8gcXVlIHB1ZWRvLg==
uGbFBg,,W0Jyb2tlIFRyYWluZWVdCkkndmUgYmVlbiBoZXJlIGZvciAyMSBob3Vycy4KVGhlcmUncyBubyB0aW1lIGxpbWl0IGF0IHRoaXMgYnVmZmV0LCBzbyB5b3UgY2FuIGVhdCBmb3IgYXMgbG9uZyBhcyB5b3UgbGlrZS4=,,,,,W011Y2sgUmFuYV0KRXN0b3UgYXF1aSBow6EgMjEgaG9yYXMuCk7Do28gaMOhIGxpbWl0ZSBkZSB0ZW1wbyBuZXN0ZSBTZXJ2ZS1TZXJ2ZS1TZSwgZW50w6NvIHZvY8OqIHBvZGUgY29tZXIgbyB0ZW1wbyBxdWUgcXVpc2VyLg==,,W0FwcmVuZGl6IHNpbiBkaW5lcm9dCkxsZXZvIGFxdcOtIDIxaG9yYXMuCkVuIGVzdGUgYnVmw6kgbm8gaGF5IGzDrW1pdGUgZGUgdGllbXBvLCBhc8OtIHF1ZSBwdWVkZXMgY29tZXIgdG9kbyBsbyBxdWUgcXVpZXJhcy4=
uWbFBg,,W0Jyb2tlIFRyYWluZWVdCkVhdCBhbmQgZGlnZXN0LCBlYXQgYW5kIGRpZ2VzdC4gSGVoZWguCldhbnQgdG8gam9pbj8=,,,,,W011Y2sgUmFuYV0KQ29tZXIgZSBjYWdhciwgY29tZXIgZSBjYWdhci4gSGVoZWguClF1ZXIgc2UganVudGFyIMOgIG1pbT8=,,W0FwcmVuZGl6IHNpbiBkaW5lcm9dCkNvbWUgeSBkaWdpZXJlLCBjb21lIHkgZGlnaWVyZS4gSmUsIGplLCBqZS4Kwr9RdWllcmVzIHVuaXJ0ZT8=
