IO7ZCA,,SW1tb3J0YWxfRnVybmFjZQ==,,,,,QnJhc2Vpcm8gSW1vcnRhbA==,,SW1tb3J0YWxfRnVybmFjZQ==
Ie7ZCA,,QWJ5c21hbCBLbmlnaHQ=,,,,,RXNxdWVsZXRvIEdlbmVyYWw=,,QWJ5c21hbCBLbmlnaHQ=
Iu7ZCA,,TmlnaHRtYXJlIFRlcnJvcg==,,,,,R2Fqb21hcnQ=,,TmlnaHRtYXJlIFRlcnJvcg==
I+7ZCA,,TmlnaHRtYXJl,,,,,TGVpYiBPbG1haQ==,,TmlnaHRtYXJl
JO7ZCA,,QWxsIG1vbnN0ZXJzIG9uIHRoZSA3NnRoIGxldmVsIGhhdmUgYmVlbiBkZWZlYXRlZC4=,,,,,TW9uc3Ryb3MgcmVzdGFudGVzIG5vIDc2wrogYW5kYXIgLSB7fQ==,,VG9kb3MgbG9zIG1vbnN0cnVvcyBkZWwgbml2ZWw3NiBmdWVyb24gZGVycm90YWRvcy4=
Je7ZCA,,UmVtYWluaW5nIE1vbnN0ZXJzIG9uIDc2dGggTGV2ZWwgLSB7fQ==,,,,,IFRvZG9zIG9zIG1vbnN0cm9zIG5vIDc2wrogYW5kYXIgZm9yYW0gZGVycm90YWRvcy4=,,TW9uc3RydW9zIHJlc3RhbnRlcyBkZWwgbml2ZWw3Njoge30u
Ju7ZCA,,QmFuc2hlZQ==,,,,,U29tYnJhIGRhIEludmVqYQ==,,QmFuc2hlZQ==
J+7ZCA,,V3JhaXRoIERlYWQ=,,,,,U29tYnJhIGRhIEd1bGE=,,V3JhaXRoIERlYWQ=
KO7ZCA,,RXZpbCBEcnVpZA==,,,,,U29tYnJhIGRhIFZhaWRhZGU=,,RXZpbCBEcnVpZA==
Ke7ZCA,,V3JhaXRo,,,,,U29tYnJhIGRhIElyYQ==,,V3JhaXRo
Ku7ZCA,,V2luZCBHaG9zdA==,,,,,TW9uc3Ryb3MgcmVzdGFudGVzIG5vIDc3wrogYW5kYXIgLSB7fQ==,,V2luZCBHaG9zdA==
K+7ZCA,,QWxsIG1vbnN0ZXJzIG9uIHRoZSA3N3RoIGxldmVsIGhhdmUgYmVlbiBkZWZlYXRlZC4=,,,,,IFRvZG9zIG9zIG1vbnN0cm9zIG5vIDc3wrogYW5kYXIgZm9yYW0gZGVycm90YWRvcy4=,,VG9kb3MgbG9zIG1vbnN0cnVvcyBkZWwgbml2ZWw3NyBmdWVyb24gZGVycm90YWRvcy4=
LO7ZCA,,UmVtYWluaW5nIE1vbnN0ZXJzIG9uIDc3dGggTGV2ZWwgLSB7fQ==,,,,,QmFzaWxpc2NvIEd1YXJkYQ==,,TW9uc3RydW9zIHJlc3RhbnRlcyBkZWwgbml2ZWw3Nzoge30u
Le7ZCA,,U3dvcmQgR3VhcmRpYW4=,,,,,QmFzaWxpc2NvIEd1ZXJyZWlybw==,,U3dvcmQgR3VhcmRpYW4=
Lu7ZCA,,Qmxvb2R5IEtuaWdodA==,,,,,QmFzaWxpc2NvIEdlbmVyYWw=,,Qmxvb2R5IEtuaWdodA==
L+7ZCA,,RHVsbGFoYW4=,,,,,TW9uc3Ryb3MgcmVzdGFudGVzIG5vIDc4wrogYW5kYXIgLSB7fQ==,,RHVsbGFoYW4=
MO7ZCA,,UmF5ZHJpYw==,,,,,IFRvZG9zIG9zIG1vbnN0cm9zIG5vIDc4wrogYW5kYXIgZm9yYW0gZGVycm90YWRvcy4=,,UmF5ZHJpYw==
Me7ZCA,,QWxsIG1vbnN0ZXJzIG9uIHRoZSA3OHRoIGxldmVsIGhhdmUgYmVlbiBkZWZlYXRlZC4=,,,,,RG9sb21lZGVz,,VG9kb3MgbG9zIG1vbnN0cnVvcyBkZWwgbml2ZWw3OCBmdWVyb24gZGVycm90YWRvcy4=
Mu7ZCA,,UmVtYWluaW5nIE1vbnN0ZXJzIG9uIDc4dGggTGV2ZWwgLSB7fQ==,,,,,QXJhbmhhIFBvbQ==,,TW9uc3RydW9zIHJlc3RhbnRlcyBkZWwgbml2ZWw3ODoge30u
M+7ZCA,,SHlkcm9sYW5jZXI=,,,,,QXJhbmhhIFBvbWFy,,SHlkcm9sYW5jZXI=
NO7ZCA,,RmVydXM=,,,,,TW9uc3Ryb3MgcmVzdGFudGVzIG5vIDc5wrogYW5kYXIgLSB7fQ==,,RmVydXM=
Ne7ZCA,,RmVydXMg,,,,,IFRvZG9zIG9zIG1vbnN0cm9zIG5vIDc5wrogYW5kYXIgZm9yYW0gZGVycm90YWRvcy4=,,RmVydXMg
Nu7ZCA,,RGVsZXRlciA=,,,,,S3R1bGxhbnV4,,RGVsZXRlciA=
N+7ZCA,,UGV0aXRl,,,,,SWZyaXQ=,,UGV0aXRl
OO7ZCA,,QWxsIG1vbnN0ZXJzIG9uIHRoZSA3OXRoIGxldmVsIGhhdmUgYmVlbiBkZWZlYXRlZC4=,,,,,VGl0w6MgZGUgR2Vsbw==,,VG9kb3MgbG9zIG1vbnN0cnVvcyBkZWwgbml2ZWw3OSBmdWVyb24gZGVycm90YWRvcy4=
Oe7ZCA,,UmVtYWluaW5nIE1vbnN0ZXJzIG9uIDc5dGggTGV2ZWwgLSB7fQ==,,,,,S2FzYQ==,,TW9uc3RydW9zIHJlc3RhbnRlcyBkZWwgbml2ZWw3OToge30u
Ou7ZCA,,RmFsbGVuIEJpc2hvcA==,,,,,TW9uc3Ryb3MgcmVzdGFudGVzIG5vIDgwwrogYW5kYXIgLSB7fQ==,,RmFsbGVuIEJpc2hvcA==
O+7ZCA,,TmVjcm9tYW5jZXI=,,,,,IFRvZG9zIG9zIG1vbnN0cm9zIG5vIDgwwrogYW5kYXIgZm9yYW0gZGVycm90YWRvcy4=,,TmVjcm9tYW5jZXI=
PO7ZCA,,QWxsIG1vbnN0ZXJzIG9uIHRoZSA4MHRoIGxldmVsIGhhdmUgYmVlbiBkZWZlYXRlZC4=,,,,,UGV0YWw=,,VG9kb3MgbG9zIG1vbnN0cnVvcyBkZWwgbml2ZWw4MCBmdWVyb24gZGVycm90YWRvcy4=
Pe7ZCA,,UmVtYWluaW5nIE1vbnN0ZXJzIG9uIDgwdGggTGV2ZWwgLSB7fQ==,,,,,TWVuYmxhdHQ=,,TW9uc3RydW9zIHJlc3RhbnRlcyBkZWwgbml2ZWw4MDoge30u
Pu7ZCA,,TXlzdGVsdGFpbm4=,,,,,TW9uc3Ryb3MgcmVzdGFudGVzIG5vIDgxwrogYW5kYXIgLSB7fQ==,,TXlzdGVsdGFpbm4=
P+7ZCA,,T2dyZXRvb3Ro,,,,,IFRvZG9zIG9zIG1vbnN0cm9zIG5vIDgxwrogYW5kYXIgZm9yYW0gZGVycm90YWRvcy4=,,T2dyZXRvb3Ro
QO7ZCA,,RXhlY3V0aW9uZXI=,,,,,TWFudGlzIEFzc2Fzc2lubw==,,RXhlY3V0aW9uZXI=
Qe7ZCA,,QWxsIG1vbnN0ZXJzIG9uIHRoZSA4MXN0IGxldmVsIGhhdmUgYmVlbiBkZWZlYXRlZC4=,,,,,TG91dmEtYS1kZXVzIEFuZ3Jh,,VG9kb3MgbG9zIG1vbnN0cnVvcyBkZWwgbml2ZWw4MSBmdWVyb24gZGVycm90YWRvcy4=
Qu7ZCA,,UmVtYWluaW5nIE1vbnN0ZXJzIG9uIDgxc3QgTGV2ZWwgLSB7fQ==,,,,,Q3JlYW15IEFtZWHDp2Fkb3I=,,TW9uc3RydW9zIHJlc3RhbnRlcyBkZWwgbml2ZWw4MToge30u
Q+7ZCA,,QWdhdg==,,,,,TGFnYXJ0YQ==,,QWdhdg==
RO7ZCA,,Qmxvb2R5IE11cmRlcmVy,,,,,TW9uc3Ryb3MgcmVzdGFudGVzIG5vIDgywrogYW5kYXIgLSB7fQ==,,Qmxvb2R5IE11cmRlcmVy
Re7ZCA,,U2tvZ3Vs,,,,,IFRvZG9zIG9zIG1vbnN0cm9zIG5vIDgywrogYW5kYXIgZm9yYW0gZGVycm90YWRvcy4=,,U2tvZ3Vs
Ru7ZCA,,SW5qdXN0aWNl,,,,,S29ib2xkIEFiaXNzYWw=,,SW5qdXN0aWNl
R+7ZCA,,QWxsIG1vbnN0ZXJzIG9uIHRoZSA4Mm5kIGxldmVsIGhhdmUgYmVlbiBkZWZlYXRlZC4=,,,,,QXJxdWVpcm8gQWJpc3NhbA==,,VG9kb3MgbG9zIG1vbnN0cnVvcyBkZWwgbml2ZWw4MiBmdWVyb24gZGVycm90YWRvcy4=
SO7ZCA,,UmVtYWluaW5nIE1vbnN0ZXJzIG9uIDgybmQgTGV2ZWwgLSB7fQ==,,,,,TW9uc3Ryb3MgcmVzdGFudGVzIG5vIDgzwrogYW5kYXIgLSB7fQ==,,TW9uc3RydW9zIHJlc3RhbnRlcyBkZWwgbml2ZWw4Mjoge30u
Se7ZCA,,U2tlZ2dpb2xk,,,,,IFRvZG9zIG9zIG1vbnN0cm9zIG5vIDgzwrogYW5kYXIgZm9yYW0gZGVycm90YWRvcy4=,,U2tlZ2dpb2xk
Su7ZCA,,RGFyayBJbGx1c2lvbg==,,,,,TW9sZHVyYSBBYmlzc2Fs,,RGFyayBJbGx1c2lvbg==
S+7ZCA,,R3J5cGhvbg==,,,,,U2FjZXJkb3RlIEFiaXNzYWw=,,R3J5cGhvbg==
TO7ZCA,,Q2hpbWVyYQ==,,,,,U29tYnJhIEFiaXNzYWw=,,Q2hpbWVyYQ==
Te7ZCA,,QWxsIG1vbnN0ZXJzIG9uIHRoZSA4M3JkIGxldmVsIGhhdmUgYmVlbiBkZWZlYXRlZC4=,,,,,TW9uc3Ryb3MgcmVzdGFudGVzIG5vIDg0wrogYW5kYXIgLSB7fQ==,,VG9kb3MgbG9zIG1vbnN0cnVvcyBkZWwgbml2ZWw4MyBmdWVyb24gZGVycm90YWRvcy4=
Tu7ZCA,,UmVtYWluaW5nIE1vbnN0ZXJzIG9uIDgzcmQgTGV2ZWwgLSB7fQ==,,,,,IFRvZG9zIG9zIG1vbnN0cm9zIG5vIDg0wrogYW5kYXIgZm9yYW0gZGVycm90YWRvcy4=,,TW9uc3RydW9zIHJlc3RhbnRlcyBkZWwgbml2ZWw4Mzoge30u
T+7ZCA,,U3VjY3VidXM=,,,,,UGVzYXIgTm90dXJubw==,,U3VjY3VidXM=
UO7ZCA,,T3dsIER1a2U=,,,,,VmFscXXDrXJpYSBSYW5kZ3Jpcw==,,T3dsIER1a2U=
Ue7ZCA,,T3dsIEJhcm9u,,,,,QWdhdg==,,T3dsIEJhcm9u
Uu7ZCA,,SW5jdWJ1cw==,,,,,VmFscXXDrXJpYQ==,,SW5jdWJ1cw==
U+7ZCA,,QWxsIG1vbnN0ZXJzIG9uIHRoZSA4NHRoIGxldmVsIGhhdmUgYmVlbiBkZWZlYXRlZC4=,,,,,TW9uc3Ryb3MgcmVzdGFudGVzIG5vIDg1wrogYW5kYXIgLSB7fQ==,,VG9kb3MgbG9zIG1vbnN0cnVvcyBkZWwgbml2ZWw4NCBmdWVyb24gZGVycm90YWRvcy4=
VO7ZCA,,UmVtYWluaW5nIE1vbnN0ZXJzIG9uIDg0dGggTGV2ZWwgLSB7fQ==,,,,,IFRvZG9zIG9zIG1vbnN0cm9zIG5vIDg1wrogYW5kYXIgZm9yYW0gZGVycm90YWRvcy4=,,TW9uc3RydW9zIHJlc3RhbnRlcyBkZWwgbml2ZWw4NDoge30u
Ve7ZCA,,SWZyaXQ=,,,,,TWFuZHLDoWdvcmE=,,SWZyaXQ=
Vu7ZCA,,QWxsIG1vbnN0ZXJzIG9uIHRoZSA4NXRoIGxldmVsIGhhdmUgYmVlbiBkZWZlYXRlZC4=,,,,,TmVwaGVudGVz,,VG9kb3MgbG9zIG1vbnN0cnVvcyBkZWwgbml2ZWw4NSBmdWVyb24gZGVycm90YWRvcy4=
V+7ZCA,,UmVtYWluaW5nIE1vbnN0ZXJzIG9uIDg1dGggTGV2ZWwgLSB7fQ==,,,,,TWFuZHLDoWdvcmEgZGEgU2VsdmE=,,TW9uc3RydW9zIHJlc3RhbnRlcyBkZWwgbml2ZWw4NToge30u
WO7ZCA,,TWFqb3J1cm9z,,,,,TW9uc3Ryb3MgcmVzdGFudGVzIG5vIDg2wrogYW5kYXIgLSB7fQ==,,TWFqb3J1cm9z
We7ZCA,,QWxsIG1vbnN0ZXJzIG9uIHRoZSA4NnRoIGxldmVsIGhhdmUgYmVlbiBkZWZlYXRlZC4=,,,,,IFRvZG9zIG9zIG1vbnN0cm9zIG5vIDg2wrogYW5kYXIgZm9yYW0gZGVycm90YWRvcy4=,,VG9kb3MgbG9zIG1vbnN0cnVvcyBkZWwgbml2ZWw4NiBmdWVyb24gZGVycm90YWRvcy4=
Wu7ZCA,,UmVtYWluaW5nIE1vbnN0ZXJzIG9uIDg2dGggTGV2ZWwgLSB7fQ==,,,,,TGljaHRlcm4gTGFndXM=,,TW9uc3RydW9zIHJlc3RhbnRlcyBkZWwgbml2ZWw4Njoge30u
W+7ZCA,,U2FsYW1hbmRlcg==,,,,,TGljaHRlcm4gQW56dXM=,,U2FsYW1hbmRlcg==
XO7ZCA,,S2FzYQ==,,,,,TGljaHRlcm4gS2VuYXo=,,S2FzYQ==
Xe7ZCA,,TGF2YSBHb2xlbQ==,,,,,TGljaHRlcm4gSW5ndXo=,,TGF2YSBHb2xlbQ==
Xu7ZCA,,R2Fqb21hcnQ=,,,,,R2VyZW50ZSBkYSBCaWZyb3N0,,R2Fqb21hcnQ=
X+7ZCA,,QWxsIG1vbnN0ZXJzIG9uIHRoZSA4N3RoIGxldmVsIGhhdmUgYmVlbiBkZWZlYXRlZC4=,,,,,TW9uc3Ryb3MgcmVzdGFudGVzIG5vIDg3wrogYW5kYXIgLSB7fQ==,,VG9kb3MgbG9zIG1vbnN0cnVvcyBkZWwgbml2ZWw4NyBmdWVyb24gZGVycm90YWRvcy4=
YO7ZCA,,UmVtYWluaW5nIE1vbnN0ZXJzIG9uIDg3dGggTGV2ZWwgLSB7fQ==,,,,,IFRvZG9zIG9zIG1vbnN0cm9zIG5vIDg3wrogYW5kYXIgZm9yYW0gZGVycm90YWRvcy4=,,TW9uc3RydW9zIHJlc3RhbnRlcyBkZWwgbml2ZWw4Nzoge30u
Ye7ZCA,,QW51Ymlz,,,,,WnVtYmkgRmVkb3JlbnRv,,QW51Ymlz
Yu7ZCA,,QW5jaWVudCBNdW1teQ==,,,,,Q2FybmnDp2FsIEZlZG9yZW50bw==,,QW5jaWVudCBNdW1teQ==
Y+7ZCA,,S2hhbGl0emJ1cmc=,,,,,RnVtYcOnYSBWZXJkZQ==,,S2hhbGl0emJ1cmc=
ZO7ZCA,,QWxsIG1vbnN0ZXJzIG9uIHRoZSA4OHRoIGxldmVsIGhhdmUgYmVlbiBkZWZlYXRlZC4=,,,,,Q2VuZXJl,,VG9kb3MgbG9zIG1vbnN0cnVvcyBkZWwgbml2ZWw4OCBmdWVyb24gZGVycm90YWRvcy4=
Ze7ZCA,,UmVtYWluaW5nIE1vbnN0ZXJzIG9uIDg4dGggTGV2ZWwgLSB7fQ==,,,,,TW9uc3Ryb3MgcmVzdGFudGVzIG5vIDg4wrogYW5kYXIgLSB7fQ==,,TW9uc3RydW9zIHJlc3RhbnRlcyBkZWwgbml2ZWw4ODoge30u
Zu7ZCA,,T2RpdW0gb2YgVGhhbmF0b3M=,,,,,IFRvZG9zIG9zIG1vbnN0cm9zIG5vIDg4wrogYW5kYXIgZm9yYW0gZGVycm90YWRvcy4=,,T2RpdW0gb2YgVGhhbmF0b3M=
Z+7ZCA,,RGVzcGVybyBvZiBUaGFuYXRvcw==,,,,,T2RpdW0gZGUgVGhhbmF0b3M=,,RGVzcGVybyBvZiBUaGFuYXRvcw==
aO7ZCA,,TWFlcm8gb2YgVGhhbmF0b3M=,,,,,RGVzcGVybyBkZSBUaGFuYXRvcw==,,TWFlcm8gb2YgVGhhbmF0b3M=
ae7ZCA,,RG9sb3Igb2YgVGhhbmF0b3M=,,,,,TWFlcm8gZGUgVGhhbmF0b3M=,,RG9sb3Igb2YgVGhhbmF0b3M=
au7ZCA,,QWxsIG1vbnN0ZXJzIG9uIHRoZSA4OXRoIGxldmVsIGhhdmUgYmVlbiBkZWZlYXRlZC4=,,,,,UGVzYXIgZGUgVGhhbmF0b3M=,,VG9kb3MgbG9zIG1vbnN0cnVvcyBkZWwgbml2ZWw4OSBmdWVyb24gZGVycm90YWRvcy4=
a+7ZCA,,UmVtYWluaW5nIE1vbnN0ZXJzIG9uIDg5dGggTGV2ZWwgLSB7fQ==,,,,,TW9uc3Ryb3MgcmVzdGFudGVzIG5vIDg5wrogYW5kYXIgLSB7fQ==,,TW9uc3RydW9zIHJlc3RhbnRlcyBkZWwgbml2ZWw4OToge30u
bO7ZCA,,VmFsa3lyaWUgUmFuZGdyaXM=,,,,,IFRvZG9zIG9zIG1vbnN0cm9zIG5vIDg5wrogYW5kYXIgZm9yYW0gZGVycm90YWRvcy4=,,VmFsa3lyaWUgUmFuZGdyaXM=
be7ZCA,,QmFyb25lc3Mgb2YgUmV0cmlidXRpb24=,,,,,UmFpbmhhIFNjYXJhYmE=,,QmFyb25lc3Mgb2YgUmV0cmlidXRpb24=
bu7ZCA,,TGFkeSBTb2xhY2U=,,,,,SW1wZXJhdHJpeiBTY2FyYWJh,,TGFkeSBTb2xhY2U=
b+7ZCA,,RmFsc2UgQW5nZWw=,,,,,U2NhcmFiYSBDaGlmcmU=,,RmFsc2UgQW5nZWw=
cO7ZCA,,QWxsIG1vbnN0ZXJzIG9uIHRoZSA5MHRoIGxldmVsIGhhdmUgYmVlbiBkZWZlYXRlZC4=,,,,,U2NhcmFiYSBHYWxoYWRv,,VG9kb3MgbG9zIG1vbnN0cnVvcyBkZWwgbml2ZWw5MCBmdWVyb24gZGVycm90YWRvcy4=
ce7ZCA,,UmVtYWluaW5nIE1vbnN0ZXJzIG9uIDkwdGggTGV2ZWwgLSB7fQ==,,,,,TW9uc3Ryb3MgcmVzdGFudGVzIG5vIDkwwrogYW5kYXIgLSB7fQ==,,TW9uc3RydW9zIHJlc3RhbnRlcyBkZWwgbml2ZWw5MDoge30u
cu7ZCA,,Q2VjaWwgRGFtb24=,,,,,IFRvZG9zIG9zIG1vbnN0cm9zIG5vIDkwwrogYW5kYXIgZm9yYW0gZGVycm90YWRvcy4=,,Q2VjaWwgRGFtb24=
c+7ZCA,,Qm93IEd1YXJkaWFu,,,,,Um9iw7QgRXhwbG9yYWRvciBUdXJibw==,,Qm93IEd1YXJkaWFu
dO7ZCA,,S2F2YWNoIEljYXJ1cw==,,,,,Um9iw7QgUmVwYXJhZG9yIFR1cmJv,,S2F2YWNoIEljYXJ1cw==
de7ZCA,,QWxsIG1vbnN0ZXJzIG9uIHRoZSA5MXN0IGxldmVsIGhhdmUgYmVlbiBkZWZlYXRlZC4=,,,,,Um9iw7QgUmVwYXJhZG9y,,VG9kb3MgbG9zIG1vbnN0cnVvcyBkZWwgbml2ZWw5MSBmdWVyb24gZGVycm90YWRvcy4=
du7ZCA,,UmVtYWluaW5nIE1vbnN0ZXJzIG9uIDkxc3QgTGV2ZWwgLSB7fQ==,,,,,Um9iw7QgRXhwbG9yYWRvcg==,,TW9uc3RydW9zIHJlc3RhbnRlcyBkZWwgbml2ZWw5MToge30u
d+7ZCA,,S2F0aHJ5bmUgS2V5cm9u,,,,,Um9iw7QgZGUgU3VjYXRh,,S2F0aHJ5bmUgS2V5cm9u
eO7ZCA,,RWxkZXI=,,,,,TW9uc3Ryb3MgcmVzdGFudGVzIG5vIDkxwrogYW5kYXIgLSB7fQ==,,RWxkZXI=
ee7ZCA,,TGF1cmVsbCBXZWluZGVy,,,,,IFRvZG9zIG9zIG1vbnN0cm9zIG5vIDkxwrogYW5kYXIgZm9yYW0gZGVycm90YWRvcy4=,,TGF1cmVsbCBXZWluZGVy
eu7ZCA,,TWFyZHVr,,,,,R2VuZXJhbCBJbW9ydGFs,,TWFyZHVr
e+7ZCA,,QWxsIG1vbnN0ZXJzIG9uIHRoZSA5Mm5kIGxldmVsIGhhdmUgYmVlbiBkZWZlYXRlZC4=,,,,,VGFwcHk=,,VG9kb3MgbG9zIG1vbnN0cnVvcyBkZWwgbml2ZWw5MiBmdWVyb24gZGVycm90YWRvcy4=
fO7ZCA,,UmVtYWluaW5nIE1vbnN0ZXJzIG9uIDkybmQgTGV2ZWwgLSB7fQ==,,,,,TG9ibyBkZSBHZWxv,,TW9uc3RydW9zIHJlc3RhbnRlcyBkZWwgbml2ZWw5Mjoge30u
fe7ZCA,,U2V5cmVuIFdpbmRzb3I=,,,,,TW9uc3Ryb3MgcmVzdGFudGVzIG5vIDkywrogYW5kYXIgLSB7fQ==,,U2V5cmVuIFdpbmRzb3I=
fu7ZCA,,V2FuZGVyZXI=,,,,,IFRvZG9zIG9zIG1vbnN0cm9zIG5vIDkywrogYW5kYXIgZm9yYW0gZGVycm90YWRvcy4=,,V2FuZGVyZXI=
f+7ZCA,,QWxsIG1vbnN0ZXJzIG9uIHRoZSA5M3JkIGxldmVsIGhhdmUgYmVlbiBkZWZlYXRlZC4=,,,,,UXVpbWVyYSBBbWFsZGnDp29hZGE=,,VG9kb3MgbG9zIG1vbnN0cnVvcyBkZWwgbml2ZWw5MyBmdWVyb24gZGVycm90YWRvcy4=
gO7ZCA,,UmVtYWluaW5nIE1vbnN0ZXJzIG9uIDkzcmQgTGV2ZWwgLSB7fQ==,,,,,QW5kYXJpbGhvIEFtYWxkacOnb2Fkbw==,,TW9uc3RydW9zIHJlc3RhbnRlcyBkZWwgbml2ZWw5Mzoge30u
ge7ZCA,,QWxsIG1vbnN0ZXJzIG9uIHRoZSA5NHRoIGxldmVsIGhhdmUgYmVlbiBkZWZlYXRlZC4=,,,,,UmlkZXdvcmQgRGlzdG9yY2lkbw==,,VG9kb3MgbG9zIG1vbnN0cnVvcyBkZWwgbml2ZWw5NCBmdWVyb24gZGVycm90YWRvcy4=
gu7ZCA,,UmVtYWluaW5nIE1vbnN0ZXJzIG9uIDk0dGggTGV2ZWwgLSB7fQ==,,,,,TW9uc3Ryb3MgcmVzdGFudGVzIG5vIDkzwrogYW5kYXIgLSB7fQ==,,TW9uc3RydW9zIHJlc3RhbnRlcyBkZWwgbml2ZWw5NDoge30u
g+7ZCA,,QmVlbHplYnVi,,,,,IFRvZG9zIG9zIG1vbnN0cm9zIG5vIDkzwrogYW5kYXIgZm9yYW0gZGVycm90YWRvcy4=,,QmVlbHplYnVi
hO7ZCA,,SHVudGVyIEZseQ==,,,,,QmFyw6NvIENvcnVqYQ==,,SHVudGVyIEZseQ==
he7ZCA,,U3RlZWwgQ2hvbmNob24=,,,,,RHVxdWUgQ29ydWph,,U3RlZWwgQ2hvbmNob24=
hu7ZCA,,RHJhZ29uIEZseQ==,,,,,VmlzY29uZGUgQ29ydWph,,RHJhZ29uIEZseQ==
h+7ZCA,,Q2hvbmNob24=,,,,,TWFycXXDqnMgQ29ydWph,,Q2hvbmNob24=
iO7ZCA,,QWxsIG1vbnN0ZXJzIG9uIHRoZSA5NXRoIGxldmVsIGhhdmUgYmVlbiBkZWZlYXRlZC4=,,,,,TW9uc3Ryb3MgcmVzdGFudGVzIG5vIDk0wrogYW5kYXIgLSB7fQ==,,VG9kb3MgbG9zIG1vbnN0cnVvcyBkZWwgbml2ZWw5NSBmdWVyb24gZGVycm90YWRvcy4=
ie7ZCA,,UmVtYWluaW5nIE1vbnN0ZXJzIG9uIDk1dGggTGV2ZWwgLSB7fQ==,,,,,IFRvZG9zIG9zIG1vbnN0cm9zIG5vIDk0wrogYW5kYXIgZm9yYW0gZGVycm90YWRvcy4=,,TW9uc3RydW9zIHJlc3RhbnRlcyBkZWwgbml2ZWw5NToge30u
iu7ZCA,,VmFsa3lyaWU=,,,,,QmVsemVidQ==,,VmFsa3lyaWU=
i+7ZCA,,U2tlZ2dpb2xkIA==,,,,,QmlzcG8gRGVjYWRlbnRl,,U2tlZ2dpb2xkIA==
jO7ZCA,,QWxsIG1vbnN0ZXJzIG9uIHRoZSA5NnRoIGxldmVsIGhhdmUgYmVlbiBkZWZlYXRlZC4=,,,,,U2VuaG9yIGRvcyBNb3J0b3M=,,VG9kb3MgbG9zIG1vbnN0cnVvcyBkZWwgbml2ZWw5NiBmdWVyb24gZGVycm90YWRvcy4=
je7ZCA,,UmVtYWluaW5nIE1vbnN0ZXJzIG9uIDk2dGggTGV2ZWwgLSB7fQ==,,,,,TGliw6lsdWxh,,TW9uc3RydW9zIHJlc3RhbnRlcyBkZWwgbml2ZWw5Njoge30u
ju7ZCA,,SW5jYXJuYXRpb24gb2YgTW9yb2Nj,,,,,QmFuc2hlZQ==,,SW5jYXJuYXRpb24gb2YgTW9yb2Nj
j+7ZCA,,QWxsIG1vbnN0ZXJzIG9uIHRoZSA5N3RoIGxldmVsIGhhdmUgYmVlbiBkZWZlYXRlZC4=,,,,,TW9uc3Ryb3MgcmVzdGFudGVzIG5vIDk1wrogYW5kYXIgLSB7fQ==,,VG9kb3MgbG9zIG1vbnN0cnVvcyBkZWwgbml2ZWw5NyBmdWVyb24gZGVycm90YWRvcy4=
kO7ZCA,,UmVtYWluaW5nIE1vbnN0ZXJzIG9uIDk3dGggTGV2ZWwgLSB7fQ==,,,,,IFRvZG9zIG9zIG1vbnN0cm9zIG5vIDk1wrogYW5kYXIgZm9yYW0gZGVycm90YWRvcy4=,,TW9uc3RydW9zIHJlc3RhbnRlcyBkZWwgbml2ZWw5Nzoge30u
ke7ZCA,,TWFyZ2FyZXRoYSBTb3Jpbg==,,,,,Q2hlbiBMaXU=,,TWFyZ2FyZXRoYSBTb3Jpbg==
ku7ZCA,,RXJlbWVzIEd1aWxl,,,,,Q2VsaWEgQWxkZQ==,,RXJlbWVzIEd1aWxl
k+7ZCA,,SG93YXJkIEFsdC1FaXNlbg==,,,,,RmxhbWVsIEVtdWw=,,SG93YXJkIEFsdC1FaXNlbg==
lO7ZCA,,QWxsIG1vbnN0ZXJzIG9uIHRoZSA5OHRoIGxldmVsIGhhdmUgYmVlbiBkZWZlYXRlZC4=,,,,,UmFuZGVsIExhd3JlbmNl,,VG9kb3MgbG9zIG1vbnN0cnVvcyBkZWwgbml2ZWw5OCBmdWVyb24gZGVycm90YWRvcy4=
le7ZCA,,UmVtYWluaW5nIE1vbnN0ZXJzIG9uIDk4dGggTGV2ZWwgLSB7fQ==,,,,,R2VydGllIFdpZQ==,,TW9uc3RydW9zIHJlc3RhbnRlcyBkZWwgbml2ZWw5ODoge30u
lu7ZCA,,QWxsIG1vbnN0ZXJzIG9uIHRoZSA5OXRoIGxldmVsIGhhdmUgYmVlbiBkZWZlYXRlZC4=,,,,,QWxwaG9jaGlvIEJhc2ls,,VG9kb3MgbG9zIG1vbnN0cnVvcyBkZWwgbml2ZWw5OSBmdWVyb24gZGVycm90YWRvcy4=
l+7ZCA,,UmVtYWluaW5nIE1vbnN0ZXJzIG9uIDk5dGggTGV2ZWwgLSB7fQ==,,,,,VHJlbnRpbmk=,,TW9uc3RydW9zIHJlc3RhbnRlcyBkZWwgbml2ZWw5OToge30u
mO7ZCA,,UGxlYXNlIGVudGVyIHRoZSBwYXNzd29yZC4=,,,,,U2V5cmVuIFdpbmRzb3I=,,SW50cm9kdWNlIGxhIGNvbnRyYXNlw7FhLg==
me7ZCA,,VGhpcyBOUEMgbWFuYWdlcyB0aGUgdG93ZXIgZnJvbSB0aGUgNzZ0aCB0byB0aGUgOTl0aCBsZXZlbHMuClBsZWFzZSBlbnRlciB0aGUgbGV2ZWwgbnVtYmVyIHRvIG9wZW4uCihleDogMUYtPjEsIDE3Ri0+MTcp,,,,,RXJlbWVzIEd1aWxl,,RXN0ZSBQTkogZ2VzdGlvbmEgbGEgdG9ycmUgZGVzZGUgZWwgbml2ZWwgNzYgYWwgOTkuCkludHJvZHVjZSBlbCBuw7ptZXJvIGRlbCBuaXZlbCBxdWUgZGVzZWFzIGFicmlyLgpQb3IgZWplbXBsbzogUDEtPjEsIFAxNy0+MTcu
mu7ZCA,,WW91IGNhbiBvbmx5IGVudGVyIGEgbnVtYmVyIGZyb20gNzYgdG8gOTku,,,,,TWFyZ2FyZXRoYSBTb3Jpbg==,,U29sbyBwdWVkZXMgaW50cm9kdWNpciB1biBuw7ptZXJvIGRlbCA3NiBhbCA5OS4=
m+7ZCA,,e31GR2F0ZTEwMnRvd2Vy,,,,,Q2VjaWwgRGFtb24=,,e31GR2F0ZTEwMnRvd2Vy
nO7ZCA,,KioqIExldmVsIHt9IGlzIG5vdyBiZWluZyBvcGVuZWQuICoqKg==,,,,,S2F0aHJ5bmUgS2V5cm9u,,KioqIEVsIG5pdmVsIHt9IHNlIGVzdMOhIGFicmllbmRvLiAqKio=
