AO1YCg,,RWRlbiBHcm91cCBKZXdlbGVy,,,,,Sm9hbGhlaXJvIGRvIEdydXBvIEVkZW4=,,Sm95ZXJvIGRlbCBHcnVwbyBkZWwgRWTDqW4=
Ae1YCg,,WW91IGFyZSBjYXJyeWluZyB0b28gbWFueSB0eXBlcyBvZiBpdGVtcy4gUGxlYXNlIHRyeSBhZ2FpbiB3aXRoIGZld2VyIHR5cGVzLg==,,,,,Vm9jw6ogZXN0w6EgY2FycmVnYW5kbyBtdWl0b3MgdGlwb3MgZGUgaXRlbnMuIFRlbnRlIG5vdmFtZW50ZSBjb20gbWVub3MgdGlwb3Mu,,VGllbmUgZGVtYXNpYWRvcyB0aXBvcyBkZSBhcnTDrWN1bG9zLiBQb3IgZmF2b3IsIGludMOpbnRlbG8gZGUgbnVldm8gY29uIG1lbm9zIHRpcG9zLg==
Au1YCg,,WW91ciBpbnZlbnRvcnkgaXMgdG9vIGhlYXZ5IHRvIHByb2NlZWQuIFBsZWFzZSBzaGVkIHNvbWUgd2VpZ2h0IGFuZCB0cnkgYWdhaW4u,,,,,U2V1IGludmVudMOhcmlvIGVzdMOhIG11aXRvIHBlc2FkbyBwYXJhIHByb3NzZWd1aXIuIFBvciBmYXZvciwgcGVyY2EgdW0gcG91Y28gZGUgcGVzbyBlIHRlbnRlIG5vdmFtZW50ZS4=,,U3UgaW52ZW50YXJpbyBlcyBkZW1hc2lhZG8gcGVzYWRvIHBhcmEgY29udGludWFyLiBQb3IgZmF2b3IsIGFkZWxnYXphIHVuIHBvY28gZSBpbnTDqW50YWxvIGRlIG51ZXZvLg==
A+1YCg,,W0VkZW4gR3JvdXAgSmV3ZWxlcl0KV2Ugd2lsbCBlbmNoYW50IGFjY2Vzc29yaWVzIHlvdSd2ZSBvYnRhaW5lZCBpbiBleGNoYW5nZSBmb3IgRWRlbiBHcm91cCBDb2lucy4=,,,,,W0pvYWxoZWlybyBkbyBHcnVwbyBkbyDDiWRlbl0KRW5jYW50YXJlbW9zIG9zIGFjZXNzw7NyaW9zIHF1ZSB2b2PDqiBvYnRldmUgZW0gdHJvY2EgZGUgbW9lZGFzIGRvIEdydXBvIGRvIMOJZGVuLg==,,W0pveWVybyBkZWwgR3J1cG8gZGVsIEVkw6luXQpFbmNhbnRhcmVtb3MgYWNjZXNvcmlvcyBxdWUgaGF5YXMgb2J0ZW5pZG8gYSBjYW1iaW8gZGUgTW9uZWRhcyBkZWwgR3J1cG8gZGVsIEVkw6luLg==
BO1YCg,,SG93IHdvdWxkIHlvdSBsaWtlIHRvIGVuY2hhbnQ/,,,,,Q29tbyB2b2PDqiBnb3N0YXJpYSBkZSBzZSBlbmNhbnRhcj8=,,wr9UZSBndXN0YXLDrWEgZW5jYW50YXI/
Be1YCg,,QWRkIHN0YXRzIHRvIEVkZW4gR3JvdXAgYWNjZXNzb3J5,,,,,QWRpY2lvbmFyIGVzdGF0w61zdGljYXMgYW8gYWNlc3PDs3JpbyBkbyBHcnVwbyBkbyDDiWRlbg==,,QcOxYWRpciBlc3RhZMOtc3RpY2FzIGFsIGFjY2Vzb3JpbyBHcnVwbyBkZWwgRWTDqW4=
Bu1YCg,,UmVzZXQgRWRlbiBHcm91cCBhY2Nlc3NvcnkgZW5jaGFudG1lbnQ=,,,,,UmVkZWZpbmlyIG8gZW5jYW50YW1lbnRvIGRvIGFjZXNzw7NyaW8gZG8gR3J1cG8gRWRlbg==,,UmVzdGFibGVjZXIgZWwgZW5jYW50byBkZSBsb3MgYWNjZXNvcmlvcyBkZWwgR3J1cG8gZGVsIEVkw6lu
B+1YCg,,W0VkZW4gR3JvdXAgSmV3ZWxlcl0KSGF2ZSB5b3UgZXZlciB0cmFkZWQgRWRlbiBHcm91cCBDb2lucyBmb3IgZXF1aXBtZW50Pw==,,,,,W0pvYWxoZWlybyBkbyBHcnVwbyBkbyDDiWRlbl0KVm9jw6ogasOhIHRyb2NvdSBtb2VkYXMgZG8gR3J1cG8gRWRlbiBwb3IgZXF1aXBhbWVudG9zPw==,,W0pveWVybyBkZWwgR3J1cG8gZGVsIEVkw6luXQrCv0FsZ3VuYSB2ZXogaGFzIGNhbWJpYWRvIG1vbmVkYXMgZGVsIEdydXBvIGRlbCBFZMOpbiBwb3IgZXF1aXBhbWllbnRvPw==
CO1YCg,,W0VkZW4gR3JvdXAgSmV3ZWxlcl0KSSBjYW4gYWxzbyBwcm92aWRlIGFkZGl0aW9uYWwgZW5ncmF2aW5ncyBvbiBhY2Nlc3Nvcmllcy4=,,,,,W0pvYWxoZWlybyBkbyBHcnVwbyBFZGVuXQpUYW1iw6ltIHBvc3NvIGZvcm5lY2VyIGdyYXZhw6fDtWVzIGFkaWNpb25haXMgZW0gYWNlc3PDs3Jpb3Mu,,W0pveWVybyBkZWwgR3J1cG8gZGVsIEVkw6luXQpUYW1iacOpbiBwdWVkbyBwcm9wb3JjaW9uYXIgZ3JhYmFkb3MgYWRpY2lvbmFsZXMgZW4gYWNjZXNvcmlvcy4=
Ce1YCg,,W0VkZW4gR3JvdXAgSmV3ZWxlcl0KWW91IGNhbiBlbmdyYXZlIHVwIHRvIDIgc29ja2V0cy4gRWFjaCBzb2NrZXQgY29zdHMgMTAgRWRlbiBHcm91cCBDb2lucywgYW5kIHlvdSBjYW4gYWx3YXlzIHJlc2V0IHdoZW5ldmVyIHlvdSB3YW50Lg==,,,,,W0pvYWxoZWlybyBkbyBHcnVwbyBFZGVuXQpWb2PDqiBwb2RlIGdyYXZhciBhdMOpIDIgc29xdWV0ZXMuIENhZGEgc29xdWV0ZSBjdXN0YSAxMCBNb2VkYXMgZG8gR3J1cG8gZG8gw4lkZW4gZSB2b2PDqiBzZW1wcmUgcG9kZSByZWluaWNpYXIgcXVhbmRvIHF1aXNlci4=,,W0pveWVybyBkZWwgR3J1cG8gZGVsIEVkw6luXQpQdWVkZXMgZ3JhYmFyIGhhc3RhIDIgesOzY2Fsb3MuIENhZGEgesOzY2FsbyBjdWVzdGEgMTAgTW9uZWRhcyBkZWwgR3J1cG8gZGVsIEVkw6luLCB5IHNpZW1wcmUgcHVlZGVzIHJlc3RhYmxlY2VybG8gY3VhbmRvIHF1aWVyYXMu
Cu1YCg,,W0VkZW4gR3JvdXAgSmV3ZWxlcl0KUmVzZXR0aW5nIGNvc3RzIDEwIEVkZW4gR3JvdXAgQ29pbnMsIGFuZCBlbmNoYW50aW5nIGFuZCByZXNldHRpbmcgd2lsbCBuZXZlciBkZXN0cm95IGFuIGl0ZW0sIHNvIHlvdSBkb24ndCBuZWVkIHRvIHdvcnJ5IGFib3V0IHRoYXQu,,,,,W0pvYWxoZWlybyBkbyBHcnVwbyBkbyDDiWRlbl0KQSByZWRlZmluacOnw6NvIGN1c3RhIDEwIE1vZWRhcyBkbyBHcnVwbyBkbyDDiWRlbiwgZSBvIGVuY2FudGFtZW50byBlIGEgcmVkZWZpbmnDp8OjbyBudW5jYSBkZXN0cnVpcsOjbyB1bSBpdGVtLCBwb3J0YW50bywgdm9jw6ogbsOjbyBwcmVjaXNhIHNlIHByZW9jdXBhciBjb20gaXNzby4=,,W0pveWVybyBkZWwgR3J1cG8gZGVsIEVkw6luXQpSZWFqdXN0YXIgY3Vlc3RhIDEwIE1vbmVkYXMgZGVsIEdydXBvIGRlbCBFZMOpbiwgeSBlbmNhbnRhciB5IHJlYWp1c3RhciBudW5jYSBkZXN0cnVpcsOhIHVuIG9iamV0bywgYXPDrSBxdWUgbm8gdGllbmVzIHF1ZSBwcmVvY3VwYXJ0ZSBwb3IgZXNvLg==
C+1YCg,,W0VkZW4gR3JvdXAgSmV3ZWxlcl0KWW91IG11c3QgZXF1aXAgYW4gRWRlbiBHcm91cCBhY2Nlc3NvcnkgaW4geW91ciByaWdodCBhY2Nlc3Nvcnkgc2xvdCB0byBwcm9jZWVkLg==,,,,,W0pvYWxoZWlybyBkbyBHcnVwbyBkbyDDiWRlbl0KVm9jw6ogZGV2ZSBlcXVpcGFyIHVtIGFjZXNzw7NyaW8gZG8gR3J1cG8gZG8gw4lkZW4gZW0gc2V1IHNsb3QgZGUgYWNlc3PDs3JpbyBkaXJlaXRvIHBhcmEgY29udGludWFyLg==,,W0pveWVybyBkZWwgR3J1cG8gZGVsIEVkw6luXQpEZWJlcyBlcXVpcGFyIHVuIGFjY2Vzb3JpbyBkZWwgR3J1cG8gZGVsIEVkw6luIGVuIHR1IHJhbnVyYSBkZSBhY2Nlc29yaW8gZGVyZWNoYSBwYXJhIGNvbnRpbnVhci4=
DO1YCg,,W0VkZW4gR3JvdXAgSmV3ZWxlcl0KSXQncyB2ZXJ5IGRhbmdlcm91cyB0byB1bmVxdWlwIHRoZSBpdGVtIGR1cmluZyB0aGUgcHJvY2Vzcy4=,,,,,W0pvYWxoZWlybyBkbyBHcnVwbyBkbyDDiWRlbl0Kw4kgbXVpdG8gcGVyaWdvc28gZGVzZXF1aXBhciBvIGl0ZW0gZHVyYW50ZSBvIHByb2Nlc3NvLg==,,W0pveWVybyBkZWwgR3J1cG8gZGVsIEVkw6luXQpFcyBtdXkgcGVsaWdyb3NvIGRlc2VxdWlwYXIgZWwgb2JqZXRvIGR1cmFudGUgZWwgcHJvY2Vzby4=
De1YCg,,U3Ryb25nIFJpbmcgb2YgRWRlbiBJ,,,,,QW5lbCBGb3J0ZSBkbyDDiWRlbiBJ,,QW5pbGxvIGRlIEZ1ZXJ6YSBkZWwgRWTDqW4gSQ==
Du1YCg,,U3Ryb25nIE5lY2tsYWNlIG9mIEVkZW4gSQ==,,,,,Q29sYXIgRm9ydGUgZG8gw4lkZW4gSQ==,,Q29sbGFyIGRlIEZ1ZXJ6YSBkZWwgRWTDqW4gSQ==
D+1YCg,,U3Ryb25nIFJpbmcgb2YgRWRlbiBJSQ==,,,,,QW5lbCBGb3J0ZSBkbyDDiWRlbiBJSQ==,,QW5pbGxvIGRlIEZ1ZXJ6YSBkZWwgRWTDqW4gSUk=
EO1YCg,,U3Ryb25nIE5lY2tsYWNlIG9mIEVkZW4gSUk=,,,,,Q29sYXIgRm9ydGUgZG8gw4lkZW4gSUk=,,Q29sbGFyIGRlIEZ1ZXJ6YSBkZWwgRWTDqW4gSUk=
Ee1YCg,,U3Ryb25nIFJpbmcgb2YgRWRlbiBJSUk=,,,,,QW5lbCBGb3J0ZSBkbyDDiWRlbiBJSUk=,,QW5pbGxvIGRlIEZ1ZXJ6YSBkZWwgRWTDqW4gSUlJ
Eu1YCg,,U3Ryb25nIE5lY2tsYWNlIG9mIEVkZW4gSUlJ,,,,,Q29sYXIgRm9ydGUgZG8gw4lkZW4gSUlJ,,Q29sbGFyIGRlIEZ1ZXJ6YSBkZWwgRWTDqW4gSUlJ
E+1YCg,,U3Ryb25nIFJpbmcgb2YgRWRlbiBJVg==,,,,,QW5lbCBGb3J0ZSBkbyDDiWRlbiBJVg==,,QW5pbGxvIGRlIEZ1ZXJ6YSBkZWwgRWTDqW4gSVY=
FO1YCg,,U3Ryb25nIE5lY2tsYWNlIG9mIEVkZW4gSVY=,,,,,Q29sYXIgRm9ydGUgZG8gw4lkZW4gSVY=,,Q29sbGFyIGRlIEZ1ZXJ6YSBkZWwgRWTDqW4gSVY=
Fe1YCg,,U3Ryb25nIFJpbmcgb2YgRWRlbiBW,,,,,QW5lbCBGb3J0ZSBkbyDDiWRlbiBW,,QW5pbGxvIGRlIEZ1ZXJ6YSBkZWwgRWTDqW4gVg==
Fu1YCg,,U3Ryb25nIE5lY2tsYWNlIG9mIEVkZW4gVg==,,,,,Q29sYXIgRm9ydGUgZG8gw4lkZW4gVg==,,Q29sbGFyIGRlIEZ1ZXJ6YSBkZWwgRWTDqW4gVg==
F+1YCg,,TWFnaWMgUmluZyBvZiBFZGVuIEk=,,,,,QW5lbCBNw6FnaWNvIGRvIMOJZGVuIEk=,,QW5pbGxvIGRlIE1hZ2lhIGRlbCBFZMOpbiBJ
GO1YCg,,TWFnaWMgTmVja2xhY2Ugb2YgRWRlbiBJ,,,,,Q29sYXIgTcOhZ2ljbyBkbyDDiWRlbiBJ,,Q29sbGFyIGRlIE1hZ2lhIGRlbCBFZMOpbiBJ
Ge1YCg,,TWFnaWMgUmluZyBvZiBFZGVuIElJ,,,,,QW5lbCBNw6FnaWNvIGRvIMOJZGVuIElJ,,QW5pbGxvIGRlIE1hZ2lhIGRlbCBFZMOpbiBJSQ==
Gu1YCg,,TWFnaWMgTmVja2xhY2Ugb2YgRWRlbiBJSQ==,,,,,Q29sYXIgTcOhZ2ljbyBkbyDDiWRlbiBJSQ==,,Q29sbGFyIGRlIE1hZ2lhIGRlbCBFZMOpbiBJSQ==
G+1YCg,,TWFnaWMgUmluZyBvZiBFZGVuIElJSQ==,,,,,QW5lbCBNw6FnaWNvIGRvIMOJZGVuIElJSQ==,,QW5pbGxvIGRlIE1hZ2lhIGRlbCBFZMOpbiBJSUk=
HO1YCg,,TWFnaWMgTmVja2xhY2Ugb2YgRWRlbiBJSUk=,,,,,Q29sYXIgTcOhZ2ljbyBkbyDDiWRlbiBJSUk=,,Q29sbGFyIGRlIE1hZ2lhIGRlbCBFZMOpbiBJSUk=
He1YCg,,TWFnaWMgUmluZyBvZiBFZGVuIElW,,,,,QW5lbCBNw6FnaWNvIGRvIMOJZGVuIElW,,QW5pbGxvIGRlIE1hZ2lhIGRlbCBFZMOpbiBJVg==
Hu1YCg,,TWFnaWMgTmVja2xhY2Ugb2YgRWRlbiBJVg==,,,,,Q29sYXIgTcOhZ2ljbyBkbyDDiWRlbiBJVg==,,Q29sbGFyIGRlIE1hZ2lhIGRlbCBFZMOpbiBJVg==
H+1YCg,,TWFnaWMgUmluZyBvZiBFZGVuIFY=,,,,,QW5lbCBNw6FnaWNvIGRvIMOJZGVuIFY=,,QW5pbGxvIGRlIE1hZ2lhIGRlbCBFZMOpbiBW
IO1YCg,,TWFnaWMgTmVja2xhY2Ugb2YgRWRlbiBW,,,,,Q29sYXIgTcOhZ2ljbyBkbyDDiWRlbiBW,,Q29sbGFyIGRlIE1hZ2lhIGRlbCBFZMOpbiBW
Ie1YCg,,QWdpbGl0eSBSaW5nIG9mIEVkZW4gSQ==,,,,,QW5lbCDDgWdpbCBkbyDDiWRlbiBJ,,QW5pbGxvIGRlIERlc3RyZXphIGRlbCBFZMOpbiAgSQ==
Iu1YCg,,QWdpbGl0eSBOZWNrbGFjZSBvZiBFZGVuIEk=,,,,,Q29sYXIgw4FnaWwgZG8gw4lkZW4gSQ==,,Q29sbGFyIGRlIERlc3RyZXphIGRlbCBFZMOpbiAgSQ==
I+1YCg,,QWdpbGl0eSBSaW5nIG9mIEVkZW4gSUk=,,,,,QW5lbCDDgWdpbCBkbyDDiWRlbiBJSQ==,,QW5pbGxvIGRlIERlc3RyZXphIGRlbCBFZMOpbiAgSUk=
JO1YCg,,QWdpbGl0eSBOZWNrbGFjZSBvZiBFZGVuIElJ,,,,,Q29sYXIgw4FnaWwgZG8gw4lkZW4gSUk=,,Q29sbGFyIGRlIERlc3RyZXphIGRlbCBFZMOpbiAgSUk=
Je1YCg,,QWdpbGl0eSBSaW5nIG9mIEVkZW4gSUlJ,,,,,QW5lbCDDgWdpbCBkbyDDiWRlbiBJSUk=,,QW5pbGxvIGRlIERlc3RyZXphIGRlbCBFZMOpbiAgSUlJ
Ju1YCg,,QWdpbGl0eSBOZWNrbGFjZSBvZiBFZGVuIElJSQ==,,,,,Q29sYXIgw4FnaWwgZG8gw4lkZW4gSUlJ,,Q29sbGFyIGRlIERlc3RyZXphIGRlbCBFZMOpbiAgSUlJ
J+1YCg,,QWdpbGl0eSBSaW5nIG9mIEVkZW4gSVY=,,,,,QW5lbCDDgWdpbCBkbyDDiWRlbiBJVg==,,QW5pbGxvIGRlIERlc3RyZXphIGRlbCBFZMOpbiAgSVY=
KO1YCg,,QWdpbGl0eSBOZWNrbGFjZSBvZiBFZGVuIElW,,,,,Q29sYXIgw4FnaWwgZG8gw4lkZW4gSVY=,,Q29sbGFyIGRlIERlc3RyZXphIGRlbCBFZMOpbiAgSVY=
Ke1YCg,,QWdpbGl0eSBSaW5nIG9mIEVkZW4gVg==,,,,,QW5lbCDDgWdpbCBkbyDDiWRlbiBW,,QW5pbGxvIGRlIERlc3RyZXphIGRlbCBFZMOpbiAgVg==
Ku1YCg,,QWdpbGl0eSBOZWNrbGFjZSBvZiBFZGVuIFY=,,,,,Q29sYXIgw4FnaWwgZG8gw4lkZW4gVg==,,Q29sbGFyIGRlIERlc3RyZXphIGRlbCBFZMOpbiAgVg==
K+1YCg,,UmVjb3ZlcnkgUmluZyBvZiBFZGVuIEk=,,,,,QW5lbCBWaXRhbCBkbyDDiWRlbiBJ,,QW5pbGxvIGRlIEN1cmFjacOzbiBkZWwgRWTDqW4gSQ==
LO1YCg,,UmVjb3ZlcnkgTmVja2xhY2Ugb2YgRWRlbiBJ,,,,,Q29sYXIgVml0YWwgZG8gw4lkZW4gSQ==,,Q29sbGFyIGRlIEN1cmFjacOzbiBkZWwgRWTDqW4gSQ==
Le1YCg,,UmVjb3ZlcnkgUmluZyBvZiBFZGVuIElJ,,,,,QW5lbCBWaXRhbCBkbyDDiWRlbiBJSQ==,,QW5pbGxvIGRlIEN1cmFjacOzbiBkZWwgRWTDqW4gSUk=
Lu1YCg,,UmVjb3ZlcnkgTmVja2xhY2Ugb2YgRWRlbiBJSQ==,,,,,Q29sYXIgVml0YWwgZG8gw4lkZW4gSUk=,,Q29sbGFyIGRlIEN1cmFjacOzbiBkZWwgRWTDqW4gSUk=
L+1YCg,,UmVjb3ZlcnkgUmluZyBvZiBFZGVuIElJSQ==,,,,,QW5lbCBWaXRhbCBkbyDDiWRlbiBJSUk=,,QW5pbGxvIGRlIEN1cmFjacOzbiBkZWwgRWTDqW4gSUlJ
MO1YCg,,UmVjb3ZlcnkgTmVja2xhY2Ugb2YgRWRlbiBJSUk=,,,,,Q29sYXIgVml0YWwgZG8gw4lkZW4gSUlJ,,Q29sbGFyIGRlIEN1cmFjacOzbiBkZWwgRWTDqW4gSUlJ
Me1YCg,,UmVjb3ZlcnkgUmluZyBvZiBFZGVuIElW,,,,,QW5lbCBWaXRhbCBkbyDDiWRlbiBJVg==,,QW5pbGxvIGRlIEN1cmFjacOzbiBkZWwgRWTDqW4gSVY=
Mu1YCg,,UmVjb3ZlcnkgTmVja2xhY2Ugb2YgRWRlbiBJVg==,,,,,Q29sYXIgVml0YWwgZG8gw4lkZW4gSVY=,,Q29sbGFyIGRlIEN1cmFjacOzbiBkZWwgRWTDqW4gSVY=
M+1YCg,,UmVjb3ZlcnkgUmluZyBvZiBFZGVuIFY=,,,,,QW5lbCBWaXRhbCBkbyDDiWRlbiBW,,QW5pbGxvIGRlIEN1cmFjacOzbiBkZWwgRWTDqW4gVg==
NO1YCg,,UmVjb3ZlcnkgTmVja2xhY2Ugb2YgRWRlbiBW,,,,,Q29sYXIgVml0YWwgZG8gw4lkZW4gVg==,,Q29sbGFyIGRlIEN1cmFjacOzbiBkZWwgRWTDqW4gVg==
Ne1YCg,,W0VkZW4gR3JvdXAgSmV3ZWxlcl0KSSBjYW5ub3QgZW5ncmF2ZSB0aGlzIGVxdWlwbWVudC5eMDAwMEZGQ291bGQgeW91IHJldHVybiB3aXRoIGFuIEVkZW4gR3JvdXAgYWNjZXNzb3J5IGVxdWlwcGVkIGluIHlvdXIgcmlnaHQgYWNjZXNzb3J5IHNsb3ReMDAwMDAwPw==,,,,,W0pvYWxoZWlybyBkbyBHcnVwbyBkbyDDiWRlbl0KTsOjbyBwb3NzbyBncmF2YXIgZXN0ZSBlcXVpcGFtZW50by4gUG9kZXJpYSB2b2x0YXIgY29tIHVtIGFjZXNzw7NyaW8gZG8gR3J1cG8gZG8gw4lkZW4gZXF1aXBhZG8gZW0gc2V1IGNvbXBhcnRpbWVudG8gZGUgYWNlc3PDs3Jpb3MgZGlyZWl0b14wMDAwMDA/,,W0pveWVybyBkZWwgR3J1cG8gZGVsIEVkw6luXQpObyBwdWVkbyBncmFiYXIgZXN0ZSBlcXVpcG8uXjAwMDBGRsK/UG9kcsOtYXMgdm9sdmVyIGNvbiB1biBhY2Nlc29yaW8gZGVsIEdydXBvIGRlbCBFZMOpbiBlcXVpcGFkbyBlbiB0dSByYW51cmEgZGUgYWNjZXNvcmlvIGRlcmVjaGFeMDAwMDAwPw==
Nu1YCg,,W0VkZW4gR3JvdXAgSmV3ZWxlcl0KVGhpcyBhY2Nlc3NvcnkgaGFzIGFscmVhZHkgYmVlbiBmdWxseSB1cGdyYWRlZC4gSXQgY2FuJ3QgYmUgaW1wcm92ZWQgYW55IGZ1cnRoZXIu,,,,,W0pvYWxoZWlybyBkbyBHcnVwbyBFZGVuXQpFc3NlIGFjZXNzw7NyaW8gasOhIGZvaSB0b3RhbG1lbnRlIGFwcmltb3JhZG8uIEVsZSBuw6NvIHBvZGUgc2VyIG1lbGhvcmFkbyBhaW5kYSBtYWlzLg==,,W0pveWVybyBkZWwgR3J1cG8gZGVsIEVkw6luXQpFc3RlIGFjY2Vzb3JpbyB5YSBzZSBoYSBtZWpvcmFkbyBwb3IgY29tcGxldG8uIE5vIHNlIHB1ZWRlIG1lam9yYXIgbcOhcy4=
N+1YCg,,W0VkZW4gR3JvdXAgSmV3ZWxlcl0KV2hhdCBraW5kIG9mIGVmZmVjdCB3b3VsZCB5b3UgbGlrZT8=,,,,,W0pvYWxoZWlybyBkbyBHcnVwbyBFZGVuXQpRdWUgdGlwbyBkZSBlZmVpdG8gdm9jw6ogZ29zdGFyaWEgZGUgdGVyPw==,,W0pveWVybyBkZWwgR3J1cG8gZGVsIEVkw6luXQrCv1F1w6kgdGlwbyBkZSBlZmVjdG8gbGUgZ3VzdGFyw61hPw==
OO1YCg,,VGhpbmsgYWdhaW4u,,,,,UGVuc2Ugbm92YW1lbnRlLg==,,UGnDqW5zZWxvIG90cmEgdmV6Lg==
Oe1YCg,,UGh5c2ljYWwgZWZmZWN0,,,,,RWZlaXRvIGbDrXNpY28=,,RWZlY3RvIGbDrXNpY28=
Ou1YCg,,TWFnaWNhbCBlZmZlY3Q=,,,,,RWZlaXRvIG3DoWdpY28=,,RWZlY3RvIG3DoWdpY28=
O+1YCg,,W0VkZW4gR3JvdXAgSmV3ZWxlcl0KSSB3aWxsIHRyeSB0aGUgZmlyc3Qgc3RhdHMgdXBncmFkZS4gXkZGMDAwMEFscmVhZHkgcmVmaW5lZCBwYXJ0cyBvciBjYXJkcyB3aWxsIG5vdCBiZSBhZmZlY3RlZC4gTW9yZW92ZXIsIHRoZSBlbmNoYW50IHdpbGwgbm90IGRlc3Ryb3kgdGhlIGVxdWlwbWVudC5eMDAwMDAwIFNob3VsZCBJIGNvbnRpbnVlPw==,,,,,W0pvYWxoZWlybyBkbyBHcnVwbyBFZGVuXQpWb3UgdGVudGFyIGEgcHJpbWVpcmEgYXR1YWxpemHDp8OjbyBkZSBlc3RhdMOtc3RpY2FzLiBeRkYwMDAwQXMgcGXDp2FzIG91IGNhcnRhcyBqw6EgcmVmaW5hZGFzIG7Do28gc2Vyw6NvIGFmZXRhZGFzLiBBbMOpbSBkaXNzbywgbyBlbmNhbnRhbWVudG8gbsOjbyBkZXN0cnVpcsOhIG8gZXF1aXBhbWVudG8uXjAwMDAwMCBEZXZvIGNvbnRpbnVhcj8=,,W0pveWVybyBkZWwgR3J1cG8gZGVsIEVkw6luXQpJbnRlbnRhcsOpIGxhIHByaW1lcmEgbWVqb3JhIGRlIGVzdGFkw61zdGljYXMuIF5GRjAwMDBMYXMgcGllemFzIG8gY2FydGFzIHlhIHJlZmluYWRhcyBubyBzZSB2ZXLDoW4gYWZlY3RhZGFzLiBBZGVtw6FzLCBlbCBlbmNhbnRhbWllbnRvIG5vIGRlc3RydWlyw6EgZWwgZXF1aXBvLiBeMDAwMDAwIMK/RGVibyBjb250aW51YXI/
PO1YCg,,SSdsbCBjb21lIGJhY2sgbGF0ZXIu,,,,,Vm9sdGFyZWkgbWFpcyB0YXJkZS4=,,Vm9sdmVyw6kgbcOhcyB0YXJkZS4=
Pe1YCg,,UGxlYXNlIHByb2NlZWQu,,,,,UG9yIGZhdm9yLCBwcm9zc2lnYS4=,,UHJvY2VkYSwgcG9yIGZhdm9yLg==
Pu1YCg,,W0VkZW4gR3JvdXAgSmV3ZWxlcl0KVW5kZXJzdG9vZC4gUGxlYXNlIGNvbWUgYmFjayBpZiB5b3UgY2hhbmdlIHlvdXIgbWluZC4=,,,,,W0pvYWxoZWlybyBkbyBHcnVwbyBFZGVuXQpFbnRlbmRpZG8uIFBvciBmYXZvciwgdm9sdGUgc2UgbXVkYXIgZGUgaWRlaWEu,,W0pveWVybyBkZWwgR3J1cG8gZGVsIEVkw6luXQpFbnRlbmRpZG8uIFBvciBmYXZvciwgdnVlbHZhIHNpIGNhbWJpYSBkZSBvcGluacOzbi4=
P+1YCg,,W0VkZW4gR3JvdXAgSmV3ZWxlcl0KSSB3aWxsIHRyeSB0aGUgc2Vjb25kIHN0YXRzIHVwZ3JhZGUuIF5GRjAwMDBBbHJlYWR5IHJlZmluZWQgcGFydHMgb3IgY2FyZHMgd2lsbCBub3QgYmUgYWZmZWN0ZWQuIE1vcmVvdmVyLCB0aGUgZW5jaGFudCB3aWxsIG5vdCBkZXN0cm95IHRoZSBlcXVpcG1lbnQuXjAwMDAwMCBTaG91bGQgSSBjb250aW51ZT8=,,,,,W0pvYWxoZWlybyBkbyBHcnVwbyBkbyDDiWRlbl0KVGVudGFyZWkgYSBzZWd1bmRhIGF0dWFsaXphw6fDo28gZGUgZXN0YXTDrXN0aWNhcy4gXkZGMDAwMEFzIHBlw6dhcyBvdSBjYXJ0YXMgasOhIHJlZmluYWRhcyBuw6NvIHNlcsOjbyBhZmV0YWRhcy4gQWzDqW0gZGlzc28sIG8gZW5jYW50YW1lbnRvIG7Do28gZGVzdHJ1aXLDoSBvIGVxdWlwYW1lbnRvLl4wMDAwMDAgRGV2byBjb250aW51YXI/,,W0pveWVybyBkZWwgR3J1cG8gZGVsIEVkw6luXQpJbnRlbnRhcsOpIGxhIHNlZ3VuZGEgbWVqb3JhIGRlIGVzdGFkw61zdGljYXMuIF5GRjAwMDBMYXMgcGllemFzIG8gY2FydGFzIHlhIHJlZmluYWRhcyBubyBzZSB2ZXLDoW4gYWZlY3RhZGFzLiBBZGVtw6FzLCBlbCBlbmNhbnRhbWllbnRvIG5vIGRlc3RydWlyw6EgZWwgZXF1aXBvLiBeMDAwMDAwIMK/RGVibyBjb250aW51YXI/
QO1YCg,,W0VkZW4gR3JvdXAgSmV3ZWxlcl0KVGhpcyBlcXVpcG1lbnQgaGFzIGFscmVhZHkgYmVlbiBmdWxseSB1cGdyYWRlZC4gWW91IGNhbiB1cGdyYWRlIGl0IGFnYWluIGFmdGVyIHJlc2V0dGluZyBpdHMgZXhpc3RpbmcgdXBncmFkZXMuIE9yIHlvdSBjYW4gYnJpbmcgbWUgYW5vdGhlciB3ZWFwb24u,,,,,W0pvYWxoZWlybyBkbyBHcnVwbyBFZGVuXQpFc3NlIGVxdWlwYW1lbnRvIGrDoSBmb2kgdG90YWxtZW50ZSBhcHJpbW9yYWRvLiBWb2PDqiBwb2RlIGF0dWFsaXrDoS1sbyBub3ZhbWVudGUgZGVwb2lzIGRlIHJlZGVmaW5pciBhcyBhdHVhbGl6YcOnw7VlcyBleGlzdGVudGVzLiBPdSB2b2PDqiBwb2RlIG1lIHRyYXplciBvdXRyYSBhcm1hLg==,,W0pveWVybyBkZWwgR3J1cG8gZGVsIEVkw6luXQpFc3RlIGVxdWlwbyB5YSBoYSBzaWRvIGNvbXBsZXRhbWVudGUgbWVqb3JhZG8uIFB1ZWRlcyBtZWpvcmFybG8gZGUgbnVldm8gZGVzcHXDqXMgZGUgcmVzdGFibGVjZXIgbGFzIG1lam9yYXMgZXhpc3RlbnRlcy4gTyBwdWVkZXMgdHJhZXJtZSBvdHJhIGFybWEu
Qe1YCg,,W0VkZW4gR3JvdXAgSmV3ZWxlcl0KRG8geW91IHdhbnQgdG8gcmVzZXQgYWxsIHVwZ3JhZGVzIGFuZCBlZmZlY3RzIG9uIHRoaXMgYWNjZXNzb3J5PyBUaGVyZSdzIG5vIGNoYW5jZSBvZiBmYWlsdXJlLCBvZiBjb3Vyc2Uu,,,,,W0pvYWxoZWlybyBkbyBHcnVwbyBFZGVuXQpEZXNlamEgcmVkZWZpbmlyIHRvZGFzIGFzIGF0dWFsaXphw6fDtWVzIGUgZWZlaXRvcyBkZXNzZSBhY2Vzc8OzcmlvPyBOw6NvIGjDoSBjaGFuY2UgZGUgZmFsaGEsIMOpIGNsYXJvLg==,,W0pveWVybyBkZWwgR3J1cG8gZGVsIEVkw6luXQrCv1F1aWVyZXMgcmVpbmljaWFyIHRvZGFzIGxhcyBtZWpvcmFzIHkgZWZlY3RvcyBkZSBlc3RlIGFjY2Vzb3Jpbz8gTm8gaGF5IHBvc2liaWxpZGFkIGRlIGZhbGxvLCBwb3Igc3VwdWVzdG8u
Qu1YCg,,W0VkZW4gR3JvdXAgSmV3ZWxlcl0KVGhpcyBpdGVtIGhhc24ndCBiZWVuIHVwZ3JhZGVkIGVub3VnaCB0byBiZSByZXNldC4gUGxlYXNlIGNvbWUgYmFjayBhZnRlciB5b3UgaGF2ZSB1cGdyYWRlZCBpdCB0d2ljZS4=,,,,,W0pvYWxoZWlybyBkbyBHcnVwbyBFZGVuXQpFc3RlIGl0ZW0gbsOjbyBmb2kgYXByaW1vcmFkbyBvIHN1ZmljaWVudGUgcGFyYSBzZXIgcmVpbmljaWFkby4gVm9sdGUgZGVwb2lzIGRlIGF0dWFsaXrDoS1sbyBkdWFzIHZlemVzLg==,,W0pveWVybyBkZWwgR3J1cG8gZGVsIEVkw6luXQpFc3RlIG9iamV0byBubyBzZSBoYSBtZWpvcmFkbyBsbyBzdWZpY2llbnRlIGNvbW8gcGFyYSByZXN0YWJsZWNlcmxvLiBWdWVsdmUgY3VhbmRvIGxvIGhheWFzIG1lam9yYWRvIGRvcyB2ZWNlcy4=
Q+1YCg,,W0VkZW4gR3JvdXAgSmV3ZWxlcl0KSSBkb24ndCBrbm93IHdoYXQgaGFwcGVuZWQsIGJ1dCBzb21ldGhpbmcgd2VudCB3cm9uZy4gV291bGQgeW91IGNvbWUgYmFjayBsYXRlcj8=,,,,,W0pvYWxoZWlybyBkbyBHcnVwbyBFZGVuXQpOw6NvIHNlaSBvIHF1ZSBhY29udGVjZXUsIG1hcyBhbGdvIGRldSBlcnJhZG8uIFZvY8OqIHBvZGVyaWEgdm9sdGFyIG1haXMgdGFyZGU/,,W0pveWVybyBkZWwgR3J1cG8gZGVsIEVkw6luXQpObyBzw6kgcXXDqSBwYXPDsywgcGVybyBhbGdvIHNhbGnDsyBtYWwuIMK/UG9kcsOtYSB2b2x2ZXIgbcOhcyB0YXJkZT8=
RO1YCg,,W0VkZW4gR3JvdXAgSmV3ZWxlcl0KSSBkb24ndCBrbm93IHdoYXQgaGFwcGVuZWQsIGJ1dCBzb21ldGhpbmcgd2VudCB3cm9uZy4gUGxlYXNlIGNvbWUgYmFjayBsYXRlci4=,,,,,W0pvYWxoZWlybyBkbyBHcnVwbyBFZGVuXQpOw6NvIHNlaSBvIHF1ZSBhY29udGVjZXUsIG1hcyBhbGdvIGRldSBlcnJhZG8uIFBvciBmYXZvciwgdm9sdGUgbWFpcyB0YXJkZS4=,,W0pveWVybyBkZWwgR3J1cG8gZGVsIEVkw6luXQpObyBzw6kgcXXDqSBwYXPDsywgcGVybyBhbGdvIHNhbGnDsyBtYWwuIFBvciBmYXZvciwgdnVlbHZhIG3DoXMgdGFyZGUu
Re1YCg,,W0VkZW4gR3JvdXAgSmV3ZWxlcl0KSSBjYW4ndCB3b3JrIHdpdGggdGhpcy4=,,,,,W0pvYWxoZWlybyBkbyBHcnVwbyBFZGVuXQpOw6NvIGNvbnNpZ28gdHJhYmFsaGFyIGNvbSBpc3NvLg==,,W0pveWVybyBkZWwgR3J1cG8gZGVsIEVkw6luXQpObyBwdWVkbyB0cmFiYWphciBjb24gZXN0by4=
Ru1YCg,,W0VkZW4gR3JvdXAgSmV3ZWxlcl0KT2ggbm8sIHNlZW1zIGxpa2UgeW91IHdlcmVuJ3QgdmVyeSBsdWNreS4gQnV0IGl0IGhhcHBlbnMgcHJldHR5IGZyZXF1ZW50bHku,,,,,W0pvYWxoZWlybyBkbyBHcnVwbyBFZGVuXQpBaCwgbsOjbywgcGFyZWNlIHF1ZSB2b2PDqiBuw6NvIHRldmUgbXVpdGEgc29ydGUuIE1hcyBpc3NvIGFjb250ZWNlIGNvbSBtdWl0YSBmcmVxdcOqbmNpYS4=,,W0pveWVybyBkZWwgR3J1cG8gZGVsIEVkw6luXQpPaCBubywgcGFyZWNlIHF1ZSBubyB0dXZpc3RlIG11Y2hhIHN1ZXJ0ZS4gUGVybyBzdWNlZGUgY29uIGJhc3RhbnRlIGZyZWN1ZW5jaWEu
R+1YCg,,W0VkZW4gR3JvdXAgSmV3ZWxlcl0KVGhlIGl0ZW0gaXMgY29tcGxldGUuIFRha2UgYSBsb29rLg==,,,,,W0pvYWxoZWlybyBkbyBHcnVwbyBFZGVuXQpPIGl0ZW0gZXN0w6EgY29tcGxldG8uIETDqiB1bWEgb2xoYWRhLg==,,W0pveWVybyBkZWwgR3J1cG8gZGVsIEVkw6luXQpFbCBhcnTDrWN1bG8gZXN0w6EgY29tcGxldG8uIEVjaGEgdW4gdmlzdGF6by4=
SO1YCg,,W0VkZW4gR3JvdXAgSmV3ZWxlcl0KWW91IGhhdmVuJ3QgY2hvc2VuIHdoYXQgeW91IHdhbnQgbWUgdG8gZG8uIFBsZWFzZSB0cnkgYWdhaW4u,,,,,W0pvYWxoZWlybyBkbyBHcnVwbyBFZGVuXQpWb2PDqiBuw6NvIGVzY29saGV1IG8gcXVlIHF1ZXIgcXVlIGV1IGZhw6dhLiBQb3IgZmF2b3IsIHRlbnRlIG5vdmFtZW50ZS4=,,W0pveWVybyBkZWwgR3J1cG8gZGVsIEVkw6luXQpObyBoYXMgZWxlZ2lkbyBsbyBxdWUgcXVpZXJlcyBxdWUgaGFnYS4gUG9yIGZhdm9yLCBpbnTDqW50ZWxvIGRlIG51ZXZvLg==
Se1YCg,,W0VkZW4gR3JvdXAgSmV3ZWxlcl0KVGhpcyBqb2IgY29zdHMgMTAgRWRlbiBHcm91cCBDb2lucywgYnV0IHlvdSBkb24ndCBzZWVtIHRvIGhhdmUgZW5vdWdoIG9uIHlvdS4=,,,,,W0pvYWxoZWlybyBkbyBHcnVwbyBkbyDDiWRlbl0KRXNzZSB0cmFiYWxobyBjdXN0YSAxMCBNb2VkYXMgZG8gR3J1cG8gZG8gw4lkZW4sIG1hcyBwYXJlY2UgcXVlIHZvY8OqIG7Do28gdGVtIG8gc3VmaWNpZW50ZS4=,,W0pveWVybyBkZWwgR3J1cG8gZGVsIEVkw6luXQpFc3RlIHRyYWJham8gY3Vlc3RhIDEwIE1vbmVkYXMgZGVsIEdydXBvIGRlbCBFZMOpbiwgcGVybyBwYXJlY2UgcXVlIG5vIGxsZXZhcyBzdWZpY2llbnRlcy4=
