INZIDA,,UHJvcGhldCBL,,,,,UHJvZmV0YSBL,,UHJvZmV0YSBL
IdZIDA,,WW91IGFyZSBjYXJyeWluZyB0b28gbWFueSBpdGVtcyBhbmQgY2Fubm90IHByb2NlZWQgd2l0aCB0aGUgcXVlc3QuClBsZWFzZSBvcmdhbml6ZSB5b3VyIGludmVudG9yeSBhbmQgdHJ5IGFnYWluLg==,,,,,Vm9jw6ogcG9zc3VpIG11aXRvcyBpdGVucyBubyBpbnZlbnTDoXJpbyBlIG7Do28gcG9kZSBwcm9zc2VndWlyIGNvbSBhIG1pc3PDo28uClBvciBmYXZvciwgb3JnYW5pemUgc2V1cyBpdGVucyBlIHRlbnRlIG5vdmFtZW50ZS4=,,Tm8gcHVlZGUgY29udGludWFyIGNvbiBsYSBtaXNpw7NuIHBvcnF1ZSB0aWVuZSBkZW1hc2lhZG9zIG9iamV0b3MgZW4gc3UgaW52ZW50YXJpby4KUG9yIGZhdm9yLCBvcmdhbmljZSBzdXMgb2JqZXRvcyBlIGludMOpbnRlbG8gZGUgbnVldm8u
ItZIDA,,W1Byb3BoZXQgS10KSXQgc2VlbXMgeW91IGhhdmUgc3VjY2VlZGVkIGluIGdhdGhlcmluZyB0aGUgSG9yc2UgU3Bpcml0IEZyYWdtZW50cyEKRXhjZWxsZW50ISE=,,,,,W1Byb2ZldGEgS10KUGFyZWNlIHF1ZSB2b2PDqiBjb25zZWd1aXUgb3MgRnJhZ21lbnRvcyBkZSBBbG1hIGRlIENhdmFsbyEKRXhjZWxlbnRlISE=,,W1Byb2ZldGEgS10KwqFQYXJlY2UgcXVlIGhhcyB0ZW5pZG8gw6l4aXRvCmVuIHJlY3VwZXJhcgpsb3MgRnJhZ21lbnRvcyBkZSBBbG1hIGRlIENhYmFsbG8hCsKhwqFFeGNlbGVudGUhIQ==
I9ZIDA,,W1Byb3BoZXQgS10KV2VsbCB0aGVuLCBsZXQncyBiZWdpbiB0aGUgcml0dWFsIGltbWVkaWF0ZWx5IQpVc2luZyB0aGUgSG9yc2UgU3Bpcml0IEZyYWdtZW50cywgd2Ugd2lsbCBsb2NhdGUgdGhlIGhlcm8gYmxlc3NlZCBieSB0aGUgSG9yc2UsIG9uZSBvZiB0aGUgMTIgWm9kaWFjIERlaXRpZXMh,,,,,W1Byb2ZldGEgS10KQ2VydG8sIGVudMOjbyB2YW1vcyBjb21lw6dhciBpbWVkaWF0YW1lbnRlIG8gcml0dWFsIHVzYW5kbyBvcyBGcmFnbWVudG9zIGRlIEFsbWEgZGUgQ2F2YWxvIHBhcmEgZW5jb250cmFyIG8gaGVyw7NpIHF1ZSBwb3NzdWkgYSBlbmVyZ2lhIGRvIENhdmFsbyBlbnRyZSBvcyAxMiBTaWdub3MgRGl2aW5vcyE=,,W1Byb2ZldGEgS10KQmllbiwgZW50b25jZXMgYWhvcmEgbWlzbW8sCnVzYW5kbyBsb3MgRnJhZ21lbnRvcyBkZSBBbG1hIGRlIENhYmFsbG8sCsKhY29tZW5jZW1vcyBlbCByaXR1YWwgcGFyYSBlbmNvbnRyYXIKYWwgaMOpcm9lIGJlbmRlY2lkbyBwb3IgbGEgZW5lcmfDrWEKZGVsIENhYmFsbG8gZW50cmUgbG9zIDEyIFNpZ25vcyBab2RpYWNhbGVzIQ==
JNZIDA,,W1Byb3BoZXQgS10KSG1tISBJLi4uSSB0aGluayBJJ3ZlIGZvdW5kIGl0ISEKQSBwbGFjZSB3aGVyZSBiZWF1dGlmdWwgbmF0dXJlIGFuZCBuYXRpdmVzCmhhcm1vbmlvdXNseSBsaXZlIHRvZ2V0aGVyLi4=,,,,,W1Byb2ZldGEgS10KSG1tISBBLi4uQWNobyBxdWUgZW5jb250cmVpISEKVW0gbHVnYXIgb25kZSBhIGJlbGEgbmF0dXJlemEgZSBvcyBuYXRpdm9zIHZpdmVtIGVtIGhhcm1vbmlhLi4u,,W1Byb2ZldGEgS10KwqFNbSEgwqFQYXJlY2UgcXVlIGxvLi4uIGxvIGhlIGVuY29udHJhZG8hCkVzZSBsdWdhciBkb25kZSBsYSBoZXJtb3NhIG5hdHVyYWxlemEKeSBsb3MgbmF0aXZvcyBjb252aXZlbiBlbiBhcm1vbsOtYS4uLg==
JdZIDA,,W1Byb3BoZXQgS10KQW1vbmcgdGhvc2UgbmF0aXZlcy4uCkF0IHRoZSBoaWdoZXN0IHBvaW50IHRoZXJlLi4KSSBzZWUgYSBtYW4gZHJlc3NlZCBpbiBhIG5lYXQgc3VpdCE=,,,,,W1Byb2ZldGEgS10KRW50cmUgYXF1ZWxlcyBuYXRpdm9zLi4uCk5vIHBvbnRvIG1haXMgYWx0by4uLgpWZWpvIHVtIGhvbWVtIHZlc3RpZG8gY29tIHVtIHRlcm5vIGltcGVjw6F2ZWwh,,W1Byb2ZldGEgS10KRW50cmUgZXNvcyBuYXRpdm9zLi4uCmVuIGVsIHB1bnRvIG3DoXMgYWx0by4uLgrCoXB1ZWRvIHZlciBhIHVuIGhvbWJyZQp2ZXN0aWRvIGNvbiB1biB0cmFqZSBpbXBlY2FibGUh
JtZIDA,,W1Byb3BoZXQgS10KRGlkIHlvdSBub3QgYnJpbmcgdGhlIFRhbGlzbWFuIG9mIFNvdWw/Ckl0cyBlZmZlY3QgaGFzIGFscmVhZHkgd29ybiBvZmYsIHNvIHlvdSBjYW4gaGFuZGxlIGl0IGFzIHlvdSBzZWUgZml0LCBubyBwcm9ibGVtLgpMZXQncyBjb250aW51ZSBvdXIgc3Rvcnku,,,,,W1Byb2ZldGEgS10KVm9jw6ogbsOjbyB0cm91eGUgbyBBbXVsZXRvIGRhIEFsbWE/CkrDoSBxdWUgc2V1IGVmZWl0byBhY2Fib3UsIG7Do28gaMOhIHByb2JsZW1hIHNlIHZvY8OqIGxpZGFyIGNvbSBpc3NvIHBvciBjb250YSBwcsOzcHJpYS4KVmFtb3MgY29udGludWFyIGRlIG9uZGUgcGFyYW1vcy4=,,W1Byb2ZldGEgS10Kwr9ObyB0cmFqaXN0ZSBlbCBBbXVsZXRvIGRlIEFsbWE/ClN1IGVmZWN0byB5YSBzZSBhZ290w7MsIGFzw60gcXVlIG5vIGhheSBwcm9ibGVtYSBzaSB0ZSBlbmNhcmdhcyBkZSBlbGxvIHBvciB0dSBjdWVudGEuCkNvbnRpbnVlbW9zIGNvbiBsbyBxdWUgZXN0w6FiYW1vcyBoYWJsYW5kby4=
J9ZIDA,,W1Byb3BoZXQgS10KVGhlIGFyZWEgaXMgcHJlc3VtZWQgdG8gYmUgVW1iYWxhLi4uCkkgYXNrIHRoYXQgeW91IGdvIGFuZCBmaW5kIHRoYXQgcGVyc29uIQ==,,,,,W1Byb2ZldGEgS10KQWNyZWRpdG8gcXVlIGEgcmVnacOjbyBzZWphIHByb3ZhdmVsbWVudGUgVW1iYWxhLi4uCkVzcGVybyBxdWUgdm9jw6ogdsOhIGF0w6kgbMOhIGUgZW5jb250cmUgYXF1ZWxhIHBlc3NvYSE=,,W1Byb2ZldGEgS10KU3Vwb25nbyBxdWUgZWwgw6FyZWEKZXMgVW1iYWxhLi4uCkVzcGVybyBxdWUgdmF5YXMKeSBlbmN1ZW50cmVzIGEgZXNhIHBlcnNvbmEu
KNZIDA,,W1Byb3BoZXQgS10KRmluZCBoaW0gYW5kIGRlbGl2ZXIgdGhlIHNlY3JldCBsZXR0ZXIgSSBnYXZlIHlvdS4KSGUgd2lsbCBqdWRnZSBmb3IgaGltc2VsZiBhZnRlciB0aGF0Li4uCkV2ZXJ5dGhpbmcgaXMgYWNjb3JkaW5nIHRvIGhlYXZlbidzIHdpbGwuLi4KSG9vIGhvby4u,,,,,W1Byb2ZldGEgS10KRW5jb250cmUtbyBlIGVudHJlZ3VlIGEgY2FydGEgc2VjcmV0YSBxdWUgZXUgbGhlIGRlaS4KQSBwYXJ0aXIgZGHDrSwgYSBkZWNpc8OjbyBzZXLDoSBkZWxlLi4uClR1ZG8gc2VndWUgYSB2b250YWRlIGRvIGPDqXUuLi4KSHVodS4uLg==,,W1Byb2ZldGEgS10KQsO6c2NhbG8geSBlbnRyw6lnYWxlCmxhIGNhcnRhIHNlY3JldGEgcXVlIHRlIGRpLgpEZXNwdcOpcyBkZSBlc28sIMOpbAp0b21hcsOhIHN1IHByb3BpYSBkZWNpc2nDs24uLi4KVG9kbyBzaWd1ZSBsYSB2b2x1bnRhZCBkZWwgY2llbG8uLi4KSnVqdS4uLg==
KdZIDA,,W1Byb3BoZXQgS10KSXMgdGhlIHRhc2sgb2YgZ2F0aGVyaW5nIHRoZSBIb3JzZSBTcGlyaXRzIGdvaW5nIHdlbGw/,,,,,W1Byb2ZldGEgS10KQ29tbyBlc3TDoSBpbmRvIGEgdGFyZWZhIGRlIGp1bnRhciBvcyBGcmFnbWVudG9zIGRlIEFsbWEgZGUgQ2F2YWxvPw==,,W1Byb2ZldGEgS10Kwr9WYSBiaWVuIGxhIHRhcmVhIGRlCnJlY29sZWN0YXIgbG9zCkZyYWdtZW50b3MgZGUgQWxtYSBkZSBDYWJhbGxvPw==
KtZIDA,,W1Byb3BoZXQgS10KSXQgc3RpbGwgc2VlbXMgYSBiaXQgbGFja2luZy4KWWVzLCBkbyB5b3UgaGF2ZSBzb21ldGhpbmcgdG8gc2F5IHRvIG1lPw==,,,,,W1Byb2ZldGEgS10KQWluZGEgcGFyZWNlIGVzdGFyIGZhbHRhbmRvIHVtIHBvdWNvLgpDZXJ0bywgdm9jw6ogdGVtIGFsZ28gcGFyYSBtZSBkaXplcj8=,,W1Byb2ZldGEgS10KUGFyZWNlIHF1ZSB0b2RhdsOtYSBmYWx0YW4gYWxndW5vcy4KRGltZSwgwr90aWVuZXMgYWxnbwpxdWUgcXVpZXJhcyBwcmVndW50YXJtZT8=
K9ZIDA,,QXNrIGFib3V0IHRoZSBzb3VsIGdhdGhlcmluZyBsb2NhdGlvbi4=,,,,,UGVyZ3VudGFyIG9uZGUgb2J0ZXIgb3MgZnJhZ21lbnRvcy4=,,UHJlZ3VudGFyIGxhIHViaWNhY2nDs24gcGFyYSBvYnRlbmVyIGxhcyBhbG1hcy4=
LNZIDA,,RW5kIHRoZSBjb252ZXJzYXRpb24u,,,,,RW5jZXJyYXIgYSBjb252ZXJzYS4=,,VGVybWluYXIgbGEgY29udmVyc2FjacOzbi4=
LdZIDA,,W1Byb3BoZXQgS10KSWYgeW91IHRha2UgYSBzaGlwIGZyb20gQWxiZXJ0YSB0byB0aGUgQnJhc2lsaXMgRmllbGRzLCB0aGVyZSBzaG91bGQgYmUgSGVhZGxlc3MgTXVsZXMgaW5oYWJpdGluZyB0aGUgYXJlYS4=,,,,,W1Byb2ZldGEgS10KU2Ugdm9jw6ogcGVnYXIgdW0gYmFyY28gZW0gQWxiZXJ0YSBwYXJhIG9zIENhbXBvcyBkZSBCcmFzaWxpcywKZW5jb250cmFyw6EgTXVsYS1zZW0tQ2FiZcOnYSBoYWJpdGFuZG8gcG9yIGzDoS4=,,W1Byb2ZldGEgS10KVG9tYSB1biBib3RlIGRlc2RlIEFsYmVydGEKaGFjaWEgZWwgY2FtcG8gQnJhc2lsaXMsCmFsbMOtIGVuY29udHJhcsOhcwpDYWJhbGxvcyBzaW4gQ2FiZXphCmhhYml0YW5kby4=
LtZIDA,,W1Byb3BoZXQgS10KSHVudCB0aG9zZSBIZWFkbGVzcyBNdWxlcyBhbmQgZ2F0aGVyIDE1MCBIb3JzZSBTcGlyaXQgRnJhZ21lbnRzIGZvciBtZS4=,,,,,W1Byb2ZldGEgS10KRGVycm90ZSBhcXVlbGFzIE11bGEtc2VtLUNhYmXDp2EgZSB0cmFnYSBtZSB0cmFnYSAxNTAgRnJhZ21lbnRvcyBkZSBBbG1hIGRlIENhdmFsby4=,,W1Byb2ZldGEgS10KUG9yIGZhdm9yLCBkZXJyb3RhIGEgZXNvcwpDYWJhbGxvcyBzaW4gQ2FiZXphCnkgY29uc2lndWUgMTUwIEZyYWdtZW50b3MgZGUgQWxtYSBkZSBDYWJhbGxvLg==
L9ZIDA,,W1Byb3BoZXQgS10KSSBob3BlIHlvdSBnYXRoZXIgYWxsIHRoZSBzb3VsIGZyYWdtZW50cyBhbmQgY29tZSBmaW5kIG1lIGFnYWluLg==,,,,,W1Byb2ZldGEgS10KRXNwZXJvIHF1ZSB2b2PDqiBjb2xldGUgdG9kb3Mgb3MgRnJhZ21lbnRvcyBkZSBBbG1hIGUgdm9sdGUgYXTDqSBtaW0u,,W1Byb2ZldGEgS10KRXNwZXJvIHF1ZSByZcO6bmFzIHRvZG9zCmxvcyBGcmFnbWVudG9zIGRlIEFsbWEKeSB2dWVsdmFzIGEgYnVzY2FybWUu
MNZIDA,,W1Byb3BoZXQgS10KSSBhbSBjYWxsZWQgUHJvcGhldCBLLgpJIGFtIGEgcHJpZXN0IHdobyBzZXJ2ZXMgdGhlIDEyIFpvZGlhYyBEZWl0aWVzLCBhbmQgSSBtYWlubHkgcHJlZGljdCB0aGUgZnV0dXJlIHVzaW5nIHByb3BoZXRpYyBkcmVhbXMu,,,,,W1Byb2ZldGEgS10KTWV1IG5vbWUgw6kgUHJvZmV0YSBLLgpTb3UgdW0gc2FjZXJkb3RlIHF1ZSBzZXJ2ZSBvcyAxMiBTaWdub3MgRGl2aW5vcyBlIGdlcmFsbWVudGUgcHJldmVqbyBvIGZ1dHVybyBhdHJhdsOpcyBkZSBzb25ob3MgcHJlbW9uaXTDs3Jpb3Mu,,W1Byb2ZldGEgS10KTWUgbGxhbWFuIGVsIFByb2ZldGEgSy4KU295IHVuIHNhY2VyZG90ZSBxdWUgc2lydmUKYSBsb3MgMTIgRGlvc2VzIFpvZGlhY2FsZXMsCnkgcHJpbmNpcGFsbWVudGUgcHJlZGlnbyBlbCBmdXR1cm8KdXNhbmRvIHN1ZcOxb3MgcHJvZsOpdGljb3Mu
MdZIDA,,W1Byb3BoZXQgS10KTGFzdCBuaWdodCwgSSBmaW5hbGx5IHJlY2VpdmVkIGEgcmV2ZWxhdGlvbiBmcm9tIHRoZSAxMiBab2RpYWMgRGVpdGllcyBhbmQgaGFkIGEgcHJvcGhldGljIGRyZWFtIHdoaWxlIHNsZWVwaW5nLi4uClRoaXMgc2VlbXMgdG8gYmUgYSB2ZXJ5IGltcG9ydGFudCBkcmVhbSwgc28gSSBuZWVkIHNvbWVvbmUgdG8gZG8gbWUgYSBmYXZvci4uLg==,,,,,W1Byb2ZldGEgS10KT250ZW0gw6Agbm9pdGUsIGV1IGZpbmFsbWVudGUgcmVjZWJpIHVtYSByZXZlbGHDp8OjbyBkb3MgMTIgU2lnbm9zIERpdmlub3MKZSB0aXZlIHVtIHNvbmhvIHByZW1vbml0w7NyaW8gZW5xdWFudG8gZG9ybWlhLi4uClBhcmVjZSBzZXIgdW0gc29uaG8gbXVpdG8gaW1wb3J0YW50ZSwgZW50w6NvIHByZWNpc28gZGUgYWxndcOpbSBwYXJhIG1lIGZhemVyIHVtIGZhdm9yLi4u,,W1Byb2ZldGEgS10KQW5vY2hlLCBmaW5hbG1lbnRlCnJlY2liw60gdW5hIHJldmVsYWNpw7NuIGRlIGxvcyAxMiBEaW9zZXMgWm9kaWFjYWxlcwp5IHR1dmUgdW4gc3Vlw7FvIHByb2bDqXRpY28gbWllbnRyYXMgZG9ybcOtYS4uLgpQYXJlY2UgdW4gc3Vlw7FvIG11eSBpbXBvcnRhbnRlLAphc8OtIHF1ZSBuZWNlc2l0bwpxdWUgYWxndWllbiBtZSBoYWdhIHVuIGZhdm9yLi4u
MtZIDA,,TGlzdGVuIGFib3V0IHRoZSBeOEI0NTEzcHJvcGhldGljIGRyZWFtXjAwMDAwMC4=,,,,,T3V2aXIgc29icmUgbyBeOEI0NTEzc29uaG8gcHJlbW9uaXTDs3Jpb14wMDAwMDAu,,RXNjdWNoYXIgc29icmUgZWwgXjhCNDUxM3N1ZcOxbyBwcm9mw6l0aWNvXjAwMDAwMC4=
M9ZIDA,,SGVhciBQcm9waGV0IEsncyBeOEI0NTEzcmVxdWVzdF4wMDAwMDAu,,,,,T3V2aXIgbyBeOEI0NTEzcGVkaWRvXjAwMDAwMCBkbyBQcm9mZXRhIEsu,,RXNjdWNoYXIgbGEgXjhCNDUxM3NvbGljaXR1ZF4wMDAwMDAgZGVsIFByb2ZldGEgSy4=
NNZIDA,,W1Byb3BoZXQgS10KWWVzLCBpbiB0aGF0IGRyZWFtLi4uCkkgc2F3IGEgdmFzdCBncmFzc2xhbmQgYW5kIGEgYmx1ZSBza3kuLi4=,,,,,W1Byb2ZldGEgS10KQ2VydG8sIG5hcXVlbGUgc29uaG8uLi4KRXUgdmlhIHVtYSB2YXN0YSBwbGFuw61jaWUgZSB1bSBjw6l1IGF6dWwu,,W1Byb2ZldGEgS10KQmllbiwgZW4gZXNlIHN1ZcOxby4uLgpWaSB1bmEgdmFzdGEgcHJhZGVyYQp5IHVuIGNpZWxvIGF6dWwuLi4=
NdZIDA,,W1Byb3BoZXQgS10KSnVzdCBhcyBJIHdhcyBhZG1pcmluZyB0aGUgYmVhdXRpZnVsIHNjZW5lcnksIHN1ZGRlbmx5Li4uCk15IGJvZHkgYmVnYW4gY3Jvc3NpbmcgdGhlIGdyYXNzbGFuZCBhdCBhbiBpbmNyZWRpYmxlIHNwZWVkIQpXaGVuIEkgbG9va2VkIGFyb3VuZCBpbiBzdXJwcmlzZS4uLg==,,,,,W1Byb2ZldGEgS10KRW5xdWFudG8gZXUgZXN0YXZhIGFwcmVjaWFuZG8gYSBiZWxhIHBhaXNhZ2VtLCBkZSByZXBlbnRlIG1ldSBjb3JwbyBjb21lw6dvdSBhIGNydXphciBhIHBsYW7DrWNpZQphIHVtYSB2ZWxvY2lkYWRlIHRyZW1lbmRhIQpRdWFuZG8gb2xoZWkgYW8gcmVkb3IsIGFzc3VzdGFkby4uLg==,,W1Byb2ZldGEgS10KSnVzdG8gY3VhbmRvIGRpc2ZydXRhYmEKZGVsIGhlcm1vc28gcGFpc2FqZSwgZGUgcmVwZW50ZS4uLgrCoU1pIGN1ZXJwbyBjb21lbnrDsyBhIGNydXphciBsYSBwcmFkZXJhCmEgdW5hIHZlbG9jaWRhZCB0cmVtZW5kYSEKQ3VhbmRvIG1pcsOpIGEgbWkgYWxyZWRlZG9yLCBhdGVycm9yaXphZG8uLi4=
NtZIDA,,W1Byb3BoZXQgS10KSXQgd2FzIHRoZSBIb3JzZSBEZWl0eSwgb25lIG9mIHRoZSAxMiBab2RpYWMgRGVpdGllcyEKVGhlIEhvcnNlIERlaXR5IGNhcnJpZWQgbWUgb24gaXRzIGJhY2sgYW5kIGJlZ2FuIHJ1bm5pbmcgYXQgdHJlbWVuZG91cyBzcGVlZCwgYW5kIHNob3J0bHkgYWZ0ZXIsIGEgaHVnZSBleHBsb3Npb24gb2NjdXJyZWQgaW4gdGhlIGdyYXNzbGFuZCBJIGhhZCBqdXN0IHBhc3NlZCB0aHJvdWdoLg==,,,,,W1Byb2ZldGEgS10KRXJhIG8gRGV1cyBDYXZhbG8gZW50cmUgb3MgMTIgU2lnbm9zIERpdmlub3MhCk8gRGV1cyBDYXZhbG8gbWUgY2FycmVnb3UgbmFzIHN1YXMgY29zdGFzIGUgY29tZcOnb3UgYSBjb3JyZXIgYSB1bWEgdmVsb2NpZGFkZSBpbmNyw612ZWwsIGUgcG91Y28gZGVwb2lzLCB1bWEgZXhwbG9zw6NvIGVub3JtZSBvY29ycmV1IG5hIHBsYW7DrWNpZSBwb3Igb25kZSBldSB0aW5oYSBwYXNzYWRvLg==,,W1Byb2ZldGEgS10KwqFFcmEgZWwgRGlvcyBDYWJhbGxvCmVudHJlIGxvcyAxMiBTaWdub3MgWm9kaWFjYWxlcyEKRWwgRGlvcyBDYWJhbGxvIG1lIGxsZXbDsyBhIGN1ZXN0YXMKeSBjb21lbnrDsyBhIGNvcnJlciBhIHVuYSB2ZWxvY2lkYWQgaW5jcmXDrWJsZSwKeSBwb2NvIGRlc3B1w6lzLCB1bmEgZXhwbG9zacOzbiBtYXNpdmEKb2N1cnJpw7MgZW4gbGEgcHJhZGVyYSBwb3IgZG9uZGUgaGFiw61hIHBhc2Fkby4=
N9ZIDA,,W1Byb3BoZXQgS10KVGhhdCdzIHdoZW4gSSByZWFsaXplZCwgQWgsIHRoaXMgaXMgYSBwcm9waGV0aWMgZHJlYW0hCkEgZ3JlYXQgY2FsYW1pdHkgd2lsbCBvY2N1ciBpbiB0aGUgZnV0dXJlIQ==,,,,,W1Byb2ZldGEgS10KRm9pIHF1YW5kbyBldSBwZXJjZWJpIHF1ZSBhcXVpbG8gZXJhIHVtIHNvbmhvIHByZW1vbml0w7NyaW8hClVtYSBncmFuZGUgY2FsYW1pZGFkZSBlc3TDoSBwcmVzdGVzIGEgYWNvbnRlY2VyIQ==,,W1Byb2ZldGEgS10KRnVlIGVudG9uY2VzIGN1YW5kbyBtZSBkaSBjdWVudGEsCsKhQWgsIGVzdG8gZXMgdW4gc3Vlw7FvIHByb2bDqXRpY28hCsKhVW5hIGdyYW4gY2FsYW1pZGFkCmVzdMOhIGEgcHVudG8gZGUgb2N1cnJpciE=
ONZIDA,,W1Byb3BoZXQgS10KQW5kIHRoZW4gdGhlIEhvcnNlIERlaXR5IHNwb2tlIHRvIG1lIQpXZSBtdXN0IGZpbmQgdGhlIHBlb3BsZSBibGVzc2VkIGJ5IHRoZSBlbmVyZ3kgb2YgdGhlIDEyIFpvZGlhYyBEZWl0aWVzLi4uCk9ubHkgdGhlbiBjYW4gd2Ugc3RvcCB0aGlzIGNhbGFtaXR5Li4u,,,,,W1Byb2ZldGEgS10KRSBlbnTDo28gbyBEZXVzIENhdmFsbyBtZSBkaXNzZSBxdWUgZXUgcHJlY2lzbyBlbmNvbnRyYXIKYSBwZXNzb2EgcXVlIHBvc3N1aSBhIGVuZXJnaWEgZG9zIDEyIFNpZ25vcyBEaXZpbm9zLgpTw7MgYXNzaW0gcG9kZXJlbW9zIGltcGVkaXIgZXN0YSBjYWxhbWlkYWRlLi4u,,W1Byb2ZldGEgS10KwqFZIGVudG9uY2VzIGVsIERpb3MgQ2FiYWxsbwptZSBoYWJsw7MhCkRpam8gcXVlIGRlYsOtYW1vcyBlbmNvbnRyYXIKYSBsYXMgcGVyc29uYXMgYmVuZGVjaWRhcwpwb3IgbGEgZW5lcmfDrWEgZGUgbG9zIDEyIERpb3NlcyBab2RpYWNhbGVzLi4uClNvbG8gYXPDrSBwb2RyZW1vcwpkZXRlbmVyIGVzdGEgY2FsYW1pZGFkLi4u
OdZIDA,,W1Byb3BoZXQgS10KSSBzdGlsbCBkb24ndCBrbm93IHRoZWlyIG5hbWVzIG9yIHdoZXJlIHRoZXkgbGl2ZSBhdCBhbGwsIGJ1dCB0aGlzIHByb3BoZXRpYyBkcmVhbSBpcyB0ZWxsaW5nIG1lIHRoYXQgSSBtdXN0IGZpbmQgdGhlbSE=,,,,,W1Byb2ZldGEgS10KQWluZGEgbsOjbyBzYWJlbW9zIG8gbm9tZSBkZWxhIGUgbmVtIG9uZGUgdml2ZSwgbWFzIGVzdGUgc29uaG8gcHJlbW9uaXTDs3Jpbwplc3TDoSBtZSBkaXplbmRvIHF1ZSBwcmVjaXNvIGVuY29udHLDoS1sbyE=,,W1Byb2ZldGEgS10KVG9kYXbDrWEgbm8gc8OpIHN1IG5vbWJyZSwKbmkgZMOzbmRlIHZpdmUsCnBlcm8gZXN0ZSBzdWXDsW8gcHJvZsOpdGljbwptZSBlc3TDoSBkaWNpZW5kbwrCoXF1ZSB0ZW5nbyBxdWUgZW5jb250cmFybG8h
OtZIDA,,W1Byb3BoZXQgS10KQXMgZXhwZWN0ZWQsIHRoZXJlIGFyZSB0b28gZmV3IGNsdWVzIGxpa2UgdGhpcy4KU28sIHdlIG11c3QgZmluZCB0aGVtIHRocm91Z2ggYSByaXR1YWwgd2hlcmUgSSB1dGlsaXplIG15IHByb3BoZXRpYyBhYmlsaXRpZXMu,,,,,W1Byb2ZldGEgS10KQXMgcGlzdGFzIHPDo28gcG91Y2FzLiAKUG9ydGFudG8sIHByZWNpc28gZW5jb250csOhLWxvIGF0cmF2w6lzIGRlIHVtIHJpdHVhbCBvbmRlIHV0aWxpem8gbWluaGEgaGFiaWxpZGFkZSBkZSBwcm9mZWNpYS4=,,W1Byb2ZldGEgS10KRW4gZWZlY3RvLCBsYXMgcGlzdGFzIHNvbgppbnN1ZmljaWVudGVzLiBQb3IgbG8gdGFudG8sCm5lY2VzaXRvIGVuY29udHJhcmxvIG1lZGlhbnRlIHVuIHJpdHVhbAplbiBlbCBxdWUgdXRpbGljZSBtaSBoYWJpbGlkYWQgZGUgcHJvZmVjw61hLg==
O9ZIDA,,W1Byb3BoZXQgS10KVG8gcGVyZm9ybSB0aGF0IHJpdHVhbCwgd2UgbmVlZCB0aGUgbW9zdCBpbXBvcnRhbnQgaXRlbTogYW4gb2JqZWN0IHJlcHJlc2VudGluZyB0aGUgdGFyZ2V0IHdlIHNlZWssIG9yIGEgc2ltaWxhciBlbmVyZ3kgb3IgYXVyYS4=,,,,,W1Byb2ZldGEgS10KUGFyYSByZWFsaXphciBlc3RlIHJpdHVhbCwgw6kgbmVjZXNzw6FyaW8gdW0gaXRlbSBxdWUgcmVwcmVzZW50ZQpvIGFsdm8gb3UgdW1hIGVuZXJnaWEgc2VtZWxoYW50ZSBhIHF1ZSBkZXNlam8gZW5jb250cmFyLCBpc3RvIMOpIG8gbWFpcyBpbXBvcnRhbnRlLg==,,W1Byb2ZldGEgS10KUGFyYSByZWFsaXphciBlc3RlIHJpdHVhbCwKc2UgbmVjZXNpdGEgdW4gb2JqZXRvIHF1ZSByZXByZXNlbnRlCmFsIG9iamV0aXZvIHF1ZSBkZXNlbyBlbmNvbnRyYXIsCm8gdW5hIGVuZXJnw61hIHNpbWlsYXIsCmVzbyBlcyBsbyBtw6FzIGltcG9ydGFudGUu
PNZIDA,,W1Byb3BoZXQgS10KVGhhdCdzIHdoeSBJIG5lZWQgeW91ciBoZWxwIHRvIG9idGFpbiBpdC4=,,,,,W1Byb2ZldGEgS10Kw4kgcG9yIGlzc28gcXVlIHByZWNpc28gZGEgc3VhIGFqdWRhIHBhcmEgY29uc2VndWktbG8u,,W1Byb2ZldGEgS10KRXMgcG9yIGVzbyBxdWUgcGFyYSBjb25zZWd1aXIgZXNvLApuZWNlc2l0byB0dSBheXVkYS4=
PdZIDA,,W1Byb3BoZXQgS10KU28sIEkgYmVsaWV2ZSB0aGUgZHJlYW0gSSBoYWQgdGhpcyB0aW1lIHJlZmVycyB0byB0aGUgcGVyc29uIGJsZXNzZWQgYnkgdGhlIEhvcnNlJ3MgZW5lcmd5Lg==,,,,,W1Byb2ZldGEgS10KRW50w6NvLCBhY2hvIHF1ZSBvIHNvbmhvIHF1ZSB0aXZlIHNlIHJlZmVyZSDDoCBwZXNzb2EgcXVlIHBvc3N1aSBhIGVuZXJnaWEgZG8gQ2F2YWxvLg==,,W1Byb2ZldGEgS10KQ3JlbyBxdWUgZWwgc3Vlw7FvIHF1ZSB0dXZlIHNlIHJlZmllcmUgCmEgbGEgcGVyc29uYSBiZW5kZWNpZGEKY29uIGxhIGVuZXJnw61hIGVsIENhYmFsbG8u
PtZIDA,,W1Byb3BoZXQgS10KU28sIHlvdSBzZWUsIEkgbmVlZCBIb3JzZSBTcGlyaXQgRnJhZ21lbnRzLgpDYW4geW91IGhlbHAgbWUgZmluZCB0aGUgc291bCBmcmFnbWVudHM/,,,,,W1Byb2ZldGEgS10KU2VuZG8gYXNzaW0sIHByZWNpc28gZGUgRnJhZ21lbnRvcyBkZSBBbG1hIGRlIENhdmFsby4KVm9jw6ogcG9kZSBtZSBhanVkYXIgYSBlbmNvbnRyYXIgb3MgRnJhZ21lbnRvcyBkZSBBbG1hPw==,,W1Byb2ZldGEgS10KRW4gZXNlIGNhc28sCm5lY2VzaXRvIEZyYWdtZW50b3MgZGUgQWxtYSBkZSBDYWJhbGxvLgrCv1BvZHLDrWFzIGF5dWRhcm1lIGEgZW5jb250cmFyCmxvcyBGcmFnbWVudG9zIGRlIEFsbWE/
P9ZIDA,,QWdyZWUgdG8gdGhlIHJlcXVlc3Qu,,,,,QWNlaXRhciBvIHBlZGlkby4=,,QWNlcHRhciBsYSBzb2xpY2l0dWQu
QNZIDA,,UmVmdXNlIHRoZSByZXF1ZXN0Lg==,,,,,UmVjdXNhciBvIHBlZGlkby4=,,UmVjaGF6YXIgbGEgc29saWNpdHVkLg==
QdZIDA,,W1Byb3BoZXQgS10KVGhhbmsgeW91LgpJJ2xsIGdpdmUgeW91IHRoaXMgVGFsaXNtYW4gb2YgU291bC4KV2hpbGUgaG9sZGluZyB0aGlzLCB5b3UgbXVzdCBodW50IG1vbnN0ZXJzIGZyb20gd2hpY2ggeW91IGNhbiBvYnRhaW4gSG9yc2UgU3Bpcml0cy4=,,,,,W1Byb2ZldGEgS10KQWdyYWRlw6dvLgpBcXVpIGVzdMOhIG8gQW11bGV0byBkYSBBbG1hLgpWb2PDqiBwcmVjaXNhIGNhcnJlZ8OhLWxvIGNvbnNpZ28gZSBjYcOnYXIgbW9uc3Ryb3MgZG9zIHF1YWlzIHBvc3NhIG9idGVyIGEgQWxtYSBkZSBDYXZhbG8u,,W1Byb2ZldGEgS10KR3JhY2lhcy4KQXF1w60gdGllbmVzIGVsIEFtdWxldG8gZGVsIEFsbWEuCkRlYmVzIGxsZXZhcmxvIGNvbnRpZ28KeSBjYXphciBtb25zdHJ1b3MgZGUgbG9zIHF1ZQpwdWVkYXMgb2J0ZW5lciBBbG1hIGRlIENhYmFsbG8u
QtZIDA,,W1Byb3BoZXQgS10KR28gdG8gdGhlIGNlbnRyYWwgdG93ZXIgaW4gR2VmZmVuIGFuZCBoZWFkIGRvd25zdGFpcnMsIHlvdSdsbCBmaW5kIHRoZSBHZWZmZW4gVW5kZXJncm91bmQgRHVuZ2Vvbi4KR28gZG93biB0byB0aGUgMm5kIGZsb29yIG9mIHRoZSB1bmRlcmdyb3VuZCBkdW5nZW9uLCBhbmQgeW91J2xsIHNlZSBOaWdodG1hcmVzLg==,,,,,W1Byb2ZldGEgS10KVsOhIGF0w6kgYSBUb3JyZSBDZW50cmFsIGRlIEdlZmZlbiBlIGRlc8OnYSBhdMOpIG8gc3Vic29sbywgdm9jw6ogZW5jb250cmFyw6EgYSBNYXNtb3JyYSBkZSBHZWZmZW4uCkRlc8OnYSBhdMOpIG8gMsK6IGFuZGFyIGRhIG1hc21vcnJhIGUgdmVyw6EgUGVzYWRlbG9zLg==,,W1Byb2ZldGEgS10KVmUgYSBsYSBUb3JyZSBDZW50cmFsIGRlIEdlZmZlbgp5IGJhamEgYWwgc3Vic3VlbG8sCmFsbMOtIGVuY29udHJhcsOhcyBsYSBNYXptb3JyYSBkZSBHZWZmZW4uCkJhamEgYWwgc2VndW5kbyBwaXNvIGRlIGxhIG1hem1vcnJhCnkgdmVyw6FzIGEgbGFzIFBlc2FkaWxsYXMu
Q9ZIDA,,W1Byb3BoZXQgS10KRGVmZWF0IE5pZ2h0bWFyZXMgYW5kIGdhdGhlciAxMDAgSG9yc2UgU3Bpcml0IEZyYWdtZW50cyE=,,,,,W1Byb2ZldGEgS10KRGVycm90ZSBQZXNhZGVsb3MgZSBjb2xldGUgMTAwIEZyYWdtZW50b3MgZGUgQWxtYSBkZSBDYXZhbG8h,,W1Byb2ZldGEgS10KwqFEZXJyb3RhIFBlc2FkaWxsYXMKeSByZcO6bmUgMTAwCkZyYWdtZW50b3MgZGUgQWxtYSBkZSBDYWJhbGxvIQ==
RNZIDA,,W1Byb3BoZXQgS10KVGhhdCBhbW91bnQgc2hvdWxkIGJlIHN1ZmZpY2llbnQgZm9yIHRoZSByaXR1YWwgdG8gZmluZCB0aGUgcGVyc29uIGJsZXNzZWQgYnkgdGhlIEhvcnNlJ3MgZW5lcmd5Lg==,,,,,W1Byb2ZldGEgS10KRXNzYSBxdWFudGlkYWRlIHNlcsOhIHN1ZmljaWVudGUgcGFyYSBvIHJpdHVhbCBkZSBlbmNvbnRyYXIgYSBwZXNzb2EgY29tIGEgZW5lcmdpYSBkbyBDYXZhbG8u,,W1Byb2ZldGEgS10KQ29uIGVzYSBjYW50aWRhZCwgc2Vyw6EKc3VmaWNpZW50ZSBwYXJhIGVsIHJpdHVhbApkZSBlbmNvbnRyYXIgYSBsYSBwZXJzb25hCmJlbmRlY2lkYSBwb3IgbGEgZW5lcmfDrWEgZGVsIENhYmFsbG8u
RdZIDA,,W1Byb3BoZXQgS10KWW91ciBiYWcgaXMgY29tcGxldGVseSBmdWxsIG9mIGl0ZW1zLgpZb3UgbXVzdCByZWR1Y2UgeW91ciBpbnZlbnRvcnkgdG8gYmUgYWJsZSB0byBoZWxwIG1lLgpSZWR1Y2UgeW91ciBpbnZlbnRvcnkgYW5kIGNvbWUgZmluZCBtZSBhZ2Fpbi4=,,,,,W1Byb2ZldGEgS10KU3VhIG1vY2hpbGEgZXN0w6EgY2hlaWEgZGUgaXRlbnMuClZvY8OqIHByZWNpc2EgcmVkdXppciBzZXVzIGl0ZW5zIHBhcmEgcG9kZXIgbWUgYWp1ZGFyLgpSZWR1emEgc2V1cyBpdGVucyBlIHZvbHRlIGF0w6kgbWltLg==,,W1Byb2ZldGEgS10KVHUgbW9jaGlsYSBlc3TDoSBsbGVuYSBkZSBvYmpldG9zLgpEZWJlcyByZWR1Y2lyIGVsIG7Dum1lcm8gZGUgb2JqZXRvcwpwYXJhIHBvZGVyIGF5dWRhcm1lLgpSZWR1Y2UgdHVzIG9iamV0b3MgeQp2dWVsdmUgYSB2ZXJtZS4=
RtZIDA,,W1Byb3BoZXQgS10KSXQgY2FuJ3QgYmUgaGVscGVkCmlmIHRoYXQncyB5b3VyIHRoaW5raW5nLi4uCkRvIHlvdSBoYXZlIGFueSBvdGhlciBxdWVzdGlvbnMgZm9yIG1lPw==,,,,,W1Byb2ZldGEgS10KTsOjbyBow6Egb3V0cm8gamVpdG8uClNlIGVzc2Egw6kgYSBzdWEgZGVjaXPDo28uLi4KSMOhIGFsZ28gbWFpcyBxdWUgcXVlaXJhIHNhYmVyPw==,,W1Byb2ZldGEgS10KTm8gaGF5IG90cmEgb3BjacOzbi4KU2kgZXNhIGVzIHR1IGRlY2lzacOzbi4uLgrCv0hheSBhbGdvIG3DoXMgcXVlIHF1aWVyYXMgc2FiZXI/
R9ZIDA,,W1Byb3BoZXQgS10KSXQncyBhIG1hdHRlciBjb25jZXJuaW5nIHRoZSBmYXRlIG9mIHRoZSB3b3JsZC4uLgpQbGVhc2UgdGhpbmsgaXQgb3ZlciBhZ2FpbiBhbmQgY29tZSBiYWNrLg==,,,,,W1Byb2ZldGEgS10Kw4kgYWxnbyBxdWUgZW52b2x2ZSBvIGRlc3Rpbm8gZG8gbXVuZG8uLi4KRXNwZXJvIHF1ZSByZWNvbnNpZGVyZSBlIHZvbHRlIGF0w6kgbWltLg==,,W1Byb2ZldGEgS10KRXMgYWxnbyBxdWUgaW52b2x1Y3JhCmVsIGRlc3Rpbm8gZGVsIG11bmRvLi4uCkVzcGVybyBxdWUgbG8gcmVjb25zaWRlcmVzCnkgdnVlbHZhcyBhIGJ1c2Nhcm1lLg==
SNZIDA,,W1Byb3BoZXQgS10KT2ghIEl0J3MgZnVsbCBvZiB0aGUgSG9yc2UncyBlbmVyZ3khCllvdSBnYXRoZXJlZCB0aGVtIHdlbGwsIGV4Y2VsbGVudH4h,,,,,W1Byb2ZldGEgS10KT2ghIEVzdMOhIGNoZWlvIGRhIGVuZXJnaWEgZG8gQ2F2YWxvIQpWb2PDqiBvcyBjb2xldG91IHRvZG9zLCBleGNlbGVudGUh,,W1Byb2ZldGEgS10KwqFPaCEgwqFFc3TDoSBsbGVubyBkZSBsYSBlbmVyZ8OtYSBkZWwgQ2FiYWxsbyEKTG9zIGhhcyByZWNvbGVjdGFkbyBtdXkgYmllbiwgwqFleGNlbGVudGV+IQ==
SdZIDA,,W1Byb3BoZXQgS10KSG1tLi4uIEJ1dCB3aGF0IHRvIGRvIGFib3V0IHRoaXMuLi4KSXQgc2VlbXMgdGhlIEhvcnNlIGVuZXJneSBmcm9tIHRoZSBOaWdodG1hcmVzIGlzIGluc3VmZmljaWVudCBmb3IgdGhlIHJpdHVhbCB0byBsb2NhdGUgdGhlIGhlcm8gYmxlc3NlZCBieSB0aGUgSG9yc2UsIG9uZSBvZiB0aGUgMTIgWm9kaWFjIERlaXRpZXMuLi4=,,,,,W1Byb2ZldGEgS10KSG1tLi4uClBhcmVjZSBxdWUgYSBlbmVyZ2lhIGRvIENhdmFsbyBxdWUgb3MgUGVzYWRlbG9zIHBvc3N1ZW0gw6kgaW5zdWZpY2llbnRlIHBhcmEgbyByaXR1YWwgcGFyYSBlbmNvbnRyYXIgYSBsb2NhbGl6YcOnw6NvIGRvIGhlcsOzaSBxdWUgcG9zc3VpIGEgZW5lcmdpYSBkbyBDYXZhbG8gZW50cmUgb3MgMTIgU2lnbm9zIERpdmlub3MuLi4=,,W1Byb2ZldGEgS10KTW1tLi4uIFBlcm8gwr9xdcOpIGhhY2Vtb3MgY29uIGVzdG8uLi4/ClBhcmVjZSBxdWUgbGEgZW5lcmfDrWEgZGVsIENhYmFsbG8KcXVlIHBvc2VlbiBsYXMgUGVzYWRpbGxhcy4uLgplcyBpbnN1ZmljaWVudGUgcGFyYSBlbCByaXR1YWwKcXVlIG5vcyBwZXJtaXRhIGxvY2FsaXphciBhbCBow6lyb2UKYmVuZGVjaWRvIHBvciBsYSBlbmVyZ8OtYSBkZWwgQ2FiYWxsbwplbnRyZSBsb3MgMTIgU2lnbm9zIFpvZGlhY2FsZXMuLi4=
StZIDA,,W1Byb3BoZXQgS10KSXQgc2VlbXMsIHlvdSBzZWUuLi4KdGhhdCB3ZSBuZWVkIG1vcmUgSG9yc2UgU3Bpcml0IEZyYWdtZW50cy4uLg==,,,,,W1Byb2ZldGEgS10KUGFyZWNlIHF1ZSBwcmVjaXNhbW9zIGRlIG1haXMgRnJhZ21lbnRvcyBkZSBBbG1hIGRlIENhdmFsby4uLg==,,W1Byb2ZldGEgS10KUGFyZWNlIHF1ZS4uLgpuZWNlc2l0YW1vcyBtw6FzCkZyYWdtZW50b3MgZGVsIEFsbWEgZGVsIENhYmFsbG8uLi4=
S9ZIDA,,W1Byb3BoZXQgS10KVGhhdCBhbW91bnQgc2hvdWxkIHN1cmVseSBiZSBzdWZmaWNpZW50IGZvciB0aGUgcml0dWFsIHRvIGZpbmQgdGhlIHBlcnNvbiBibGVzc2VkIGJ5IHRoZSBIb3JzZSdzIGVuZXJneS4=,,,,,W1Byb2ZldGEgS10KQ29tIGVzc2EgcXVhbnRpZGFkZSwgY2VydGFtZW50ZSBzZXLDoSBvIHN1ZmljaWVudGUgcGFyYSBvIHJpdHVhbCBwYXJhIGVuY29udHJhciBhIHBlc3NvYSBxdWUgcG9zc3VpIGEgZW5lcmdpYSBkbyBDYXZhbG8u,,W1Byb2ZldGEgS10KQ29uIGVzYSBjYW50aWRhZCwgc2luIGR1ZGEKc2Vyw6Egc3VmaWNpZW50ZSBwYXJhIGVsIHJpdHVhbApwYXJhIGVuY29udHJhciBhIGxhIHBlcnNvbmEKYmVuZGVjaWRhIHBvciBsYSBlbmVyZ8OtYSBkZWwgQ2FiYWxsby4=
TNZIDA,,SGVhZGxlc3MgTXVsZXM/,,,,,TXVsYS1zZW0tQ2FiZcOnYT8=,,wr9NdWxhIHNpbiBjYWJlemE/
TdZIDA,,W3swfV0KSGVhZGxlc3MgTXVsZXMuLi4gSnVzdCBpbWFnaW5pbmcgdGhlbSBpcyB0b3RhbGx5IHRlcnJpZnlpbmcuLi4KVGhleSdyZSBnaG9zdHMhIEdob3N0cyE=,,,,,W3swfV0KTXVsYS1zZW0tQ2FiZcOnYS4uLiBzw7MgZGUgaW1hZ2luYXIgasOhIMOpIHRvdGFsbWVudGUgYXRlcnJvcml6YW50ZS4uLgpTw6NvIGZhbnRhc21hcywgZmFudGFzbWFzIQ==,,W3swfV0KTXVsYSBzaW4gY2FiZXphLi4uIHNvbG8gaW1hZ2luYXJsb3MKZXMgY29tcGxldGFtZW50ZSBhdGVycmFkb3IuLi4KwqFTb24gZmFudGFzbWFzLCBmYW50YXNtYXMh
TtZIDA,,W3swfV0KV2hlbiBJIHdhcyBsaXR0bGUsIGV2ZW4ganVzdCBoZWFyaW5nIHNjYXJ5IHN0b3JpZXMgZnJvbSBteSBncmFuZG1vdGhlciB3b3VsZCBtYWtlIG1lIHVuYWJsZSB0byBzbGVlcC4uLg==,,,,,W3swfV0KUXVhbmRvIGVyYSBjcmlhbsOnYSwgbWVzbW8gb3V2aW5kbyBhcGVuYXMgaGlzdMOzcmlhcyBhc3N1c3RhZG9yYXMgZGEgdm92w7MgZXUgbsOjbyBjb25zZWd1aWEgZG9ybWlyLi4u,,W3swfV0KQ3VhbmRvIGVyYSBwZXF1ZcOxbywgc2kgc29sbyBlc2N1Y2hhYmEKaGlzdG9yaWFzIGRlIG1pZWRvIGRlIG1pIGFidWVsYSwKbm8gcG9kw61hIGRvcm1pci4uLg==
T9ZIDA,,W1Byb3BoZXQgS10KRnJhZ2lsZSBodW1hbi4uLgpXaHkgYXJlIHlvdSBzbyBmcmlnaHRlbmVkPwpEbyB5b3Ugbm90IGtub3cgdGhhdCB0aGUgMTIgWm9kaWFjIERlaXRpZXMgYXJlIGFsd2F5cyBieSB5b3VyIHNpZGUuLi4KSSB3YXMgZXZlbiBnb2luZyB0byBnaXZlIHlvdSBhIHNwZWNpYWwgMTAgbWlsbGlvbiBaZW55IGhhdCBhcyBhIGdpZnQuLi4=,,,,,W1Byb2ZldGEgS10KSHVtYW5vIGZyw6FnaWwuLi4KUG9yIHF1ZSBlc3TDoSB0w6NvIGFtZWRyb250YWRvPwpOw6NvIHNhYmUgcXVlIG9zIDEyIFNpZ25vcyBEaXZpbm9zIGVzdMOjbyBzZW1wcmUgYW8gc2V1IGxhZG8/CkV1IGF0w6kgaWEgdGUgZGFyIHVtIGNoYXDDqXUgZXNwZWNpYWwgbm8gdmFsb3IgZGUgMTAgbWlsaMO1ZXMgZGUgWmVueSBjb21vIHByZXNlbnRlLi4=,,W1Byb2ZldGEgS10KSHVtYW5vIGZyw6FnaWwuLi4Kwr9Qb3IgcXXDqSBlc3TDoXMgdGFuIGFzdXN0YWRvPwrCv05vIHNhYmVzIHF1ZSBsb3MgMTIgRGlvc2VzIFpvZGlhY2FsZXMKc2llbXByZSBlc3TDoW4gYSB0dSBsYWRvLi4uPwpJbmNsdXNvIGliYSBhIHJlZ2FsYXJ0ZSB1biBzb21icmVybyBlc3BlY2lhbAp2YWxvcmFkbyBlbiAxMCBtaWxsb25lcyBkZSBaZW55Li4u
UNZIDA,,W3swfV0KU29tZWhvdy4uLiBpdCBmZWVscyBsaWtlIHRoZSBhbW91bnQgaGFzIGluY3JlYXNlZC4uLg==,,,,,W3swfV0KU2ludG8gcXVlIG8gdmFsb3Igc3ViaXUuLi4=,,W3swfV0KU2llbnRvIHF1ZS4uLiBzdSB2YWxvciBoYSBhdW1lbnRhZG8uLi4=
UdZIDA,,W1Byb3BoZXQgS10KVGhpcyB0aW1lLCB2ZXJ5IHNwZWNpYWxseSwgaXQncyBhIGhhdCBmaWxsZWQgd2l0aCB0aGUgSG9yc2UncyBlbmVyZ3kgdGhhdCBjYW4gZ2l2ZSB5b3UgYSBjdXRlIGhhaXIgYWNjZXNzb3J5LgpMb29rIGZvcndhcmQgdG8gaXQh,,,,,W1Byb2ZldGEgS10KRGVzdGEgdmV6IMOpIG11aXRvIGVzcGVjaWFsLCDDqSB1bSBjaGFww6l1IHF1ZSBwZXJtaXRlIHVzYXIgdW0gYWNlc3PDs3JpbyBkZSBjYWJlw6dhIGZvZm8sIGNoZWlvIGRhIGVuZXJnaWEgZG8gY2F2YWxvLCBlbnTDo28gc2UgYW5pbWUh,,W1Byb2ZldGEgS10KRXN0YSB2ZXogZXMgZXNwZWNpYWwsCmVzIHVuIHNvbWJyZXJvIHF1ZSB0ZSBwZXJtaXRlCmxsZXZhciB1biBsaW5kbyBhY2Nlc29yaW8gcGFyYSBsYSBjYWJlemEsCmxsZW5vIGRlIGVuZXJnw61hIGRlIGNhYmFsbG8uCsKhRXNww6lyYWxvIGNvbiBhbnNpYXMh
UtZIDA,,W3swfV0KSC4uLkhtbSEgVGguLi5UaGVuLi4uCkkuLi5JIHdpbGwgZGVmaW5pdGVseSBnbyBnZXQgdGhlbSE=,,,,,W3swfV0KSG0uLi4gSG1tISBFbnTDo28uLi4KQ28uLi4gY29tIGNlcnRlemEgdm91IHRyYXrDqi1sb3Mh,,W3swfV0KwqFNbS4uLiEgwqFFLi4uIGVudG9uY2VzLi4uCkMuLi4gY2xhcm8gcXVlIHRlIGxvcyB0cmFlcsOpIQ==
U9ZIDA,,W1Byb3BoZXQgS10KSSdtIGdsYWQgdGhlIG1pc3VuZGVyc3RhbmRpbmcgaXMgY2xlYXJlZCB1cC4KSG9vIGhvbyBob28uLi4KSSBhc2sgdGhhdCB5b3UgcGxlYXNlIGdvIGdldCB0aGVtIHF1aWNrbHkuCkFoZW0sIGFoZW0uLi4=,,,,,W1Byb2ZldGEgS10KUXVlIGJvbSBxdWUgbyBtYWwtZW50ZW5kaWRvIGZvaSByZXNvbHZpZG8KSHVodWh1Li4uClBvciBmYXZvciwgdHJhZ2Etb3MgcGFyYSBtaW0uCkh1bSBodW0uLi4=,,W1Byb2ZldGEgS10KUXXDqSBiaWVuIHF1ZSBzZSByZXNvbHZpw7MgZWwgbWFsZW50ZW5kaWRvLgpKdWp1anUuLi4uLgpQb3IgZmF2b3IsIHRyw6FlbWVsb3MuCkVqw6ltLCBlasOpbS4u
VNZIDA,,R2l2ZSB1cCBvbiBnYXRoZXJpbmcgdGhlIHNvdWxzLg==,,,,,RGVzaXN0aXIgZGUgY29sZXRhciBvcyBmcmFnbWVudG9zLg==,,QWJhbmRvbmFyIGxhIHJlY29sZWNjacOzbiBkZSBhbG1hcy4=
VdZIDA,,W1Byb3BoZXQgS10KT2ggbXkuLi4gQXJlIHlvdSByZWFsbHkgZ2l2aW5nIHVwPwpPaCBteS4uLiBUaGlzIGlzIGEgYmlnIHByb2JsZW0uLi4KTXkgcHJvcGhldGljIGRyZWFtIGNsZWFybHkgc2FpZCB3ZSBtdXN0IGZpbmQgdGhlbS4uLgpBcmUgeW91IHJlYWxseSBnb2luZyB0byBnaXZlIHVwPw==,,,,,W1Byb2ZldGEgS10KT2guLi4gVm9jw6ogcmVhbG1lbnRlIHZhaSBkZXNpc3Rpcj8KT2ggbsOjby4uLiBRdWUgcHJvYmxlbWEuLi4KTWV1IHNvbmhvIHByZW1vbml0w7NyaW8gY2xhcmFtZW50ZSBkaXogcXVlIHByZWNpc28gZW5jb250csOhLWxvcy4uLgpWb2PDqiByZWFsbWVudGUgdmFpIGRlc2lzdGlyPw==,,W1Byb2ZldGEgS10KT2guLi4gwr9EZSB2ZXJkYWQgdmFzIGEgcmVuZGlydGU/Ck9oLCBuby4uLiBxdcOpIHByb2JsZW1hLi4uCk1pIHN1ZcOxbyBwcm9mw6l0aWNvIGNsYXJhbWVudGUgaW5kaWNhCnF1ZSBkZWJvIGVuY29udHJhcmxvcy4uLgrCv0RlIHZlcmRhZCB2YXMgYSByZW5kaXJ0ZT8=
VtZIDA,,SSBnaXZlIHVwLg==,,,,,RGVzaXN0aXIu,,UmVuZGlyc2Uu
V9ZIDA,,SSB3b24ndCBnaXZlIHVwLg==,,,,,TsOjbyBkZXNpc3Rpci4=,,Tm8gcmVuZGlyc2Uu
WNZIDA,,W1Byb3BoZXQgS10KSWYgdGhhdCdzIHRydWx5IHlvdXIgZGVjaXNpb24sIHRoZW4gaXQgY2FuJ3QgYmUgaGVscGVkLgpJZiB5b3UgY2hhbmdlIHlvdXIgbWluZCwgY29tZSBmaW5kIG1lIGFnYWluLg==,,,,,W1Byb2ZldGEgS10KQmVtLCBzZSBlc3NhIMOpIGEgc3VhIGRlY2lzw6NvLCBuw6NvIGjDoSBvIHF1ZSBmYXplci4KU2UgbXVkYXIgZGUgaWRlaWEsIHZvbHRlIGF0w6kgbWltLg==,,W1Byb2ZldGEgS10KU2kgZXNhIGVzIHR1IGRlY2lzacOzbiwKbm8gaGF5IG3DoXMgcmVtZWRpby4KU2kgY2FtYmlhcyBkZSBvcGluacOzbiwKdnVlbHZlIGEgYnVzY2FybWUu
WdZIDA,,W1Byb3BoZXQgS10KR29vZCwgeW91IHRob3VnaHQgd2VsbC4KSHVycnkgYW5kIGdvIGZpbmQgdGhlIHNvdWwgZnJhZ21lbnRzIHF1aWNrbHkh,,,,,W1Byb2ZldGEgS10KQ2VydG8sIGJvYSBkZWNpc8Ojby4KUsOhcGlkbywgdsOhIGJ1c2NhciBvcyBGcmFnbWVudG9zIGRlIEFsbWEh,,W1Byb2ZldGEgS10KRGUgYWN1ZXJkbywgYnVlbmEgZGVjaXNpw7NuLgrCoVLDoXBpZG8sIHZlIGEgYnVzY2FyCmxvcyBGcmFnbWVudG9zIGRlIEFsbWEh
WtZIDA,,W1Byb3BoZXQgS10KSXQgc2VlbXMgeW91IHN0aWxsIGhhdmVuJ3QgZm91bmQgdGhlIGxvY2F0aW9uIG9mIHRoZSBoZXJvIGJsZXNzZWQgYnkgdGhlIEhvcnNlLCBvbmUgb2YgdGhlIDEyIFpvZGlhYyBEZWl0aWVzLg==,,,,,W1Byb2ZldGEgS10KUGFyZWNlIHF1ZSB2b2PDqiBhaW5kYSBuw6NvIGVuY29udHJvdSBhIGxvY2FsaXphw6fDo28gZG8gaGVyw7NpIHF1ZSBwb3NzdWkgYSBlbmVyZ2lhIGRvIENhdmFsbyBlbnRyZSBvcyAxMiBTaWdub3MgRGl2aW5vcy4=,,W1Byb2ZldGEgS10KUGFyZWNlIHF1ZSBhw7puIG5vIGhhcyBlbmNvbnRyYWRvCmxhIHViaWNhY2nDs24gZGVsIGjDqXJvZSBiZW5kZWNpZG8KcG9yIGxhIGVuZXJnw61hIGRlbCBDYWJhbGxvIGVudHJlIGxvcyAxMiBTaWdub3MgWm9kaWFjYWxlcy4=
W9ZIDA,,W1Byb3BoZXQgS10KRGlkIHlvdSBsb3NlIHRoZSBzZWNyZXQgbGV0dGVyIEkgZ2F2ZSB5b3U/Ckl0IGNhbid0IGJlIGhlbHBlZCB0aGVuLiBJJ2xsIGdpdmUgeW91IGFub3RoZXIgb25lLg==,,,,,W1Byb2ZldGEgS10KUGVyZGV1IGEgY2FydGEgc2VjcmV0YSBxdWUgZXUgbGhlIGRlaT8KTsOjbyB0ZW0gb3V0cm8gamVpdG8uIEFxdWkgZXN0w6Egb3V0cmEu,,W1Byb2ZldGEgS10Kwr9QZXJkaXN0ZSBsYSBjYXJ0YSBzZWNyZXRhIHF1ZSB0ZSBkaT8KTm8gaGF5IG90cmEgbWFuZXJhLgpBcXXDrSB0aWVuZXMgb3RyYS4=
XNZIDA,,W1Byb3BoZXQgS10KT2gsIHlvdSdyZSBiYWNrIQpEaWQgeW91IGZpbmQgdGhlIGhlcm8gYmxlc3NlZCBieSB0aGUgSG9yc2UncyBlbmVyZ3kgd2VsbD8KU28sIGhvdyBkaWQgdGhlIGNvbnZlcnNhdGlvbiBnbz8=,,,,,W1Byb2ZldGEgS10KT2gsIHZvY8OqIHZvbHRvdSEKQ29uc2VndWl1IGVuY29udHJhciBvIGhlcsOzaSBxdWUgcG9zc3VpIGEgZW5lcmdpYSBkbyBDYXZhbG8/CkNlcnRvLCBjb21vIGZvaSBhIGNvbnZlcnNhPw==,,W1Byb2ZldGEgS10KwqFPaCwgaGFzIHZ1ZWx0byEKwr9Mb2dyYXN0ZSBlbmNvbnRyYXIgYWwgaMOpcm9lCmJlbmRlY2lkbyBwb3IgbGEgZW5lcmfDrWEgZGVsIENhYmFsbG8/CkRpbWUsIMK/Y8OzbW8gZnVlCmxhIGNvbnZlcnNhY2nDs24/
XdZIDA,,LSBJIHRvbGQgaGltIGV2ZXJ5dGhpbmcgdGhhdCBoYXBwZW5lZCBkdXJpbmcgdGhpcyB0aW1lLiAt,,,,,LSBDb250byB0dWRvIHF1ZSBhY29udGVjZXUgYXTDqSBhZ29yYS4gLQ==,,LSBMZSBjb250w6kgdG9kbyBsbyBxdWUgaGFiw61hIHN1Y2VkaWRvIC0=
XtZIDA,,W1Byb3BoZXQgS10KSSBzZWUuLi4gU28gdGhhdCdzIHdoYXQgaGFwcGVuZWQuCkdvb2QsIEkgd2lsbCBnbyBteXNlbGYgdG8gZmluZCBoaW0gYW5kIHRhbGsgdG8gaGltIGZyb20gaGVyZSBvbiBvdXQu,,,,,W1Byb2ZldGEgS10KQ2VydG8uLi4gRW50w6NvIGZvaSBpc3NvIHF1ZSBhY29udGVjZXUuCk9rLCBvIHJlc3RvIGV1IG1lc21vIHZvdSBhdMOpIGzDoSBwYXJhIGNvbnZlcnNhci4=,,W1Byb2ZldGEgS10KWWEgdmVvLi4uIEFzw60gcXVlIGVzbyBlcyBsbyBxdWUgcGFzw7MuCkJpZW4sIGVsIHJlc3RvIGxvIGhhcsOpIHlvIG1pc21vLAppcsOpIHBlcnNvbmFsbWVudGUKeSBoYWJsYXLDqSBjb24gw6lsLg==
X9ZIDA,,W1Byb3BoZXQgS10KVGhhbmsgeW91IHNvIG11Y2ggZm9yIGFsbCB5b3VyIGhlbHAuCkFzIGEgcmV3YXJkLCB0aGVyZSB3ZXJlIHNvbWUgc291bCBmcmFnbWVudHMgbGVmdCBmcm9tIHdoYXQgeW91IGdhdGhlcmVkLCBzbyBJIHRyaWVkIG1ha2luZyBhIGhhdCBpbWJ1ZWQgd2l0aCB0aGUgZW5lcmd5IG9mIHRoZSAxMiBab2RpYWMgRGVpdGllcy4=,,,,,W1Byb2ZldGEgS10KTXVpdG8gb2JyaWdhZG8gcG9yIHR1ZG8gYXTDqSBhZ29yYS4KQ29tbyByZWNvbXBlbnNhLCBzb2JyYXJhbSBhbGd1bnMgZG9zIEZyYWdtZW50b3MgZGUgQWxtYSBxdWUgdm9jw6ogY29sZXRvdSwgZW50w6NvIGZpeiBlc3NlIGNoYXDDqXUgZSBvIGltYnVpIGNvbSBhIGVuZXJnaWEgZG9zIDEyIFNpZ25vcyBEaXZpbm9zLg==,,W1Byb2ZldGEgS10KTXVjaGFzIGdyYWNpYXMgcG9yIHRvZG8KbG8gcXVlIGhhcyBoZWNobyBoYXN0YSBhaG9yYS4KQ29tbyByZWNvbXBlbnNhLAptZSBzb2JyYXJvbiBhbGd1bm9zIGRlIGxvcwpGcmFnbWVudG9zIGRlIEFsbWEgcXVlIHJlY29sZWN0YXN0ZSwKYXPDrSBxdWUgbG9zIGltYnXDrSBjb24gbGEgZW5lcmfDrWEgZGUgbG9zIDEyIFNpZ25vcyBab2RpYWNhbGVzCnkgdGUgaGljZSB1biBzb21icmVybw==
YNZIDA,,W1Byb3BoZXQgS10KSXQncyBhIHNwZWNpYWwgaGF0IGltYnVlZCB3aXRoIHRoZSBlbmVyZ3kgb2YgdGhlIDEyIFpvZGlhYyBEZWl0aWVzLCB3b3J0aCAxMCBtaWxsaW9uIFplbnksIGJ1dCBzaW5jZSB5b3UgaGVscGVkIG1lLCBJJ2xsIHNwZWNpYWxseSBnaXZlIGl0IHRvIHlvdSBmb3IgMjAwLDAwMCBaZW55LgpXaGF0IGRvIHlvdSBzYXk/,,,,,W1Byb2ZldGEgS10Kw4kgdW0gY2hhcMOpdSBlc3BlY2lhbCBpbWJ1w61kbyBjb20gYSBlbmVyZ2lhIGRvcyAxMiBTaWdub3MgRGl2aW5vcywgdmFsZSAxMCBtaWxow7VlcyBkZSBaZW55LCBtYXMgY29tbyB2b2PDqiBtZSBhanVkb3UsIHZvdSB0ZSBkYXIgcG9yIHVtIHByZcOnbyBlc3BlY2lhbCBkZSAyMDAgbWlsIFplbnkuCk8gcXVlIGFjaGE/,,W1Byb2ZldGEgS10KRXMgdW4gc29tYnJlcm8gZXNwZWNpYWwgaW1idWlkbyBjb24KbGEgZW5lcmfDrWEgZGUgbG9zIDEyIFNpZ25vcyBab2RpYWNhbGVzLCB2YWxlIDEwIG1pbGxvbmVzIGRlIFplbnksCnBlcm8gY29tbyBtZSBheXVkYXN0ZSwKdGUgbG8gZGVqYXLDqSBhIHVuIHByZWNpbyBlc3BlY2lhbCBkZSAyMDAgbWlsIFplbnkuCsK/UXXDqSB0ZSBwYXJlY2U/
YdZIDA,,W3swfV0KSXNuJ3QgaXQgdG9vIGV4cGVuc2l2ZT8=,,,,,W3swfV0KTsOjbyDDqSBtdWl0byBjYXJvPw==,,W3swfV0Kwr9ObyBlcyBkZW1hc2lhZG8gY2Fybz8uLg==
YtZIDA,,W1Byb3BoZXQgS10KVGhpbmsgYWJvdXQgaXQgY2FyZWZ1bGx5Li4uCkl0J3MgYSB3aG9wcGluZyAxMCBtaWxsaW9uIFplbnkh,,,,,W1Byb2ZldGEgS10KUGVuc2UgYmVtLi4uClPDo28gaW5jcsOtdmVpcyAxMCBtaWxow7VlcyBkZSBaZW55IQ==,,W1Byb2ZldGEgS10KUGnDqW5zYWxvIGJpZW4uLi4KwqFTb24gMTAgbWlsbG9uZXMgZGUgWmVueSE=
Y9ZIDA,,W1Byb3BoZXQgS10KWW91IHdpbGwgYWJzb2x1dGVseSBuZXZlciByZWdyZXQgdGhpcyBjaG9pY2Uh,,,,,W1Byb2ZldGEgS10KVm9jw6ogZGVmaW5pdGl2YW1lbnRlIG7Do28gc2UgYXJyZXBlbmRlcsOhIGRhIGVzY29saGEh,,W1Byb2ZldGEgS10KwqFEZWZpbml0aXZhbWVudGUgbm8KdGUgYXJyZXBlbnRpcsOhcyBkZSB0dSBlbGVjY2nDs25+IQ==
ZNZIDA,,Tm90IGVub3VnaCBaZW55Li4u,,,,,RXN0b3Ugc2VtIFplbnkuLi4=,,Tm8gdGVuZ28gc3VmaWNpZW50ZSB6ZW55Li4u
ZdZIDA,,T2theSwgSSdsbCB0YWtlIGl0IGZvciAyMDAsMDAwIFplbnku,,,,,VHVkbyBiZW0sIG1lIGTDqiBwb3IgMjAwIG1pbCBaZW55Lg==,,RXN0w6EgYmllbiwgZMOhbWVsbyBwb3IgMjAwIDAwMCB6ZW55Lg==
ZtZIDA,,W1Byb3BoZXQgS10KQWhlbS4uLgpJbWJ1ZWQgd2l0aCB0aGUgZW5lcmd5IG9mIHRoZSAxMiBab2RpYWMgRGVpdGllcyEKQSBkaXZpbmUgYXJ0aWZhY3Qgd29ydGggMTAgbWlsbGlvbiBaZW55Li4uCkl0IGNhbid0IGJlIGxpa2UgdGhhdCEKQ29tZSBiYWNrIGV2ZW4gaWYgeW91IGhhdmUgdG8gYm9ycm93IHRoZSBtb25leSE=,,,,,W1Byb2ZldGEgS10KQWhlbS4uLgpJbWJ1w61kbyBjb20gYSBlbmVyZ2lhIGRvcyAxMiBTaWdub3MgRGl2aW5vcyEKVGVtIG8gdmFsb3IgZGUgMTAgbWlsaMO1ZXMgZGUgWmVueSwgw6kgdW1hIHJlbMOtcXVpYSBkaXZpbmEuLi4KQXNzaW0gbsOjbyBkw6EhClZvbHRlIGNvbSBaZW55LCBtZXNtbyBxdWUgdGVuaGEgcXVlIHBlZGlyIGVtcHJlc3RhZG8h,,W1Byb2ZldGEgS10KRWplbS4uLi4KwqFJbWJ1aWRvIGNvbiBsYSBlbmVyZ8OtYSBkZSBsb3MgMTIgU2lnbm9zIFpvZGlhY2FsZXMhClZhbGUgMTAgbWlsbG9uZXMgZGUgWmVueSwKZXMgdW5hIHJlbGlxdWlhIGRpdmluYS4uLgrCoUVzbyBubyBwdWVkZSBzZXIhCsKhVmVuIGF1bnF1ZSB0ZW5nYSBxdWUgcGVkaXIgcHJlc3RhZG9+IQ==
Z9ZIDA,,W1Byb3BoZXQgS10KSSB0cmllZCBzcGVjaWFsbHkgdG8gYWRkIHZlcnkgZ29vZCBvcHRpb25zLi4uCkJ1dCB1bmZvcnR1bmF0ZWx5LCBJIGNvdWxkbid0IG1ha2UgaXQgdGhhdCB3YXkuCkFueXdheSwgSSBob3BlIHlvdSBsaWtlIGl0Lg==,,,,,W1Byb2ZldGEgS10KVGVudGVpIGNvbG9jYXIgb3DDp8O1ZXMgbXVpdG8gYm9hcyBuZWxlLi4uCkluZmVsaXptZW50ZSwgbsOjbyBjb25zZWd1aS4KRGUgcXVhbHF1ZXIgbW9kbywgZXNwZXJvIHF1ZSBnb3N0ZS4=,,W1Byb2ZldGEgS10KSW50ZW50w6kgZXNwZWNpYWxtZW50ZSBlc2Zvcnphcm1lCnBhcmEgaW5jbHVpciBidWVuYXMgb3BjaW9uZXMuLi4KUG9yIGRlc2dyYWNpYSwgbm8gcHVkZQpoYWNlcmxvIGRlIGVzYSBtYW5lcmEuCkRlIHRvZG9zIG1vZG9zLCBlc3Blcm8KcXVlIHRlIGd1c3RlLg==
aNZIDA,,W1Byb3BoZXQgS10KSG93ZXZlciwgaXQgc2VlbXMgbXkgcHJvcGhldGljIGRyZWFtIGlzIG5vdCBvdmVyIHlldC4KSXQgc2VlbXMgdGhlIHByb3BoZXRpYyBkcmVhbXMgYWJvdXQgdGhlIGhlcm9lcyBibGVzc2VkIGJ5IHRoZSBlbmVyZ3kgb2YgdGhlIDEyIFpvZGlhYyBEZWl0aWVzIHdpbGwgc3VyZWx5IGNvbnRpbnVlLg==,,,,,W1Byb2ZldGEgS10KTm8gZW50YW50bywgYWNobyBxdWUgbWV1IHNvbmhvIHByZW1vbml0w7NyaW8gYWluZGEgbsOjbyB0ZXJtaW5vdS4KUGFyZWNlIHF1ZSBvcyBzb25ob3MgcHJlbW9uaXTDs3Jpb3Mgc29icmUgb3Mgb3V0cm9zIGhlcsOzaXMKcXVlIHBvc3N1ZW0gYSBlbmVyZ2lhIGRvcyAxMiBTaWdub3MgRGl2aW5vcyBjb250aW51YXLDo28u,,W1Byb2ZldGEgS10KU2luIGVtYmFyZ28sCmNyZW8gcXVlIG1pIHN1ZcOxbyBwcm9mw6l0aWNvCmHDum4gbm8gaGEgdGVybWluYWRvLgpQYXJlY2UgcXVlIGxvcyBzdWXDsW9zIHByb2bDqXRpY29zCnNvYnJlIGxvcyBvdHJvcyBow6lyb2VzIGJlbmRlY2lkb3MgcG9yIGxhIGVuZXJnw61hCmRlIGxvcyAxMiBTaWdub3MgWm9kaWFjYWxlcyBjb250aW51YXLDoW4u
adZIDA,,W1Byb3BoZXQgS10KQ29tZSBmaW5kIG1lIGFnYWluIGFmdGVyIGEgd2hpbGUuCkknbSBzdXJlIHRoZXJlIHdpbGwgYmUgc29tZXRoaW5nIHlvdSBjYW4gaGVscCB3aXRoLg==,,,,,W1Byb2ZldGEgS10KVm9sdGUgYXTDqSBtaW0gZGVwb2lzIGRlIHVtIHRlbXBvLgpDZXJ0YW1lbnRlIHByZWNpc2FyZWkgZGEgc3VhIGFqdWRhLg==,,W1Byb2ZldGEgS10KVnVlbHZlIGEgdmVybWUgZGVudHJvIGRlIHVuIHRpZW1wby4KU2VndXJhbWVudGUgdGVuZHLDqSBhbGdvIGVuIGxvIHF1ZSBwdWVkYXMgYXl1ZGFybWUu
atZIDA,,W1Byb3BoZXQgS10KWW91IGRvbid0IGhhdmUgZW5vdWdoIFplbnkhCkl0J3MgYSBkaXZpbmUgYXJ0aWZhY3QgaW1idWVkIHdpdGggdGhlIGVuZXJneSBvZiB0aGUgMTIgWm9kaWFjIERlaXRpZXMsIHdvcnRoIDEwIG1pbGxpb24gWmVueS4uLgpJdCBjYW4ndCBiZSBsaWtlIHRoYXQhCkNvbWUgYmFjayBldmVuIGlmIHlvdSBoYXZlIHRvIGJvcnJvdyB0aGUgbW9uZXl+IQ==,,,,,W1Byb2ZldGEgS10KQWhlbS4uLgpJbWJ1w61kbyBjb20gYSBlbmVyZ2lhIGRvcyAxMiBTaWdub3MgRGl2aW5vcyEKVGVtIG8gdmFsb3IgZGUgMTAgbWlsaMO1ZXMgZGUgWmVueSwgw6kgdW1hIHJlbMOtcXVpYSBkaXZpbmEuLi4KQXNzaW0gbsOjbyBkw6EhClZvbHRlIGNvbSBaZW55LCBtZXNtbyBxdWUgdGVuaGEgcXVlIHBlZGlyIGVtcHJlc3RhZG8h,,W1Byb2ZldGEgS10KwqFUZSBmYWx0YSB6ZW55IQrCoUltYnVpZG8gY29uIGxhIGVuZXJnw61hIGRlIGxvcyAxMiBTaWdub3MgWm9kaWFjYWxlcyEKwqFUaWVuZSB1biB2YWxvciBkZSAxMCBtaWxsb25lcyBkZSBaZW55LAplcyB1bmEgcmVsaXF1aWEgZGl2aW5hLi4uIQrCoUVzbyBubyBwdWVkZSBzZXIhCsKhVmVuIGF1bnF1ZSB0ZW5nYXMgcXVlIHBlZGlyIHByZXN0YWRvfiE=
a9ZIDA,,W1Byb3BoZXQgS10KWW91ciBiYWcgaXMgY29tcGxldGVseSBmdWxsIG9mIGl0ZW1zLgpSZWR1Y2UgeW91ciBpbnZlbnRvcnkgYW5kIGNvbWUgZmluZCBtZSBhZ2Fpbi4=,,,,,W1Byb2ZldGEgS10KU3VhIG1vY2hpbGEgZXN0w6EgY2hlaWEgZGUgaXRlbnMuClJlZHV6YSBzZXVzIGl0ZW5zIGUgdm9sdGUgYXTDqSBtaW0u,,W1Byb2ZldGEgS10KVHUgbW9jaGlsYSBlc3TDoSBsbGVuYSBkZSBvYmpldG9zLgpSZWR1Y2UgdHVzIG9iamV0b3MgeSB2dWVsdmUKYSBidXNjYXJtZS4=
bNZIDA,,W1Byb3BoZXQgS10KSXQgc2VlbXMgbXkgcHJvcGhldGljIGRyZWFtIGlzIG5vdCBvdmVyIHlldC4KSXQgc2VlbXMgdGhlIHByb3BoZXRpYyBkcmVhbXMgYWJvdXQgdGhlIGhlcm9lcyBibGVzc2VkIGJ5IHRoZSBlbmVyZ3kgb2YgdGhlIDEyIFpvZGlhYyBEZWl0aWVzIHdpbGwgc3VyZWx5IGNvbnRpbnVlLg==,,,,,W1Byb2ZldGEgS10KTm8gZW50YW50bywgYWNobyBxdWUgbWV1IHNvbmhvIHByZW1vbml0w7NyaW8gYWluZGEgbsOjbyB0ZXJtaW5vdS4KUGFyZWNlIHF1ZSBvcyBzb25ob3MgcHJlbW9uaXTDs3Jpb3Mgc29icmUgb3Mgb3V0cm9zIGhlcsOzaXMKcXVlIHBvc3N1ZW0gYSBlbmVyZ2lhIGRvcyAxMiBTaWdub3MgRGl2aW5vcyBjb250aW51YXLDo28u,,W1Byb2ZldGEgS10KQ3JlbyBxdWUgbWkgc3Vlw7FvIHByb2bDqXRpY28KYcO6biBubyBoYSB0ZXJtaW5hZG8uClBhcmVjZSBxdWUgbG9zIHN1ZcOxb3MgcHJvZsOpdGljb3MKc29icmUgbG9zIG90cm9zIGjDqXJvZXMgYmVuZGVjaWRvcyBwb3IgbGEgZW5lcmfDrWEKZGUgbG9zIDEyIFNpZ25vcyBab2RpYWNhbGVzIGNvbnRpbnVhcsOhbi4=
bdZIDA,,SmltbXkgUm9iZXJ0,,,,,SmltbXkgUm9iZXJ0,,SmltbXkgUm9iZXJ0
btZIDA,,W0ppbW15IFJvYmVydF0KU2hvdWxkbid0IEkgc3RvcC4uLgpkb2luZyB0aGlzIGpvYiBzb29uLi4u,,,,,W0ppbW15IFJvYmVydF0KU2Vyw6EgcXVlIG7Do28gZXN0w6EgbmEgaG9yYSBkZSBwYXJhciBjb20gaXNzby4uLg==,,W0ppbW15IFJvYmVydF0KRXN0ZSB0cmFiYWpvLi4uIHF1aXrDoXMgeWEKZGViZXLDrWEgZGVqYXJsby4u
b9ZIDA,,LSBJdCBzZWVtcyBsaWtlIHRoZSBwZXJzb24gUHJvcGhldCBLIG1lbnRpb25lZCwgYnV0IEkgZG9uJ3QgaGF2ZSBeNEQ0REZGUHJvcGhldCBLJ3MgU2VjcmV0IExldHRlcl4wMDAwMDAuIC0=,,,,,LSBQYXJlY2Ugc2VyIGEgcGVzc29hIGRlIHF1ZW0gbyBQcm9mZXRhIEsgZmFsb3UsIG1hcyB2b2PDqiBuw6NvIHRlbSBhIF40RDRERkZDYXJ0YSBTZWNyZXRhIGRvIFByb2ZldGEgS14wMDAwMDAuIC0=,,LVBhcmVjZSBzZXIgbGEgcGVyc29uYSBkZSBsYSBxdWUgaGFibMOzIGVsIFByb2ZldGEgSywgcGVybyBubyB0ZW5nbyBsYSBeNEQ0REZGY2FydGEgc2VjcmV0YSBkZWwgUHJvZmV0YSBLXjAwMDAwMC4t
cNZIDA,,W0ppbW15IFJvYmVydF0KVGhlIFVtYmFsYSB3aW5kIGlzIHNvIGNvb2wuLi4u,,,,,W0ppbW15IFJvYmVydF0KTyB2ZW50byBkZSBVbWJhbGEgw6kgdMOjbyByZWZyZXNjYW50ZS4uLi4=,,W0ppbW15IFJvYmVydF0KRWwgdmllbnRvIGRlIFVtYmFsYQplcyB0YW4gZnJlc2NvLi4uLg==
cdZIDA,,LSBXaGF0IHNob3VsZCBJIHNheSB0byBoaW0/IC0=,,,,,LSBPIHF1ZSBkZXZvIGRpemVyIHBhcmEgZWxlPyAt,,LSDCv1F1w6kgZGViZXLDrWEgZGVjaXJsZT8gLQ==
ctZIDA,,WW91IGhhdmUgYSB2ZXJ5IG5pY2UgaW1wcmVzc2lvbi4=,,,,,Vm9jw6ogdGVtIHVtYSBib2EgYXBhcsOqbmNpYS4=,,VGllbmUgdW5hIGltcHJlc2nDs24gbXV5IGZhdm9yYWJsZS4=
c9ZIDA,,WW91IGhhdmUgdmVyeSBnb29kIGVuZXJneS4=,,,,,Vm9jw6ogdGVtIHVtYSBib2EgZW5lcmdpYS4=,,VGllbmUgbXV5IGJ1ZW5hIGVuZXJnw61hLg==
dNZIDA,,WW91ciBmYWNlIGlzIGdsb3dpbmcu,,,,,U2V1IHJvc3RvIGVzdMOhIGJyaWxoYW5kby4=,,U3Ugcm9zdHJvIGlycmFkaWEgbHV6Lg==
ddZIDA,,WW91ciBhbmNlc3RvcnMgbXVzdCBoYXZlIGFjY3VtdWxhdGVkIG11Y2ggbWVyaXQu,,,,,UGFyZWNlIHF1ZSBzZXVzIGFuY2VzdHJhaXMgYWN1bXVsYXJhbSBtdWl0b3MgbcOpcml0b3Mu,,UGFyZWNlIHF1ZSBzdXMgYW5jZXN0cm9zIGFjdW11bGFyb24gbXVjaGFzIGJ1ZW5hcyBhY2Npb25lcy4=
dtZIDA,,W0ppbW15IFJvYmVydF0KVGhhbmsgeW91IGZvciB0aGUgY29tcGxpbWVudC4KQnV0Li4uCkl0J3Mgbm90aGluZy4uLg==,,,,,W0ppbW15IFJvYmVydF0KT2JyaWdhZG8gcGVsbyBlbG9naW8uCk1hcy4uLgpOw6NvIMOpIG5hZGEuLi4=,,W0ppbW15IFJvYmVydF0KR3JhY2lhcyBwb3IgZWwgY3VtcGxpZG8uClBlcm8uLi4Kbm8gZXMgbmFkYS4uLg==
d9ZIDA,,W0ppbW15IFJvYmVydF0KQnV0IGZvciB3aGF0IHJlYXNvbiBhcmUgeW91IGFwcHJvYWNoaW5nIG1lPz8=,,,,,W0ppbW15IFJvYmVydF0KTWFzIG8gcXVlIHRyYXoKdm9jw6ogYXTDqSBtaW0/Pw==,,W0ppbW15IFJvYmVydF0KUGVybywgwr9hIHF1w6kgZGViby4uLgpzdSB2aXNpdGEuLi4/
eNZIDA,,SGFuZCBvdmVyIFByb3BoZXQgSydzIFNlY3JldCBMZXR0ZXIu,,,,,RW50cmVnYSBhIENhcnRhIFNlY3JldGEgZG8gUHJvZmV0YSBLLg==,,RW50cmVnYXIgbGEgY2FydGEgc2VjcmV0YSBkZWwgUHJvZmV0YSBLLg==
edZIDA,,LSBIYW5kZWQgb3ZlciBQcm9waGV0IEsncyBTZWNyZXQgTGV0dGVyIGFuZCBleHBsYWluZWQgdGhlIHdob2xlIHN0b3J5LiAt,,,,,LSBFbnRyZWdhIGEgQ2FydGEgU2VjcmV0YSBkbyBQcm9mZXRhIEsgZSBleHBsaWNhIHRvZGEgYSBzaXR1YcOnw6NvLiAt,,LSBMZSBlbnRyZWd1w6kgbGEgY2FydGEgc2VjcmV0YSBkZWwgUHJvZmV0YSBLIC0KLSB5IGxlIGNvbnTDqSB0b2RvcyBsb3MgZGV0YWxsZXMgLQ==
etZIDA,,W0ppbW15IFJvYmVydF0KRnJhbmtseSwgSSBjYW4ndCBlYXNpbHkgYmVsaWV2ZSB5b3VyIHdvcmRzLgpJdCBzb3VuZHMganVzdCBsaWtlIHdoYXQgYSBzY2FtbWVyIHdvdWxkIHNheS4=,,,,,W0ppbW15IFJvYmVydF0KU2luY2VyYW1lbnRlLCBuw6NvIHBvc3NvIGFjcmVkaXRhciBmYWNpbG1lbnRlIGVtIHN1YXMgcGFsYXZyYXMuClNvYW0gY29tbyBhcyBwYWxhdnJhcyBkZSB1bSBnb2xwaXN0YS4=,,W0ppbW15IFJvYmVydF0KU2luY2VyYW1lbnRlLCBubyBwdWVkbwpjcmVlciB0dXMgcGFsYWJyYXMgdGFuIGbDoWNpbG1lbnRlLgpTdWVuYW4gY29tbyBsYXMgY29zYXMKcXVlIGRpcsOtYSB1biBlc3RhZmFkb3Iu
e9ZIDA,,W0ppbW15IFJvYmVydF0KSWYgeW91IHdhbnQgbWUgdG8gYmVsaWV2ZSB5b3VyIHdvcmRzIGFuZCByZWFkIHRoaXMgc2VjcmV0IGxldHRlciwgSSBuZWVkIHRvIGhhdmUgdHJ1c3QgaW4geW91Lg==,,,,,W0ppbW15IFJvYmVydF0KU2Ugdm9jw6ogcXVlciBxdWUgZXUgYWNyZWRpdGUgZW0gdm9jw6ogZSBsZWlhIGVzdGEgY2FydGEsCnByZWNpc28gcHJpbWVpcm8gY29uZmlhciBlbSB2b2PDqi4=,,W0ppbW15IFJvYmVydF0KU2kgcXVpZXJlcyBxdWUgY29uZsOtZSBlbiB0aQp5IGxlYSBlc3RhIGNhcnRhIHNlY3JldGEsCm5lY2VzaXRvIHRlbmVyIGNvbmZpYW56YSBlbiB0aS4=
fNZIDA,,V2hhdCBzaG91bGQgSSBkbz8=,,,,,TyBxdWUgZGV2byBmYXplcj8=,,wr9RdcOpIGRlYm8gaGFjZXIuLi4/
fdZIDA,,W0ppbW15IFJvYmVydF0KSG1tLi4uIFRoZXJlJ3Mgc29tZXRoaW5nIEkgcmVhbGx5IG5lZWQgcmlnaHQgbm93LgpJZiB5b3UgY2FuIGJyaW5nIHRoYXQgdG8gbWUsIEknbGwgdGFrZSBpdCBhcyBhIHNpZ24gb2YgeW91ciBzaW5jZXJpdHku,,,,,W0ppbW15IFJvYmVydF0KSG1tLi4uCkjDoSBhbGdvIHF1ZSBldSByZWFsbWVudGUgcHJlY2lzbywgZSBzZSB2b2PDqiB0cm91eGVyIGlzc28gcGFyYSBtaW0sCnZvdSBjb25zaWRlcmFyIGlzc28gY29tbyB1bSBzaW5hbCBkZSBzdWEgc2luY2VyaWRhZGUu,,W0ppbW15IFJvYmVydF0KTW1tLi4uIEVuIGVzdGUgbW9tZW50bwpoYXkgYWxnbyBxdWUgbmVjZXNpdG8gbXVjaG8uClNpIG1lIGxvIHRyYWVzLApsbyB0b21hcsOpIGNvbW8gdW5hIG11ZXN0cmEKZGUgdHUgZGV0ZXJtaW5hY2nDs24u
ftZIDA,,W0ppbW15IFJvYmVydF0KSSdtIHJlc2VhcmNoaW5nIGJ1dHRlcmZsaWVzLCBzbyBJJ20gbG9va2luZyBmb3IgcG93ZGVyIGZyb20gYnV0dGVyZmx5LWZhbWlseSBpbnNlY3RzLgpQbGVhc2UgZ2V0IG1lIDIwIEJ1dHRlcmZseSBQb3dkZXIsIGFuZCAyMCBNb3RoIFBvd2Rlci4=,,,,,W0ppbW15IFJvYmVydF0KRXN0b3UgcGVzcXVpc2FuZG8gc29icmUgYm9yYm9sZXRhcyBlIHByZWNpc28gZGUgcMOzIGRlIGluc2V0b3MgZGEgb3JkZW0gTGVwaWRvcHRlcmEuClByZWNpc28gcXVlIHZvY8OqIG1lIHRyYWdhIDIwIFDDs3MgZGUgQm9yYm9sZXRhIGUgMjAgUMOzcyBkZSBNYXJpcG9zYS4=,,W0ppbW15IFJvYmVydF0KRXN0b3kgaW52ZXN0aWdhbmRvIG1hcmlwb3NhcywKYXPDrSBxdWUgZXN0b3kgYnVzY2FuZG8KcG9sdm8gZGUgaW5zZWN0b3MgbGVwaWTDs3B0ZXJvcy4KUG9yIGZhdm9yLCBjb25zw61ndWFtZQoyMCBQb2x2b3MgZGUgQWxhIGRlIE1hcmlwb3NhCnkgMjAgUG9sdm9zIGRlIEFsYSBkZSBQb2xpbGxhLg==
f9ZIDA,,W0ppbW15IFJvYmVydF0KWW91IGNhbiBnZXQgdGhlbSBmcm9tIENyZWFteSBhbmQgRHVzdGluZXNzIGluIHRoZSBHeXBzeSBWaWxsYWdlIG5lYXIgR2VmZmVuIG9yIGF0IHRoZSBub3J0aGVybiBmb290aGlsbHMgb2YgdGhlIE1qb2xuaXIgTW91bnRhaW5zLg==,,,,,W0ppbW15IFJvYmVydF0KVm9jw6ogcG9kZSBjb25zZWd1aS1sb3MgZGEgdmlsYSBkb3MgQ2lnYW5vcyBwZXJ0byBkZSBHZWZmZW4gb3UgZG9zIFBvZWlyYXMgbm8gc29ww6kgbm9ydGUgZG8gTW9udGUgTWpvbG5pci4=,,W0ppbW15IFJvYmVydF0KUHVlZGUgY29uc2VndWlybG9zCmRlIGxhcyBDcmltaW5hIER1c3RpbmVzcwplbiBsYSBhbGRlYSBnaXRhbmEgY2VyY2EgZGUgR2VmZmVuCm8gZW4gbGFzIGxhZGVyYXMgbm9ydGUgZGUgbGEgQ29yZGlsbGVyYSBNam9sbmlyLg==
gNZIDA,,W0ppbW15IFJvYmVydF0KSWYgeW91IHNob3cgdGhhdCBtdWNoIHNpbmNlcml0eSwgSSBzaG91bGQgYmUgYWJsZSB0byB0cnVzdCB5b3VyIHN0b3J5IGFuZCB0aGUgY29udGVudHMgb2YgdGhpcyBzZWNyZXQgbGV0dGVyLgpZb3UnbGwgZG8gaXQsIHJpZ2h0PwpJJ2xsIGJlIHdhaXRpbmch,,,,,W0ppbW15IFJvYmVydF0KU2Ugdm9jw6ogbW9zdHJhciBlc3NhIGJvYSB2b250YWRlLCB2b3UgY29uc2VndWlyIGNvbmZpYXIKc3VmaWNpZW50ZW1lbnRlIG5hIHN1YSBoaXN0w7NyaWEgZSBubyBjb250ZcO6ZG8gZGVzdGEgY2FydGEgc2VjcmV0YS4KVm9jw6ogZmFyw6EgaXNzbywgbsOjbyDDqT8KRXN0YXJlaSBlc3BlcmFuZG8h,,W0ppbW15IFJvYmVydF0KU2kgbXVlc3RyYXMgZXNhIGJ1ZW5hIHZvbHVudGFkLApjcmVlcsOpIHN1ZmljaWVudGVtZW50ZSBlbiB0dSBoaXN0b3JpYQp5IGVuIGVsIGNvbnRlbmlkbyBkZSBlc3RhIGNhcnRhIHNlY3JldGEuCsK/QWNlcHRhcsOhPwrCoUVzdGFyw6kgZXNwZXJhbmRvfiE=
gdZIDA,,W0ppbW15IFJvYmVydF0KSG1tPyBEaWRuJ3QgeW91IGhhdmUgc29tZXRoaW5nIHRvIHNheSB0byBtZT8=,,,,,W0ppbW15IFJvYmVydF0KSG1tPyBWb2PDqiBuw6NvIHRpbmhhIGFsZ28gcGFyYSBtZSBkaXplcj8=,,W0ppbW15IFJvYmVydF0Kwr9NbS4uLj8gwr9ObyB0ZW7DrWFzCmFsZ28gcXVlIGRlY2lybWUuLi4/
gtZIDA,,W0ppbW15IFJvYmVydF0KVGhhbmsgeW91IGZvciB0aGUgY29tcGxpbWVudCwgYnV0Li4uCkhvd2V2ZXIuLi4gSSBhbSB0aXJlZCB0aG91Z2guLi4gTm8sIGl0J3Mgbm90aGluZy4uLg==,,,,,W0ppbW15IFJvYmVydF0KT2JyaWdhZG8gcGVsbyBlbG9naW8sIG1hcy4uLgpFc3RvdS4uLiBjYW5zYWRvLCBtYXMuLi4gbsOjbywgbmFkYS4u,,W0ppbW15IFJvYmVydF0KR3JhY2lhcyBwb3IgZWwgY3VtcGxpZG8sIHBlcm8uLi4KRXN0b3kuLi4KQ2Fuc2FkbywgcGVyby4uLiBubywgbmFkYS4u
g9ZIDA,,W0ppbW15IFJvYmVydF0KSWYgd29ycmllcyBpbmNyZWFzZSwgZG9lcyB5b3VyIGZhY2UgZ2xvdz8gSG1tLi4u,,,,,W0ppbW15IFJvYmVydF0KU2Vyw6EgcXVlIHF1YW5kbyBhcyBwcmVvY3VwYcOnw7VlcyBhdW1lbnRhbSBvIHJvc3RvIGZpY2EgYnJpbGhhbnRlLi4u,,W0ppbW15IFJvYmVydF0KU2kgbGFzIHByZW9jdXBhY2lvbmVzIGF1bWVudGFuLArCv2VsIHJvc3RybyBpcnJhZGlhIGx1ej8uLiBNbS4u
hNZIDA,,W0ppbW15IFJvYmVydF0KV2hhdCB5b3UncmUgc2F5aW5nIHNvdW5kcyBqdXN0IGxpa2Ugb3VyLi4uCkFoLi4uIE5ldmVyIG1pbmQuLi4=,,,,,W0ppbW15IFJvYmVydF0KTyBxdWUgdm9jw6ogZXN0w6EgZGl6ZW5kbyBwYXJlY2UgY29tIG5vc3NvLi4uCkFoLi4uIG7Do28sIG5hZGEuLi4=,,W0ppbW15IFJvYmVydF0KTG8gcXVlIGRpY2Ugc3VlbmEgY29tbyBudWVzdHJvLi4uCkFoLi4uIG5vLCBuYWRhLi4=
hdZIDA,,W0ppbW15IFJvYmVydF0KRm9yIHNvbWUgcmVhc29uLCBpdCBzZWVtcyBsaWtlIHlvdSBoYXZlIHNvbWV0aGluZyB0byB0ZWxsIG1lLi4u,,,,,W0ppbW15IFJvYmVydF0KUGFyZWNlIHF1ZSB2b2PDqiB0ZW0gYWxnbyBwYXJhIG1lIGRpemVyLi4u,,W0ppbW15IFJvYmVydF0KUGFyZWNlIHF1ZSB0aWVuZXMgYWxnbwpxdWUgY29udGFybWUuLi4=
htZIDA,,SSd2ZSBicm91Z2h0IHdoYXQgeW91IGFza2VkIGZvci4=,,,,,VHJvdXhlIG8gcXVlIHZvY8OqIHBlZGl1Lg==,,SGUgdHJhw61kbyBsbyBxdWUgbWUgcGlkacOzLg==
h9ZIDA,,W0ppbW15IFJvYmVydF0KSG1tPyBZb3UgYnJvdWdodCB0aGVtLi4uCkkgaGF2ZSBubyBjaG9pY2UgYnV0IHRvIHRydXN0IHlvdS4KV2l0aCB0aGlzIGxldmVsIG9mIGVmZm9ydCwgZXZlbiB0aGUgMTIgWm9kaWFjIERlaXRpZXMgd291bGQgYmUgbW92ZWQuCk9mIGNvdXJzZSwgbXkgdHJ1c3QgaW4geW91IGhhcyBidWlsdCB1cCBpbmZpbml0ZWx5IQ==,,,,,W0ppbW15IFJvYmVydF0KT2g/IFZvY8OqIHJlYWxtZW50ZSB0cm91eGUuCk7Do28gdGVuaG8gZXNjb2xoYSBzZW7Do28gY29uZmlhciBlbSB2b2PDqi4KQ29tIGVzc2UgZXNmb3LDp28gdG9kYSwgYXTDqSBvcyAxMiBTaWdub3MgRGl2aW5vcyBmaWNhcmlhbSBjb21vdmlkb3MuCkNsYXJvLCBtaW5oYSBjb25maWFuw6dhIGVtIHZvY8OqIGNyZXNjZXUgYmFzdGFudGUh,,W0ppbW15IFJvYmVydF0Kwr9NbT8gwr9Mb3MgY29uc2VndWlzdGUuLi4/Ck5vIG1lIHF1ZWRhIG3DoXMgcXVlIGNvbmZpYXIgZW4gdXN0ZWQuCkNvbiBlc2Ugbml2ZWwgZGUgZXNmdWVyem8sCmhhc3RhIGxvcyAxMiBEaW9zZXMgWm9kaWFjYWxlcyBzZSBjb25tb3ZlcsOtYW4uCsKhUG9yIHN1cHVlc3RvLCBtaSBjb25maWFuemEgZW4gdXN0ZWQKdGFtYmnDqW4gaGEgY3JlY2lkbyBpbmZpbml0YW1lbnRlfiE=
iNZIDA,,W0ppbW15IFJvYmVydF0KSSdsbCBhY2NlcHQgd2hhdCB5b3UgYnJvdWdodCBmb3IgbWUuCkFuZCBJIHdpbGwgY2FyZWZ1bGx5IHJlYWQgdGhlIGNvbnRlbnRzIHlvdSBtZW50aW9uZWQgYW5kIHRoaXMgc2VjcmV0IGxldHRlci4=,,,,,W0ppbW15IFJvYmVydF0KVm91IHJlY2ViZXIgbyBxdWUgdm9jw6ogdHJvdXhlLgpFIHZvdSBsZXIgY29tIGN1aWRhZG8gYSBzdWEgaGlzdMOzcmlhIGUgZXN0YSBjYXJ0YSBzZWNyZXRhLg==,,W0ppbW15IFJvYmVydF0KQWNlcHRhcsOpIGxvIHF1ZQpoYSBjb25zZWd1aWRvLgpZIGxlZXLDqSBjb24gY3VpZGFkbwpsbyBxdWUgbWUgaGEgY29udGFkbwp5IGVzdGEgY2FydGEgc2VjcmV0YS4=
idZIDA,,W0ppbW15IFJvYmVydF0KUGxlYXNlIHRlbGwgdGhlIHBlcnNvbiB3aG8gc2VudCB0aGlzIGxldHRlciwgUHJvcGhldCBLLCB0aGUgc2FtZSBmb3IgbWUu,,,,,W0ppbW15IFJvYmVydF0KUG9yIGZhdm9yLCBkaWdhIHRhbWLDqW0gYW8gUHJvZmV0YSBLLCBxdWUgZW52aW91IGVzdGEgY2FydGEsIHF1ZSBjb252ZXJzZWkgY29tIHZvY8OqLg==,,W0ppbW15IFJvYmVydF0KRW50b25jZXMsIHBvciBmYXZvciwgZGlsZQphIGVzYSBwZXJzb25hLCBlbCBQcm9mZXRhIEssCnF1ZSBtZSBlbnZpw7MgZXN0YSBjYXJ0YSBzZWNyZXRhLApxdWUgdG9kbyBlc3TDoSBiaWVuLg==
itZIDA,,W0ppbW15IFJvYmVydF0KSG1tPyBJdCBzdGlsbCBzZWVtcyBpbnN1ZmZpY2llbnQ/ClBsZWFzZSBnZXQgbWUgMjAgQnV0dGVyZmx5IFdpbmdzLCBhbmQgMjAgTW90aCBXaW5ncy4=,,,,,W0ppbW15IFJvYmVydF0KSG1tLi4uPyBBaW5kYSBuw6NvIMOpIG8gc3VmaWNpZW50ZS4KUHJlY2lzbyBkZSAyMCBQw7NzIGRlIEJvcmJvbGV0YSBlIDIwIFDDs3MgZGUgTWFyaXBvc2Eu,,W0ppbW15IFJvYmVydF0Kwr9NbS4uLj8gQcO6biBwYXJlY2Ugbm8gc2VyIHN1ZmljaWVudGUuClBvciBmYXZvciwgY29uc2lnYQoyMCBQb2x2b3MgZGUgQWxhIGRlIE1hcmlwb3NhCnkgMjAgUG9sdm9zIGRlIEFsYSBkZSBQb2xpbGxhLg==
i9ZIDA,,W0ppbW15IFJvYmVydF0KSWYgeW91IHNob3cgdGhhdCBtdWNoIHNpbmNlcml0eSwgSSBzaG91bGQgYmUgYWJsZSB0byB0cnVzdCB5b3VyIHN0b3J5IGFuZCB0aGUgY29udGVudHMgb2YgdGhpcyBzZWNyZXQgbGV0dGVyLgpZb3UnbGwgZG8gaXQsIHJpZ2h0Pw==,,,,,W0ppbW15IFJvYmVydF0KU2Ugdm9jw6ogbW9zdHJhciBlc3NhIGJvYSB2b250YWRlLCB2b3UgY29uc2VndWlyIGNvbmZpYXIKc3VmaWNpZW50ZW1lbnRlIG5hIHN1YSBoaXN0w7NyaWEgZSBubyBjb250ZcO6ZG8gZGVzdGEgY2FydGEgc2VjcmV0YS4KVm9jw6ogZmFyw6EgaXNzbywgbsOjbyDDqT8=,,W0ppbW15IFJvYmVydF0KU2kgbXVlc3RyYXMgZXNhIGJ1ZW5hIHZvbHVudGFkLApjcmVlcsOpIHN1ZmljaWVudGVtZW50ZSBlbiB0dSBoaXN0b3JpYQp5IGVuIGVsIGNvbnRlbmlkbyBkZSBlc3RhIGNhcnRhIHNlY3JldGEuCsK/QWNlcHRhcsOhPw==
jNZIDA,,W0ppbW15IFJvYmVydF0KVGhlIHdpbmQgaXMgYmxvd2luZyBhbmQgdGhlIHdlYXRoZXIgaXNuJ3QgYmFkIGVpdGhlci4uLg==,,,,,W0ppbW15IFJvYmVydF0KTyB2ZW50byBlc3TDoSBzb3ByYW5kbyBlIG8gY2xpbWEgbsOjbyBlc3TDoSBydWltLi4u,,W0ppbW15IFJvYmVydF0KRWwgdmllbnRvIHNvcGxhCnkgZWwgY2xpbWEgbm8gZXN0w6EgbWFsLi4=
