QOLKDQ,,T21lZ2E=,,,,,w5RtZWdh,,T21lZ2E=
QeLKDQ,,PFJ1bmUgRXhjaGFuZ2U+,,,,,PFRyb2NhIGRlIFJ1bmFzPg==,,PEludGVyY2FtYmlvIGRlIHJ1bmFzPg==
QuLKDQ,,THVsdXJ1bnVudXJ1bHVsdXJ1bnVudXJ1fg==,,,,,THVydXJ1bnVudXJ1bHVydXJ1bnVudXJ1fg==,,THVsdXJ1bnVucnVsdWx1bnVufg==
Q+LKDQ,,W09tZWdhXQpMdWx1cnVudW51cnVsdWx1cnVudW51cnVsdWx1cnVudW51cnVsdWx1cnVudW51cnVsdWx1cnVudW51cnVsdWx1fg==,,,,,W8OUbWVnYV0KTHVydXJ1bnVudXJ1bHVydXJ1bnVudXJ1bHVydXJ1bnVudXJ1bHVydXJ1bnVudXJ1bHVydXJ1bnVudXJ1bHVydX4=,,W09tZWdhXQpMdWx1cnVudW5ydWx1bHVudW5ydWx1bHVudW5ydWx1bHVudW5ydWx1bHVudW5ydWx1bHVudW5ydWx1bHV+
ROLKDQ,,W3swfV0KSXQgc2VlbXMgdG8gZXhjaGFuZ2UgUnVuZSBGcmFnbWVudHMgb2J0YWluZWQgaW4gQXJ0aWZpY2lhbCBIYWJpdGF0IGZvciBjb21wbGV0ZSBSdW5lcy4=,,,,,W3swfV0KUGFyZWNlIHF1ZSBlbGUgdHJhbnNmb3JtYSBvcyBmcmFnbWVudG9zIGRlIHJ1bmEgb2J0aWRvcyBubyBIYWJpdGF0IEFydGlmaWNpYWwgZW0gcnVuYXMgY29tcGxldGFzLg==,,W3swfV0KUGFyZWNlIHF1ZSBjYW1iaWEgbG9zIGZyYWdtZW50b3MgZGUgcnVuYSBvYnRlbmlkb3MgZGVudHJvIGRlbCBIw6FiaXRhdCBhcnRpZmljaWFsIHBvciBydW5hcyBjb21wbGV0YXMu
ReLKDQ,,QmV0YQ==,,,,,QmV0YQ==,,QmV0YQ==
RuLKDQ,,PFZhcm11bnQgRXF1aXBtZW50IFJ1bmUgSW5zY3JpcHRpb24+,,,,,PEdyYXZhw6fDo28gZW0gRXF1aXBhbWVudG9zIGRlIFZhcm11bnQ+,,PEdyYWJhZG8gZGUgZXF1aXBvIGRlIFZhcm11bnQ+
R+LKDQ,,Q3VzdG9tZXIsIGRvIHlvdSBoYXZlIGFueSBpdGVtcyBvYnRhaW5lZCBmcm9tIEFydGlmaWNpYWwgSGFiaXRhdD8=,,,,,Q2xpZW50ZSwgdm9jw6ogcG9zc3VpIGFsZ3VtIGl0ZW0gb2J0aWRvIG5vIEhhYml0YXQgQXJ0aWZpY2lhbD8=,,Q2xpZW50ZSwgwr90aWVuZSBhbGfDum4gb2JqZXRvIG9idGVuaWRvIGVuIGVsIEjDoWJpdGF0IGFydGlmaWNpYWw/
SOLKDQ,,W0JldGFdClNpbmNlIHlvdSBoYXZlIGNvbWUgaGVyZSwgSSBwcmVzdW1lIHlvdSBoYXZlIHNvbWV0aGluZyBvYnRhaW5lZCBmcm9tIEFydGlmaWNpYWwgSGFiaXRhdD8=,,,,,W0JldGFdClNlIHZlaW8gYXTDqSBhcXVpLCBpbWFnaW5vIHF1ZSB0ZW5oYSBlbmNvbnRyYWRvIGFsZ28gbm8gSGFiaXRhdCBBcnRpZmljaWFsLCBjZXJ0bz8=,,W0JldGFdClNpIGhhIHZlbmlkbyBoYXN0YSBhcXXDrSwgc2lnbmlmaWNhIHF1ZSB0aWVuZSBhbGdvIHF1ZSBvYnR1dm8gZW4gZWwgSMOhYml0YXQgYXJ0aWZpY2lhbCwgwr92ZXJkYWQ/
SeLKDQ,,W0JldGFdCkJyaW5nIG1lIE1hc3RlciBWYXJtdW50J3MgZXF1aXBtZW50IG9idGFpbmVkIGZyb20gQXJ0aWZpY2lhbCBIYWJpdGF0IGFsb25nIHdpdGggYSBSdW5lLCBhbmQgSSB3aWxsIGluc2NyaWJlIHRoZSBSdW5lIG9udG8gdGhlIGVxdWlwbWVudC4gUGxlYXNlIGNvbnNpZGVyIGl0IGEgc21hbGwgdG9rZW4gb2YgZ3JhdGl0dWRlIGZvciBoZWxwaW5nIHVzLg==,,,,,W0JldGFdClRyYWdhIGFzIHJ1bmFzIGUgb3MgZXF1aXBhbWVudG9zIGRvIE1lc3RyZSBWYXJtdW50IGVuY29udHJhZG9zIG5vIEhhYml0YXQgQXJ0aWZpY2lhbCwgZSBncmF2YXJlaSBhcyBydW5hcyBub3MgZXF1aXBhbWVudG9zLiBDb25zaWRlcmUgaXNzbyB1bWEgcGVxdWVuYSByZXRyaWJ1acOnw6NvIHBlbGEgYWp1ZGEgcXVlIG5vcyB0ZW0gcHJlc3RhZG8u,,W0JldGFdClNpIHRyYWUgdW5hIHJ1bmEgeSBlcXVpcG8gZGVsIHNlw7FvciBWYXJtdW50IG9idGVuaWRvIGVuIGVsIEjDoWJpdGF0IGFydGlmaWNpYWwsIGdyYWJhcmVtb3MgbGEgcnVuYSBlbiBlbCBlcXVpcG8uIENvbnNpZMOpcmVsbyB1bmEgcGVxdWXDsWEgbXVlc3RyYSBkZSBhZ3JhZGVjaW1pZW50byBwYXJhIGxvcyBhdmVudHVyZXJvcyBxdWUgbm9zIGF5dWRhbi4=
SuLKDQ,,W0JldGFdClRoZSBSdW5lcyB1c2VkIGZvciBpbnNjcmlwdGlvbiBhcmUgaGFuZGxlZCBieSBPbWVnYSBpbiBmcm9udCBvZiBtZS4gQnJpbmcgUnVuZSBGcmFnbWVudHMsIGFuZCBPbWVnYSB3aWxsIG1ha2UgdGhlbSBpbnRvIGNvbXBsZXRlIFJ1bmVzLg==,,,,,W0JldGFdCkFzIHJ1bmFzIHVzYWRhcyBuYSBncmF2YcOnw6NvIHPDo28gZm9ybmVjaWRhcyBwb3Igw5RtZWdhLCBxdWUgZXN0w6Egw6AgbWluaGEgZnJlbnRlLiBTZSB0cm91eGVyIGZyYWdtZW50b3MgZGUgcnVuYSwgZWxlIG9zIHRyYW5zZm9ybWFyw6EgZW0gcnVuYXMgY29tcGxldGFzLg==,,W0JldGFdCkxhcyBydW5hcyB1dGlsaXphZGFzIHBhcmEgZWwgZ3JhYmFkbyBsYXMgZ2VzdGlvbmEgT21lZ2EsIHF1ZSBlc3TDoSBkZWxhbnRlIGRlIG3DrS4gU2kgdHJhZSBmcmFnbWVudG9zIGRlIHJ1bmEsIGxvcyBjb252ZXJ0aXLDoSBlbiBydW5hcyBjb21wbGV0YXMu
S+LKDQ,,W0JldGFdCk5vdywgcGxlYXNlIGV4YW1pbmUgbXkgbGlzdC4gVGhlc2UgYmVhdXRpZnVsIHBpZWNlcyBvZiBlcXVpcG1lbnQuLi4h,,,,,W0JldGFdCkVudMOjbywgcG9yIGZhdm9yLCBleGFtaW5lIGEgbGlzdGEgcXVlIHRlbmhvIGNvbWlnby4gRXN0ZXMgYmVsb3MgZXF1aXBhbWVudG9zLi4uIQ==,,W0JldGFdCkVudG9uY2VzLCBsZSBydWVnbyBxdWUgcmV2aXNlIGxhIGxpc3RhIHF1ZSB0ZW5nby4gwqFFc3RvcyBoZXJtb3NvcyBlcXVpcG9zLi4uIQ==
TOLKDQ,,PFN0YW5kYXJkIEVxdWlwbWVudCBSdW5lIEluc2NyaXB0aW9uPg==,,,,,PEdyYXZhw6fDo28gZW0gRXF1aXBhbWVudG9zIENvbXVucz4=,,PEdyYWJhZG8gZGUgZXF1aXBvIG5vcm1hbD4=
TeLKDQ,,Q3VzdG9tZXIsIEkga25vdyBvZiBzb21lIGFtYX56aW5nIGVxdWlwbWVudCE=,,,,,Q2xpZW50ZSwgZXUgY29uaGXDp28gZXF1aXBhbWVudG9zIGluY3LDrXZlaXMh,,Q2xpZW50ZSwgwqFjb25vemNvIHVuIGVxdWlwbyBpbmNyZcOtYmxlIQ==
TuLKDQ,,W0JldGFdCkhvLCBhZHZlbnR1cmVyIEN1c3RvbWVyPyBFeGNlbGxlbnQuIFdlbGNvbWUuIFBsZWFzZSBoZWFyIG1lIG91dC4gSSBrbm93IG9mIHNvbWUgYW1hemluZyBlcXVpcG1lbnQgdGhhdCBtYXkgaW50ZXJlc3QgYWR2ZW50dXJlciBDdXN0b21lci4=,,,,,W0JldGFdCkhvLCBhdmVudHVyZWlybyBDbGllbnRlPyBRdWUgYm9tLiBWb2PDqiBjaGVnb3UgbmEgaG9yYSBjZXJ0YS4gRXNjdXRlIG8gcXVlIHRlbmhvIGEgZGl6ZXIuIEV1IGNvbmhlw6dvIGVxdWlwYW1lbnRvcyBpbmNyw612ZWlzIHF1ZSBjZXJ0YW1lbnRlIGRlc3BlcnRhcsOjbyBvIGludGVyZXNzZSBkbyBhdmVudHVyZWlybyBDbGllbnRlLg==,,W0JldGFdCkhvLCDCv2F2ZW50dXJlcm8gQ2xpZW50ZT8gUGVyZmVjdG8uIEhhIHZlbmlkbyBlbiBidWVuIG1vbWVudG8uIEVzY8O6Y2hlbWUgdW4gbW9tZW50by4gQ29ub3pjbyB1biBlcXVpcG8gaW5jcmXDrWJsZSBxdWUgcG9kcsOtYSBpbnRlcmVzYXJsZSBhbCBhdmVudHVyZXJvIENsaWVudGUu
T+LKDQ,,W0JldGFdCk9uZSBkYXksIE9tZWdhIGhlcmUgbWFkZSB0aGUgUnVuZSBGcmFnbWVudHMgYnJvdWdodCBmcm9tIEFydGlmaWNpYWwgSGFiaXRhdCBpbnRvIGNvbXBsZXRlIFJ1bmVzLg==,,,,,W0JldGFdCkNlcnRvIGRpYSwgw5RtZWdhLCBxdWUgZXN0w6EgYXF1aSwgdHJhbnNmb3Jtb3Ugb3MgZnJhZ21lbnRvcyBkZSBydW5hIHRyYXppZG9zIGRvIEhhYml0YXQgQXJ0aWZpY2lhbCBlbSBydW5hcyBjb21wbGV0YXMu,,W0JldGFdClVuIGTDrWEsIE9tZWdhLCBxdWUgZXN0w6EgYXF1w60sIGNvbnZpcnRpw7MgZW4gcnVuYXMgY29tcGxldGFzIHVub3MgZnJhZ21lbnRvcyBkZSBydW5hIHRyYcOtZG9zIGRlbCBIw6FiaXRhdCBhcnRpZmljaWFsLg==
UOLKDQ,,W0JldGFdCldoaWxlIGV4YW1pbmluZyB0aG9zZSBSdW5lcywgaW5zcGlyYXRpb24gc3VkZGVubHkgc3RydWNrIG1lLiBVc2luZyBzZXZlcmFsIGNvbXBhdGlibGUgaXRlbXMgYXMgY2F0YWx5c3RzLCBJIGluc2NyaWJlZCB0aGUgUnVuZXMgb250byBlcXVpcG1lbnQgbGVmdCBiZWhpbmQgYnkgb3VyIGd1ZXN0cy4gSSBiZWxpZXZlIHRoaXMgaXMgd2hhdCB0aGUgZ3Vlc3RzIGNhbGxlZCBnZW5pdXMu,,,,,W0JldGFdCkVucXVhbnRvIGV4YW1pbmF2YSBlc3NhcyBydW5hcywgdGl2ZSB1bWEgaW5zcGlyYcOnw6NvIHJlcGVudGluYSBlIGdyYXZlaS1hcyBlbSBlcXVpcGFtZW50b3MgZGVpeGFkb3MgcGVsb3MgaMOzc3BlZGVzLCB1c2FuZG8gY29tbyBjYXRhbGlzYWRvcmVzIGFsZ3VucyBpdGVucyBjb21wYXTDrXZlaXMuIEFjaG8gcXVlIGlzc28gw6kgbyBxdWUgb3MgaMOzc3BlZGVzIGNoYW1hdmFtIGRlIGdlbmlhbGlkYWRlLg==,,W0JldGFdCk1pZW50cmFzIGV4YW1pbmFiYSBlc2FzIHJ1bmFzLCBzZSBtZSBvY3VycmnDsyBkZSBwcm9udG8gZ3JhYmFybGFzIGVuIGVxdWlwb3MgcXVlIGhhYsOtYW4gZGVqYWRvIGxvcyBodcOpc3BlZGVzLCB1c2FuZG8gY29tbyBpbnRlcm1lZGlhcmlvcyBhbGd1bm9zIG9iamV0b3MgY29tcGF0aWJsZXMuIFBhcmVjZSBxdWUgZXN0byBlcyBsbyBxdWUgbG9zIGh1w6lzcGVkZXMgbGxhbWFiYW4gZ2VuaWFsaWRhZC4=
UeLKDQ,,W0JldGFdCkJ1dCBpdCBjYW5ub3QgYmUgZG9uZSB3aXRoIGV2ZXJ5IHBpZWNlIG9mIGVxdWlwbWVudC4gV2VsbCwgb25seSBjZXJ0YWluIHBpZWNlcy4uLiBPaCwgaG9uZXN0bHkhISBKdXN0IHRha2UgYSBsb29rLiBJIHdpbGwgaW5zY3JpYmUgdGhlbSBhcyB0aGFua3MgdG8gQ3VzdG9tZXIgZm9yIGhlbHBpbmcgdXMh,,,,,W0JldGFdCk1hcyBpc3NvIG7Do28gZnVuY2lvbmEgZW0gdG9kb3Mgb3MgZXF1aXBhbWVudG9zLiBCZW0sIGFwZW5hcyBlbSBhbGd1bnMgZGVsZXMuLi4gQWgsIHF1ZSBjb2lzYSEhIEFwZW5hcyB2ZWphIHBvciBjb250YSBwcsOzcHJpYS4gRmFyZWkgYSBncmF2YcOnw6NvIGNvbW8gYWdyYWRlY2ltZW50byBwZWxhIGFqdWRhIGRlIENsaWVudGUh,,W0JldGFdClBlcm8gbm8gc2UgcHVlZGUgaGFjZXIgY29uIHRvZG9zIGxvcyBlcXVpcG9zLCBlaCwgc29sbyBjb24gYWxndW5vcy4uLiDCoUF5LCBiYXN0YSEgTWlyZSBzaW4gbcOhcy4gQ29tbyBhZ3JhZGVjaW1pZW50byBhIENsaWVudGUgcG9yIGF5dWRhcm5vcywgc2UgbG8gZ3JhYmFyZW1vcy4=
UuLKDQ,,PEVxdWlwbWVudCBFbmNoYW50bWVudD4=,,,,,PEVuY2FudGFtZW50byBkZSBFcXVpcGFtZW50b3M+,,PEVuY2FudGFtaWVudG8gZGUgZXF1aXBvPg==
U+LKDQ,,SWYgeW91IHBvc3Nlc3MgTWFzdGVyIFZhcm11bnQncyBpbnNjcmliZWQgZXF1aXBtZW50LCBwbGVhc2UgY29tZSB0aGlzIHdheS4=,,,,,U2UgcG9zc3VpIGVxdWlwYW1lbnRvcyBncmF2YWRvcyBkbyBNZXN0cmUgVmFybXVudCwgdmVuaGEgcG9yIGFxdWku,,U2kgdGllbmUgZXF1aXBvIGdyYWJhZG8gZGVsIHNlw7FvciBWYXJtdW50LCB2ZW5nYSBwb3IgYXF1w60u
VOLKDQ,,W0JldGFdCkRvIHlvdSBwb3NzZXNzIE1hc3RlciBWYXJtdW50J3MgaW5zY3JpYmVkIGVxdWlwbWVudCBvYnRhaW5lZCBmcm9tIEFydGlmaWNpYWwgSGFiaXRhdD8gSWYgaXQgaGFzIGJlZW4gXjAwMDBDRHJlZmluZWQgdG8gN14wMDAwMDAsIGl0IGNhbiBiZSBlbmNoYW50ZWQu,,,,,W0JldGFdClZvY8OqIHBvc3N1aSBlcXVpcGFtZW50b3MgZ3JhdmFkb3MgZG8gTWVzdHJlIFZhcm11bnQgb2J0aWRvcyBubyBIYWJpdGF0IEFydGlmaWNpYWw/IFNlIGVzdGl2ZXJlbSBeMDAwMENEcmVmaW5hZG9zIGF0w6kgN14wMDAwMDAsIHNlcsOhIHBvc3PDrXZlbCBlbmNhbnTDoS1sb3Mu,,W0JldGFdCsK/VGllbmUgZXF1aXBvIGdyYWJhZG8gZGVsIHNlw7FvciBWYXJtdW50IG9idGVuaWRvIGVuIGVsIEjDoWJpdGF0IGFydGlmaWNpYWw/IFNpIGVzdMOhIF4wMDAwQ0RyZWZpbmFkbyBoYXN0YSA3XjAwMDAwMCwgcHVlZGUgZW5jYW50YXJzZS4=
VeLKDQ,,W0JldGFdCkJyaW5nIGEgUnVuZSBtYXRjaGluZyB0aGUgZXF1aXBtZW50J3MgYXR0cmlidXRlIGFuZCB0aGUgcmVxdWlyZWQgZmVlLCBhbmQgeW91IG1heSBlbmNoYW50IGl0IHVwIHRvIDIgdGltZXMuIEVuY2hhbnRtZW50cyBjYW4gYWxzbyBiZSByZXNldC4=,,,,,W0JldGFdClNlIHRyb3V4ZXIgdW1hIHJ1bmEgY29tcGF0w612ZWwgY29tIG8gYXRyaWJ1dG8gZGUgY2FkYSBlcXVpcGFtZW50byBlIHBhZ2FyIHVtYSBwZXF1ZW5hIHRheGEsIHBvZGVyw6EgZW5jYW50w6EtbG8gYXTDqSAyIHZlemVzLiBUYW1iw6ltIMOpIHBvc3PDrXZlbCByZWluaWNpYWxpemFyIG9zIGVuY2FudGFtZW50b3Mu,,W0JldGFdClNpIHRyYWUgdW5hIHJ1bmEgY29tcGF0aWJsZSBjb24gZWwgYXRyaWJ1dG8gZGUgY2FkYSBlcXVpcG8geSB1bmEgcGVxdWXDsWEgY29taXNpw7NuLCBwb2Ryw6EgYXBsaWNhciBlbmNhbnRhbWllbnRvcyBoYXN0YSAyIHZlY2VzLiBUYW1iacOpbiBlcyBwb3NpYmxlIHJlaW5pY2lhciBlbCBlbmNhbnRhbWllbnRvLg==
VuLKDQ,,R3Jhc3NsYW5kIEVxdWlwbWVudCBFbmNoYW50bWVudA==,,,,,RW5jYW50YW1lbnRvIGRlIEVxdWlwYW1lbnRvcyBkZSBQcmFkYXJpYQ==,,RW5jYW50YW1pZW50byBkZSBlcXVpcG8gUHJhZGVyYQ==
V+LKDQ,,RmxhbWUgRXF1aXBtZW50IEVuY2hhbnRtZW50,,,,,RW5jYW50YW1lbnRvIGRlIEVxdWlwYW1lbnRvcyBkZSBDaGFtYXM=,,RW5jYW50YW1pZW50byBkZSBlcXVpcG8gRnVlZ28=
WOLKDQ,,SWNlIEVxdWlwbWVudCBFbmNoYW50bWVudA==,,,,,RW5jYW50YW1lbnRvIGRlIEVxdWlwYW1lbnRvcyBkZSBHZWxv,,RW5jYW50YW1pZW50byBkZSBlcXVpcG8gZGUgaGllbG8=
WeLKDQ,,RGVhdGggRXF1aXBtZW50IEVuY2hhbnRtZW50,,,,,RW5jYW50YW1lbnRvIGRlIEVxdWlwYW1lbnRvcyBkZSBNb3J0ZQ==,,RW5jYW50YW1pZW50byBkZSBlcXVpcG8gTXVlcnRl
WuLKDQ,,W0JldGFdClVuZGVyc3Rvb2QuIEkgd2lsbCBlbmNoYW50IGl0IGltbWVkaWF0ZWx5Lg==,,,,,W0JldGFdCkVudGVuZGlkby4gRmFyZWkgbyBlbmNhbnRhbWVudG8gaW1lZGlhdGFtZW50ZS4=,,W0JldGFdCkVudGVuZGlkby4gTGUgYXl1ZGFyw6kgY29uIGVsIGVuY2FudGFtaWVudG8gZGUgaW5tZWRpYXRvLg==
