gFmxAQ,,QmVsbGphbWluIEJ1dHRvbg==,,,,,SG9yw6FjaW8gUG9udGVpcm8=,,Qm90w7NuIEJlbGxqYW1pbg==
gVmxAQ,,W0JlbGxqYW1pbiBCdXR0b25dClRoZSBtb25zdGVycyBoZXJlIGFyZSBhYmxlIHRvIGNvbnRyb2wgdGltZS4KQ29tZSBiYWNrIHdoZW4geW91J3ZlIHJlYWNoZWQgbGV2ZWwgXjAwMDBGRkxWMTUwXjAwMDAwMC4=,,,,,W0hvcsOhY2lvIFBvbnRlaXJvXQpPcyBtb25zdHJvcyBhcXVpIHPDo28gY2FwYXplcyBkZSBjb250cm9sYXIgbyB0ZW1wby4KVm9sdGUgcXVhbmRvIHRpdmVyIGFsY2Fuw6dhZG8gbyBuw612ZWwgXjAwMDBGRk5WMTUwXjAwMDAwMC4=,,W0JlbmphbcOtbiBCb3TDs25dCkVzdG9zIG1vbnN0cnVvcyBwdWVkZW4gY29udHJvbGFyIGVsIHRpZW1wby4KVnVlbHZlIGN1YW5kbyBoYXlhcyBsbGVnYWRvIGFsIG5pdmVsXjAwMDBGRjE1MF4wMDAwMDAu
glmxAQ,,W0JlbGxqYW1pbiBCdXR0b25dClRoZSBtb25zdGVycyBoZXJlIGFyZSBhYmxlIHRvIGNvbnRyb2wgdGltZS4KVGltZSwgbWVtb3JpZXMsIGVudmlyb25tZW50cy4uLiBhbGwgY2FuIGJlY29tZSB3YXJwZWQgaGVyZS4=,,,,,W0hvcsOhY2lvIFBvbnRlaXJvXQpPcyBtb25zdHJvcyBhcXVpIHPDo28gY2FwYXplcyBkZSBjb250cm9sYXIgbyB0ZW1wby4KVGVtcG8sIG1lbcOzcmlhcywgYW1iaWVudGVzLi4uIHR1ZG8gcG9kZSBzZXIgZGlzdG9yY2lkbyBhcXVpLg==,,W0JlbmphbcOtbiBCb3TDs25dCkVzdG9zIG1vbnN0cnVvcyBwdWVkZW4gY29udHJvbGFyIGVsIHRpZW1wby4KRWwgdGllbXBvLCBsb3MgcmVjdWVyZG9zLCBsb3MgZW50b3Jub3MuLi4gdG9kbyBwdWVkZSBkaXN0b3JzaW9uYXJzZSBhcXXDrS4=
g1mxAQ,,W0JlbGxqYW1pbiBCdXR0b25dCkknbSBiZWdnaW5nIHlvdSBub3QgdG8gYXNrIG1vcmUgYWJvdXQgaXQuCkl0IG1pZ2h0IHB1dCB5b3VyIGxpZmUgaW4gZGFuZ2VyLg==,,,,,W0hvcsOhY2lvIFBvbnRlaXJvXQpFc3RvdSBsaGUgaW1wbG9yYW5kbyBwYXJhIG7Do28gcGVyZ3VudGFyIG1haXMgc29icmUgaXNzby4KSXNzbyBwb2RlIGNvbG9jYXIgc3VhIHZpZGEgZW0gcGVyaWdvLg==,,W0JlbmphbcOtbiBCb3TDs25dClRlIHJ1ZWdvIHF1ZSBubyBtZSBwcmVndW50ZXMgbcOhcyBzb2JyZSBlc28uClBvZHLDrWEgcG9uZXIgZW4gcmllc2dvIHR1IHZpZGEu
hFmxAQ,,RG9uJ3QgYXNr,,,,,TsOjbyBwZXJndW50ZQ==,,Tm8gcHJlZ3VudGFyLg==
hVmxAQ,,R28gdG8gMm5kIGZsb29yIG9mIHdhcnBlZCB0b3dlcg==,,,,,VsOhIHBhcmEgbyBzZWd1bmRvIGFuZGFyIGRhIHRvcnJlIGRlZm9ybWFkYQ==,,SXIgYWwgcGlzbyAyIGRlIGxhIHRvcnJlIGRpc3RvcnNpb25hZGEu
hlmxAQ,,R28gdG8gM3JkIGZsb29yIG9mIHdhcnBlZCB0b3dlcg==,,,,,VsOhIHBhcmEgbyB0ZXJjZWlybyBhbmRhciBkYSB0b3JyZSBkZWZvcm1hZGE=,,SXIgYWwgcGlzbyAzIGRlIGxhIHRvcnJlIGRpc3RvcnNpb25hZGEu
h1mxAQ,,W0JlbGxqYW1pbiBCdXR0b25dClBoZXcuLi4gSSB0aGluayB5b3UndmUgbWFkZSBhIGdvb2QgY2hvaWNlLgpUaGlzIHBsYWNlIGlzIHNvIGJydXRhbCBzbyB5b3Ugc2hvdWxkIHByb2JhYmx5IGdldCBiYWNrIHRvIGEgc2FmZSBhcmVhLg==,,,,,W0hvcsOhY2lvIFBvbnRlaXJvXQpVZmEuLi4gQWNobyBxdWUgdm9jw6ogZmV6IHVtYSBib2EgZXNjb2xoYS4KRXN0ZSBsdWdhciDDqSB0w6NvIGJydXRhbCBxdWUgdm9jw6ogcHJvdmF2ZWxtZW50ZSBkZXZlcmlhIHZvbHRhciBwYXJhIHVtYSDDoXJlYSBzZWd1cmEu,,W0JlbmphbcOtbiBCb3TDs25dCkZpdS4uLiBDcmVvIHF1ZSB0b21hc3RlIGxhIGRlY2lzacOzbiBjb3JyZWN0YS4KRXN0ZSBsdWdhciBlcyBicnV0YWwsIGFzw60gcXVlIHNlcsOhIG1lam9yIHF1ZSB2dWVsdmFzIGEgdW5hIHpvbmEgc2VndXJhLg==
iFmxAQ,,W0JlbGxqYW1pbiBCdXR0b25dCkl0J3MgdG9vIHJpc2t5Lg==,,,,,W0hvcsOhY2lvIFBvbnRlaXJvXQrDiSBtdWl0byBhcnJpc2NhZG8u,,W0JlbmphbcOtbiBCb3TDs25dCkVzIG11eSByaWVzZ29zby4=
iVmxAQ,,W0JlbGxqYW1pbiBCdXR0b25dClRoZSBlbnRyYW5jZSBmZWUgaXMgXjAwMDBGRjEwLDAwMHpeMDAwMDAwLi4u,,,,,W0hvcsOhY2lvIFBvbnRlaXJvXQpBIHRheGEgZGUgZW50cmFkYSDDqSBkZSBeMDAwMEZGMTAuMDAwel4wMDAwMDAuLi4=,,W0JlbmphbcOtbiBCb3TDs25dCkxhIGVudHJhZGEgY3Vlc3RhIF4wMDAwRkYxMDAwMCB6ZW55XjAwMDAwMC4=
ilmxAQ,,UXVpdA==,,,,,U2Fpcg==,,U2FsaXIu
i1mxAQ,,UGF5IDEwLDAwMHo=,,,,,UGFnYXIgMTAuMDAweg==,,UGFnYXIgMTAwMDAgemVueS4=
jFmxAQ,,V2h5IGRvIHlvdSBuZWVkIG1vbmV5Pw==,,,,,UG9yIHF1ZSB2b2PDqiBwcmVjaXNhIGRlIGRpbmhlaXJvPw==,,wr9Qb3IgcXXDqSBuZWNlc2l0YXMgZGluZXJvPw==
jVmxAQ,,W0JlbGxqYW1pbiBCdXR0b25dCk5vdCBlbm91Z2ggemVueT8KSWYgeW91IGFyZSBub3QgcGF5aW5nIF4wMDAwRkYxMCwwMDB6XjAwMDAwMCBJIHdvbid0IGxldCB5b3UgcGFzcyBmb3IgeW91ciBvd24gc2FmZXR5IQ==,,,,,W0hvcsOhY2lvIFBvbnRlaXJvXQpOw6NvIHRlbSBaZW55IHN1ZmljaWVudGU/ClNlIG7Do28gZXN0aXZlciBwYWdhbmRvIF4wMDAwRkYxMC4wMDB6XjAwMDAwMCwgbsOjbyBvIGRlaXhhcmVpIHBhc3NhciBwYXJhIHN1YSBwcsOzcHJpYSBzZWd1cmFuw6dhIQ==,,W0JlbmphbcOtbiBCb3TDs25dCsK/Tm8gdGUgYWxjYW56YW4gbG9zIHplbnk/ClNpIG5vIHBhZ2FzIGxvcyBeMDAwMEZGMTAwMDAgemVueV4wMDAwMDAsIG5vIHRlIGRlamFyw6kgcGFzYXIuIMKhRXMgcG9yIHR1IHByb3BpYSBzZWd1cmlkYWQh
jlmxAQ,,W0JlbGxqYW1pbiBCdXR0b25dCkknbSBub3Qgc3VyZSBob3cgeW91J2xsIGtlZXAgdHJhY2sgb2YgdGltZSBidXQgYmUgYXMgY2FyZWZ1bCBhcyB5b3UgY2FuLg==,,,,,W0hvcsOhY2lvIFBvbnRlaXJvXQpOw6NvIHRlbmhvIGNlcnRlemEgZGUgY29tbyB2b2PDqiB2YWkgY29udHJvbGFyIG8gdGVtcG8sIG1hcyBzZWphIG8gbWFpcyBjdWlkYWRvc28gcG9zc8OtdmVsLg==,,W0JlbmphbcOtbiBCb3TDs25dCk5vIHPDqSBiaWVuIGPDs21vIGNhbGN1bGFyw6FzIGVsIHRpZW1wbywgcGVybyBjdcOtZGF0ZSB0b2RvIGxvIHF1ZSBwdWVkYXMu
j1mxAQ,,W0JlbGxqYW1pbiBCdXR0b25dClRoZSBmZWUgaXNuJ3QgdGhhdCBtdWNoIHRvIGFzayBmb3IuCkFsbCBjb2xsZWN0ZWQgZnVuZHMgYXJlIHVzZWQgdG8gd2FybiBhZHZlbnR1cmVycyBsaWtlIHlvdS4=,,,,,W0hvcsOhY2lvIFBvbnRlaXJvXQpOw6NvIMOpIHByZWNpc28gcGVkaXIgbXVpdG8gcGFyYSBwYWdhciBhIHRheGEuClRvZG9zIG9zIGZ1bmRvcyBjb2xldGFkb3Mgc8OjbyB1c2Fkb3MgcGFyYSBhbGVydGFyIGF2ZW50dXJlaXJvcyBjb21vIHZvY8OqLg==,,W0JlbmphbcOtbiBCb3TDs25dCkxhIGVudHJhZGEgbm8gZXMgbXV5IGNhcmEuCkxvcyBmb25kb3MgcmVjYXVkYWRvcyBzZSB1c2FuIHBhcmEgYWR2ZXJ0aXIgYSB0cm90YW11bmRvcyBjb21vIHTDui4=
kFmxAQ,,W0JlbGxqYW1pbiBCdXR0b25dCkJlIGNhcmVmdWwgd2l0aCB5b3VyIGNob2ljZS4=,,,,,W0hvcsOhY2lvIFBvbnRlaXJvXQpUZW5oYSBjdWlkYWRvIGNvbSBzdWEgZXNjb2xoYS4=,,W0JlbmphbcOtbiBCb3TDs25dClRlbiBjdWlkYWRvIGNvbiBsbyBxdWUgZGVjaWRlcy4=
kVmxAQ,,W0JlbGxqYW1pbiBCdXR0b25dCkkgbmVlZCBeMDAwMEZGMTAsMDAwel4wMDAwMDAgdG8gbGV0IHlvdSBpbi4gSXQncyBhIHByZXR0eSBkYW5nZXJvdXMgcGxhY2UgdG8gYmUu,,,,,W0hvcsOhY2lvIFBvbnRlaXJvXQpQcmVjaXNvIGRlIF4wMDAwRkYxMC4wMDB6XjAwMDAwMCBwYXJhIGRlaXjDoS1sbyBlbnRyYXIuIMOJIHVtIGx1Z2FyIG11aXRvIHBlcmlnb3NvIHBhcmEgc2UgZXN0YXIu,,W0JlbmphbcOtbiBCb3TDs25dCkRhbWUgXjAwMDBGRjEwMDAwIHplbnleMDAwMDAwLCB5IHRlIGRlamFyw6kgcGFzYXIuIEVzIHVuIGx1Z2FyIGJhc3RhbnRlIHBlbGlncm9zby4=
klmxAQ,,W0JlbGxqYW1pbiBCdXR0b25dCkV4Y2VsbGVudCEKUGhldy4uLiBJIHRoaW5rIHlvdSd2ZSBtYWRlIGEgZ29vZCBjaG9pY2UuClRoaXMgcGxhY2UgaXMgc28gYnJ1dGFsIHNvIHlvdSBzaG91bGQgcHJvYmFibHkgZ2V0IGJhY2sgdG8gYSBzYWZlIGFyZWEu,,,,,W0hvcsOhY2lvIFBvbnRlaXJvXQpFeGNlbGVudGUhClVmYS4uLiBBY2hvIHF1ZSB2b2PDqiBmZXogdW1hIGJvYSBlc2NvbGhhLgpFc3RlIGx1Z2FyIMOpIHTDo28gYnJ1dGFsIHF1ZSB2b2PDqiBwcm92YXZlbG1lbnRlIGRldmVyaWEgdm9sdGFyIHBhcmEgdW1hIMOhcmVhIHNlZ3VyYS4=,,W0JlbmphbcOtbiBCb3TDs25dCsKhRXhjZWxlbnRlIQpGaXUuLi4gQ3JlbyBxdWUgdG9tYXN0ZSBsYSBkZWNpc2nDs24gY29ycmVjdGEuCkVzdGUgbHVnYXIgZXMgYnJ1dGFsLCBhc8OtIHF1ZSBzZXLDoSBtZWpvciBxdWUgdnVlbHZhcyBhIHVuYSB6b25hIHNlZ3VyYS4=
k1mxAQ,,W0JlbGxqYW1pbiBCdXR0b25dCkhhdmUgd2UgZXZlciBtZXQgYmVmb3JlPw==,,,,,W0hvcsOhY2lvIFBvbnRlaXJvXQpKw6Egbm9zIGNvbmhlY2Vtb3MgYW50ZXM/,,W0JlbmphbcOtbiBCb3TDs25dCsK/Tm9zIGNvbm9jZW1vcz8=
lFmxAQ,,W0JlbGxqYW1pbiBCdXR0b25dCkkgYmVsaWV2ZSBJIG1ldCB5b3UgYmVmb3JlCmF0IGEgZGlmZmVyZW50IHRpbWUgYW5kIHBsYWNlLg==,,,,,W0hvcsOhY2lvIFBvbnRlaXJvXQpBY2hvIHF1ZSBqw6EgbyBjb25oZWNpIGFudGVzCmVtIHVtIG1vbWVudG8gZSBsdWdhciBkaWZlcmVudGVzLg==,,W0JlbmphbcOtbiBCb3TDs25dCkNyZW8gcXVlIHlhIHRlIHZpCmVuIG90cm8gbW9tZW50byB5IGx1Z2FyLg==
lVmxAQ,,SSB3YW50IHRvIGtub3cgbW9yZQ==,,,,,UXVlcm8gc2FiZXIgbWFpcw==,,UXVpZXJvIHNhYmVyIG3DoXMu
llmxAQ,,TGV0IG1lIG91dA==,,,,,TWUgZGVpeGUgc2Fpcg==,,RMOpamFtZSBzYWxpci4=
l1mxAQ,,W0JlbGxqYW1pbiBCdXR0b25dCkNhbiB5b3UgZXhwbGFpbiB0byBtZSB3aGF0IHlvdSd2ZSBsZWFybmVkIG9yIGZvdW5kIG91dCBhYm91dCB0aGlzIHBsYWNlPw==,,,,,W0hvcsOhY2lvIFBvbnRlaXJvXQpWb2PDqiBwb2RlIG1lIGV4cGxpY2FyIG8gcXVlIGFwcmVuZGV1IG91IGRlc2NvYnJpdSBzb2JyZSBlc3RlIGx1Z2FyPw==,,W0JlbmphbcOtbiBCb3TDs25dCsK/UHVlZGVzIGV4cGxpY2FybWUgcXXDqSBhdmVyaWd1YXN0ZSBzb2JyZSBlc3RlIGx1Z2FyPw==
mFmxAQ,,W0JlbGxqYW1pbiBCdXR0b25dCkl0cyB0aW1lIHRvIGdvIGJhY2suClBsZWFzZSB0YWtlIHlvdXIgdGltZSBiZWNhdXNlIGl0J3Mgc28gcHJlY2lvdXMuLi4=,,,,,W0hvcsOhY2lvIFBvbnRlaXJvXQrDiSBob3JhIGRlIHZvbHRhci4KUG9yIGZhdm9yLCBuw6NvIHRlbmhhIHByZXNzYSwgcG9pcyDDqSBtdWl0byBwcmVjaW9zby4uLg==,,W0JlbmphbcOtbiBCb3TDs25dCkVzIGhvcmEgZGUgdm9sdmVyLgpUw7NtYXRlIHR1IHRpZW1wbywgeWEgcXVlIGVzIG11eSB2YWxpb3NvLi4u
mVmxAQ,,U3RheSBtb3Jl,,,,,RmljYXIgbWFpcw==,,UXVlZGFydGUu
mlmxAQ,,TGVhdmU=,,,,,U2Fpcg==,,SXJ0ZS4=
m1mxAQ,,W0JlbGxqYW1pbiBCdXR0b25dCkkgZ3Vlc3MgeW91IGxpa2UgdGhlIHZpZXcgaGVyZS4KWWVzLCBJIGFncmVlLg==,,,,,W0hvcsOhY2lvIFBvbnRlaXJvXQpBY2hvIHF1ZSB2b2PDqiBnb3N0YSBkYSB2aXN0YSBkYXF1aS4KU2ltLCBldSBjb25jb3Jkby4=,,W0JlbmphbcOtbiBCb3TDs25dClNlIHZlIHF1ZSB0ZSBndXN0YSBlc3RhIHZpc3RhLgpTw60sIGNvaW5jaWRvLg==
nFmxAQ,,W0JlbGxqYW1pbiBCdXR0b25dCkltYWdpbmUgdGltZSBhcyBsaXF1aWQgaW4gYSBjdXAuClBpY3R1cmUgYSBzcG9vbiBzdGlycmluZyB0aGUgbGlxdWlkIGFuZCB3YXRjaGluZyBpdCBjaGFuZ2UgY29sb3JzIGFzIGl0IHN3aXJscy4=,,,,,W0hvcsOhY2lvIFBvbnRlaXJvXQpJbWFnaW5lIG8gdGVtcG8gY29tbyB1bSBsw61xdWlkbyBlbSB1bWEgeMOtY2FyYS4KSW1hZ2luZSB1bWEgY29saGVyIG1leGVuZG8gbyBsw61xdWlkbyBlIG9ic2VydmFuZG8tbyBtdWRhciBkZSBjb3IgYW8gZ2lyYXIu,,W0JlbmphbcOtbiBCb3TDs25dCkltYWdpbmEgcXVlIGVsIHRpZW1wbyBlcyB1biBsw61xdWlkbyBlbiB1bmEgdGF6YS4KSW1hZ2luYSBxdWUgdW5hIGN1Y2hhcmEgbWV6Y2xhIGVsIGzDrXF1aWRvIHkgdmVzIGPDs21vIGxvcyByZW1vbGlub3MgY2FtYmlhbiBkZSBjb2xvci4=
nVmxAQ,,W0JlbGxqYW1pbiBCdXR0b25dCkl0J3MgdGltZSB0byBzYXkgZ29vZCBieWUu,,,,,W0hvcsOhY2lvIFBvbnRlaXJvXQrDiSBob3JhIGRlIGRpemVyIGFkZXVzLg==,,W0JlbmphbcOtbiBCb3TDs25dCkVzIGhvcmEgZGUgZGVzcGVkaXJub3Mu
nlmxAQ,,W0JlbGxqYW1pbiBCdXR0b25dCllvdSBsb29rIGZhbWlsaWFyCkkgZ3Vlc3Mgd2Uga25vdyBlYWNoIG90aGVycz8=,,,,,W0hvcsOhY2lvIFBvbnRlaXJvXQpWb2PDqiBtZSBwYXJlY2UgZmFtaWxpYXIKQWNobyBxdWUgbm9zIGNvbmhlY2Vtb3M/,,W0JlbmphbcOtbiBCb3TDs25dCk1lIHJlc3VsdGFzIGZhbWlsaWFyLgpTdXBvbmdvIHF1ZSBub3MgY29ub2NlbW9zLg==
n1mxAQ,,V2hvIGFyZSB5b3U/,,,,,UXVlbSDDqSB2b2PDqj8=,,wr9RdWnDqW4gZXJlcz8=
oFmxAQ,,W0JlbGxqYW1pbiBCdXR0b25dCkkndmUgYmVlbiBxdWVzdGlvbmVkIHNvIG1hbnkgdGltZXMuCkkgZ3Vlc3MgaXQgd291bGQgYmUgeW91IG5leHQu,,,,,W0hvcsOhY2lvIFBvbnRlaXJvXQpKw6EgZnVpIHF1ZXN0aW9uYWRvIHRhbnRhcyB2ZXplcy4KQWNobyBxdWUgbyBwcsOzeGltbyBzZXLDoSB2b2PDqi4=,,W0JlbmphbcOtbiBCb3TDs25dCk1lIGludGVycm9nYXJvbiBtdWNoYXMgdmVjZXMuClN1cG9uZ28gcXVlIGFob3JhIHRlIHRvY2EgYSB0aS4=
oVmxAQ,,W0JlbGxqYW1pbiBCdXR0b25dCldoaWxlIHlvdSBhcmUgc2xvd2x5IHR1cm5pbmcgb3ZlciB0aGUgcGFnZXMgb2YgYSBib29rIHRvIHRoZSBlbmQu,,,,,W0hvcsOhY2lvIFBvbnRlaXJvXQpFbnF1YW50byB2b2PDqiBlc3TDoSB2aXJhbmRvIGxlbnRhbWVudGUgYXMgcMOhZ2luYXMgZGUgdW0gbGl2cm8gYXTDqSBvIGZpbS4=,,W0JlbmphbcOtbiBCb3TDs25dCk1pZW50cmFzIGhvamVhcyBsZW50YW1lbnRlIHVuIGxpYnJvIGhhc3RhIGVsIGZpbmFsLg==
olmxAQ,,W0JlbGxqYW1pbiBCdXR0b25dCkl0cyB0aW1lIHRvIGxlYXZlLgpQbGVhc2UgdGFrZSB5b3VyIHRpbWUgYXMgaXQgaXMgc3VjaCBhIHByZWNpb3VzIHRoaW5nLg==,,,,,W0hvcsOhY2lvIFBvbnRlaXJvXQrDiSBob3JhIGRlIHBhcnRpci4KUG9yIGZhdm9yLCBuw6NvIHRlbmhhIHByZXNzYSwgcG9pcyBpc3NvIMOpIGFsZ28gbXVpdG8gcHJlY2lvc28u,,W0JlbmphbcOtbiBCb3TDs25dCkVzIGhvcmEgZGUgaXJzZS4KVMOzbWF0ZSB0dSB0aWVtcG8geWEgcXVlIGVzIGFsZ28gbXV5IHZhbGlvc28u
o1mxAQ,,W0JlbGxqYW1pbiBCdXR0b25dCkkgZ3Vlc3MgeW91IGxpa2UgdGhlIHZpZXcgaGVyZS4KWWVzLCBJICBhZ3JlZS4=,,,,,W0hvcsOhY2lvIFBvbnRlaXJvXQpBY2hvIHF1ZSB2b2PDqiBnb3N0YSBkYSB2aXN0YSBkYXF1aS4KU2ltLCBldSBjb25jb3Jkby4=,,W0JlbmphbcOtbiBCb3TDs25dClNlIHZlIHF1ZSB0ZSBndXN0YSBlc3RhIHZpc3RhLgpTw60sIGNvaW5jaWRvLg==
