wL+0Ag,,W1RpcF0gTGVmdCBjbGljayB0aGUgZ3JvdW5kIHRvIG1vdmUgdG8gdGhlIGRlc2lnbmF0ZWQgYXJlYS4=,,,,,W0RpY2FdIENsaXF1ZSBjb20gbyBib3TDo28gZXNxdWVyZG8gZG8gbW91c2UgcGFyYSBzZSBtb3Zlci4=,,W0NvbnNlam9dIEhheiBjbGljIGNvbiBlbCBib3TDs24gaXpxdWllcmRvIGRlbCByYXTDs24gZW4gZWwgc3VlbG8gcGFyYSBkZXNwbGF6YXJ0ZSBhIGxhIHpvbmEgZGVzaWduYWRhLg==
wb+0Ag,,W1RpcF0gSG9sZCB0aGUgcmlnaHQgbW91c2UgYnV0dG9uIHRvIHJvdGF0ZSB0aGUgY2FtZXJhIGFuZ2xlLg==,,,,,W0RpY2FdIFNlZ3VyZSBvIGJvdMOjbyBkaXJlaXRvIGRvIG1vdXNlIGUgYXJyYXN0ZSBwYXJhIG9zIGxhZG9zIHBhcmEgcm90YWNpb25hciBhIGPDom1lcmEu,,W0NvbnNlam9dIE1hbnTDqW4gcHVsc2FkbyBlbCBib3TDs24gZGVyZWNobyBkZWwgcmF0w7NuIHBhcmEgZ2lyYXIgZWwgw6FuZ3VsbyBkZSBsYSBjw6FtYXJhLg==
wr+0Ag,,W1RpcF0gWW91IGNhbiBleGl0IHRocm91Z2ggdGhlIHdhcnAgZ2F0ZSBlbmd1bGZlZCBpbiBibHVlIGxpZ2h0Lg==,,,,,W0RpY2FdIFZvY8OqIHBvZGUgc2FpciBwZWxvIHBvcnRhbCBkZSBsdXogYXp1bC4=,,W0NvbnNlam9dIFB1ZWRlcyBzYWxpciBwb3IgbGEgcHVlcnRhIGRlbCB0ZWxldHJhbnNwb3J0YWRvciBlbnZ1ZWx0byBlbiBsdXogYXp1bC4=
w7+0Ag,,W1RpcF0gRXNjYXBlIHRoaXMgcGxhY2Uh,,,,,W0RpY2FdIFNpZ2EgcGFyYSBvIG1hcGEgYWRpYW50ZS4=,,W0NvbnNlam9dIMKhRXNjYXBhIGRlIGVzdGUgbHVnYXIh
xL+0Ag,,SW5qdXJlZCBQYXNzZW5nZXI=,,,,,UGFzc2FnZWlybyBGZXJpZG8=,,UGFzYWplcm8gaGVyaWRv
xb+0Ag,,QXJyci4uLiBoZWxwIG1lLi4uIFNvbWVib2R5IGNsaWNrLi4gY2xpY2sgbWUh,,,,,QWxndcOpbS4uLiBNZSBhanVkZSwgcG9yIGZhdm9yIQ==,,R3Jyci4uLiBhecO6ZGFtZS4uLiDCoVF1ZSBhbGd1aWVuIG1lIGhhZ2EgY2xpYy4uLiBjbGljIQ==
xr+0Ag,,T3VjaC4uLg==,,,,,TWluaGEgbm9zc2EuLi4=,,T3VjaC4uLg==
x7+0Ag,,W0luanVyZWQgUGFzc2VuZ2VyXQpXb3chIFRoYW5rIHlvdSBmb3IgaGVscGluZyBtZSEKSSBkb24ndCBrbm93IGhvdyB3ZSBlbmRlZCB1cCBpbiBzdWNoIGEgYmlnIGFjY2lkZW50LCBidXQgbGV0J3MgZ2V0IG9mZiB0aGlzIHNoaXAgYXMgZmFzdCBhcyB3ZSBjYW4u,,,,,W1Bhc3NhZ2Vpcm8gRmVyaWRvXQpOb3NzYSEgVmFsZXUgcGVsYSBhanVkYSEKTsOjbyBmYcOnbyBpZGVpYSBkZSBjb21vIGEgZ2VudGUgc2UgbWV0ZXUgbnVtIGFjaWRlbnRlIGRlc3NlcywgbWFzIHRlbW9zIHF1ZSBzYWlyIGRlc3RlIG5hdmlvIG8gbWFpcyByw6FwaWRvIHBvc3PDrXZlbC4=,,W1Bhc2FqZXJvIGhlcmlkb10KwqFHdWF1ISDCoUdyYWNpYXMgcG9yIGF5dWRhcm1lIQpObyBzw6kgY8OzbW8gdGVybWluYW1vcyBlbiB1biBhY2NpZGVudGUgdGFuIGdyYW5kZSwgcGVybyBzYWxnYW1vcyBkZSBlc3RlIGJhcmNvIGxvIG3DoXMgcsOhcGlkbyBwb3NpYmxlLg==
yL+0Ag,,W0luanVyZWQgUGFzc2VuZ2VyXQouLi4gU2hvb3QuIEkgY2FuIGJhcmVseSB3YWxrLgpJJ20gc29ycnksIGJ1dCBjYW4geW91IGdvIG91dCBhbmQgZ2V0IHNvbWUgaGVscD8KQSBraW5kaGVhcnRlZCBBY29seXRlIHdvdWxkIGJlIGJlc3QgLi4u,,,,,W1Bhc3NhZ2Vpcm8gRmVyaWRvXQouLi4gRHJvZ2EuIE1hbCBjb25zaWdvIGFuZGFyLgpEZXNjdWxwZSwgbWFzIHZvY8OqIHBvZGUgc2FpciBlIGJ1c2NhciBhanVkYT8KVW0gTm92acOnbyBib25kb3NvIHNlcmlhIG8gaWRlYWwuLi4=,,W1Bhc2FqZXJvIGhlcmlkb10KLi4uIFJheW9zLiBBcGVuYXMgcHVlZG8gY2FtaW5hci4KTG8gc2llbnRvLCBwZXJvIMK/cHVlZGVzIHNhbGlyIHkgYnVzY2FyIGF5dWRhPwpVbiBhY8OzbGl0byBkZSBidWVuIGNvcmF6w7NuIHNlcsOtYSBsbyBtZWpvci4uLg==
yb+0Ag,,XjRENERGRiEtIEluZm8gLSFeMDAwMDAwCllvdSBnb3QgYSBxdWVzdCBmcm9tIGFuIE5QQy4KQ2hlY2sgdGhlIF40RDRERkZxdWVzdCBpbmZvcm1hdGlvbiBieSBwcmVzc2luZyBBbHQrVV4wMDAwMDAgb3IgdGhlIFF1ZXN0IGljb24gb24gdGhlIG1lbnUgdHJheS4=,,,,,XjRENERGRkF0ZW7Dp8OjbyFeMDAwMDAwClZvY8OqIGFjYWJvdSBkZSByZWNlYmVyIHVtYSBtaXNzw6NvIGRlIHVtIE5QQy4KXjRENERGRlByZXNzaW9uZSBBbHQgKyBVIHBhcmEgY29uZmVyaXIgc3VhcyBtaXNzw7Vlc14wMDAwMDAu,,XjRENERGRsKhSW5mb3JtYWNpw7NuIV4wMDAwMDAKVGllbmVzIHVuYSBtaXNpw7NuIGRlIHVuIE5QQy4KQ29uc3VsdGEgbGEgXjRENERGRmluZm9ybWFjacOzbiBkZSBsYSBtaXNpw7NuIHB1bHNhbmRvIEFsdCtVXjAwMDAwMCBvIGVsIGljb25vIGRlIGxhIG1pc2nDs24gZGUgbGEgYmFuZGVqYSBkZSBtZW7Dui4=
yr+0Ag,,W0luanVyZWQgUGFzc2VuZ2VyXQpUaGUgc2hpcCBpcyBhbmNob3JlZCBoZXJlLCBzbyB3YXRlciBzaG91bGRuJ3QgYmUgY29taW5nIGluIGFueW1vcmUuCkknbGwgd2FpdCBoZXJlLCBzbyBwbGVhc2UsIGp1c3QgZ2V0IHNvbWUgaGVscCE=,,,,,W1Bhc3NhZ2Vpcm8gRmVyaWRvXQpBIMOhZ3VhIGFxdWkgw6kgcmFzYSwgZW50w6NvIG8gYmFyY28gbsOjbyBkZXZlIGFmdW5kYXIuLi4KTWFzIHByZWNpc28gcXVlIHZvY8OqIGF2aXNlIGFsZ3XDqW0uIEV1IG7Do28gY29uc2lnbyBzZXF1ZXIgbGV2YW50YXIuLi4=,,W1Bhc2FqZXJvIGhlcmlkb10KRWwgYmFyY28gZXN0w6EgYW5jbGFkbyBhcXXDrSwgYXPDrSBxdWUgeWEgbm8gZGViZXLDrWEgZW50cmFyIGFndWEuCkVzcGVyYXLDqSBhcXXDrS4gUG9yIGZhdm9yLCDCoWNvbnNpZ3VlIGF5dWRhIQ==
y7+0Ag,,W0luanVyZWQgUGFzc2VuZ2VyXQpJJ20gZmluZSEgSSdtIHJlYWxseSBva2F5IQpZb3Ugc2hvdWxkIGhlYWQgb3V0IG5vdyEgVGhlIGZpcnN0IHRoaW5nIHRvIGRvIGlzIHRvIGxldCBldmVyeW9uZSBrbm93IHRoYXQgdGhlcmUgYXJlIHBlb3BsZSBoZXJlLg==,,,,,W1Bhc3NhZ2Vpcm8gRmVyaWRvXQpNYXMgbsOjbyDDqSBjb21vIHNlIGV1IHRpdmVzc2UgbW9ycmVuZG8sIHRhbWLDqW0uIApQb2RlIGlyLCBuw6NvIHNlIHByZW9jdXBhLiBTw7MgdHJhZ2EgYWp1ZGEh,,W1Bhc2FqZXJvIGhlcmlkb10KwqFFc3RveSBiaWVuISDCoVJlYWxtZW50ZSwgZXN0b3kgYmllbiEKwqFEZWJlcsOtYXMgaXJ0ZSBhaG9yYSEgUHJpbWVybywgaGF5IHF1ZSBkZWNpcmxlIGEgdG9kbyBlbCBtdW5kbyBxdWUgYXF1w60gaGF5IGdlbnRlLg==
zL+0Ag,,XjRENERGRiEtIEluZm8gLSFeMDAwMDAwCkNoZWNrIHRoZSBeNEQ0REZGcXVlc3QgaW5mb3JtYXRpb24gYnkgcHJlc3NpbmcgQWx0K1VeMDAwMDAwIG9yIHRoZSBRdWVzdCBpY29uIG9uIHRoZSBtZW51IHRyYXku,,,,,XjRENERGRkF0ZW7Dp8OjbyFeMDAwMDAwCl40RDRERkZQcmVzc2lvbmUgQWx0ICsgVSBwYXJhIGNvbmZlcmlyIHN1YXMgbWlzc8O1ZXNeMDAwMDAwLg==,,XjRENERGRsKhSW5mb3JtYWNpw7NuIV4wMDAwMDAKQ29uc3VsdGEgbGEgXjRENERGRmluZm9ybWFjacOzbiBkZSBsYSBtaXNpw7NuIHB1bHNhbmRvIEFsdCtVXjAwMDAwMCBvIGVsIGljb25vIGRlIGxhIG1pc2nDs24gZGUgbGEgYmFuZGVqYSBkZSBtZW7Dui4=
zb+0Ag,,W0luanVyZWQgUGFzc2VuZ2VyXQpUaGV5IHRvbGQgbWUgdGhhdCB0aGV5J3ZlIHNlbnQgYSBoZWFsZXIsIGFuZCB0aGF0IEkgc2hvdWxkIHdhaXQgaGVyZS4KV2h5IGlzIGl0IHRha2luZyBzbyBsb25nPwpBIHN1cGVyLWtpbmQgQWNvbHl0ZSBtdXN0IGJlIG9uIHRoZWlyIHdheSBoZXJlLCBjb25zaWRlcmluZyBob3cgbG9uZyBpdCdzIHRha2luZyE=,,,,,W1Bhc3NhZ2Vpcm8gRmVyaWRvXQpEZXZlbW9zIHNhaXIgZGFxdWkuClBvciBxdWUgZXN0w6EgZGVtb3JhbmRvIHRhbnRvPwpQcmVjaXNvIHF1ZSB2b2PDqiBhdmlzZSB1bSBOb3Zpw6dvIHBhcmEgZWxlIG1lIGN1cmFyIQ==,,W1Bhc2FqZXJvIGhlcmlkb10KTWUgZGlqZXJvbiBxdWUgZW52aWFyb24gYSB1biBzYW5hZG9yIHkgcXVlIHRlbmdvIHF1ZSBlc3BlcmFyIGFxdcOtLgrCv1BvciBxdcOpIHRhcmRhIHRhbnRvPwrCoVVuIGFjw7NsaXRvIG11eSBhbWFibGUgZGViZSBlc3RhciBkZSBjYW1pbm8sIHRlbmllbmRvIGVuIGN1ZW50YSBsbyBxdWUgZXN0w6EgdGFyZGFuZG8h
zr+0Ag,,Q2FwdGFpbg==,,,,,Q2FwaXTDo28=,,Q2FwaXTDoW4=
z7+0Ag,,W0NhcHRhaW4gQ2Fyb2NjXQpUaGVyZSB3YXMgc3RpbGwgc29tZW9uZSBpbiB0aGUgcm9vbT8hCldlbGwsIGl0J3MgZ29vZCB0byBzZWUgdGhhdCB5b3UncmUgb2theS4KSXMgdGhlcmUgYW55b25lIGVsc2UgYXQgdGhlIHNoaXB3cmVjaz8=,,,,,W0NhcGl0w6NvIENob2JiZXJdCkFpbmRhIHRlbSBhbGd1w6ltIG5hIGNhYmluZSBhbMOpbSBkZSB2b2PDqj8hClNlIHRpdmVyLCBlc3Blcm8gcXVlIGVsZSBlc3RlamEgc8OjbyBlIHNhbHZvIHF1ZSBuZW0gdm9jw6ouCkJlbSwgw6kgYm9tIHZlciBxdWUgdm9jw6ogZXN0w6EgYmVtLg==,,W0NhcGl0w6FuIENhcm9jY10KwqHCv0HDum4gaGFiw61hIGFsZ3VpZW4gZW4gbGEgc2FsYT8hClZheWEsIGVzIGJ1ZW5vIHNhYmVyIHF1ZSBlc3TDoXMgYmllbi4Kwr9IYXkgYWxndWllbiBtw6FzIGVuIGVsIGJhcmNvIGh1bmRpZG8/
0L+0Ag,,WWVzLCB0aGVyZSdzIG9uZSBwZXJzb24gaW5zaWRlLiBQbGVhc2UgaGVscCBoaW0u,,,,,U2ltLCBow6EgdW1hIHBlc3NvYSBsw6EgZGVudHJvLiBQb3IgZmF2b3IsIGFqdWRlLW8u,,U8OtLCBoYXkgdW5hIHBlcnNvbmEgZGVudHJvLiBQb3IgZmF2b3IsIGF5w7pkYWxhLg==
0b+0Ag,,SSBkb24ndCB0aGluayBzby4uPw==,,,,,TsOjbyB0aW5oYSBuaW5ndcOpbSBsw6EuLi4=,,wr9ObyBsbyBjcmVvLi4uPw==
0r+0Ag,,W0NhcHRhaW4gQ2Fyb2NjXQpUaGVyZSdzIHN0aWxsIHNvbWVvbmUgaW4gdGhlcmU/CkknbGwgc2VuZCBzb21lb25lIHNvb24gdG8gcmVzY3VlIHRoZW0uClRoYW5rIHlvdSBmb3IgbGV0dGluZyBtZSBrbm93Lg==,,,,,W0NhcGl0w6NvIENob2JiZXJdCk1pbmhhIG5vc3NhLi4uClZvdSBtYW5kYXIgYWxndcOpbSBwcmEgbMOhIGFnb3JhIG1lc21vLgpPYnJpZ2FkbyBwb3IgbWUgYXZpc2FyLg==,,W0NhcGl0w6FuIENhcm9jY10Kwr9Ub2RhdsOtYSBoYXkgYWxndWllbiBhaMOtPwpQcm9udG8gZW52aWFyw6kgYSBhbGd1aWVuIHBhcmEgcmVzY2F0YXJsby4KR3JhY2lhcyBwb3IgYXZpc2FybWUu
07+0Ag,,W0NhcHRhaW4gQ2Fyb2NjXQpNb3N0IG9mIHRoZSBwYXNzZW5nZXJzIGhhdmUgYm9hcmRlZCBhIG5ldyBzaGlwLCBzbyB5b3Ugc2hvdWxkIGpvaW4gdGhlbSwgdG9vLg==,,,,,W0NhcGl0w6NvIENob2JiZXJdCkEgbWFpb3JpYSBkb3MgcGFzc2FnZWlyb3MgZW1iYXJjb3UgZW0gdW0gbm92byBuYXZpbywgZW50w6NvIHZvY8OqIGRldmUgc2UganVudGFyIGEgZWxlcyB0YW1iw6ltLg==,,W0NhcGl0w6FuIENhcm9jY10KTGEgbWF5b3LDrWEgZGUgbG9zIHBhc2FqZXJvcyBzZSBlbWJhcmNhcm9uIGVuIHVuIG51ZXZvIGJhcmNvLCBhc8OtIHF1ZSB0w7ogdGFtYmnDqW4gZGViZXLDrWFzIGhhY2VybG8u
1L+0Ag,,W0NhcHRhaW4gQ2Fyb2NjXQpGb2xsb3cgdGhlIHBhdGggdGhyb3VnaCB0aGUgdHJlZXMgYW5kIF40RDRERkZnbyBzb3V0aHdlc3QgdG8gZmluZCB0aGUgbmV3IHNoaXBeMDAwMDAwLgpJZiB5b3UgZ2V0IG9uIHRoYXQgc2hpcCwgaXQnbGwgdGFrZSB5b3UgdG8gXjRENERGRkl6bHVkZV4wMDAwMDAsIHlvdXIgb3JpZ2luYWwgZGVzdGluYXRpb24u,,,,,W0NhcGl0w6NvIENob2JiZXJdClNlIHNlZ3VpciBwZWxhIF40RDRERkZmbG9yZXN0YV4wMDAwMDAsIHZvY8OqIGRldmUgY29uc2VndWlyIGVuY29udHJhciBvIGJhcmNvIG5vdm8uClN1YmEgbmVsZS4uLiBFbGUgZXN0w6EgcHJvbnRvIHBhcmEgemFycGFyIHBhcmEgXjRENERGRkl6bHVkZV4wMDAwMDAu,,W0NhcGl0w6FuIENhcm9jY10KU2lndWUgZWwgY2FtaW5vIGEgdHJhdsOpcyBkZSBsb3Mgw6FyYm9sZXMgeSBeNEQ0REZGdmUgaGFjaWEgZWwgc3Vyb2VzdGUgcGFyYSBlbmNvbnRyYXIgZWwgbnVldm8gYmFyY29eMDAwMDAwLgpTaSB0ZSBlbWJhcmNhcyBlbiBlc2UgYmFyY28sIHRlIGxsZXZhcsOhIGEgXjRENERGRkl6bHVkZV4wMDAwMDAsIHR1IGRlc3Rpbm8gb3JpZ2luYWwu
1b+0Ag,,W0NhcHRhaW4gQ2Fyb2NjXQpBaCEgSSBoZWFyZCB0aGF0IF40RDRERkZQb3JpbmdzXjAwMDAwMCBvbiB0aGlzIGlzbGFuZCByYW4gb2ZmIHdpdGggc29tZSBvZiB0aGUgcmVwYWlyIG1hdGVyaWFscy4=,,,,,W0NhcGl0w6NvIENob2JiZXJdCk5vIGNhbWluaG8sIHJlY29tZW5kbyBxdWUgZMOqIGNhYm8gZGUgdW5zIF40RDRERkZQb3JpbmdzXjAwMDAwMC4gRWxlcyByb3ViYXJhbSBvIG5vc3NvIG1hdGVyaWFsIGRlIHJlcGFybyBkbyBiYXJjbyE=,,W0NhcGl0w6FuIENhcm9jY10KwqFBaCEgRXNjdWNow6kgcXVlIGVuIGVzdGEgaXNsYSBsb3MgXjRENERGRlBvcmluZ14wMDAwMDAgc2UgZXNjYXBhcm9uIGNvbiBhbGd1bm9zIGRlIGxvcyBtYXRlcmlhbGVzIGRlIHJlcGFyYWNpw7NuLg==
1r+0Ag,,W0NhcHRhaW4gQ2Fyb2NjXQpQbGVhc2UgXjRENERGRmh1bnQgMiBQb3JpbmdzIGFuZCBnZXQgMiBwaWVjZXMgb2YgV29vZCwgdGhlbiB0YWtlIHRoZW0gdG8gdGhlIHNhaWxvciB0byB0aGUgc291dGheMDAwMDAwIG9uIHlvdXIgd2F5IHRvIHRoZSBzaGlwLg==,,,,,W0NhcGl0w6NvIENob2JiZXJdCkRlcnJvdGUgXjRENERGRjIgUG9yaW5nc14wMDAwMDAgZSBlbnRyZWd1ZSAyIE1hZGVpcmFzIGRlIFJlcGFybyBwYXJhIG8gXkZGMDAwME1hcmluaGVpcm9eMDAwMDAwLg==,,W0NhcGl0w6FuIENhcm9jY10KXjRENERGRkNhemEgMiBQb3JpbmcgeSBjb25zaWd1ZSAyIHRyb3pvcyBkZSBNYWRlcmEuIEx1ZWdvLCBsbMOpdmFsZSB0b2RvIGFsIG1hcmluZXJvIGFsIHN1cl4wMDAwMDAgZW4gdHUgY2FtaW5vIGhhY2lhIGVsIGJhcmNvLg==
17+0Ag,,W0NhcHRhaW4gQ2Fyb2NjXQpJdCBtaWdodCBub3QgYmUgZWFzeSwgYnV0IHlvdSdyZSB0aGUgb25seSBvbmUgaGVyZSB3ZSBjYW4gY291bnQgb24uIEknbGwgdHJ1c3QgeW91Lg==,,,,,W0NhcGl0w6NvIENob2JiZXJdClBvZGUgbsOjbyBzZXIgZsOhY2lsLCBtYXMgdm9jw6ogw6kgbyDDum5pY28gYXF1aSBjb20gcXVlbSBwb2RlbW9zIGNvbnRhci4gRXUgY29uZmlvIGVtIHZvY8OqLg==,,W0NhcGl0w6FuIENhcm9jY10KUXVpesOhIG5vIHNlYSBmw6FjaWwsIHBlcm8gc29sbyBwb2RlbW9zIGNvbnRhciBjb250aWdvLiBDb25maWFyw6kgZW4gdGku
2L+0Ag,,W0NhcHRhaW4gQ2Fyb2NjXQpZb3UgaGF2ZSB0byBlcXVpcCBhIHdlYXBvbiBpbiBvcmRlciB0byBmaWdodCBhIFBvcmluZy4KTWFrZSBzdXJlIHRoYXQgXjRENERGRnlvdSBoYXZlIHRoZSBlcXVpcG1lbnReMDAwMDAwLg==,,,,,W0NhcGl0w6NvIENob2JiZXJdClZvY8OqIHByZWNpc2EgZXF1aXBhciB1bWEgYXJtYSBwYXJhIGx1dGFyIGNvbnRyYSB1bSBQb3JpbmcuClRlbmhhIGNlcnRlemEgZGUgcXVlIF40RDRERkZ2b2PDqiBlcXVpcG91IHVtYSBhcm1hXjAwMDAwMC4=,,W0NhcGl0w6FuIENhcm9jY10KVGllbmVzIHF1ZSBlcXVpcGFyIHVuIGFybWEgcGFyYSBsdWNoYXIgY29udHJhIHVuIFBvcmluZy4KQXNlZ8O6cmF0ZSBkZSBxdWUgXjRENERGRnRpZW5lcyBlbCBlcXVpcGFtaWVudG9eMDAwMDAwLg==
2b+0Ag,,IS0gSW5mbyAtIQpeNEQ0REZGSXRlbXMgY2FuIGJlIGVhc2lseSB1c2VkIG9yIGVxdWlwcGVkIGJ5IGRvdWJsZS1jbGlja2luZyBvbiB0aGVtLgpUaGUgaW52ZW50b3J5IGNhbiBiZSBlYXNpbHkgb3BlbmVkIG9yIGNsb3NlZCBieSBwcmVzc2luZyBBbHQrRS4=,,,,,XjRENERGRkF0ZW7Dp8OjbyFeMDAwMDAwCkl0ZW5zIHBvZGVtIHNlciB1c2Fkb3Mgb3UgZXF1aXBhZG9zIGNvbSB1bSBjbGlxdWUgZHVwbG8gbm8gSW52ZW50w6FyaW8uCkFicmEgb3UgZmVjaGUgbyBJbnZlbnTDoXJpbyB1c2FuZG8gbyBhdGFsaG8gQWx0ICsgRS4=,,wqFJbmZvcm1hY2nDs24hCl40RDRERkZMb3Mgb2JqZXRvcyBwdWVkZW4gdXRpbGl6YXJzZSBvIGVxdWlwYXJzZSBmw6FjaWxtZW50ZSBhbCBoYWNlciBkb2JsZSBjbGljIHNvYnJlIGVsbG9zLgpFbCBpbnZlbnRhcmlvIHB1ZWRlIGFicmlyc2UgbyBjZXJyYXJzZSBmw6FjaWxtZW50ZSBhbCBwdWxzYXIgQWx0K0Uu
2r+0Ag,,IS0gSW5mbyAtIQpeNEQ0REZGVG8gY2hlY2sgeW91ciBjdXJyZW50bHkgZXF1aXBwZWQgaXRlbXMsIHByZXNzIEFsdCtRLgpZb3UgY2FuIGFsc28gZHJhZyBpdGVtcyBkaXJlY3RseSB0byB0aGUgc2xvdCB5b3Ugd2FudCB0byBlcXVpcCB0aGVtLl4wMDAwMDA=,,,,,XjRENERGRkF0ZW7Dp8OjbyFeMDAwMDAwCkNvbmZpcmEgc2V1cyBpdGVucyBlcXVpcGFkb3MgY29tIG8gYXRhbGhvIEFsdCArIFEuClZvY8OqIHRhbWLDqW0gcG9kZSBhcnJhc3RhciBvcyBpdGVucyBkaXJldGFtZW50ZSBwYXJhIG8gZXNwYcOnbyBlbSBxdWUgZGVzZWphIGVxdWlww6EtbG9zLg==,,wqFJbmZvcm1hY2nDs24hCl40RDRERkZQYXJhIGNvbXByb2JhciBsb3Mgb2JqZXRvcyBxdWUgdGllbmVzIGVxdWlwYWRvcywgcHVsc2EgQWx0K1EuClRhbWJpw6luIHB1ZWRlcyBhcnJhc3RyYXIgbG9zIG9iamV0b3MgZGlyZWN0YW1lbnRlIGhhc3RhIGxhIHJhbnVyYSBlbiBsYSBxdWUgcXVpZXJlcyBlcXVpcGFybG9zLl4wMDAwMDA=
27+0Ag,,W0NhcHRhaW4gQ2Fyb2NjXQpBcmUgeW91IGRvbmUgc2V0dGluZyB1cCB5b3VyIGVxdWlwbWVudCBub3c/Ck5vdyB5b3UnbGwgaGF2ZSB0byBeNEQ0REZGZGlzdHJpYnV0ZSBzdGF0IHBvaW50c14wMDAwMDAu,,,,,W0NhcGl0w6NvIENob2JiZXJdCkrDoSB0ZXJtaW5vdSBkZSBhcnJ1bWFyIHNldSBlcXVpcGFtZW50bz8KQWdvcmEgdm9jw6ogdGVyw6EgcXVlIF40RDRERkZkaXN0cmlidWlyIHBvbnRvcyBkZSBhdHJpYnV0b14wMDAwMDAu,,W0NhcGl0w6FuIENhcm9jY10Kwr9UZXJtaW5hc3RlIGRlIHByZXBhcmFyIHR1IGVxdWlwYW1pZW50bz8KQWhvcmEgdGVuZHLDoXMgcXVlIF40RDRERkZkaXN0cmlidWlyIGxvcyBwdW50b3MgZGUgZXN0YWTDrXN0aWNhXjAwMDAwMC4=
3L+0Ag,,W0NhcHRhaW4gQ2Fyb2NjXQpGb3IgbW9yZSBlZmZpY2llbnQgY29tYmF0LCB5b3UgbmVlZCB0byBkaXN0cmlidXRlIHlvdXIgc3RhdHMgcG9pbnRzIHdpc2VseS4KSWYgeW91IHdhbnQgXjRENERGRm1vcmUgZGFtYWdlLCBnbyBmb3IgU1RSXjAwMDAwMDsgaWYgeW91IHdhbnQgdG8gXjRENERGRmluY3JlYXNlIHlvdXIgY2hhbmNlIHRvIGhpdCwgZ28gZm9yIERFWF4wMDAwMDAu,,,,,W0NhcGl0w6NvIENob2JiZXJdClBhcmEgdW0gY29tYmF0ZSBtYWlzIGVmaWNpZW50ZSwgdm9jw6ogcHJlY2lzYSBkaXN0cmlidWlyIHNldXMgcG9udG9zIGRlIGF0cmlidXRvLgpQb3IgZXhlbXBsbywgXjRENERGRnBhcmEgbWFpcyBkYW5vIGbDrXNpY28sIGNvbG9xdWUgZW0gRk9SXjAwMDAwMDsgc2UgcXVpc2VyIF40RDRERkZhdW1lbnRhciBzdWEgcHJlY2lzw6NvLCBjb2xvcXVlIGVtIERFU14wMDAwMDAu,,W0NhcGl0w6FuIENhcm9jY10KUGFyYSB1biBjb21iYXRlIG3DoXMgZWZpY2llbnRlLCBkZWJlcyBkaXN0cmlidWlyIHR1cyBwdW50b3MgZGUgZXN0YWTDrXN0aWNhcyBjb24gcHJ1ZGVuY2lhLgpTaSBxdWllcmVzIF40RDRERkZtw6FzIGRhw7FvLCBlbGlnZSBGVUVeMDAwMDAwOyBzaSBxdWllcmVzIF40RDRERkZhdW1lbnRhciB0dSBwcm9iYWJpbGlkYWQgZGUgZ29scGUsIGVsaWdlIERFU14wMDAwMDAu
3b+0Ag,,IS0gSW5mbyAtIQpeNEQ0REZGWW91J2xsIHJlY2VpdmUgc3RhdCBib251c2VzIHdoZW4geW91IGxldmVsIHVwLgpUaGUgc3RhdHMgd2luZG93IGNhbiBiZSBlYXNpbHkgb3BlbmVkIG9yIGNsb3NlZCBieSBwcmVzc2luZyBBbHQrQS5eMDAwMDAw,,,,,XjRENERGRkF0ZW7Dp8OjbyFeMDAwMDAwClZvY8OqIHJlY2ViZXLDoSBiw7RudXMgZGUgYXRyaWJ1dG8gYW8gc3ViaXIgZGUgbsOtdmVsLgpBIGphbmVsYSBkZSBhdHJpYnV0b3MgcG9kZSBzZXIgYWJlcnRhIG91IGZlY2hhZGEgcHJlc3Npb25hbmRvIEFsdCArIEEu,,wqFJbmZvcm1hY2nDs24hCl40RDRERkZSZWNpYmlyw6FzIGJvbmlmaWNhY2lvbmVzIGRlIGVzdGFkw61zdGljYXMgY3VhbmRvIHN1YmFzIGRlIG5pdmVsLgpMYSB2ZW50YW5hIGRlIGVzdGFkw61zdGljYXMgcHVlZGUgYWJyaXJzZSBvIGNlcnJhcnNlIGbDoWNpbG1lbnRlIGFsIHB1bHNhciBBbHQrQS5eMDAwMDAw
3r+0Ag,,IS0gSW5mbyAtIQpeNEQ0REZGUGxlYXNlIGRpc3RyaWJ1dGUgeW91ciBzdGF0cyB3aXNlbHkuXjAwMDAwMA==,,,,,XjRENERGRkF0ZW7Dp8OjbyFeMDAwMDAwClBvciBmYXZvciwgZGlzdHJpYnVhIHNldXMgYXRyaWJ1dG9zIGNvbSBzYWJlZG9yaWEu,,wqFJbmZvcm1hY2nDs24hCl40RDRERkZEaXN0cmlidXllIHR1cyBlc3RhZMOtc3RpY2FzIGNvbiBwcnVkZW5jaWEuXjAwMDAwMA==
37+0Ag,,W0NhcHRhaW4gQ2Fyb2NjXQpBbGwgZG9uZSBub3c/Ckh1bnQgMiBQb3JpbmdzIGFuZCBnZXQgMiBwaWVjZXMgb2YgV29vZCBmb3IgdGhlIHNhaWxvci4KR29vZCBsdWNrLg==,,,,,W0NhcGl0w6NvIENob2JiZXJdCkrDoSBlc3TDoSB0dWRvIHByb250bz8KRGVycm90ZTIgUG9yaW5ncyBlIGxldmUgMiBNYWRlaXJhcyBkZSBSZXBhcm8gcGFyYSBvIE1hcmluaGVpcm8uCkJvYSBzb3J0ZS4=,,W0NhcGl0w6FuIENhcm9jY10Kwr9Ub2RvIGxpc3RvPwpDYXphIDIgUG9yaW5nIHkgY29uc2lndWUgMiB0cm96b3MgZGUgTWFkZXJhIHBhcmEgZWwgbWFyaW5lcm8uCkJ1ZW5hIHN1ZXJ0ZS4=
4L+0Ag,,W0NhcHRhaW4gQ2Fyb2NjXQpZZXMuIFlvdSBtdXN0IGJlIHRoZSBsYXN0IG9uZS4KQSBiYWQgd2luZCBsZWQgdXMgaGVyZSwgYnV0IHRoZXJlIHdhc24ndCBtdWNoIGRhbWFnZSBvdGhlciB0aGFuIHRvIHRoZSBzaGlwLg==,,,,,W0NhcGl0w6NvIENob2JiZXJdClNpbS4gQWNobyBxdWUgc8OzIGZhbHRhdmEgdm9jw6ouClVtIHZlbnRvIHJ1aW0gbm9zIHRyb3V4ZSBhdMOpIGFxdWksIG1hcyBuw6NvIGhvdXZlIG11aXRvcyBkYW5vcyBhbMOpbSBkbyBuYXZpby4=,,W0NhcGl0w6FuIENhcm9jY10KU8OtLiBObyBkZWJlIGRlIHF1ZWRhciBuYWRpZS4KVW4gbWFsIHZpZW50byBub3MgdHJham8gaGFzdGEgYXF1w60sIHBlcm8gc29sbyBlbCBiYXJjbyBzdWZyacOzIGRhw7Fvcy4=
4b+0Ag,,W0NhcHRhaW4gQ2Fyb2NjXQpZb3UgaGF2ZSB0byBlcXVpcCBhIHdlYXBvbiBpZiB5b3Ugd2FudCB0byBmaWdodCBhIFBvcmluZy4KTWFrZSBzdXJlIHRoYXQgXjRENERGRnlvdSBoYXZlIHRoZSBlcXVpcG1lbnReMDAwMDAwLg==,,,,,W0NhcGl0w6NvIENob2JiZXJdClZvY8OqIHByZWNpc2EgZXF1aXBhciB1bWEgYXJtYSBzZSBxdWlzZXIgbHV0YXIgY29udHJhIHVtIFBvcmluZy4KVGVuaGEgY2VydGV6YSBkZSBxdWUgXjRENERGRnZvY8OqIGVxdWlwb3UgYSBhcm1hXjAwMDAwMC4=,,W0NhcGl0w6FuIENhcm9jY10KVGllbmVzIHF1ZSBlcXVpcGFyIHVuIGFybWEgc2kgcXVpZXJlcyBsdWNoYXIgY29udHJhIHVuIFBvcmluZy4KQXNlZ8O6cmF0ZSBkZSBxdWUgXjRENERGRnRpZW5lcyBlbCBlcXVpcGFtaWVudG9eMDAwMDAwLg==
4r+0Ag,,W0NhcHRhaW4gQ2Fyb2NjXQpUaGVyZSBpcyBhIF40RDRERkZzaGlwIGFuY2hvcmVkIHRvIHRoZSBzb3V0aHdlc3ReMDAwMDAwLiBZb3UgY2FuIGdvIHRvIEl6bHVkZSBvbiB0aGF0IHNoaXAuCkRvbid0IGZvcmdldCB0byBeNEQ0REZGaHVudCBQb3JpbmdzIGFuZCBnZXQgc29tZSBXb29kXjAwMDAwMCBvbiB5b3VyIHdheSB0aGVyZS4=,,,,,W0NhcGl0w6NvIENob2JiZXJdClNlIHNlZ3VpciBwZWxhIF40RDRERkZmbG9yZXN0YV4wMDAwMDAsIHZvY8OqIGRldmUgY29uc2VndWlyIGVuY29udHJhciBvIGJhcmNvIG5vdm8uClN1YmEgbmVsZS4uLiBFbGUgZXN0w6EgcHJvbnRvIHBhcmEgemFycGFyIHBhcmEgXjRENERGRkl6bHVkZV4wMDAwMDAu,,W0NhcGl0w6FuIENhcm9jY10KSGF5IHVuIGJhcmNvIF40RDRERkZhbmNsYWRvIGFsIHN1cm9lc3RlXjAwMDAwMC4gUHVlZGVzIGlyIGEgSXpsdWRlIGVuIGVzZSBiYXJjby4KTm8gb2x2aWRlcyBeNEQ0REZGY2F6YXIgUG9yaW5nIHkgY29uc2VndWlyIGFsZ28gZGUgbWFkZXJhXjAwMDAwMCBlbiB0dSBjYW1pbm8gaGFjaWEgYXF1w60u
47+0Ag,,W0NhcHRhaW4gQ2Fyb2NjXQpNYWtlIHN1cmUgeW91IGVxdWlwIHlvdXIgZXF1aXBtZW50IHByb3Blcmx5LgpCZWF0cyBmaWdodGluZyB3aXRoIHlvdXIgYmFyZSBmaXN0cy4KQ2hlY2sgdGhlIGl0ZW1zIHlvdSBwaWNrZWQgdXAgZXZlcnkgb25jZSBhIHdoaWxlLg==,,,,,W0NhcGl0w6NvIENob2JiZXJdClRlbmhhIGNlcnRlemEgZGUgcXVlIGVxdWlwb3Ugc2V1IGVxdWlwYW1lbnRvIGFkZXF1YWRhbWVudGUuCsOJIG1lbGhvciBkbyBxdWUgbHV0YXIgY29tIG9zIHByw7NwcmlvcyBwdW5ob3MuClZlcmlmaXF1ZSBvcyBpdGVucyBxdWUgdm9jw6ogcGVnb3UgZGUgdmV6IGVtIHF1YW5kby4=,,W0NhcGl0w6FuIENhcm9jY10KQXNlZ8O6cmF0ZSBkZSBlcXVpcGFyIHR1IGVxdWlwYW1pZW50byBkZSBmb3JtYSBhZGVjdWFkYS4KRXMgbWVqb3IgcXVlIGx1Y2hhciBhIHB1w7FvIGxpbXBpby4KQ29tcHJ1ZWJhIGRlIHZleiBlbiBjdWFuZG8gbG9zIG9iamV0b3MgcXVlIHJlY29naXN0ZS4=
5L+0Ag,,W0NhcHRhaW4gQ2Fyb2NjXQpBbmQgZG9uJ3QgZm9yZ2V0IHRvIF40RDRERkZkaXN0cmlidXRlIHlvdXIgc3RhdHMgcG9pbnRzXjAwMDAwMC4=,,,,,W0NhcGl0w6NvIENob2JiZXJdCkUgbsOjbyBzZSBlc3F1ZcOnYSBkZSBeNEQ0REZGZGlzdHJpYnVpciBzZXVzIHBvbnRvcyBkZSBhdHJpYnV0b14wMDAwMDAu,,W0NhcGl0w6FuIENhcm9jY10KWSBubyBvbHZpZGVzIF40RDRERkZkaXN0cmlidWlyIHR1cyBwdW50b3MgZGUgZXN0YWTDrXN0aWNhc14wMDAwMDAu
5b+0Ag,,W0NhcHRhaW4gQ2Fyb2NjXQpXZSdyZSByZWFkeSB0byBzZXQgc2FpbC4KTGV0J3MgZ2V0IG9uIHRoZSBzaGlwIHRoYXQncyBhbmNob3JlZCB0byB0aGUgc291dGh3ZXN0IGFuZCBoZWFkIHRvIEl6bHVkZS4=,,,,,W0NhcGl0w6NvIENob2JiZXJdCkVzdGFtb3MgcHJvbnRvcyBwYXJhIHphcnBhci4KVmFtb3MgZW1iYXJjYXIgbm8gbmF2aW8gcXVlIGVzdMOhIGFuY29yYWRvIGFvIHN1bCBlIHNlZ3VpciBwYXJhIEl6bHVkZS4=,,W0NhcGl0w6FuIENhcm9jY10KRXN0YW1vcyBsaXN0b3MgcGFyYSB6YXJwYXIuClN1YmFtb3MgYWwgYmFyY28gcXVlIGVzdMOhIGFuY2xhZG8gYWwgc3Vyb2VzdGUgeSBkaXJpasOhbW9ub3MgYSBJemx1ZGUu
5r+0Ag,,U2FpbG9y,,,,,TWFyaW5oZWlybw==,,TWFyaW5lcm8=
57+0Ag,,W1NhaWxvcl0KUGVyZmVjdCEgWW91J3JlIHByZXR0eSBnb29kIQpUaGlzJ2xsIGRvIHBsZW50eSEKVGhlcmUsIEkgbmVlZCB0byBwcmVwYXJlIGZvciB0YWtlLW9mZiBub3chClRoYW5rIHlvdSBzbyBtdWNoIQ==,,,,,W01hcmluaGVpcm9dClBlcmZlaXRvISBWb2PDqiBmb2kgbXVpdG8gYmVtIQpJc3NvIHZhaSBzZXJ2aXIgcGVyZmVpdGFtZW50ZS4KUHJvbnRvLCBwcmVjaXNvIG1lIHByZXBhcmFyIHBhcmEgaXIgYWdvcmEhCk11aXRvIG9icmlnYWRvIQ==,,W01hcmluZXJvXQrCoVBlcmZlY3RvISDCoUJ1ZW4gdHJhYmFqbyEKwqFFc3RvIGJhc3RhcsOhIQrCoUFob3JhIHRlbmdvIHF1ZSBwcmVwYXJhcm1lIHBhcmEgbGEgc2FsaWRhIQrCoU11Y2jDrXNpbWFzIGdyYWNpYXMh
6L+0Ag,,W1NhaWxvcl0KSWYgeW91IHdhbnQgdG8gZ28gdG8gSXpsdWRlLCBnZXQgb24gdGhlIHNoaXAgcmlnaHQgbm93IQ==,,,,,W01hcmluaGVpcm9dClNlIHZvY8OqIHF1aXNlciBpciBwYXJhIEl6bHVkZSwgZW50cmUgbm8gbmF2aW8gYWdvcmEgbWVzbW8h,,W01hcmluZXJvXQrCoVNpIHF1aWVyZXMgaXIgYSBJemx1ZGUsIHN1YmUgYWwgYmFyY28gYWhvcmEgbWlzbW8h
6b+0Ag,,W1NhaWxvcl0KQWgsIGFib3V0IHRoZSBeNEQ0REZGTWFnbmlmaWVyXjAwMDAwMCBJIGdhdmUgeW91LgpXaGVuIHlvdSBodW50IG1vbnN0ZXJzLCB5b3UnbGwgc29tZXRpbWVzIGFjcXVpcmUgXjRENERGRnVuaWRlbnRpZmllZCBpdGVtc14wMDAwMDAu,,,,,W01hcmluaGVpcm9dCkFoLCBzb2JyZSBhIF40RDRERkZMdXBhXjAwMDAwMCBxdWUgbGhlIGRlaS4KUXVhbmRvIHZvY8OqIGNhw6dhIG1vbnN0cm9zLCDDoHMgdmV6ZXMgY29uc2VndWUgXjRENERGRml0ZW5zIG7Do28gaWRlbnRpZmljYWRvc14wMDAwMDAu,,W01hcmluZXJvXQpBaCwgc29icmUgbGEgXjRENERGRkx1cGFeMDAwMDAwIHF1ZSB0ZSBkaS4KQ3VhbmRvIGNhY2VzIG1vbnN0cnVvcywgcG9kcsOhcyBhZHF1aXJpciBeNEQ0REZGb2JqZXRvcyBubyBpZGVudGlmaWNhZG9zXjAwMDAwMC4=
6r+0Ag,,W1NhaWxvcl0KVGhhdCdzIHdoZW4geW91IG5lZWQgdGhpcyBNYWduaWZpZXIsIHRvIGlkZW50aWZ5IHRoZW0uClRoZW4geW91J2xsIGtub3cgdGhlIGRldGFpbHMgYWJvdXQgdGhlIGl0ZW1zIHlvdSd2ZSBhY3F1aXJlZC4=,,,,,W01hcmluaGVpcm9dCsOJIG5lc3NlIG1vbWVudG8gcXVlIHZvY8OqIHByZWNpc2EgZGVzc2EgbHVwYSBwYXJhIGlkZW50aWZpY8OhLWxvcy4KQ29tIGVsYSwgdm9jw6ogc2FiZXLDoSBvcyBkZXRhbGhlcyBzb2JyZSBvcyBpdGVucyBxdWUgYWRxdWlyaXUu,,W01hcmluZXJvXQpFbnRvbmNlcywgbmVjZXNpdGFyw6FzIGVzdGEgbHVwYSBwYXJhIGlkZW50aWZpY2FybG9zLgpBc8OtIGNvbm9jZXLDoXMgaW5mb3JtYWNpw7NuIGRlIGxvcyBvYmpldG9zIHF1ZSBhZHF1aXJpc3RlLg==
67+0Ag,,W1NhaWxvcl0KWW91J2xsIGFsc28gZ2V0IHVuaWRlbnRpZmllZCBlcXVpcG1lbnQgYXMgbG9vdC4gVXNlIHRoZSBNYWduaWZpZXIgdG8gaWRlbnRpZnkgdGhhdCBlcXVpcG1lbnQu,,,,,W01hcmluaGVpcm9dClZvY8OqIHRhbWLDqW0gcG9kZSBlbmNvbnRyYXIgZXF1aXBhbWVudG9zIG7Do28gaWRlbnRpZmljYWRvcy4gVXNlIGEgTHVwYSBwYXJhIGlkZW50aWZpY8OhLWxvcy4=,,W01hcmluZXJvXQpUYW1iacOpbiBvYnRlbmRyw6FzIGVxdWlwYW1pZW50byBubyBpZGVudGlmaWNhZG8gY29tbyBib3TDrW4uIFVzYSBsYSBsdXBhIHBhcmEgaWRlbnRpZmljYXIgZXNlIGVxdWlwYW1pZW50by4=
7L+0Ag,,W1NhaWxvcl0KSSBuZWVkIHRvIGdldCB0aGUgbWF0ZXJpYWxzIHRoZSBQb3JpbmdzIHRvb2suIEkgaGVhcmQgeW91IHdlcmUgZ29pbmcgdG8gaGVscCBnZXQgdGhlbSBiYWNrLCByaWdodD8KWW91J2xsIGdldCBeNEQ0REZGV29vZCBieSBodW50aW5nIFBvcmluZ3NeMDAwMDAwIGFyb3VuZCBoZXJlLg==,,,,,W01hcmluaGVpcm9dClByZWNpc28gcGVnYXIgb3MgbWF0ZXJpYWlzIHF1ZSBvcyBQb3JpbmdzIGxldmFyYW0uClZvY8OqIGNvbnNlZ3VpcsOhIF40RDRERkZNYWRlaXJhIGRlIFJlcGFyb3MgY2HDp2FuZG8gUG9yaW5nc14wMDAwMDAgcG9yIGFxdWku,,W01hcmluZXJvXQpOZWNlc2l0byBjb25zZWd1aXIgbG9zIG1hdGVyaWFsZXMgcXVlIHNlIGxsZXZhcm9uIGxvcyBQb3JpbmcuIE/DrSBxdWUgaWJhcyBhIGF5dWRhciBhIHJlY3VwZXJhcmxvcywgwr92ZXJkYWQ/CkNvbnNlZ3VpcsOhcyBeNEQ0REZGTWFkZXJhIGNhemFuZG8gUG9yaW5nXjAwMDAwMCBwb3IgYXF1w60u
7b+0Ag,,W1NhaWxvcl0KSXQnbGwgYmUgaGlnaGx5IGFwcHJlY2lhdGVkIGlmIHlvdSBicmluZyBtZSB0aGUgV29vZCBhZnRlciBodW50aW5nIHRoZW0uCkkgY2FuJ3QgZ28gYW55d2hlcmUsIHNpbmNlIEkgbmVlZCB0byBwcm90ZWN0IG90aGVyIHRoaW5ncyBoZXJlLg==,,,,,W01hcmluaGVpcm9dCkZpY2FyZWkgbXVpdG8gZ3JhdG8gc2Ugdm9jw6ogbWUgdHJvdXhlciBhIE1hZGVpcmEgZGUgUmVwYXJvcyBkZXBvaXMgZGUgY2HDp8OhLWxvcy4KTsOjbyBwb3NzbyBpciBhIGx1Z2FyIG5lbmh1bSwgcG9pcyBwcmVjaXNvIHByb3RlZ2VyIG91dHJhcyBjb2lzYXMgYXF1aS4=,,W01hcmluZXJvXQpUZSBhZ3JhZGVjZXLDrWEgbXVjaG8gcXVlIG1lIHRyYWplcmFzIGxhIG1hZGVyYSBkZXNwdcOpcyBkZSBjYXphcmxvcy4KTm8gcHVlZG8gaXIgYSBuaW5nw7puIGxhZG8gcG9ycXVlIG5lY2VzaXRvIHByb3RlZ2VyIG90cmFzIGNvc2FzIGFxdcOtLg==
7r+0Ag,,W1NhaWxvcl0KVGhleSBzd2FsbG93ZWQgb3VyIG1hdGVyaWFscywganVzdCBsaWtlIHRoYXQhClRoZXkgb3JpZ2luYWxseSBiZWxvbmdlZCB0byB1cywgc28gaXQncyBvbmx5IGZhaXIhCkFsbCBJIG5lZWQgaXMgXjRENERGRjIgV29vZC4gVGhhbmsgeW91IV4wMDAwMDA=,,,,,W01hcmluaGVpcm9dCkVsZXMgZW5nb2xpcmFtIG5vc3NvcyBtYXRlcmlhaXMsIHNlbSBtYWlzIG5lbSBtZW5vcyEKRXJhbSBtYXRlcmlhaXMgbm9zc29zLCBlbnTDo28gw6kganVzdG8hClR1ZG8gbyBxdWUgZXUgcHJlY2lzbyDDqSBkZSBeNEQ0REZGMiBNYWRlaXJhcyBkZSBSZXBhcm9zLl4wMDAwMDA=,,W01hcmluZXJvXQpTZSB0cmFnYXJvbiBudWVzdHJvcyBtYXRlcmlhbGVzLCDCoWFzw60gZGUgZsOhY2lsIQpPcmlnaW5hbG1lbnRlIG5vcyBwZXJ0ZW5lY8OtYW4sIMKhYXPDrSBxdWUgZXMgbG8ganVzdG8hClNvbG8gbmVjZXNpdG8gXjRENERGRjIgdHJvem9zIGRlIE1hZGVyYS4gwqFHcmFjaWFzIV4wMDAwMDA=
77+0Ag,,W1NhaWxvcl0KVGhpcyBzaGlwIHdpbGwgc2V0IG91dCB0byBJemx1ZGUgc29vbiEKR2V0IG9uIHRoZSBzaGlwIHF1aWNrbHkh,,,,,W01hcmluaGVpcm9dCkVzdGUgbmF2aW8gcGFydGlyw6EgcGFyYSBJemx1ZGUgZW0gYnJldmUhCkVudHJlbSBubyBuYXZpbyByYXBpZGFtZW50ZSE=,,W01hcmluZXJvXQrCoUVzdGUgYmFyY28gcGFydGlyw6EgcHJvbnRvIGhhY2lhIEl6bHVkZSEKwqFTdWJhbiByw6FwaWRvIGFsIGJhcmNvIQ==
8L+0Ag,,XjRENERGRllvdSBjdXJyZW50bHkgaGF2ZSBhIHF1ZXN0IGluIHByb2dyZXNzLiBOb3RlIHRoYXQgeW91IHdpbGwgbm90IGJlIGFibGUgdG8gcmV0dXJuIHRvIHRoaXMgYXJlYSBvbmNlIHlvdSBsZWF2ZS4KSWdub3JlIHRoZSBxdWVzdCBhbmQgZ28gdG8gSXpsdWRlP14wMDAwMDA=,,,,,XjRENERGRkFpbmRhIGjDoSB1bWEgbWlzc8OjbyBlbSBwcm9ncmVzc28uIFZvY8OqIG7Do28gcG9kZXLDoSB2b2x0YXIgcGFyYSBlc3RlIG1hcGEhCkRlc2VqYSBjb250aW51YXIgbWVzbW8gYXNzaW0/XjAwMDAwMA==,,XjRENERGRkFjdHVhbG1lbnRlLCB0aWVuZXMgdW5hIG1pc2nDs24gZW4gY3Vyc28uIFRlbiBlbiBjdWVudGEgcXVlIG5vIHBvZHLDoXMgdm9sdmVyIGEgZXN0YSB6b25hIHVuYSB2ZXogcXVlIGxhIGFiYW5kb25lcy4Kwr9JZ25vcmFyIGxhIG1pc2nDs24gZSBpciBhIEl6bHVkZT9eMDAwMDAw
8b+0Ag,,XjRENERGRklmIHlvdSBzZXQgb3V0IG5vdywgdGhlIGluY29tcGxldGUgcXVlc3Qgd2lsbCBiZSBkZWxldGVkIGF1dG9tYXRpY2FsbHkuIF4wMDAwMDA=,,,,,XjRENERGRlNlIHZvY8OqIGNvbnRpbnVhciwgYSBtaXNzw6NvIHNlcsOhIGNhbmNlbGFkYS5eMDAwMDAw,,XjRENERGRlNpIHBhcnRlcyBhaG9yYSwgbGEgbWlzacOzbiBpbmNvbXBsZXRhIHNlIGJvcnJhcsOhIGRlIGZvcm1hIGF1dG9tw6F0aWNhLiBeMDAwMDAw
8r+0Ag,,RG8gbm90IGxlYXZlIHlldC4=,,,,,Vm91IHRlcm1pbmFyIGEgbWlzc8OjbyBwcmltZWlyby4=,,Tm8gaXJzZSB0b2RhdsOtYS4=
87+0Ag,,SWdub3JlIHRoZSBRdWVzdCBhbmQgc2V0IG91dCB0byBJemx1ZGUh,,,,,RGVpeGEgYSBtaXNzw6NvIHByYSBsw6EuIEJvcmEgcHJhIEl6bHVkZSE=,,wqFJZ25vcmFyIGxhIG1pc2nDs24geSBkaXJpZ2lyc2UgYSBJemx1ZGUh
9L+0Ag,,W1NhaWxvcl0KSXMgdGhlcmUgc29tZXRoaW5nIHlvdSBuZWVkIHRvIGRvPwpJJ2xsIHdhaXQgaGVyZSwgc28gZG8gd2hhdGV2ZXIgeW91IG5lZWQgdG8gZG8u,,,,,W01hcmluaGVpcm9dCkFoLCB2b2PDqiBhaW5kYSB0ZW0gYWxnbyBwcmEgZmF6ZXIgcG9yIGFxdWk/ClJlc29sdmEgbyBxdWUgcHJlY2lzYSByZXNvbHZlciBlIHZvbHRlIGFxdWkgZGVwb2lzLCBlbnTDo28h,,W01hcmluZXJvXQrCv0hheSBhbGdvIHF1ZSBuZWNlc2l0ZXMgaGFjZXI/CkVzcGVyYXLDqSBhcXXDrSwgYXPDrSBxdWUgaGF6IGxvIHF1ZSB0ZW5nYXMgcXVlIGhhY2VyLg==
9b+0Ag,,W1NhaWxvcl0KVGhlcmUsIHNldCBzYWlsIGZvciBJemx1ZGUh,,,,,W01hcmluaGVpcm9dClByb250bywgdmFtb3MgemFycGFyIHBhcmEgSXpsdWRlIQ==,,W01hcmluZXJvXQrCoVlhIGVzdMOhLCB6YXJwYSBoYWNpYSBJemx1ZGUh
9r+0Ag,,UnVtaW4=,,,,,UnVtaW4=,,UnVtaW4=
97+0Ag,,W1J1bWluXQouLi4KLi4uPw==,,,,,W1J1bWluXQouLi4KLi4uPw==,,W1J1bWluXQouLi4Kwr8uLi4/
+L+0Ag,,W0NhcHRhaW4gQ2Fyb2NjXQpBaCwgSSBzYXZlZCB0aGF0IGZyaWVuZCBvZiB5b3VycyB3aG8gd2FzIGRyaWZ0aW5nIGluIHRoZSBvY2VhbiAuLi4KV2l0aCBhbGwgdGhpcyBjb21tb3Rpb24sIEknbSBub3Qgc3VyZSB3aG8gc2F2ZWQgd2hvLg==,,,,,W0NhcGl0w6NvIENob2JiZXJdCkV1IHJlc2dhdGVpIGVzc2UgYcOtLi4uCkV1IG5lbSBzZWkgcXVlbSBlbGUgw6kuLi4gRSBuZW0gZWxlIHNhYmUgcXVlbSDDqSwgbmEgdmVyZGFkZS4uLg==,,W0NhcGl0w6FuIENhcm9jY10KQWgsIHNhbHbDqSBhIGVzZSBhbWlnbyB0dXlvIHF1ZSBlc3RhYmEgYSBsYSBkZXJpdmEgZW4gZWwgb2PDqWFuby4uLgpDb24gdG9kYSBlc3RhIGNvbm1vY2nDs24sIG5vIHPDqSBxdWnDqW4gc2FsdsOzIGEgcXVpw6luLg==
+b+0Ag,,W0NhcHRhaW4gQ2Fyb2NjXQpJIGNvdWxkIG9ubHkgZ2V0IGhpcyBuYW1lOyBoZSBwcm9iYWJseSBsb3N0IGhpcyBtZW1vcnkuCkhlJ3MgY2FsbGVkIFJ1bWluLg==,,,,,W0NhcGl0w6NvIENob2JiZXJdCkVsZSBwZXJkZXUgYSBtZW3Ds3JpYS4uLiBUdWRvIHF1ZSBzZSBsZW1icmEgw6kgbyBub21lLgpFbGUgc2UgY2hhbWEgUnVtaW4u,,W0NhcGl0w6FuIENhcm9jY10KU29sbyBwdWRlIG9idGVuZXIgc3Ugbm9tYnJlOyBwcm9iYWJsZW1lbnRlLCBwZXJkacOzIGxhIG1lbW9yaWEuClNlIGxsYW1hIFJ1bWluLg==
+r+0Ag,,W0NhcHRhaW4gQ2Fyb2NjXQpNYW55IHlvdW5nIHBlb3BsZSBjb21lIGFuZCB2aXNpdCB0aGUgXjRENERGRlJ1bmUtTWlkZ2FyZCBLaW5nZG9tXjAwMDAwMCB0byBtYWtlIHRoZWlyIGRyZWFtcyBjb21lIHRydWUuCk15IHNoaXAgd2FzIGhlYWRpbmcgdG8gSXpsdWRlIHRvd24gbmVhciBQcm9udGVyYSwgdGhlIGNhcGl0YWwgLi4uIEknbSBzb3JyeSB0aGluZ3MgdHVybmVkIG91dCBsaWtlIHRoaXMu,,,,,W0NhcGl0w6NvIENob2JiZXJdCk11aXRvcyBqb3ZlbnMgdmlzaXRhbSBvIF40RDRERkZSZWlubyBkZSBSdW5lLU1pZGdhcmReMDAwMDAwIHBhcmEgcmVhbGl6YXIgc2V1cyBzb25ob3MuCk1ldSBuYXZpbyBlc3RhdmEgaW5kbyBwYXJhIGEgY2lkYWRlIGRlIEl6bHVkZSwgcGVydG8gZGUgUHJvbnRlcmEsIGEgY2FwaXRhbC4uLiBTaW50byBtdWl0byBxdWUgYXMgY29pc2FzIHRlbmhhbSBhY29udGVjaWRvIGFzc2ltLg==,,W0NhcGl0w6FuIENhcm9jY10KTXVjaG9zIGrDs3ZlbmVzIHZpZW5lbiBhIHZpc2l0YXIgZWwgXjRENERGRnJlaW5vIGRlIFJ1bmUtTWlkZ2FyZF4wMDAwMDAgcGFyYSBoYWNlciBzdXMgc3Vlw7FvcyByZWFsaWRhZC4KTWkgYmFyY28gc2UgZGlyaWfDrWEgYWwgcHVlYmxvIGRlIEl6bHVkZSwgY2VyY2EgZGUgUHJvbnRlcmEsIGxhIGNhcGl0YWwuLi4gU2llbnRvIHF1ZSBsYXMgY29zYXMgaGF5YW4gc2lkbyBhc8OtLg==
+7+0Ag,,W0NhcHRhaW4gQ2Fyb2NjXQpJemx1ZGUgaXMgZmlsbGVkIHdpdGggeW91bmcgcGVvcGxlIGxpa2UgeW91LCBwZW9wbGUgYmVnaW5uaW5nIHRoZWlyIGZpcnN0IGFkdmVudHVyZS4KSSBiZXQgeW91IHdpbGwgc29vbiBmaW5kIHlvdXJzZWxmIGFtb25nIHRoZWlyIHJhbmtzLg==,,,,,W0NhcGl0w6NvIENob2JiZXJdCkl6bHVkZSBlc3TDoSByZXBsZXRhIGRlIGpvdmVucyBjb21vIHZvY8OqLCBpbmljaWFuZG8gc3VhIGpvcm5hZGEuClRlbmhvIGNlcnRlemEgZGUgcXVlIGxvZ28gZXN0YXLDoSBzZSBqdW50YW5kbyBhIGVsZXMu,,W0NhcGl0w6FuIENhcm9jY10KSXpsdWRlIGVzdMOhIGxsZW5vIGRlIGrDs3ZlbmVzIGNvbW8gdMO6LCBnZW50ZSBxdWUgaW5pY2lhIHN1IHByaW1lcmEgYXZlbnR1cmEuCkFwdWVzdG8gYSBxdWUgcHJvbnRvIHNlcsOhcyB1bm8gbcOhcyBkZSBlbGxvcy4=
/L+0Ag,,W0NhcHRhaW4gQ2Fyb2NjXQpUaGVyZSBhcmUgbG90cyBvZiB0aGluZ3MgSSB3YW50IHRvIHRhbGsgdG8geW91IGFib3V0LCBidXQgeW91IG5lZWQgdG8gZ2V0IGdvaW5nIHRvIHRoZSByZXNjdWUgc2hpcCwgZG9uJ3QgeW91PwpJJ2xsIGdvIGNoZWNrIGlmIHRoZXJlIGFyZSBhbnkgcGFzc2VuZ2VycyBsZWZ0LCBzbyB5b3UgZ3V5cyBnbyBhaGVhZCBmaXJzdC4=,,,,,W0NhcGl0w6NvIENob2JiZXJdCkV1IHRlbmhvIG11aXRhIGNvaXNhIHByYSB0ZSBjb250YXIsIG1hcyBuw6NvIMOpIG1lbGhvciBpcm1vcyBwYXJhIG8gbmF2aW8gcHJpbWVpcm8/ClBvZGUgaXIgbmEgZnJlbnRlLg==,,W0NhcGl0w6FuIENhcm9jY10KUXVpZXJvIGhhYmxhcnRlIGRlIG11Y2hhcyBjb3NhcywgcGVybyB0aWVuZXMgcXVlIGlydGUgYWwgYmFyY28gZGUgcmVzY2F0ZSwgwr9ubz8KSXLDqSBhIGNvbXByb2JhciBzaSBxdWVkYW4gcGFzYWplcm9zLCBhc8OtIHF1ZSB2YXlhbiB0cmFucXVpbG9zLg==
/b+0Ag,,W1J1bWluXQpUaGF0J3MgcmlnaHQu,,,,,W1J1bWluXQpTaW0u,,W1J1bWluXQpBc8OtIGVzLg==
/r+0Ag,,W1J1bWluXQouLi4gUnVtaW4u,,,,,W1J1bWluXQouLi4gUnVtaW4u,,W1J1bWluXQouLi4gUnVtaW4u
/7+0Ag,,V2hhdD8gQXJlIHlvdSB0cnlpbmcgdG8gaW50cm9kdWNlIHlvdXJzZWxmPw==,,,,,SG1tPyBFc3RhbW9zIG5vcyBhcHJlc2VudGFuZG8/,,wr9RdcOpPyDCv0VzdMOhcyB0cmF0YW5kbyBkZSBwcmVzZW50YXJ0ZT8=
AMC0Ag,,TXkgbmFtZSBpcy4uLiE=,,,,,TWV1IG5vbWUgw6kuLi4=,,wqFNZSBsbGFtby4uLiE=
AcC0Ag,,W3swfV0KSSBhbSB7MH0hClRoZSBicmluZ2VyIG9mIGxpZ2h0ISBTYXZpb3Igb2YgLi4u,,,,,W3swfV0KRXUgc291IHswfSEKRXUgcXVlcm8gbWUgYXZlbnR1cmFyIGUuLi4=,,W3swfV0KwqFTb3kgezB9IQrCoVF1aWVuIGlsdW1pbmEgZWwgY2FtaW5vISBMYSBzYWx2YWNpw7NuIGRlLi4u
AsC0Ag,,W1J1bWluXQouLi4=,,,,,W1J1bWluXQouLi4=,,W1J1bWluXQouLi4=
A8C0Ag,,W1J1bWluXQouLi4KQW5kIC4uLj8=,,,,,W1J1bWluXQouLi4KRS4uLj8=,,W1J1bWluXQouLi4Kwr9ZLi4uPw==
BMC0Ag,,VW5pbnRlcmVzdGVkLCBSdW1pbiB3YWxrcyB0b3dhcmQgdGhlIHJlc2N1ZSBzaGlwLg==,,,,,UnVtaW4gcGFyZWNlIGV4dHJlbWFtZW50ZSBpbmRpZmVyZW50ZS4=,,SW5kaWZlcmVudGUsIFJ1bWluIGNhbWluYSBoYWNpYSBlbCBiYXJjbyBkZSByZXNjYXRlLg==
BcC0Ag,,W0Nhcm9jY10KQSBzaHkgbGFkLCBpdCBzZWVtcy4KWW91J2xsIHByb2JhYmx5IG1lZXQgaGltIGFnYWluIHdoZW4gdGhlIHNoaXAgZ2V0cyB0byBJemx1ZGUu,,,,,W0NhcGl0w6NvIENob2JiZXJdCkVzc2UgbWVuaW5vIHTDoSBwZXJkaWRpbmhvLgpWb2PDqiBwcm92YXZlbG1lbnRlIG8gZW5jb250cmFyw6Egbm92YW1lbnRlIHF1YW5kbyBvIG5hdmlvIGNoZWdhciBhIEl6bHVkZS4=,,W0Nhcm9jY10KVW4gbXVjaGFjaG8gdMOtbWlkbywgcGFyZWNlLgpQcm9iYWJsZW1lbnRlIGxvIHZ1ZWx2YXMgYSBlbmNvbnRyYXIgY3VhbmRvIGVsIGJhcmNvIGxsZWd1ZSBhIEl6bHVkZS4=
BsC0Ag,,W1J1bWluXQouLi4gVGhlIHNhaWxvciBvdmVyIHRoZXJlCmlzIHdhaXRpbmcu,,,,,W1J1bWluXQouLi4gTyBtYXJpbmhlaXJvLgpFc3TDoSBub3MgZXNwZXJhbmRvLg==,,W1J1bWluXQouLi4gRWwgbWFyaW5lcm8gZGUgYWxsw60KZXN0w6EgZXNwZXJhbmRvLg==
B8C0Ag,,W0Nhcm9jY10KR2V0IG9uIHRoZSByZXNjdWUgc2hpcCBiZWZvcmUgeW91IG1pc3MgaXQu,,,,,W0NhcGl0w6NvIENob2JiZXJdClbDoSBwYXJhIG8gYmFyY28gbG9nbywgYW50ZXMgcXVlIHZvY8OqIHNlIGF0cmFzZS4=,,W0Nhcm9jY10KU8O6YmV0ZSBhbCBiYXJjbyBkZSByZXNjYXRlIGFudGVzIGRlIHBlcmRlcmxvLg==
CMC0Ag,,W1J1bWluXQouLi4=,,,,,W1J1bWluXQouLi4=,,W1J1bWluXQouLi4=
