wDIKAw,,QXR0cmlidXRlIEV4cGVydA==,,,,,TWFnbyBkYXMgUHJvcHJpZWRhZGVz,,RXhwZXJ0byBlbiBhdHJpYnV0b3M=
wTIKAw,,W0F0dHJpYnV0ZSBFeHBlcnRdCkFyZSB5b3UgYSBuZXcgc3R1ZGVudD8gQXNrIG1lIGFueXRoaW5nIGlmIHlvdSBoYXZlIHF1ZXN0aW9ucyBhYm91dCBhdHR0cmlidXRlLiBJIGFtIGFuIGF0dHJpYnV0ZSBleHBlcnQu,,,,,W01hZ28gZGFzIFByb3ByaWVkYWRlc10KVW0gZXN0dWRhbnRlIG5vdm8/IE9sw6EhCkV1IHNvdSBvIE1hZ28gZGFzIFByb3ByaWVkYWRlcy4gU2VpIHR1ZG8gc29icmUgZWxhcyEKU2UgdGl2ZXIgYWxndW1hIGTDunZpZGEgc29icmUgUHJvcHJpZWRhZGVzLCBwZXJndW50ZSBpbWVkaWF0YW1lbnRlIQ==,,W0V4cGVydG8gZW4gYXRyaWJ1dG9zXQrCv0VyZXMgdW4gZXN0dWRpYW50ZSBudWV2bz8gUHJlZ8O6bnRhbWUgbG8gcXVlIHF1aWVyYXMgc2FiZXIgc29icmUgbG9zIGF0cmlidXRvcy4gU295IHVuIGV4cGVydG8gZW4gYXRyaWJ1dG9zLg==
wjIKAw,,V2hhdCBhcmUgYXR0cmlidXRlcz8=,,,,,TyBxdWUgw6kgdW1hIFByb3ByaWVkYWRlPw==,,wr9RdcOpIHNvbiBsb3MgYXRyaWJ1dG9zPw==
wzIKAw,,SGFybW9ueSBvZiBhdHRyaWJ1dGVz,,,,,UmVsYcOnw7VlcyBlbnRyZSBQcm9wcmllZGFkZXM=,,QXJtb27DrWEgZGUgbG9zIGF0cmlidXRvcy4=
xDIKAw,,RXhwZXJpZW5jZSBvZiBhdHRyaWJ1dGU=,,,,,RmF6ZXIgdGVzdGUgcHLDoXRpY28=,,RXhwZXJpZW5jaWEgZGVsIGF0cmlidXRvLg==
xTIKAw,,Y29udmVyc2F0aW9uIGZpbmlzaGVk,,,,,Q2FuY2VsYXI=,,VGVybWluYXIgbGEgY29udmVyc2FjacOzbi4=
xjIKAw,,W0F0dHJpYnV0ZSBFeHBlcnRdCkFsbCBtYXRlcmlhbHMgaW4gdGhlIHdvcmxkIGhhdmUgdGhlaXIgb3duIGF0dHJpYnV0ZXMu,,,,,W01hZ28gZGFzIFByb3ByaWVkYWRlc10KVG9kYSBzdWJzdMOibmNpYSBuZXNzZSBtdW5kbyB0ZW0gc3VhIFByb3ByaWVkYWRlLg==,,W0V4cGVydG8gZW4gYXRyaWJ1dG9zXQpUb2RvcyBsb3MgbWF0ZXJpYWxlcyBkZWwgbXVuZG8gdGllbmVuIHN1cyBwcm9waW9zIGF0cmlidXRvcy4=
xzIKAw,,W0F0dHJpYnV0ZSBFeHBlcnRdClRoZXJlIGFyZSBtYW55IHR5cGVzIG9mIGF0dHJpYnV0ZXMuIFRoZXJlIGFyZSA0IGVsZW1lbnRhbCBhdHRyaWJ1dGVzIF4wRDZFRjJXYXRlcl4wMDAwMDAsIF4wMDY2MDBXaW5kXjAwMDAwMCwgXkZGMDAwMEZpcmVeMDAwMDAwLCBeQjk3MjQ2RWFydGheMDAwMDAwLg==,,,,,W01hZ28gZGFzIFByb3ByaWVkYWRlc10KRXhpc3RlbSBtdWl0YXMgZGVsYXMsIG1hcyBhcyBwcmluY2lwYWlzIHPDo28gXjBENkVGMsOBZ3VhXjAwMDAwMCwgXjAwNjYwMFZlbnRvXjAwMDAwMCwgXkZGMDAwMEZvZ29eMDAwMDAwIGUgXkI5NzI0NlRlcnJhXjAwMDAwMC4=,,W0V4cGVydG8gZW4gYXRyaWJ1dG9zXQpIYXkgbXVjaG9zIHRpcG9zIGRlIGF0cmlidXRvcy4gRXhpc3RlbiA0YXRyaWJ1dG9zIGVsZW1lbnRhbGVzOiBeMEQ2RUYyQWd1YV4wMDAwMDAsIF4wMDY2MDBWaWVudG9eMDAwMDAwLCBeRkYwMDAwRnVlZ29eMDAwMDAwIHkgXkI5NzI0NlRpZXJyYV4wMDAwMDAu
yDIKAw,,W0F0dHJpYnV0ZSBFeHBlcnRdClRoZXJlIGFyZSBtb3JlIHVuY29tbW9uIG9uZXMgbGlrZS4uLiBOZXV0cmFsLCBQb2lzb24sIEhvbHksIERhcmssIEFuZ2VsLCBVbmRlYWQuClRoZXJlIGFyZSBtb3JlIHR5cGVzIHRoYW4geW91IHRoaW5rIHJpZ2h0Pw==,,,,,W01hZ28gZGFzIFByb3ByaWVkYWRlc10KQWzDqW0gZGVzc2FzLCB0ZW0gTmV1dHJvLCBWZW5lbm8sIFNhZ3JhZG8sIFNvbWJyaW8sIEZhbnRhc21hIGUgTWFsZGl0by4KRSBlbnTDo28/IFPDo28gbWFpcyBQcm9wcmllZGFkZXMgZG8gcXVlIHBlbnNvdSwgbsOpPw==,,W0V4cGVydG8gZW4gYXRyaWJ1dG9zXQpIYXkgb3Ryb3MgbWVub3MgY29tdW5lcyBjb21vLi4uIE5ldXRyYWwsIFZlbmVubywgU2FncmFkbywgT3NjdXJpZGFkLCDDgW5nZWwgeSBNdWVydG8gdml2aWVudGUuCkhheSBtw6FzIHRpcG9zIGRlIGxvcyBxdWUgY3JlZXMsIMK/dmVyZGFkPw==
yTIKAw,,W0F0dHJpYnV0ZSBFeHBlcnRdCkFsbCByaWdodCwgaGVyZSdzIHRoZSBxdWVzdGlvbiB3aGljaCBhdHRyaWJ1dGUgZG8gd2UgYmVsb25nIHRvPw==,,,,,W01hZ28gZGFzIFByb3ByaWVkYWRlc10KQWdvcmEsIHVtYSBwZXJndW50YSEgRGUgcXVhbCBQcm9wcmllZGFkZSBuw7NzLCBodW1hbm9zLCBzb21vcz8=,,W0V4cGVydG8gZW4gYXRyaWJ1dG9zXQpNdXkgYmllbiwgbGEgcHJlZ3VudGEgZXMgwr9hIHF1w6kgYXRyaWJ1dG8gcGVydGVuZWNlbW9zPw==
yjIKAw,,V2F0ZXI=,,,,,w4FndWE=,,QWd1YS4=
yzIKAw,,V2luZA==,,,,,VmVudG8=,,VmllbnRvLg==
zDIKAw,,RmlyZQ==,,,,,Rm9nbw==,,RnVlZ28u
zTIKAw,,RWFydGg=,,,,,VGVycmE=,,VGllcnJhLg==
zjIKAw,,TmV1dHJhbA==,,,,,TmV1dHJv,,TmV1dHJhbC4=
zzIKAw,,UG9pc29u,,,,,VmVuZW5v,,VmVuZW5vLg==
0DIKAw,,SG9seQ==,,,,,U2FncmFkbw==,,U2FncmFkby4=
0TIKAw,,RGFyaw==,,,,,U29tYnJpbw==,,T3NjdXJpZGFkLg==
0jIKAw,,QW5nZWw=,,,,,RmFudGFzbWE=,,w4FuZ2VsLg==
0zIKAw,,VW5kZWFk,,,,,TWFsZGl0bw==,,TXVlcnRvIHZpdmllbnRlLg==
1DIKAw,,W0F0dHJpYnV0ZSBFeHBlcnRdCkRvIHlvdSB0aGluayBzbz8KV2UgYmVsb25nIHRvIHRoZSBOZXV0cmFsLg==,,,,,W01hZ28gZGFzIFByb3ByaWVkYWRlc10KRXJyb3UgZmVpbywgZXJyb3UgcnVkZS4uLgpOw7NzIHNvbW9zIGRhIFByb3ByaWVkYWRlIE5ldXRyby4=,,W0V4cGVydG8gZW4gYXRyaWJ1dG9zXQrCv0VzbyBjcmVlcz8KUGVydGVuZWNlbW9zIGFsIE5ldXRyYWwu
1TIKAw,,W0F0dHJpYnV0ZSBFeHBlcnRdCkNvcnJlY3QhIFlvdSBhcmUgZ29vZC4gWWVzIHdlIGJlbG9uZyB0byB0aGUgTmV1dHJhbCBhdHRyaWJ1dGUu,,,,,W01hZ28gZGFzIFByb3ByaWVkYWRlc10KQ2FyYW1iYSwgdm9jw6ogYWNlcnRvdSBkZSBwcmltZWlyYSEKSXNzbyBtZXNtbywgbsOzcyBzb21vcyBkYSBQcm9wcmllZGFkZSBOZXV0cm8u,,W0V4cGVydG8gZW4gYXRyaWJ1dG9zXQrCoUNvcnJlY3RvISBUZSB2YSBiaWVuIGVuIGVzdG8uIFPDrSwgcGVydGVuZWNlbW9zIGFsIGF0cmlidXRvIE5ldXRyYWwu
1jIKAw,,W0F0dHJpYnV0ZSBFeHBlcnRdClRoZW4sIHdoeSBkbyB3ZSBuZWVkIGF0dHJpYnV0ZXM/IE1heWJlIHlvdSBrbm93IHRoZSBhbnN3ZXIuLi4gcmlnaHQ/,,,,,W01hZ28gZGFzIFByb3ByaWVkYWRlc10KTWFzIHZvY8OqIHNhYmUgcG9yIHF1ZSBwcmVjaXNhbW9zIGNvbmhlY2VyIGFzIFByb3ByaWVkYWRlcz8=,,W0V4cGVydG8gZW4gYXRyaWJ1dG9zXQpFbnRvbmNlcywgwr9wYXJhIHF1w6kgbmVjZXNpdGFtb3MgYXRyaWJ1dG9zPyBRdWl6w6Egc2VwYXMgbGEgcmVzcHVlc3RhLi4uIMK/dmVyZGFkPw==
1zIKAw,,W0F0dHJpYnV0ZSBFeHBlcnRdCkV2ZXJ5dGhpbmcgbmVlZHMgdG8gYmFsYW5jZSB3aXRoIHNvbWV0aGluZyBzcm9uZyBhbmQgc29tZXRoaW5nIHdlYWsuIFNvIF4zMTMxRkZiYWxhbmNlIGFuZCBoYXJtb255XjAwMDAwMCBjb21lcyBhbG9uZyBhbGwgdGhlIHRpbWUu,,,,,W01hZ28gZGFzIFByb3ByaWVkYWRlc10KVG9kYXMgYXMgY29pc2FzIGRvIG11bmRvIHTDqm0gdW1hIGNlcnRhLi4uIGhhcm1vbmlhIG5hdHVyYWwuIEV4aXN0ZW0gXjMxMzFGRlJlbGHDp8O1ZXMgZGUgQXRyaWJ1dG9zXjAwMDAwMCBmcmFjYXMgZSBmb3J0ZXMgZW50cmUgYXMgUHJvcHJpZWRhZGVzLg==,,W0V4cGVydG8gZW4gYXRyaWJ1dG9zXQpUb2RvIGVxdWlsaWJyaW8gaW1wbGljYSBmdWVyemEgeSBkZWJpbGlkYWQuIEFzw60gcXVlIGVsIF4zMTMxRkZlcXVpbGlicmlvIHkgbGEgYXJtb27DrWFeMDAwMDAwIGFwYXJlY2VuIHRvZG8gZWwgdGllbXBvLg==
2DIKAw,,W0F0dHJpYnV0ZSBFeHBlcnRdCkJhbGFuY2UgYW5kIGhhcm1vbnkgaXMgc3Ryb25nbHkgcmVsYXRlZCB0byB5b3VyIHBvd2VyIGFzIHdlbGwuIFNvIHJlbWVtYmVyIHdlbGwu,,,,,W01hZ28gZGFzIFByb3ByaWVkYWRlc10KTGVtYnJlLXNlLCBhcyBSZWxhw6fDtWVzIGRlIEF0cmlidXRvcyBkYXMgUHJvcHJpZWRhZGVzIHPDo28gbGlnYWRhcyDDoHMgc3VhcyBmb3LDp2FzIGUgZnJhcXVlemFzLg==,,W0V4cGVydG8gZW4gYXRyaWJ1dG9zXQpFbCBlcXVpbGlicmlvIHkgbGEgYXJtb27DrWEgdGFtYmnDqW4gZXN0w6FuIGVzdHJlY2hhbWVudGUgcmVsYWNpb25hZG9zIGNvbiB0dSBwb2Rlci4gQXPDrSBxdWUgcmVjdcOpcmRhbG8gYmllbi4=
2TIKAw,,RXRjLi4u,,,,,T3V0cmFzIFByb3ByaWVkYWRlcw==,,RXRjLi4u
2jIKAw,,SSBhbHJlYWR5IGtub3c=,,,,,SsOhIHNlaSBkZSB0dWRv,,WWEgbG8gc8OpLg==
2zIKAw,,W0F0dHJpYnV0ZSBFeHBlcnRdCl4wRDZFRjJXYXRlcl4wMDAwMDAgaXMgc3Ryb25nZXIgdGhhbiBeRkYwMDAwRmlyZV4wMDAwMDAsIHNvIHRoZXkgZ2l2ZSBib251cyBkYW1hZ2UgdG8gYW55dGhpbmcgd2l0aCBGaXJlIGF0dHJpYnV0ZSEKQnV0IGl0IGlzIHdlYWsgdG8gXjAwNjYwMFdpbmReMDAwMDAwLg==,,,,,W01hZ28gZGFzIFByb3ByaWVkYWRlc10KQXRhcXVlcyBkZSBeMEQ2RUYyw4FndWFeMDAwMDAwIHPDo28gZm9ydGVzIGNvbnRyYSBpbmltaWdvcyBkYSBQcm9wcmllZGFkZSBeRkYwMDAwRm9nb14wMDAwMDAsCm1hcyBmcmFjb3MgY29udHJhIGFsdm9zIGRhIFByb3ByaWVkYWRlIF4wMDY2MDBWZW50b14wMDAwMDAu,,W0V4cGVydG8gZW4gYXRyaWJ1dG9zXQpeMEQ2RUYyQWd1YV4wMDAwMDAgZXMgbcOhcyBmdWVydGUgcXVlIF5GRjAwMDBGdWVnb14wMDAwMDAsIMKhYXPDrSBxdWUgaW5mbGlnZSBkYcOxbyBleHRyYSBhIGN1YWxxdWllciBjb3NhIGNvbiBhdHJpYnV0byBGdWVnbyEKUGVybyBlcyBkw6liaWwgZnJlbnRlIGFsIF4wMDY2MDBWaWVudG9eMDAwMDAwLg==
3DIKAw,,W0F0dHJpYnV0ZSBFeHBlcnRdCkV4YW1wbGVzIG9mIG1vbnN0ZXJzIHdpdGggdGhlIFdhdGVyIEF0dHJpYnV0ZSBhcmUgUG9yaW5nIGFuZCBSb2RhIEZyb2cuLi4gaGF2ZSB5b3UgaGVhcmQgb2YgdGhvc2UgbW9uc3RlcnM/,,,,,W01hZ28gZGFzIFByb3ByaWVkYWRlc10KQWxndW5zIG1vbnN0cm9zIGRlIMOBZ3VhIHPDo28gbyBQb3JpbmcgZSBvIFNhcG8gZGUgUm9kZGEuIErDoSBvdXZpdSBmYWxhciBkZWxlcz8=,,W0V4cGVydG8gZW4gYXRyaWJ1dG9zXQpFamVtcGxvcyBkZSBtb25zdHJ1b3MgY29uIGVsIGF0cmlidXRvIEFndWEgc29uIFBvcmluZyB5IFJhbmEgUm9kYS4gwr9Mb3MgY29ub2Nlcz8=
3TIKAw,,W0F0dHJpYnV0ZSBFeHBlcnRdCl5GRjAwMDBGaXJlXjAwMDAwMCBpcyBzdHJvbmdlciB0aGFuIF5COTcyNDZFYXJ0aF4wMDAwMDAsIHNvIHRoZXkgZ2l2ZSBib251cyBkYW1hZ2UgdG8gYW55dGhpbmcgd2l0aCBFYXJ0aCBhdHRyaWJ1dGUhCkJ1dCBpdCBpcyB3ZWFrIHRvIF4wRDZFRjJXYXRlcl4wMDAwMDAu,,,,,W01hZ28gZGFzIFByb3ByaWVkYWRlc10KQXRhcXVlcyBkZSBeRkYwMDAwRm9nb14wMDAwMDAgc8OjbyBmb3J0ZXMgY29udHJhIGluaW1pZ29zIGRhIFByb3ByaWVkYWRlIF5COTcyNDZUZXJyYV4wMDAwMDAsCm1hcyBmcmFjb3MgY29udHJhIGFsdm9zIGRhIFByb3ByaWVkYWRlIF4wRDZFRjLDgWd1YV4wMDAwMDAu,,W0V4cGVydG8gZW4gYXRyaWJ1dG9zXQpeRkYwMDAwRnVlZ29eMDAwMDAwIGVzIG3DoXMgZnVlcnRlIHF1ZSBeQjk3MjQ2VGllcnJhXjAwMDAwMCwgwqFhc8OtIHF1ZSBpbmZsaWdlIGRhw7FvIGV4dHJhIGEgY3VhbHF1aWVyIGNvc2EgY29uIGF0cmlidXRvIFRpZXJyYSEKUGVybyBlcyBkw6liaWwgZnJlbnRlIGFsIF4wRDZFRjJBZ3VhXjAwMDAwMC4=
3jIKAw,,W0F0dHJpYnV0ZSBFeHBlcnRdCkV4YW1wbGVzIG9mIG1vbnN0ZXJzIHdpdGggdGhlIEZpcmUgQXR0cmlidXRlIGFyZSBEcm9wcyBhbmQgUGlja3ku,,,,,W01hZ28gZGFzIFByb3ByaWVkYWRlc10KQWxndW5zIG1vbnN0cm9zIGRlIEZvZ28gc8OjbyBvIERyb3BzIGUgbyBQaWNreS4gSsOhIG91dml1IGZhbGFyIGRlbGVzPw==,,W0V4cGVydG8gZW4gYXRyaWJ1dG9zXQpFamVtcGxvcyBkZSBtb25zdHJ1b3MgY29uIGVsIGF0cmlidXRvIEZ1ZWdvIHNvbiBEcm9wcyB5IFBpY2t5Lg==
3zIKAw,,W0F0dHJpYnV0ZSBFeHBlcnRdCl5COTcyNDZFYXJ0aF4wMDAwMDAgaXMgc3Ryb25nZXIgdGhhbiAgXjAwNjYwMFdpbmReMDAwMDAwLCBzbyB0aGV5IGdpdmUgYm9udXMgZGFtYWdlIHRvIGFueXRoaW5nIHdpdGggV2luZCBhdHRyaWJ1dGUhCkJ1dCBpdCBpcyB3ZWFrIHRvIF5GRjAwMDBGaXJlXjAwMDAwMC4=,,,,,W01hZ28gZGFzIFByb3ByaWVkYWRlc10KQXRhcXVlcyBkZSBeQjk3MjQ2VGVycmFeMDAwMDAwIHPDo28gZm9ydGVzIGNvbnRyYSBpbmltaWdvcyBkYSBQcm9wcmllZGFkZSBeMDA2NjAwVmVudG9eMDAwMDAwLAptYXMgZnJhY29zIGNvbnRyYSBhbHZvcyBkYSBQcm9wcmllZGFkZSBeRkYwMDAwRm9nb14wMDAwMDAu,,W0V4cGVydG8gZW4gYXRyaWJ1dG9zXQpeQjk3MjQ2VGllcnJhXjAwMDAwMCBlcyBtw6FzIGZ1ZXJ0ZSBxdWUgXjAwNjYwMFZpZW50b14wMDAwMDAsIMKhYXPDrSBxdWUgaW5mbGlnZSBkYcOxbyBleHRyYSBhIGN1YWxxdWllciBjb3NhIGNvbiBhdHJpYnV0byBWaWVudG8hClBlcm8gZXMgZMOpYmlsIGZyZW50ZSBhbCBeRkYwMDAwRnVlZ29eMDAwMDAwLg==
4DIKAw,,W0F0dHJpYnV0ZSBFeHBlcnRdCkV4YW1wbGVzIG9mIG1vbnN0ZXJzIHdpdGggdGhlIEVhcnRoIEF0dHJpYnV0ZSBhcmUgUHVwYSBhbmQgRmFicmUu,,,,,W01hZ28gZGFzIFByb3ByaWVkYWRlc10KQWxndW5zIG1vbnN0cm9zIGRlIFRlcnJhIHPDo28gYSBQdXBhIGUgbyBGYWJyZS4gTW9uc3Ryb3MgbmFkYSBmb2Zpbmhvcy4uLg==,,W0V4cGVydG8gZW4gYXRyaWJ1dG9zXQpFamVtcGxvcyBkZSBtb25zdHJ1b3MgY29uIGVsIGF0cmlidXRvIFRpZXJyYSBzb24gUHVwYSB5IEZhYnJlLg==
4TIKAw,,W0F0dHJpYnV0ZSBFeHBlcnRdCl4wMDY2MDBXaW5kXjAwMDAwMCBpcyBzdHJvbmdlciB0aGFuIF4wRDZFRjJXYXRlcl4wMDAwMDAsIHNvIHRoZXkgZ2l2ZSBib251cyBkYW1hZ2UgdG8gYW55dGhpbmcgd2l0aCBXYXRlciBhdHRyaWJ1dGUhCkJ1dCBpdCBpcyB3ZWFrIHRvIF5COTcyNDZFYXJ0aF4wMDAwMDAu,,,,,W01hZ28gZGFzIFByb3ByaWVkYWRlc10KQXRhcXVlcyBkZSBeMDA2NjAwVmVudG9eMDAwMDAwIHPDo28gZm9ydGVzIGNvbnRyYSBpbmltaWdvcyBkYSBQcm9wcmllZGFkZSBeMEQ2RUYyw4FndWFeMDAwMDAwLAptYXMgZnJhY29zIGNvbnRyYSBhbHZvcyBkYSBQcm9wcmllZGFkZSBeQjk3MjQ2VGVycmFeMDAwMDAwLg==,,W0V4cGVydG8gZW4gYXRyaWJ1dG9zXQpeMDA2NjAwVmllbnRvXjAwMDAwMCBlcyBtw6FzIGZ1ZXJ0ZSBxdWUgXjBENkVGMkFndWFeMDAwMDAwLCDCoWFzw60gcXVlIGluZmxpZ2UgZGHDsW8gZXh0cmEgYSBjdWFscXVpZXIgY29zYSBjb24gYXRyaWJ1dG8gQWd1YSEKUGVybyBlcyBkw6liaWwgZnJlbnRlIGEgbGEgXkI5NzI0NlRpZXJyYV4wMDAwMDAu
4jIKAw,,W0F0dHJpYnV0ZSBFeHBlcnRdCkV4YW1wbGVzIG9mIG1vbnN0ZXJzIHdpdGggdGhlIFdpbmQgQXR0cmlidXRlIGFyZSBDaG9uQ2hvbiBhbmQgSG9ybmV0Lg==,,,,,W01hZ28gZGFzIFByb3ByaWVkYWRlc10KQWxndW5zIG1vbnN0cm9zIGRlIFZlbnRvIHPDo28gbyBDaG9uY2hvbiBlIG8gWmFuZ8Ojby4gQXNhcywgcGFyYSBxdWUgYXMgcXVlcm8uLi4=,,W0V4cGVydG8gZW4gYXRyaWJ1dG9zXQpFamVtcGxvcyBkZSBtb25zdHJ1b3MgY29uIGVsIGF0cmlidXRvIFZpZW50byBzb24gQ2hvbmNob24geSBBdmlzcMOzbi4=
4zIKAw,,W0F0dHJpYnV0ZSBFeHBlcnRdCl4zMTMxRkZQb2lzb25eMDAwMDAwIGlzIHN0cm9uZ2VyIHRoYW4gRmlyZSwgV2luZCwgYW5kIEVhcnRoLg==,,,,,W01hZ28gZGFzIFByb3ByaWVkYWRlc10KQXRhcXVlcyBkZSBeMzEzMUZGVmVuZW5vXjAwMDAwMCBzw6NvIGZvcnRlcyBjb250cmEgRm9nbywgVmVudG8sIGUgVGVycmEsIG1hcyBmcmFjb3MgY29udHJhIGEgUHJvcHJpZWRhZGUgTWFsZGl0by4=,,W0V4cGVydG8gZW4gYXRyaWJ1dG9zXQpeMzEzMUZGVmVuZW5vXjAwMDAwMCBlcyBtw6FzIGZ1ZXJ0ZSBxdWUgRnVlZ28sIFZpZW50byB5IFRpZXJyYSw=
5DIKAw,,W0F0dHJpYnV0ZSBFeHBlcnRdCmJ1dCB3ZWFrIGF0IFVuZGVhZCBhdHRyaWJ1dGUu,,,,,W01hZ28gZGFzIFByb3ByaWVkYWRlc10KVm9jw6ogdml1IG1vbnN0cm9zIGRlIHRpcG8gXjAwNjQwMEZhbnRhc21hXjAwMDAwMD8gQ29tbyBuw6NvIHBvc3N1ZW0gdW0gY29ycG8gbWF0ZXJpYWwsIHPDsyBwb2RlbSBzZXIgYXRpbmdpZG9zIHBvciBhdGFxdWVzIGRlIFByb3ByaWVkYWRlcy4=,,W0V4cGVydG8gZW4gYXRyaWJ1dG9zXQpwZXJvIGVzIGTDqWJpbCBmcmVudGUgYWwgYXRyaWJ1dG8gTXVlcnRvIHZpdmllbnRlLg==
5TIKAw,,W0F0dHJpYnV0ZSBFeHBlcnRdCkl0IGlzIGltcG9ydGFudC4uIElzbid0IGl0Pw==,,,,,W01hZ28gZGFzIFByb3ByaWVkYWRlc10KSsOhPyBWb2PDqiBhcHJlbmRlIHLDoXBpZG8h,,W0V4cGVydG8gZW4gYXRyaWJ1dG9zXQpFcyBpbXBvcnRhbnRlLi4uIMK/VmVyZGFkIHF1ZSBzw60/
5jIKAw,,W0F0dHJpYnV0ZSBFeHBlcnRdCkRvIHlvdSB3YW50IHRvIGV4cGVyaWVuY2UgYW4gYXR0cmlidXRlPw==,,,,,W01hZ28gZGFzIFByb3ByaWVkYWRlc10KUXVlciBmYXplciB1bSB0ZXN0ZSBwcsOhdGljbyBwYXJhIGVudGVuZGVyIG1lbGhvciBjb21vIGFzIFByb3ByaWVkYWRlcyBmdW5jaW9uYW0/,,W0V4cGVydG8gZW4gYXRyaWJ1dG9zXQrCv1F1aWVyZXMgZXhwZXJpbWVudGFyIHVuIGF0cmlidXRvPw==
5zIKAw,,W0F0dHJpYnV0ZSBFeHBlcnRdCkFsbCByaWdodCwgZG8geW91IHNlZSB0aG9zZSBeMzEzMUZGRmlyZSBFZ2dzXjAwMDAwMCBvdmVyIHRoZXJlPwpHbyBvdmVyIHRoZXJlIGFuZCBzbWFjayBvbmUgb2YgdGhlbS4KRG9uJ3Qgd29ycnkgYWJvdXQgZGVzdHJveWluZyBpdCBlaXRoZXIu,,,,,W01hZ28gZGFzIFByb3ByaWVkYWRlc10KRW50w6NvLi4uIFTDoSB2ZW5kbyBhcXVlbGVzIF4zMTMxRkZPdm9zIGRlIEZvZ29eMDAwMDAwIGzDoSBlbWJhaXhvPwpBY2VydGUtb3MgYWxndW1hcyB2ZXplcyBlIGRlcG9pcyByZXRvcm5lLg==,,W0V4cGVydG8gZW4gYXRyaWJ1dG9zXQpNdXkgYmllbiwgwr92ZXMgZXNvcyBeMzEzMUZGSHVldm9zIGRlIGZ1ZWdvXjAwMDAwMCBhbGzDrT8KVmUgeSBkYWxlIHVuYSBwYWxtYWRhIGEgdW5vLgpObyB0ZSBwcmVvY3VwZXMgcG9yIGRlc3RydWlybG8u
6DIKAw,,W0F0dHJpYnV0ZSBFeHBlcnRdCkhvdyBpcyBpdD8gSGF2ZSB5b3UgZXZlciBhdHRhY2tlZCB0byBGaXJlIEVnZ3M/,,,,,W01hZ28gZGFzIFByb3ByaWVkYWRlc10KQ29tbyBmb2k/IENvbnNlZ3VpdSBhdGFjYXIgb3MgT3ZvcyBkZSBGb2dvPw==,,W0V4cGVydG8gZW4gYXRyaWJ1dG9zXQrCv0PDs21vIGVzPyDCv0F0YWNhc3RlIEh1ZXZvcyBkZSBmdWVnbyBhbGd1bmEgdmV6Pw==
6TIKAw,,WWVz,,,,,U2lt,,U8OtLg==
6jIKAw,,Tm8=,,,,,TsOjbw==,,Tm8u
6zIKAw,,SSB3YW50IHRvIHF1aXQu,,,,,Q2Fuc2VpIGRlc3NlIHRyZWluYW1lbnRvLg==,,UXVpZXJvIHNhbGlyLg==
7DIKAw,,W0F0dHJpYnV0ZSBFeHBlcnRdCkhvdyBtdWNoIGRhbWFnZSBkaWQgeW91IGdpdmU/,,,,,W01hZ28gZGFzIFByb3ByaWVkYWRlc10KTGVnYWwhIFF1YW50byB2b2PDqiBjYXVzb3UgZGUgZGFubz8=,,W0V4cGVydG8gZW4gYXRyaWJ1dG9zXQrCv0N1w6FudG8gZGHDsW8gaW5mbGlnaXN0ZT8=
7TIKAw,,W0F0dHJpYnV0ZSBFeHBlcnRdCk9oIG1hbiwgezB9ISBBcmUgeW91IGV2ZW4gdHJ5aW5nPyBZb3UncmUgYmFyZWx5IGhpdHRpbmcgaXQu,,,,,W01hZ28gZGFzIFByb3ByaWVkYWRlc10KU8OzIHswfSBkZSBkYW5vLi4uPyBGcmFxdWluaG8gZGVtYWlzIQ==,,W0V4cGVydG8gZW4gYXRyaWJ1dG9zXQrCoVZheWEsIGNvbGVnYSB7MH0hIMK/UGVybyBsbyBlc3TDoXMgaW50ZW50YW5kbz8gQXBlbmFzIGxlcyBlc3TDoXMgZGFuZG8u
7jIKAw,,W0F0dHJpYnV0ZSBFeHBlcnRdCllvdSBhcmUgZ29vZCBJIGd1ZXNzLi4u,,,,,W01hZ28gZGFzIFByb3ByaWVkYWRlc10KSG1tLCBpbnRlcmVzc2FudGUuLi4=,,W0V4cGVydG8gZW4gYXRyaWJ1dG9zXQpUZSB2YSBiaWVuIGVuIGVzdG8gc3Vwb25nby4uLg==
7zIKAw,,W0F0dHJpYnV0ZSBFeHBlcnRdCkJ1dCB3YWl0IHRoYXQncyBpbXBvc3NpYmxlLg==,,,,,W01hZ28gZGFzIFByb3ByaWVkYWRlc10KTWluaGEgbm9zc2EhIFR1ZG8gaXNzbz8=,,W0V4cGVydG8gZW4gYXRyaWJ1dG9zXQpQZXJvLCBlc3BlcmEsIGVzbyBlcyBpbXBvc2libGUu
8DIKAw,,W0F0dHJpYnV0ZSBFeHBlcnRdCkFsbCByaWdodC4gQ2xhc3MgaXMgb3Zlci4=,,,,,W01hZ28gZGFzIFByb3ByaWVkYWRlc10KQm9tLCBzZXUgdHJlaW5hbWVudG8gZXN0w6EgcXVhc2UgdGVybWluYW5kby4=,,W0V4cGVydG8gZW4gYXRyaWJ1dG9zXQpEZSBhY3VlcmRvLiBTZSBhY2Fiw7MgbGEgY2xhc2Uu
8TIKAw,,W0F0dHJpYnV0ZSBFeHBlcnRdCkRpZCB5b3Uga25vdyB0aGF0IHlvdSBoaXQgYSBeRkYwMDAwRmlyZSBhdHRyaWJ1dGVeMDAwMDAwIG1vbnN0ZXI/,,,,,W01hZ28gZGFzIFByb3ByaWVkYWRlc10KVW1hIGN1cmlvc2lkYWRlOiBvcyBvdm9zIHF1ZSBhdGFjb3Ugc8OjbyByZXZlc3RpZG9zIGNvbSB1bWEgY2FtYWRhIGZpbmEgZSByZXNpc3RlbnRlLCBmZWl0YSBkZSBjaW56YXMgZSBwYXJ0w61jdWxhcyBkbyBhci4gSXNzbyBvcyB0b3JuYSBkdXJvcyBhdMOpIGRlbWFpcy4uLg==,,W0V4cGVydG8gZW4gYXRyaWJ1dG9zXQrCv1NhYsOtYXMgcXVlIGdvbHBlYXN0ZSB1biBtb25zdHJ1byBjb24gXkZGMDAwMGF0cmlidXRvIEZ1ZWdvXjAwMDAwMD8=
8jIKAw,,W0F0dHJpYnV0ZSBFeHBlcnRdCkkgYW0gbm90IHN1cmUgaWYgeW91IHJlbWVtYmVyIG1vbnN0ZXJzIHdpdGggXkZGMDAwMEZpcmVeMDAwMDAwIGFyZSB3ZWFrIGFnYWluc3QgXjBENkVGMldhdGVyXjAwMDAwMC4=,,,,,W01hZ28gZGFzIFByb3ByaWVkYWRlc10KTsOjbyBzZWkgc2Ugdm9jw6ogbGVtYnJhLCBtYXMgbW9uc3Ryb3MgZGUgXkZGMDAwMEZvZ29eMDAwMDAwIHPDo28gZnJhY29zIGNvbnRyYSBhdGFxdWVzIGRlIF4wRDZFRjLDgWd1YV4wMDAwMDAu,,W0V4cGVydG8gZW4gYXRyaWJ1dG9zXQpObyBzw6kgc2kgcmVjdWVyZGFzIHF1ZSBsb3MgbW9uc3RydW9zIGNvbiBeRkYwMDAwRnVlZ29eMDAwMDAwIHNvbiBkw6liaWxlcyBjb250cmEgZWwgXjBENkVGMkFndWFeMDAwMDAwLg==
8zIKAw,,W0F0dHJpYnV0ZSBFeHBlcnRdCkkgd2lsbCBnaXZlIHRoZSBeMEQ2RUYyV2F0ZXJeMDAwMDAwIGF0dHJpYnV0ZSB0byB5b3UgYXMgYSBwcmVzZW50LgpJZiB5b3UgYXR0YWNrIHRoZSBGaXJlIEVnZ3MgYWdhaW4geW91IHNob3VsZCBkbyBtb3JlIGRhbWFnZSBub3cu,,,,,W01hZ28gZGFzIFByb3ByaWVkYWRlc10KQ29tbyBwcmVzZW50ZSwgbGhlIGRhcmVpIHVtYSBhcm1hIGNvbSBhIFByb3ByaWVkYWRlIF4wRDZFRjLDgWd1YV4wMDAwMDAuClNlIGF0YWNhciBvcyBPdm9zIGRlIEZvZ28gbm92YW1lbnRlLCBvIGRhbm8gc2Vyw6EgbXVpdG8gbWFpb3Iu,,W0V4cGVydG8gZW4gYXRyaWJ1dG9zXQpUZSByZWdhbGFyw6kgZWwgYXRyaWJ1dG8gXjBENkVGMkFndWFeMDAwMDAwLgpTaSB2dWVsdmVzIGEgYXRhY2FyIGEgbG9zIEh1ZXZvcyBkZSBmdWVnbyBhaG9yYSwgZGViZXLDrWFzIGhhY2VyIG3DoXMgZGHDsW8u
9DIKAw,,W0F0dHJpYnV0ZSBFeHBlcnRdClRoZXJlIGlzIG9ubHkgb25lIG1vcmUgY2hhbmNlIQpIdXJyeSB1cCwgdGhlIGF0dHJpYnV0ZSBtYWdpYyB3aWxsIGJlIGdvbmUgaWYgeW91IHRha2UgbW9yZSB0aW1lIHRoYW5rcyBmb3Igam9pbmluZyB0byBteSBjbGFzcy4=,,,,,W01hZ28gZGFzIFByb3ByaWVkYWRlc10KVMOhIGVzcGVyYW5kbyBvIHF1w6o/IFZhaSBsw6Eh,,W0V4cGVydG8gZW4gYXRyaWJ1dG9zXQrCoVNvbG8gcXVlZGEgdW5hIG9wb3J0dW5pZGFkIQpEYXRlIHByaXNhLCBsYSBtYWdpYSBkZSBsb3MgYXRyaWJ1dG9zIGRlc2FwYXJlY2Vyw6Egc2kgdGFyZGFzIG3DoXMgdGllbXBvLiBHcmFjaWFzIHBvciBzdW1hcnRlIGEgbWkgY2xhc2Uu
9TIKAw,,W0F0dHJpYnV0ZSBFeHBlcnRdCkdvIGFuZCBzbWFjayB0aG9zZSBlZ2dzIG92ZXIgdGhlcmUuClRoZSBlZ2cgb2YgYW4gYW50IGlzIHN0cm9uZyBzbyBkb24ndCB3b3JyeSBhYm91dCBkZXN0cm95aW5nIHRoZW0gdG9vIG11Y2gu,,,,,W01hZ28gZGFzIFByb3ByaWVkYWRlc10KQWNlcnRlIG9zIG92b3MgYWxndW1hcyB2ZXplcyBlIGRlcG9pcyByZXRvcm5lLg==,,W0V4cGVydG8gZW4gYXRyaWJ1dG9zXQpWZSB5IGdvbHBlYSBlc29zIGh1ZXZvcy4KTG9zIEh1ZXZvcyBkZSBob3JtaWdhIHNvbiBmdWVydGVzLCBhc8OtIHF1ZSBubyB0ZSBwcmVvY3VwZXMgZGVtYXNpYWRvIHBvciBkZXN0cnVpcmxvcy4=
9jIKAw,,W0F0dHJpYnV0ZSBFeHBlcnRdClRoZXJlIGlzIG5vdGhpbmcgSSBjYW4gZG8uIEJ1dCBJIHdpbGwgaGVscCB5b3UgYW55dGltZSBpZiB5b3UgbmVlZC4g,,,,,W01hZ28gZGFzIFByb3ByaWVkYWRlc10KUG9zc28gdGUgYWp1ZGFyIHF1YW5kbyBxdWlzZXIuLi4=,,W0V4cGVydG8gZW4gYXRyaWJ1dG9zXQpObyBwdWVkbyBoYWNlciBuYWRhLiBQZXJvIHRlIGF5dWRhcsOpIGVuIGN1YWxxdWllciBtb21lbnRvIHNpIGxvIG5lY2VzaXRhcy4g
9zIKAw,,W0F0dHJpYnV0ZSBFeHBlcnRdCk1hZ2ljIGJhc2ljYWxseSBjb25zaXN0cyBvZiBkaWZmZXJlbnQgYXR0cmlidXRlIGF0dGFja3MuIFRoZXJlIGlzIGFub3RoZXIgd2F5IG9mIGdpdmluZyB0aGUgYXR0cmlidXRlIHRvIHlvdXIgd2VhcG9uIGJ5IHVzaW5nIHNraWxsIG9yIGl0ZW0uIFlvdSB3aWxsIGxlYXJuIG1vcmUgdGhlIGxvbmdlciB5b3UgcGxheS4gR29vZCBsdWNrIQ==,,,,,W01hZ28gZGFzIFByb3ByaWVkYWRlc10KTWFnaWEgw6kgYmFzaWNhbWVudGUgY29tcG9zdGEgZGUgYXRhcXVlcyBkZSBQcm9wcmllZGFkZS4gSnVudG8gZGlzc28sIGUgcG9zc8OtdmVsIGNvbmNlZGVyIFByb3ByaWVkYWRlcyDDoHMgc3VhcyBhcm1hcyBhdHJhdsOpcyBkZSBpdGVucyBlIGhhYmlsaWRhZGVzLiBWb2PDqiB2ZXLDoSBtYWlzIHNvYnJlIGlzc28gYW8gbG9uZ28gZGUgc3VhIGF2ZW50dXJhLg==,,W0V4cGVydG8gZW4gYXRyaWJ1dG9zXQpMYSBtYWdpYSBjb25zaXN0ZSBiw6FzaWNhbWVudGUgZW4gYXRhcXVlcyBkZSBkaWZlcmVudGVzIGF0cmlidXRvcy4gSGF5IG90cmEgbWFuZXJhIGRlIGRhciBlbCBhdHJpYnV0byBhIHR1IGFybWE6IHVzYW5kbyB1bmEgaGFiaWxpZGFkIG8gdW4gb2JqZXRvLiBDdWFudG8gbcOhcyB0aWVtcG8gZGVkaXF1ZXMgYSBqdWdhciwgbcOhcyBhcHJlbmRlcsOhcy4gwqFCdWVuYSBzdWVydGUh
+DIKAw,,W0F0dHJpYnV0ZSBFeHBlcnRdCkFyZSB5b3UgZ2V0dGluZyBpbnRlcmVzdGVkIGluIHRoZSBkZXB0aCBvZiB0aGUgZGlmZmVyZW50IGF0dHJpYnV0ZXM/,,,,,W01hZ28gZGFzIFByb3ByaWVkYWRlc10KRXN0w6EgaW50ZXJlc3NhZG8gZW0gc2FiZXIgbWFpcyBzb2JyZSBQcm9wcmllZGFkZXM/,,W0V4cGVydG8gZW4gYXRyaWJ1dG9zXQrCv1RlIGludGVyZXNhIGNvbm9jZXIgZW4gZGV0YWxsZSBsb3MgZGl2ZXJzb3MgYXRyaWJ1dG9zPw==
