oKIaAg,,T3V0ZXIgQ2FzdGxlIEFyY2hlciBHdWFyZGlhbg==,,,,,R3VhcmRpw6NvIEFycXVlaXJv,,T3V0ZXIgQ2FzdGxlIEFyY2hlciBHdWFyZGlhbg==
oaIaAg,,SW5uZXIgQ2FzdGxlIEFyY2hlciBHdWFyZGlhbg==,,,,,R3VhcmRpw6NvIEFycXVlaXJv,,SW5uZXIgQ2FzdGxlIEFyY2hlciBHdWFyZGlhbg==
oqIaAg,,TWFzdGVyIEd1YXJkaWFu,,,,,Q2F2YWxlaXJvIEd1YXJkacOjbw==,,TWFzdGVyIEd1YXJkaWFu
o6IaAg,,VXR1cmk=,,,,,VXR1cmk=,,VXR1cmk=
pKIaAg,,W1JldmVyYmVyYXRpbmcgVm9pY2VdCkJyYXZlIG9uZXMuLi4KRG8geW91IHdpc2ggdG8gZ28gYmFjayB0byB5b3VyIGhvbm9yYWJsZSBwbGFjZT8=,,,,,WyBWb3ogRWNvYW50ZSBdClZhbGVudGUgY29tYmF0ZW50ZS4uLgpEZXNlamEgcmV0b3JuYXIgYW8gc2V1IGx1Z2FyIGRlIGdsw7NyaWE/,,W1ZveiByZXZlcmJlcmFudGVdClZhbGllbnRlcy4uLgrCv0Rlc2VhbiB2b2x2ZXIgYSBzdSBob25vcmFibGUgbHVnYXI/
paIaAg,,R28gYmFjayB0byB5b3VyIHN0cm9uZ2hvbGQu,,,,,VGVsZXBvcnRhciBwYXJhIG8gQ2FzdGVsbw==,,UmVncmVzYXIgYSB0dSBmb3J0YWxlemEu
pqIaAg,,UXVpdC4=,,,,,Q2FuY2VsYXI=,,U2FsaXIu
p6IaAg,,S2FmcmEgRW1wbG95ZWU=,,,,,RnVuY2lvbsOhcmlhIEthZnJh,,RW1wbGVhZGEgZGUgS2FmcmE=
qKIaAg,,R3JlYXRlc3QgR2VuZXJhbA==,,,,,R3VhcmRpw6NvIGRhIEZsb3Jlc3Rh,,R3JlYXRlc3QgR2VuZXJhbA==
qaIaAg,,V2FuZGVyZXI=,,,,,QW5kYXJpbGhv,,V2FuZGVyZXI=
qqIaAg,,TXV0YW50IERyYWdvbm9pZA==,,,,,RHJhZ8OjbyBNdXRhbnRl,,TXV0YW50IERyYWdvbm9pZA==
q6IaAg,,QmF0aG9yeQ==,,,,,QmF0aG9yeQ==,,QmF0aG9yeQ==
rKIaAg,,TW9vbmxpZ2h0IEZsb3dlcg==,,,,,RmxvciBkbyBMdWFy,,TW9vbmxpZ2h0IEZsb3dlcg==
raIaAg,,RWRkZ2E=,,,,,RWRkZ2E=,,RWRkZ2E=
rqIaAg,,R2hvc3QgRmlyZQ==,,,,,SG9yb25n,,R2hvc3QgRmlyZQ==
r6IaAg,,UmF5ZHJpYyBBcmNoZXI=,,,,,UmF5ZHJpYyBBcnF1ZWlybw==,,UmF5ZHJpYyBBcmNoZXI=
sKIaAg,,S29ib2xkIEFyY2hlcg==,,,,,S29ib2xkIEFycXVlaXJv,,S29ib2xkIEFyY2hlcg==
saIaAg,,R2FyZ295bGU=,,,,,R8Ohcmd1bGE=,,R2FyZ295bGU=
sqIaAg,,W0thZnJhIEVtcGxveWVlXQpXZWxjb21lLCBeRkYwMDAwezB9XjAwMDAwMCBndWlsZHNtZW4uCkthZnJhIGlzIGFsd2F5cyB3aXRoIHlvdS4=,,,,,W0Z1bmNpb27DoXJpYSBLYWZyYV0KU2F1ZGHDp8O1ZXMsIG1lbWJyb3MgZG8gY2zDoyBeRkYwMDAwezB9XjAwMDAwMC4KQSBDb3Jwb3Jhw6fDo28gS2FmcmEgZXN0w6Egc2VtcHJlIGFvIHNldSBsYWRvLg==,,W1BlcnNvbmFsIGRlIEthZnJhXQpMZXMgZGFtb3MgbGEgYmllbnZlbmlkYSwgbWllbWJyb3MgZGVsIGdyZW1pbyBeRkYwMDAwezB9XjAwMDAwMC4KS2FmcmEgZXN0w6Egc2llbXByZSBhIHR1IGRpc3Bvc2ljacOzbi4=
s6IaAg,,VXNlIFN0b3JhZ2Uu,,,,,VXNhciBvIGFybWF6w6lt,,VXNhciBlbCBhbG1hY8Opbi4=
tKIaAg,,VGVsZXBvcnQu,,,,,U2VydmnDp28gZGUgVGVsZXBvcnRl,,VGVsZXRyYW5zcG9ydGFyc2Uu
taIaAg,,UmVudCBhIGNhcnQu,,,,,Q29tcHJhciB1bSBjYXJyaW5obw==,,QWxxdWlsYXIgdW5hIGNhcnJldGEu
tqIaAg,,W0thZnJhIEVtcGxveWVlXQpUbyB1c2Ugb3VyIFN0b3JhZ2Ugc2VydmljZSwgeW91IGZpcnN0IG11c3QgaW5jcmVhc2UgeW91ciBOb3ZpY2UgSm9iIExldmVsIHRvIDYgb3IgbGVhcm4gdGhlIEJhc2ljIFNraWxsLg==,,,,,W0Z1bmNpb27DoXJpYSBLYWZyYV0KQ2xpZW50ZSwgbWUgZGVzY3VscGUuCkVudHJldGFudG8sIHZvY8OqIG7Do28gcG9zc3VpIGEgaGFiaWxpZGFkZSBuZWNlc3PDoXJpYSBwYXJhIHVzYXIgbyBzZXJ2acOnbyBkZSBhcm1hesOpbS4=,,W1BlcnNvbmFsIGRlIEthZnJhXQpQYXJhIHVzYXIgbnVlc3RybyBzZXJ2aWNpbyBkZSBhbG1hY2VuYW1pZW50bywgcHJpbWVybyB0aWVuZXMgcXVlIGF1bWVudGFyIHR1IG5pdmVsIGRlIGNsYXNlIGRlIFByaW5jaXBpYW50ZSBhIDYgbyBhcHJlbmRlciBsYSBoYWJpbGlkYWQgYsOhc2ljYS4=
t6IaAg,,W0thZnJhIEVtcGxveWVlXQpQbGVhc2UgdGVsbCBtZSB3aGVyZSB5b3UnZCBsaWtlIHRvIGdvLg==,,,,,W0Z1bmNpb27DoXJpYSBLYWZyYV0KUG9yIGZhdm9yLCBzZWxlY2lvbmUgbyBzZXUgZGVzdGluby4=,,W1BlcnNvbmFsIGRlIEthZnJhXQpEaW1lIGEgZMOzbmRlIHF1aWVyZXMgaXIu
uKIaAg,,UGF5b246IDIwMCBa,,,,,UGF5b24gwrsgMjAweg==,,UGF5b24gKDIwMCB6ZW55KS4=
uaIaAg,,Q2FuY2VsLg==,,,,,Q2FuY2VsYXI=,,Q2FuY2VsYXIu
uqIaAg,,W0thZnJhIEVtcGxveWVlXQpJJ20gc29ycnksIGJ1dCB5b3UgZG9uJ3QgaGF2ZSBlbm91Z2ggWmVueS4=,,,,,W0Z1bmNpb27DoXJpYSBLYWZyYV0KU2ludG8gbXVpdG8sIG1hcyB2b2PDqiBuw6NvIHRlbSBaZW55IHN1ZmljaWVudGUu,,W1BlcnNvbmFsIGRlIEthZnJhXQpMbyBzaWVudG8sIHBlcm8gbm8gdGllbmVzIHN1ZmljaWVudGVzIHplbnku
u6IaAg,,W0thZnJhIEVtcGxveWVlXQpJJ20gc29ycnksCmJ1dCBvbmx5IE1lcmNoYW50cywgQmxhY2tzbWl0aHMgYW5kIEFsY2hlbWlzdHMgY2FuIHJlbnQgYSBjYXJ0Lg==,,,,,W0Z1bmNpb27DoXJpYSBLYWZyYV0KU2ludG8gbXVpdG8uCk8gc2VydmnDp28gZGUgY2FycmluaG8gZXN0w6EgZGlzcG9uw612ZWwgYXBlbmFzIHBhcmEgTWVyY2Fkb3JlcyBlIGV2b2x1w6fDtWVzLg==,,W1BlcnNvbmFsIGRlIEthZnJhXQpMbyBzaWVudG8sCnBlcm8gc29sbyBsb3MgQ29tZXJjaWFudGVzLCBIZXJyZXJvcyB5IEFscXVpbWlzdGFzIHB1ZWRlbiBhbHF1aWxhciB1biBjYXJyby4=
vKIaAg,,W0thZnJhIEVtcGxveWVlXQpZb3UncmUgYWxyZWFkeSBlcXVpcHBlZCB3aXRoIGEgY2FydC4=,,,,,W0Z1bmNpb27DoXJpYSBLYWZyYV0KVm9jw6ogasOhIHBvc3N1aSB1bSBjYXJyaW5oby4=,,W1BlcnNvbmFsIGRlIEthZnJhXQpZYSB0aWVuZXMgdW5hIGNhcnJldGEu
vaIaAg,,W0thZnJhIEVtcGxveWVlXQpJdCdzIDgwMCBaZW55IHRvIHJlbnQgYSBjYXJ0LiBXb3VsZCB5b3UgbGlrZSB0byByZW50IG9uZT8=,,,,,W0Z1bmNpb27DoXJpYSBLYWZyYV0KRXN0ZSBzZXJ2acOnbyBjdXN0YSA4MDAgWmVueS4gRGVzZWphIHVzw6EtbG8/,,W1BlcnNvbmFsIGRlIEthZnJhXQpBbHF1aWxhciB1bmEgY2FycmV0YSBjdWVzdGEgODAwIHplbnkuIMK/UXVpZXJlcyBhbHF1aWxhciB1bmE/
vqIaAg,,UmVudC4=,,,,,Q29tcHJhciBDYXJyaW5obw==,,QWxxdWlsYXIu
v6IaAg,,W0thZnJhIEVtcGxveWVlXQpJJ20gc29ycnksIGJ1dCB5b3UgZG9uJ3QgaGF2ZSBlbm91Z2ggWmVueS4gSXQncyA4MDAgWmVueSB0byByZW50IGEgY2FydC4=,,,,,W0Z1bmNpb27DoXJpYSBLYWZyYV0KVm9jw6ogbsOjbyB0ZW0gc2FsZG8gc3VmaWNpZW50ZS4gRXN0ZSBzZXJ2acOnbyBjdXN0YSA4MDAgWmVueS4=,,W1BlcnNvbmFsIGRlIEthZnJhXQpMbyBzaWVudG8sIHBlcm8gbm8gdGllbmVzIHN1ZmljaWVudGVzIHplbnkuIEFscXVpbGFyIHVuYSBjYXJyZXRhIGN1ZXN0YSA4MDAgemVueS4=
wKIaAg,,W0thZnJhIEVtcGxveWVlXQpLYWZyYSBhbHdheXMgc3RyaXZlcyB0byBwcm92aWRlIHlvdSB3aXRoIHJlbGlhYmxlIGFuZCBmcmllbmRseSBzZXJ2aWNlcy4KVGhhbmsgeW91IGZvciB1c2luZyBLYWZyYS4=,,,,,W0Z1bmNpb27DoXJpYSBLYWZyYV0KQSBDb3Jwb3Jhw6fDo28gS2FmcmEgdGVtIG8gZW5vcm1lIHByYXplciBlbSBzZXJ2aXIgdm9jw6ouCkFncmFkZWNlbW9zIHBvciB1c2FyIG5vc3NvcyBzZXJ2acOnb3Mu,,W1BlcnNvbmFsIGRlIEthZnJhXQpLYWZyYSBzaWVtcHJlIHNlIGVzZnVlcnphIHBvciBicmluZGFydGUgc2VydmljaW9zIGNvbmZpYWJsZXMgeSBhZ3JhZGFibGVzLgpHcmFjaWFzIHBvciB1dGlsaXphciBLYWZyYS4=
waIaAg,,W0thZnJhIEVtcGxveWVlXQpJJ20gc29ycnksIGJ1dCBJJ20gaGVyZSBvbmx5IHRvIHNlcnZlIHRoZSBtZW1iZXJzIG9mIHRoZSBeRkYwMDAwezB9XjAwMDAwMCBndWlsZC4gUGxlYXNlIGFzayBhIEthZnJhIEVtcGxveWVlIHNvbWV3aGVyZSBlbHNlLiBJIGFwb2xvZ2l6ZSBmb3IgdGhpcyBpbmNvbnZlbmllbmNlLg==,,,,,W0Z1bmNpb27DoXJpYSBLYWZyYV0KRXUgZnVpIGNvbnRyYXRhZGEgcGVsbyBjbMOjIF5GRjAwMDB7MH1eMDAwMDAwIGUgc8OzIHBvc3NvIGF0ZW5kZXIgc2V1cyBtZW1icm9zLiBNZSBkZXNjdWxwZSBwZWxvIGluY29udmVuaWVudGUu,,W1BlcnNvbmFsIGRlIEthZnJhXQpMbyBzaWVudG8sIHBlcm8gZXN0b3kgYXF1w60gc29sbyBwYXJhIHNlcnZpciBhIGxvcyBtaWVtYnJvcyBkZWwgZ3JlbWlvIF5GRjAwMDB7MH1eMDAwMDAwLiBQcmVnw7pudGFsZSBhIHVuIGVtcGxlYWRvIGRlIEthZnJhIGVuIG90cmEgcGFydGUuIERpc2N1bHBhIGxhcyBtb2xlc3RpYXMu
wqIaAg,,Q2hlcmllb3M=,,,,,Q2hlcmllb3M=,,Q2hlcmllb3M=
w6IaAg,,c3Nzc1RoZSBjbGFuIFt7MH1dIGhhcyBjb25xdWVyZWQgdGhlIGNhc3RsZSBbezF9XQ==,,,,,c3Nzc08gY2zDoyBbezB9XSBjb25xdWlzdG91IG8gY2FzdGVsbyBbezF9XQ==,,c3Nzc0VsIGdyZW1pbyBbezB9XSBjb25xdWlzdMOzIGVsIGNhc3RpbGxvIFt7MX1d
xKIaAg,,VGhlIEVtcGVyaXVtIGhhcyBiZWVuIGRlc3Ryb3llZC4=,,,,,TyBFbXBlcml1bSBmb2kgZGVzdHJ1w61kbyE=,,RWwgRW1wZXJpdW0gc2UgZGVzdHJ1ecOzLg==
xaIaAg,,W0J1dGxlciBDaGVyaWVvc10KSSdtIHdhaXRpbmcgZm9yIGRlc3RpbnkgdG8gZ3JhbnQgbWUgYSBuZXcgbWFzdGVyLgpCcmF2ZSBvbmUsIGhvdydkIHlvdSBsaWtlIHRvIGNvbnF1ZXIgZGVzdGlueT8=,,,,,W01vcmRvbW8gQ2hlcmllb3NdCkVzdG91IGVzcGVyYW5kbyBxdWUgbyBkZXN0aW5vIG1lIGNvbmNlZGEgdW0gbm92byBtZXN0cmUuCkNvbWJhdGVudGUuLi4uLi4gUXVlbSBzYWJlIHZvY8OqIG7Do28gY29ucXVpc3RhIGVzdGUgQ2FzdGVsby4uLj8=,,W01heW9yZG9tbyBDaGVyaWVvc10KRXN0b3kgZXNwZXJhbmRvIGEgcXVlIGVsIGRlc3Rpbm8gbWUgY29uY2VkYSB1biBudWV2byBsw61kZXIuClZhbGllbnRlLCDCv3RlIGd1c3RhcsOtYSBjb25xdWlzdGFyIGVsIGRlc3Rpbm8/
xqIaAg,,W0J1dGxlciBDaGVyaWVvc10KVGhyZWF0ZW4gbWUgYWxsIHlvdSB3YW50LiBJIG9ubHkgZm9sbG93IG15IG1hc3RlciwgXkZGMDAwMHswfV4wMDAwMDAhIEd1YXJkaWFucyEgR2V0IHRoZXNlIGludHJ1ZGVycyBvdXQgb2YgaGVyZSE=,,,,,W01vcmRvbW8gQ2hlcmllb3NdClBvciBtYWlzIHF1ZSB2b2PDqiBtZSBhbWVhw6dlLCBldSBzb21lbnRlIGF0ZW5kZXJlaSDDoHMgb3JkZW5zIGRlIFZvc3NhIEFsdGV6YSwgXkZGMDAwMHswfV4wMDAwMDAhIEd1YXJkacO1ZXMhIFRpcmVtIGVzc2EgcGVzc29hIGRhcXVpIQ==,,W01heW9yZG9tbyBDaGVyaWVvc10KQW1lbsOhemFtZSB0b2RvIGxvIHF1ZSBxdWllcmFzLiDCoVNvbG8gc2lnbyBhIG1pIGzDrWRlciwgXkZGMDAwMHswfV4wMDAwMDAhIMKhR3VhcmRpYW5lcyEgwqFTYXF1ZW4gYSBlc3RvcyBpbnRydXNvcyBkZSBhcXXDrSE=
x6IaAg,,W0J1dGxlciBDaGVyaWVvc10KV2VsY29tZSwgTWFzdGVyIF5GRjAwMDB7MH1eMDAwMDAwLgpKdXN0IGFzayBtZSBhbnl0aGluZy4gSSdtIGF0IHlvdXIgY29tbWFuZC4=,,,,,W01vcmRvbW8gQ2hlcmllb3NdClNhdWRhw6fDtWVzLCBWb3NzYSBBbHRlemEgXkZGMDAwMHswfV4wMDAwMDAuCkJhc3RhIG1lIHBlcmd1bnRhciBxdWFscXVlciBjb2lzYS4gRXN0b3Ugw6BzIHN1YXMgb3JkZW5zLg==,,W01heW9yZG9tbyBDaGVyaWVvc10KVGUgZG95IGxhIGJpZW52ZW5pZGEsIGzDrWRlciBeRkYwMDAwezB9XjAwMDAwMC4KUHJlZ8O6bnRhbWUgbG8gcXVlIHF1aWVyYXMuIEVzdG95IGEgdHVzIMOzcmRlbmVzLg==
yKIaAg,,Q2hlY2sgdGhlIHN0cm9uZ2hvbGQgc3RhdHVzLg==,,,,,VmVyaWZpY2FyIGNvbmRpw6fDtWVzIGRvIENhc3RlbG8u,,Q29tcHJvYmFyIGVsIGVzdGFkbyBkZSBsYSBmb3J0YWxlemEu
yaIaAg,,SW52ZXN0IGluIGNvbW1lcmNlIGRldmVsb3BtZW50Lg==,,,,,SW52ZXN0aXIgbm8gVGVzb3Vyby4=,,SW52ZXJ0aXIgZW4gZGVzYXJyb2xsbyBkZSBjb21lcmNpby4=
yqIaAg,,SW52ZXN0IGluIGRlZmVuc2Uu,,,,,SW52ZXN0aXIgbmEgRGVmZXNhLg==,,SW52ZXJ0aXIgZW4gZGVmZW5zYS4=
y6IaAg,,QWRkIEd1YXJkaWFucy4=,,,,,QWRpY2lvbmFyIEd1YXJkacOjby4=,,QWdyZWdhciBHdWFyZGlhbmVzLg==
zKIaAg,,SGlyZS9kaXNtaXNzIGEgc3RvcmFnZSBlbXBsb3llZS4=,,,,,RnVuY2lvbsOhcmlhIEthZnJhLg==,,Q29udHJhdGFyL2Rlc3BlZGlyIGEgdW4gZW1wbGVhZG8gZGVsIGFsbWFjw6luLg==
zaIaAg,,RW50ZXIgTWFzdGVyJ3MgQ2hhbWJlci4=,,,,,SXIgYW9zIEFwb3NlbnRvcyBkbyBMw61kZXIu,,RW50cmFyIGEgbGEgc2FsYSBkZWwgbMOtZGVyLg==
zqIaAg,,W0J1dGxlciBDaGVyaWVvc10KSGVyZSdzIHRoZSBjdXJyZW50IHN0cm9uZ2hvbGQgc3RhdHVzLg==,,,,,W01vcmRvbW8gQ2hlcmllb3NdCkVzdGEgw6kgYSBzaXR1YcOnw6NvIGF0dWFsIGRvIGNhc3RlbG8u,,W01heW9yZG9tbyBDaGVyaWVvc10KRXN0ZSBlcyBlbCBlc3RhZG8gYWN0dWFsIGRlIGxhIGZvcnRhbGV6YS4=
z6IaAg,,ICAgXjAwMDBGRkN1cnJlbnRseSwgb3VyIGNvbW1lcmNlIGRldmVsb3BtZW50IGlzIHswfS4=,,,,,XjAwMDBGRlRlc291cm8gZG8gQ2FzdGVsbzogezB9IC8gMTAwLg==,,ICAgXjAwMDBGRkFjdHVhbG1lbnRlLCBudWVzdHJvIGRlc2Fycm9sbG8gZGUgY29tZXJjaW8gZXMgezB9Lg==
0KIaAg,,ICAgLSBZb3UndmUgaW52ZXN0ZWQgaW4gaXQgezB9IHRpbWVzIHdpdGhpbiAxIGRheS4=,,,,,LSBWb2PDqiBpbnZlc3RpdSBubyB0ZXNvdXJvIHswfXggbm8gw7psdGltbyBkaWEu,,ICAgLUludmVydGlzdGUgezB9IHZlY2VzIGVuIDEgZMOtYS4=
0aIaAg,,ICAgQ3VycmVudGx5LCBvdXIgZGVmZW5zZSBpcyB7MH0uXjAwMDAwMA==,,,,,RGVmZXNhIGRvIENhc3RlbG86IHswfSAvIDEwMC5eMDAwMDAw,,ICAgQWN0dWFsbWVudGUsIG51ZXN0cmEgZGVmZW5zYSBlcyB7MH0uXjAwMDAwMA==
0qIaAg,,ICAgXjAwMDBGRi0gWW91J3ZlIGludmVzdGVkIGluIGl0IHswfSB0aW1lcyB3aXRoaW4gMSBkYXkuXjAwMDAwMA==,,,,,XjAwMDBGRi0gVm9jw6ogaW52ZXN0aXUgbmEgZGVmZXNhIHswfXggbm8gw7psdGltbyBkaWEuXjAwMDAwMA==,,ICAgXjAwMDBGRi1JbnZlcnRpc3RlIHswfSB2ZWNlcyBlbiAxIGTDrWEuXjAwMDAwMA==
06IaAg,,VGhhdCdzIGFsbC4=,,,,,SXNzbyDDqSB0dWRvLg==,,RXNvIGVzIHRvZG8u
1KIaAg,,W0J1dGxlciBDaGVyaWVvc10KQnkgaW52ZXN0aW5nIGluIGNvbW1lcmNlIGRldmVsb3BtZW50LCB5b3UgY2FuIGluY3JlYXNlIHRoZSBudW1iZXIgb2YgaXRlbXMgeW91IGNhbiBwcm9kdWNlIGluIHlvdXIgc3Ryb25naG9sZC4gWW91IGNhbm5vdCBidXQgaW52ZXN0IGluIGl0IGlmIHlvdSB3YW50IGEgYmV0dGVyIGZ1dHVyZS4=,,,,,W01vcmRvbW8gQ2hlcmllb3NdCkFvIGludmVzdGlyIG5vIFRlc291cm8gZG8gQ2FzdGVsbywgdm9jw6ogcG9kZSBhdW1lbnRhciBvIG7Dum1lcm8gZGUgaXRlbnMgcXVlIHBvZGUgcHJvZHV6aXIuIFZvY8OqIG7Do28gcG9kZSBkZWl4YXIgZGUgaW52ZXN0aXIgbmlzc28gc2UgcXVpc2VyIG1lbGhvcmVzIGZydXRvcyBhIGxvbmdvIHByYXpvIQ==,,W01heW9yZG9tbyBDaGVyaWVvc10KQWwgaW52ZXJ0aXIgZW4gZGVzYXJyb2xsbyBkZSBjb21lcmNpbywgcHVlZGVzIGF1bWVudGFyIGxhIGNhbnRpZGFkIGRlIG9iamV0b3MgcXVlIHB1ZWRlcyBwcm9kdWNpciBlbiB0dSBmb3J0YWxlemEuIERlYmVyw61hcyBpbnZlcnRpciBlbiBkZXNhcnJvbGxvIGRlIGNvbWVyY2lvIHNpIHF1aWVyZXMgdW4gZnV0dXJvIG1lam9yLg==
1aIaAg,,WW91IGNhbiBpbnZlc3QgaW4gaXQgb25jZSBhIGRheSBieSBkZWZhdWx0LCBvciB0d2ljZSBmb3IgYSBzbWFsbCBhbW91bnQgb2YgZmVlLg==,,,,,Vm9jw6ogcG9kZSBpbnZlc3RpciB1bWEgb3UgZHVhcyB2ZXplcyBwb3IgZGlhLCBjYWRhIGludmVzdGltZW50byBzZXLDoSBtYWlzIGNhcm8gcXVlIG8gYW50ZXJpb3Iu,,UHVlZGVzIGludmVydGlyIHVuYSB2ZXogYWwgZMOtYSBwb3IgZGVmZWN0byBvIGRvcyB2ZWNlcyBwb3IgdW5hIHBlcXVlw7FhIGNvbWlzacOzbi4=
1qIaAg,,XkZGMDAwMEJ1dCBvdXIgY29tbWVyY2UgZGV2ZWxvcG1lbnQgaGFzIGFscmVhZHkgcmVhY2hlZCAxMDAlLiBZb3VyIGluc2lnaHQgYW5kIHByZXBhcmVkbmVzcyBhcmUgaW1wcmVzc2l2ZSwgTWFzdGVyLl4wMDAwMDA=,,,,,XkZGMDAwMFZvc3NhIEFsdGV6YSwgdm9jw6ogbsOjbyBwcmVjaXNhIG1haXMgaW52ZXN0aXIgbm8gVGVzb3VybywgZWxlIGVzdMOhIGVtIHN1YSBjYXBhY2lkYWRlIG3DoXhpbWEsIDEwMCUuXjAwMDAwMC4=,,XkZGMDAwMFBlcm8gbnVlc3RybyBkZXNhcnJvbGxvIGRlIGNvbWVyY2lvIHlhIGFsY2FuesOzIGVsIDEwMCAlLiBUdSBwZXJzcGljYWNpYSB5IHByZXBhcmFjacOzbiBzb24gaW1wcmVzaW9uYW50ZXMsIGzDrWRlci5eMDAwMDAw
16IaAg,,XkZGMDAwMEJ1dCB5b3UndmUgYWxyZWFkeSBpbnZlc3RlZCBpbiBpdCB0d2ljZSBmb3IgdGhlIGRheS4gUGxlYXNlIHRyeSBhZ2FpbiB0b21vcnJvdy5eMDAwMDAwIEkgbG9vayBmb3J3YXJkIHRvIHRoZSBkYXkgd2UgcmVhY2ggdGhlIGhlaWdodCBvZiBwcm9zcGVyaXR5Lg==,,,,,XkZGMDAwME1hcyB2b2PDqiBqw6EgaW52ZXN0aXUgZHVhcyB2ZXplcyBob2plLiBQb3IgZmF2b3IsIHZvbHRlIG5vdmFtZW50ZSBhbWFuaMOjLl4wMDAwMDAgQWd1YXJkbyBhbnNpb3NhbWVudGUgbyBkaWEgZW0gcXVlIGFsY2Fuw6dhcmVtb3MgbyBhdWdlIGRhIHByb3NwZXJpZGFkZS4=,,XkZGMDAwMFBlcm8geWEgaW52ZXJ0aXN0ZSBkb3MgdmVjZXMgYWwgZMOtYS4gSW50w6ludGFsbyBkZSBudWV2byBtYcOxYW5hLl4wMDAwMDAgRXNwZXJvIGNvbiBhbnNpYXMgZWwgZMOtYSBlbiBxdWUgYWxjYW5jZW1vcyBsYSBjaW1hIGRlIGxhIHByb3NwZXJpZGFkLg==
2KIaAg,,VGhlIGN1cnJlbnQgaW52ZXN0bWVudCByZXF1aXJlZCBpcyBeRkYwMDAwezB9XjAwMDAwMCBaZW55LiBXb3VsZCB5b3UgbGlrZSB0byBpbnZlc3QgdGhhdCBhbW91bnQ/,,,,,Vm9jw6ogcHJlY2lzYSBpbnZlc3RpciBeRkYwMDAwezB9XjAwMDAwMCBaZW55LiBWb2PDqiB0ZW0gY2VydGV6YSBxdWUgcXVlciBpbnZlc3Rpcj8=,,TGEgaW52ZXJzacOzbiBhY3R1YWwgbmVjZXNhcmlhIGVzIGRlIF5GRjAwMDB7MH1eMDAwMDAwemVueS4gwr9UZSBndXN0YXLDrWEgaW52ZXJ0aXIgZXNhIGNhbnRpZGFkPw==
2aIaAg,,WW91J3ZlIGFscmVhZHkgaW52ZXN0ZWQgb25jZS4gV291bGQgeW91IGxpa2UgdG8gaW52ZXN0IGFnYWluPyBZb3UgbmVlZCBhZGRpdGlvbmFsIF5GRjAwMDB7MH1eMDAwMDAwIFplbnku,,,,,Vm9jw6ogasOhIGludmVzdGl1IHVtYSB2ZXogaG9qZS4gR29zdGFyaWEgZGUgaW52ZXN0aXIgbm92YW1lbnRlPyBWb2PDqiBwcmVjaXNhIGRlIG1haXMgXkZGMDAwMHswfV4wMDAwMDAgWmVueS4=,,WWEgaW52ZXJ0aXN0ZSB1bmEgdmV6LiDCv1RlIGd1c3RhcsOtYSB2b2x2ZXIgYSBpbnZlcnRpcj8gTmVjZXNpdGFzIF5GRjAwMDB7MH1eMDAwMDAwemVueSBtw6FzLg==
2qIaAg,,W0J1dGxlciBDaGVyaWVvc10KTWFzdGVyLCB1bmZvcnR1bmF0ZWx5LCBvdXIgZ3VpbGQgY29mZmVyIGRvZXNuJ3QgaGF2ZSBlbm91Z2ggWmVueSBsZWZ0IGluIGl0LiBJbnZlc3RtZW50IGhhcyBmYWlsZWQu,,,,,W01vcmRvbW8gQ2hlcmllb3NdCkVycnIuLi4gVm9zc2EgQWx0ZXphLCBldSBzaW50byBtdWl0w61zc2ltbywgbWFzIHZvY8OqIG7Do28gcG9zc3VpIFplbnkgbyBiYXN0YW50ZSBwYXJhIGludmVzdGlyIGVtIG5vc3NvIFRlc291cm8uIFNlIGV1IGZvc3NlIHVtIGVtcHJlZ2FkbyBhc3NhbGFyaWFkbywgZW1wcmVzdGFyaWEgdW0gcG91Y28gcGFyYSB2b2PDqi4uLi4=,,W01heW9yZG9tbyBDaGVyaWVvc10KTMOtZGVyLCBwb3IgZGVzZ3JhY2lhLCBubyBoYXkgc3VmaWNpZW50ZXMgemVueSBlbiBlbCBjb2ZyZSBkZWwgZ3JlbWlvLiBJbnZlcnNpw7NuIGZhbGxpZGEu
26IaAg,,W0J1dGxlciBDaGVyaWVvc10KSW52ZXN0ZWQhIEkgY2FuJ3Qgd2FpdCBmb3IgdGhlIGJyaWdodCBmdXR1cmUgYWhlYWQgb2YgdXMhIFRoZSBpbnZlc3RtZW50IHRvZGF5IHdpbGwgYmUgcmVmbGVjdGVkIGluIG91ciBkZXZlbG9wbWVudCBieSB0b21vcnJvdy4=,,,,,W01vcmRvbW8gQ2hlcmllb3NdCkludmVzdGlkbyEgTWFsIHBvc3NvIGVzcGVyYXIgcGVsbyBmdXR1cm8gYnJpbGhhbnRlIHF1ZSB0ZW1vcyBwZWxhIGZyZW50ZSEgTyBpbnZlc3RpbWVudG8gZGUgaG9qZSBzZSByZWZsZXRpcsOhIGVtIG5vc3NvIGRlc2Vudm9sdmltZW50byBhbWFuaMOjLg==,,W01heW9yZG9tbyBDaGVyaWVvc10KwqFEaW5lcm8gaW52ZXJ0aWRvISDCoUVzcGVybyBjb24gYW5zaWFzIGVsIGJyaWxsYW50ZSBmdXR1cm8gcXVlIG5vcyBkZXBhcmEhIExhIGludmVyc2nDs24gZGUgaG95IHNlIHJlZmxlamFyw6EgZW4gbnVlc3RybyBkZXNhcnJvbGxvIGRlIG1hw7FhbmEu
3KIaAg,,W0J1dGxlciBDaGVyaWVvc10KQXMgeW91IHdpc2guIFRoZXJlJ3Mgbm8gbmVlZCB0byBydXNoLiBXZSdyZSBkb2luZyB3ZWxsIGFzIGlzLg==,,,,,W01vcmRvbW8gQ2hlcmllb3NdCkNvbW8gdm9jw6ogcXVpc2VyLiBOw6NvIGjDoSBuZWNlc3NpZGFkZSBkZSBwcmVzc2EuIEVzdGFtb3MgaW5kbyBiZW0gZGVzc2EgZm9ybWEu,,W01heW9yZG9tbyBDaGVyaWVvc10KQ29tbyBxdWllcmFzLiBObyBoYXkgcG9yIHF1w6kgcHJlY2lwaXRhcnNlLiBOb3MgdmEgYmllbiBhc8OtLg==
3aIaAg,,W0J1dGxlciBDaGVyaWVvc10KQnkgaW52ZXN0aW5nIGluIGRlZmVuc2UsIHlvdSBjYW4gaW5jcmVhc2UgdGhlIGR1cmFiaWxpdHkgb2YgeW91ciBHdWFyZGlhbnMgYW5kIEVtcGVyaXVtLiBZb3UgY2Fubm90IGJ1dCBpbnZlc3QgaW4gaXQgaWYgeW91IHdhbnQgdG8gcHJvdGVjdCB5b3VyIHN0cm9uZ2hvbGQu,,,,,W01vcmRvbW8gQ2hlcmllb3NdCkFvIGludmVzdGlyIG5hIERlZmVzYSwgdm9jw6ogZXN0YXLDoSBhdW1lbnRhZG8gYSBxdWFsaWRhZGUgZGUgbm9zc29zIEd1YXJkacO1ZXMgZSBkZSBub3NzbyBFbXBlcml1bS4gRXNzYSBtZWxob3JhIHBvZGUgZmF6ZXIgdG9kYSBhIGRpZmVyZW7Dp2Egbm8gcHLDs3hpbW8gUGVyw61vZG8gZGUgR3VlcnJhLi4u,,W01heW9yZG9tbyBDaGVyaWVvc10KU2kgaW52aWVydGVzIGVuIGRlZmVuc2EsIHBvZHLDoXMgYXVtZW50YXIgbGEgZHVyYWJpbGlkYWQgZGUgdHVzIEd1YXJkaWFuZXMgeSB0dSBFbXBlcml1bS4gRGViZXLDrWFzIGludmVydGlyIGVuIGRlZmVuc2Egc2kgcXVpZXJlcyBwcm90ZWdlciB0dSBmb3J0YWxlemEu
3qIaAg,,XkZGMDAwMEJ1dCBvdXIgZGVmZW5zZSBoYXMgYWxyZWFkeSByZWFjaGVkIDEwMCUuIFlvdXIgaW5zaWdodCBhbmQgcHJlcGFyZWRuZXNzIGFyZSBpbXByZXNzaXZlLCBNYXN0ZXIuXjAwMDAwMA==,,,,,XkZGMDAwME1hcyBub3NzYSBkZWZlc2EgasOhIGF0aW5naXUgMTAwJS4gU3VhIHBlcmNlcMOnw6NvIGUgcHJlcGFyYcOnw6NvIHPDo28gaW1wcmVzc2lvbmFudGVzLCBNZXN0cmUuXjAwMDAwMA==,,XkZGMDAwMFBlcm8gbnVlc3RyYSBkZWZlbnNhIHlhIGFsY2FuesOzIGVsIDEwMCAlLiBUdSBwZXJzcGljYWNpYSB5IHByZXBhcmFjacOzbiBzb24gaW1wcmVzaW9uYW50ZXMsIGzDrWRlci5eMDAwMDAw
36IaAg,,Q2FuY2Vs,,,,,Q2FuY2VsYXI=,,Q2FuY2VsYXIu
4KIaAg,,W0J1dGxlciBDaGVyaWVvc10KSW52ZXN0ZWQhIEkgY2FuJ3Qgd2FpdCBmb3IgdGhlIGJyaWdodCBmdXR1cmUgYWhlYWQgb2YgdXMhIFRoZSBpbnZlc3RtZW50IHRvZGF5IHdpbGwgYmUgcmVmbGVjdGVkIGluIG91ciBkZWZlbnNlIGJ5IHRvbW9ycm93Lg==,,,,,W01vcmRvbW8gQ2hlcmllb3NdCkludmVzdGlkbyEgTWFsIHBvc3NvIGVzcGVyYXIgcGVsbyBmdXR1cm8gYnJpbGhhbnRlIHF1ZSB0ZW1vcyBwZWxhIGZyZW50ZSEgTyBpbnZlc3RpbWVudG8gZGUgaG9qZSBzZSByZWZsZXRpcsOhIGVtIG5vc3NhIGRlZmVzYSBhbWFuaMOjLg==,,W01heW9yZG9tbyBDaGVyaWVvc10KwqFEaW5lcm8gaW52ZXJ0aWRvISDCoUVzcGVybyBjb24gYW5zaWFzIGVsIGJyaWxsYW50ZSBmdXR1cm8gcXVlIG5vcyBkZXBhcmEhIExhIGludmVyc2nDs24gZGUgaG95IHNlIHJlZmxlamFyw6EgZW4gbnVlc3RyYSBkZWZlbnNhIGRlIG1hw7FhbmEu
4aIaAg,,ezB9IC0gQWRkZWQgKA==,,,,,ezB9IC0gUG9zaWNpb25hZG8gKA==,,ezB9IC1TZSBhZ3JlZ8OzICg=
4qIaAg,,ezB9IC8g,,,,,ezB9IC8=,,ezB9IC8g
46IaAg,,ezB9KQ==,,,,,ezB9KQ==,,ezB9KQ==
5KIaAg,,ezB9IC0gTm90IGFkZGVk,,,,,ezB9IC0gU2VtIHBvc2nDp8Ojbw==,,ezB9IC1ObyBzZSBhZ3JlZ8Oz
5aIaAg,,ezB9IC0gQWRkZWQgKA==,,,,,ezB9IC0gUG9zaWNpb25hZG8gKA==,,ezB9IC1TZSBhZ3JlZ8OzICg=
5qIaAg,,ezB9IC8g,,,,,ezB9IC8=,,ezB9IC8g
56IaAg,,ezB9KQ==,,,,,ezB9KQ==,,ezB9KQ==
6KIaAg,,ezB9IC0gTm90IGFkZGVk,,,,,ezB9IC0gU2VtIHBvc2nDp8Ojbw==,,ezB9IC1ObyBzZSBhZ3JlZ8Oz
6aIaAg,,ezB9IC0gQWRkZWQgKA==,,,,,ezB9IC0gUG9zaWNpb25hZG8gKA==,,ezB9IC1TZSBhZ3JlZ8OzICg=
6qIaAg,,ezB9IC8g,,,,,ezB9IC8=,,ezB9IC8g
66IaAg,,ezB9KQ==,,,,,ezB9KQ==,,ezB9KQ==
7KIaAg,,ezB9IC0gTm90IGFkZGVk,,,,,ezB9IC0gU2VtIHBvc2nDp8Ojbw==,,ezB9IC1ObyBzZSBhZ3JlZ8Oz
7aIaAg,,ezB9IC0gQWRkZWQgKA==,,,,,ezB9IC0gUG9zaWNpb25hZG8gKA==,,ezB9IC1TZSBhZ3JlZ8OzICg=
7qIaAg,,ezB9IC8g,,,,,ezB9IC8=,,ezB9IC8g
76IaAg,,ezB9KQ==,,,,,ezB9KQ==,,ezB9KQ==
8KIaAg,,ezB9IC0gTm90IGFkZGVk,,,,,ezB9IC0gU2VtIHBvc2nDp8Ojbw==,,ezB9IC1ObyBzZSBhZ3JlZ8Oz
8aIaAg,,ezB9IC0gQWRkZWQgKA==,,,,,ezB9IC0gUG9zaWNpb25hZG8gKA==,,ezB9IC1TZSBhZ3JlZ8OzICg=
8qIaAg,,ezB9IC8g,,,,,ezB9IC8=,,ezB9IC8g
86IaAg,,ezB9KQ==,,,,,ezB9KQ==,,ezB9KQ==
9KIaAg,,ezB9IC0gTm90IGFkZGVk,,,,,ezB9IC0gU2VtIHBvc2nDp8Ojbw==,,ezB9IC1ObyBzZSBhZ3JlZ8Oz
9aIaAg,,ezB9IC0gQWRkZWQgKA==,,,,,ezB9IC0gUG9zaWNpb25hZG8gKA==,,ezB9IC1TZSBhZ3JlZ8OzICg=
9qIaAg,,ezB9IC8g,,,,,ezB9IC8=,,ezB9IC8g
96IaAg,,ezB9KQ==,,,,,ezB9KQ==,,ezB9KQ==
+KIaAg,,ezB9IC0gTm90IGFkZGVk,,,,,ezB9IC0gU2VtIHBvc2nDp8Ojbw==,,ezB9IC1ObyBzZSBhZ3JlZ8Oz
+aIaAg,,ezB9IC0gQWRkZWQgKA==,,,,,ezB9IC0gUG9zaWNpb25hZG8gKA==,,ezB9IC1TZSBhZ3JlZ8OzICg=
+qIaAg,,ezB9IC8g,,,,,ezB9IC8=,,ezB9IC8g
+6IaAg,,ezB9KQ==,,,,,ezB9KQ==,,ezB9KQ==
/KIaAg,,ezB9IC0gTm90IGFkZGVk,,,,,ezB9IC0gU2VtIHBvc2nDp8Ojbw==,,ezB9IC1ObyBzZSBhZ3JlZ8Oz
/aIaAg,,ezB9IC0gQWRkZWQgKA==,,,,,ezB9IC0gUG9zaWNpb25hZG8gKA==,,ezB9IC1TZSBhZ3JlZ8OzICg=
/qIaAg,,ezB9IC8g,,,,,ezB9IC8=,,ezB9IC8g
/6IaAg,,ezB9KQ==,,,,,ezB9KQ==,,ezB9KQ==
AKMaAg,,ezB9IC0gTm90IGFkZGVk,,,,,ezB9IC0gU2VtIHBvc2nDp8Ojbw==,,ezB9IC1ObyBzZSBhZ3JlZ8Oz
AaMaAg,,W0J1dGxlciBDaGVyaWVvc10KV291bGQgeW91IGxpa2UgdG8gYWRkIGEgR3VhcmRpYW4/IEl0J2xsIGZpZ2h0IHRvIHRoZSBkZWF0aCB0byBwcm90ZWN0IG91ciBzdHJvbmdob2xkIGFnYWluc3QgZW5lbWllcy4KUGxlYXNlIHNlbGVjdCB0aGUgR3VhcmRpYW4geW91IHdhbnQu,,,,,W01vcmRvbW8gQ2hlcmllb3NdClZvY8OqIGdvc3RhcmlhIGRlIGFkaWNpb25hciB1bSBHdWFyZGnDo28/IEVsZSBsdXRhcsOhIGF0w6kgYSBtb3J0ZSBwYXJhIHByb3RlZ2VyIG5vc3NvIGNhc3RlbG8gY29udHJhIG9zIGluaW1pZ29zLgpTZWxlY2lvbmUgbyBHdWFyZGnDo28gcXVlIHZvY8OqIGRlc2VqYS4=,,W01heW9yZG9tbyBDaGVyaWVvc10Kwr9UZSBndXN0YXLDrWEgYWdyZWdhciB1biBHdWFyZGnDoW4/IEx1Y2hhcsOhIGhhc3RhIGxhIG11ZXJ0ZSBwYXJhIHByb3RlZ2VyIG51ZXN0cmEgZm9ydGFsZXphIGNvbnRyYSBsb3MgZW5lbWlnb3MuClNlbGVjY2lvbmEgZWwgR3VhcmRpw6FuIHF1ZSBxdWllcmFzLg==
AqMaAg,,W0J1dGxlciBDaGVyaWVvc10KQXJlIHlvdSBzdXJlIHlvdSB3YW50IHRvIGFkZCB0aGUgc2VsZWN0ZWQgR3VhcmRpYW4/IEl0J2xsIGJlIDEwLDAwMCBaZW55Lg==,,,,,W01vcmRvbW8gQ2hlcmllb3NdClRlbSBjZXJ0ZXphIGRlIHF1ZSBkZXNlamEgYWRpY2lvbmFyIG8gR3VhcmRpw6NvIHNlbGVjaW9uYWRvPyBTZXLDo28gMTAuMDAwIFplbnku,,W01heW9yZG9tbyBDaGVyaWVvc10Kwr9SZWFsbWVudGUgcXVpZXJlcyBhZ3JlZ2FyIGFsIEd1YXJkacOhbiBzZWxlY2Npb25hZG8/IFNvbiAxMDAwMCB6ZW55Lg==
A6MaAg,,QWRkLg==,,,,,QWRpY2lvbmFyLg==,,QWdyZWdhci4=
BKMaAg,,W0J1dGxlciBDaGVyaWVvc10KTWFzdGVyLCB5b3UgZG9uJ3QgaGF2ZSB0aGUga25vd2xlZGdlIHlvdSBuZWVkIHRvIGFkZCBHdWFyZGlhbnMuIFBsZWFzZSBsZWFybiB0aGUgR3VpbGQgc2tpbGwsIF5GRjAwMDBHdWFyZGlhbiBSZXNlYXJjaF4wMDAwMDAsIGZpcnN0LiBHdWFyZGlhbiBhZGRpdGlvbiBmYWlsZWQu,,,,,W01vcmRvbW8gQ2hlcmllb3NdClZvc3NhIEFsdGV6YSwgc2V1IGNsw6MgbsOjbyBwb3NzdWkgbyBjb25oZWNpbWVudG8gbmVjZXNzw6FyaW8gcGFyYSBjb21hbmRhciB1bSBHdWFyZGnDo28uIFNldSBjbMOjIGRldmUgcG9zc3VpciBhIGhhYmlsaWRhZGUgXkZGMDAwMENvbWFuZGFyIEd1YXJkacO1ZXNeMDAwMDAwLg==,,W01heW9yZG9tbyBDaGVyaWVvc10KTMOtZGVyLCBubyB0aWVuZXMgbG9zIGNvbm9jaW1pZW50b3MgbmVjZXNhcmlvcyBwYXJhIGFncmVnYXIgR3VhcmRpYW5lcy4gQXByZW5kZSBwcmltZXJvIGxhIGhhYmlsaWRhZCBkZWwgZ3JlbWlvLCBeRkYwMDAwSW52ZXN0aWdhY2nDs24gZGUgZ3VhcmRpYW5lc14wMDAwMDAuIEVycm9yIGFsIGFncmVnYXIgR3VhcmRpw6FuLg==
BaMaAg,,W0J1dGxlciBDaGVyaWVvc10KTWFzdGVyLCB5b3UndmUgYWxyZWFkeSBhZGRlZCB0aGF0IEd1YXJkaWFuLiBZb3UgY2FuJ3QgYWRkIGl0IGFnYWluLg==,,,,,W01vcmRvbW8gQ2hlcmllb3NdCk1lc3RyZSwgdm9jw6ogasOhIGFkaWNpb25vdSBlc3NlIEd1YXJkacOjby4gTsOjbyDDqSBwb3Nzw612ZWwgYWRpY2lvbsOhLWxvIG5vdmFtZW50ZS4=,,W01heW9yZG9tbyBDaGVyaWVvc10KTMOtZGVyLCB5YSBhZ3JlZ2FzdGUgYSBlc2UgR3VhcmRpw6FuLiBObyBzZSBwdWVkZSB2b2x2ZXIgYSBhZ3JlZ2FyLg==
BqMaAg,,W0J1dGxlciBDaGVyaWVvc10KSSdtIHNvcnJ5LCBidXQgeW91IGRvbid0IGhhdmUgZW5vdWdoIFplbnkgdG8gYWRkIHRoZSBHdWFyZGlhbi4gR3VhcmRpYW4gYWRkaXRpb24gZmFpbGVkLg==,,,,,W01vcmRvbW8gQ2hlcmllb3NdCk9wcywgYWNobyBxdWUgVm9zc2EgQWx0ZXphIGFuZG91IGdhc3RhbmRvIGRpbmhlaXJvIGRlbWFpcyBub3MgY2Fzc2lub3MgZGUgQ29tb2RvLCBoZWluPyBWb2x0ZSBxdWFuZG8gdGl2ZXIgMTAuMDAwIFplbnkgcGFyYSBhY2lvbmFybW9zIG8gR3VhcmRpw6NvLg==,,W01heW9yZG9tbyBDaGVyaWVvc10KTG8gc2llbnRvLCBwZXJvIG5vIHRpZW5lcyBzdWZpY2llbnRlcyB6ZW55IHBhcmEgYWdyZWdhciBhbCBHdWFyZGnDoW4uIEVycm9yIGFsIGFncmVnYXIgR3VhcmRpw6FuLg==
B6MaAg,,W0J1dGxlciBDaGVyaWVvc10KR3VhcmRpYW4gYWRkZWQuIE5vdywgd2UgaGF2ZSBhbiBhbGx5IHdlIGNhbiByZWx5IG9uIGZvciBvdXIgc3Ryb25naG9sZCdzIHByb3RlY3Rpb24u,,,,,W01vcmRvbW8gQ2hlcmllb3NdCk8gR3VhcmRpw6NvIGZvaSBhY2lvbmFkbyBjb20gc3VjZXNzby4gQWdvcmEgdGVtb3MgdW0gcG9kZXJvc28gYWxpYWRvIHByb3RlZ2VuZG8gbm9zc28gQ2FzdGVsby4=,,W01heW9yZG9tbyBDaGVyaWVvc10KR3VhcmRpw6FuIGFncmVnYWRvLiBBaG9yYSB0ZW5lbW9zIHVuIGFsaWFkbyBlbiBlbCBxdWUgcG9kZW1vcyBjb25maWFyIHBhcmEgbGEgcHJvdGVjY2nDs24gZGUgbnVlc3RyYSBmb3J0YWxlemEu
CKMaAg,,W0J1dGxlciBDaGVyaWVvc10KQXMgeW91IHdpc2guIEJ1dCBwbGVhc2Uga2VlcCBpbiBtaW5kIHRoYXQgR3VhcmRpYW5zIGFyZSBhYnNvbHV0ZWx5IG5lY2Vzc2FyeSBmb3Igb3VyIHN0cm9uZ2hvbGQncyBwcm90ZWN0aW9uLg==,,,,,W01vcmRvbW8gQ2hlcmllb3NdCkNvbW8gcXVpc2VyLiBNYXMsIHBvciBmYXZvciwgdGVuaGEgZW0gbWVudGUgcXVlIG9zIEd1YXJkacO1ZXMgc8OjbyBhYnNvbHV0YW1lbnRlIG5lY2Vzc8OhcmlvcyBwYXJhIGEgcHJvdGXDp8OjbyBkZSBub3NzbyBjYXN0ZWxvLg==,,W01heW9yZG9tbyBDaGVyaWVvc10KQ29tbyBxdWllcmFzLiBQZXJvIHRlbiBlbiBjdWVudGEgcXVlIGxvcyBHdWFyZGlhbmVzIHNvbiBhYnNvbHV0YW1lbnRlIG5lY2VzYXJpb3MgcGFyYSBsYSBwcm90ZWNjacOzbiBkZSBudWVzdHJhIGZvcnRhbGV6YS4=
CaMaAg,,W0J1dGxlciBDaGVyaWVvc10KQ3VycmVudGx5LCB3ZSBoYXZlIGEgS2FmcmEgRW1wbG95ZWUgb24gc2l0ZS4gV291bGQgeW91IGxpa2UgdG8gZGlzbWlzcyBoZXI/,,,,,W01vcmRvbW8gQ2hlcmllb3NdCk5vIG1vbWVudG8sIHRlbW9zIHVtYSBmdW5jaW9uw6FyaWEgZGEgS2FmcmEgbm8gbG9jYWwuIEdvc3RhcmlhIGRlIGRpc3BlbnPDoS1sYT8=,,W01heW9yZG9tbyBDaGVyaWVvc10KQWN0dWFsbWVudGUsIHRlbmVtb3MgdW5hIGVtcGxlYWRhIGRlIEthZnJhIGVuIGVsIGx1Z2FyLiDCv1F1aWVyZXMgZGVzcGVkaXJsYT8=
CqMaAg,,RGlzbWlzcy4=,,,,,RGlzcGVuc2Fy,,RGVzcGVkaXJsYS4=
C6MaAg,,W0hpcmVkIEthZnJhIEVtcGxveWVlXQpJJ3ZlIHdvcmtlZCBzbyBoYXJkIGZvciB5b3UuIEFyZSB5b3UgcmVhbGx5IGdvaW5nIHRvIGxldCBtZSBnbyBsaWtlIHRoaXM/IE1hc3RlciwgcGxlYXNlIHNob3cgbWUgeW91ciBtZXJjeS4gUGxlYXNlIGxldCBtZSBzdGF5Lg==,,,,,W0Z1bmNpb27DoXJpYSBLYWZyYV0KRXUgdGVuaG8gbWUgZGVkaWNhZG8gdGFudG8gYW8gbWV1IHRyYWJhbGhvISBQb3IgcXVlIHZvY8OqIHF1ZXIgbWUgZGVtaXRpcj8gUG9yIGZhdm9yLCBkZWl4ZS1tZSBmaWNhci4=,,W0VtcGxlYWRhIGRlIEthZnJhIGNvbnRyYXRhZGFdCkhlIHRyYWJhamFkbyB0YW50byBwb3IgdGkuIMK/RGUgdmVyZGFkIHZhcyBhIGRlamFybWUgaXIgYXPDrT8gTMOtZGVyLCBwb3IgZmF2b3IsIG11w6lzdHJhbWUgdHUgbWlzZXJpY29yZGlhLiBQb3IgZmF2b3IsIGRlamEgcXVlIG1lIHF1ZWRlLg==
DKMaAg,,W0hpcmVkIEthZnJhIEVtcGxveWVlXQpHcnJyISBUaGlzIGlzIHVuZmFpciEgSG93IGNhbiB5b3UgZG8gdGhpcyB0byBtZT8=,,,,,W0Z1bmNpb27DoXJpYSBLYWZyYV0KQVJSUkdHR0ghISBWb2PDqiDDqSB1bWEgcGVzc29hIG11aXRvIGNydWVsLCBlc3Blcm8gcXVlIHZvY8OqIHBlcmNhIGVzdGUgQ2FzdGVsbyBmZWRvcmVudG8gbm8gcHLDs3hpbW8gUGVyw61vZG8gZGUgR3VlcnJhISAqL3BpZio=,,W0VtcGxlYWRhIGRlIEthZnJhIGNvbnRyYXRhZGFdCsKhR3JyciEgwqFFc3RvIGVzIGluanVzdG8hIMK/Q8OzbW8gcHVlZGVzIGhhY2VybWUgZXN0bz8=
DaMaAg,,W0hpcmVkIEthZnJhIEVtcGxveWVlXQpJJ2xsIHdvcmsgaGFyZGVyLiBUaGFuayB5b3Uu,,,,,W0Z1bmNpb27DoXJpYSBLYWZyYV0KT2hoaCEgRXUgc2FiaWEsIGV1IHNhYmlhIHF1ZSB2b2PDqiBuw6NvIHBvZGlhIHNlciB0w6NvIGNydWVsIGFzc2ltLCBvYnJpZ2FkYSBwZWxhIHN1YSBib25kYWRlLCBldSBudW5jYSB2b3UgZXNxdWVjZXIuICovYmoq,,W0VtcGxlYWRhIGRlIEthZnJhIGNvbnRyYXRhZGFdClRyYWJhamFyw6kgbcOhcyBkdXJvLiBHcmFjaWFzLg==
DqMaAg,,W0J1dGxlciBDaGVyaWVvc10KVGhhdCBvbmUncyBhIHJlYWwgaGFyZCB3b3JrZXIuIEkgd2FzIGdvaW5nIHRvIGFzayB5b3UgdG8gcmVjb25zaWRlciB5b3VyIGRlY2lzaW9uIGZvciB5b3VyIG1lbWJlcnMnIHNha2UsIGlmIG5vdGhpbmcgZWxzZS4=,,,,,W01vcmRvbW8gQ2hlcmllb3NdCkV1IHZvdSBzZW50aXIgc2F1ZGFkZXMgZGVsYS4uLg==,,W01heW9yZG9tbyBDaGVyaWVvc10KRXNhIGVzIHVuYSBwZXJzb25hIHF1ZSB0cmFiYWphIGRlIHZlcmRhZC4gSWJhIGEgcGVkaXJ0ZSBxdWUgcmVjb25zaWRlcmFyYXMgdHUgZGVjaXNpw7NuIHBvciBlbCBiaWVuIGRlIHR1cyBtaWVtYnJvcywgYWwgbWVub3Mu
D6MaAg,,W0J1dGxlciBDaGVyaWVvc10KLi4uCkthZnJhIEVtcGxveWVlIGRpc21pc3NlZC4uLiBidXQgaXMgdGhlcmUgc29tZXRoaW5nIHlvdSBkaWRuJ3QgbGlrZSBhYm91dD8=,,,,,W01vcmRvbW8gQ2hlcmllb3NdCi4uLgpGdW5jaW9uw6FyaWEgS2FmcmEgZGlzcGVuc2FkYS4uLiBtYXMgaMOhIGFsZ28gZGUgcXVlIHZvY8OqIG7Do28gZ29zdG91Pw==,,W01heW9yZG9tbyBDaGVyaWVvc10KLi4uCkVtcGxlYWRhIGRlIEthZnJhIGRlc3BlZGlkYS4uLiDCv2hheSBhbGdvIHF1ZSBubyBoYXlhIHNpZG8gZGUgdHUgYWdyYWRvPw==
EKMaAg,,W0J1dGxlciBDaGVyaWVvc10KV291bGQgeW91IGxpa2UgdG8gY29udGFjdCBLYWZyYSBhbmQgaGlyZSBvbmUgb2YgaXRzIGVtcGxveWVlcyBmb3IgeW91ciBzdHJvbmdob2xkPwpeRkYwMDAwVGhhdCdsbCBiZSAxMCwwMDAgWmVueS4=,,,,,W01vcmRvbW8gQ2hlcmllb3NdClZvc3NhIEFsdGV6YSBkZXNlamEgY29udHJhdGFyIHVtYSBGdW5jaW9uw6FyaWEgS2FmcmEgcGFyYSB0cmFiYWxoYXIgbm8gQ2FzdGVsbz8KXkZGMDAwMFNlcsOjbyAxMC4wMDAgWmVueS4=,,W01heW9yZG9tbyBDaGVyaWVvc10Kwr9RdWllcmVzIGNvbnRhY3RhciBjb24gS2FmcmEgeSBjb250cmF0YXIgYSB1bm8gZGUgc3VzIGVtcGxlYWRvcyBwYXJhIHR1IGZvcnRhbGV6YT8KXkZGMDAwMFNvbiAxMDAwMCB6ZW55Lg==
EaMaAg,,SGlyZS4=,,,,,Q29udHJhdGFyLg==,,Q29udHJhdGFyLg==
EqMaAg,,W0J1dGxlciBDaGVyaWVvc10KTWFzdGVyLCB5b3UgaGF2ZSBub3QgeWV0IG1hZGUgYSBjb250cmFjdCB3aXRoIEthZnJhLiBUbyBoaXJlIG9uZSBvZiBpdHMgZW1wbG95ZWVzLCB5b3UgZmlyc3QgbXVzdCBsZWFybiB0aGUgR3VpbGQgc2tpbGwsIF5GRjAwMDBDb250cmFjdCB3aXRoIEthZnJhXjAwMDAwMC4=,,,,,W01vcmRvbW8gQ2hlcmllb3NdCk1lc3RyZSwgdm9jw6ogYWluZGEgbsOjbyBmZXogdW0gY29udHJhdG8gY29tIGEgS2FmcmEuIFBhcmEgY29udHJhdGFyIHVtYSBkZSBzdWFzIGZ1bmNpb27DoXJpYXMsIHByaW1laXJvIHZvY8OqIGRldmUgYXByZW5kZXIgYSBoYWJpbGlkYWRlIGRvIGNsw6MgXkZGMDAwMENvbnRyYXRvIGNvbSBhIEthZnJhXjAwMDAwMC4=,,W01heW9yZG9tbyBDaGVyaWVvc10KTMOtZGVyLCBhw7puIG5vIGZpcm1hc3RlIHVuIGNvbnRyYXRvIGNvbiBLYWZyYS4gUGFyYSBjb250cmF0YXIgYSB1bm8gZGUgc3VzIGVtcGxlYWRvcywgcHJpbWVybyBkZWJlcyBhcHJlbmRlciBsYSBoYWJpbGlkYWQgZGVsIGdyZW1pbywgXkZGMDAwMENvbnRyYXRvIGNvbiBLYWZyYV4wMDAwMDAu
E6MaAg,,W0J1dGxlciBDaGVyaWVvc10KSSdtIHNvcnJ5LCBidXQgb3VyIGd1aWxkIGNvZmZlciBkb2Vzbid0IGhhdmUgZW5vdWdoIFplbnkgbGVmdCBpbiBpdC4gS2FmcmEgRW1wbG95ZWUgaGlyaW5nIGhhcyBmYWlsZWQu,,,,,W01vcmRvbW8gQ2hlcmllb3NdCihFdSBmaW5qbyBxdWUgbsOjbyBwZXJjZWJpIHF1ZSBvIHNldSBib2xzbyBlc3TDoSB2YXppbywgZSB2b2PDqiBmaW5nZSBxdWUgbnVuY2EgcXVpcyBjb250cmF0YXIgdW1hIEthZnJhLCBvaz8p,,W01heW9yZG9tbyBDaGVyaWVvc10KTG8gc2llbnRvLCBwZXJvIG5vIGhheSBzdWZpY2llbnRlcyB6ZW55IGVuIGVsIGNvZnJlIGRlbCBncmVtaW8uIENvbnRyYXRhY2nDs24gZGUgZW1wbGVhZG8gZGUgS2FmcmEgZmFsbGlkYS4=
FKMaAg,,W0J1dGxlciBDaGVyaWVvc10KU3VjY2Vzc2Z1bGx5IGhpcmVkIGEgS2FmcmEgRW1wbG95ZWUu,,,,,W01vcmRvbW8gQ2hlcmllb3NdCk8gY29udHJhdG8gY29tIG8gUUcgZGFzIEthZnJhcyBmb2kgcmVhbGl6YWRvIGNvbSBzdWNlc3NvLiBBZ29yYSB0ZW1vcyBub3NzYSBwcsOzcHJpYSBGdW5jaW9uw6FyaWEgS2FmcmEu,,W01heW9yZG9tbyBDaGVyaWVvc10KQ29udHJhdGFjacOzbiBkZSBlbXBsZWFkbyBkZSBLYWZyYSBleGl0b3NhLg==
FaMaAg,,W0hpcmVkIEthZnJhIEVtcGxveWVlXQpIZWxsby4gSSdtIGZyb20gS2FmcmEuCkknbGwgc2VydmUgeW91IGFuZCB5b3VyIGd1aWxkIHRvIHRoZSBiZXN0IG9mIG15IGFiaWxpdHku,,,,,W0Z1bmNpb27DoXJpYSBLYWZyYV0KT2khIEV1IHNvdSB1bWEgS2FmcmEgZW52aWFkYSBlc3BlY2lhbG1lbnRlIHBhcmEgY3VpZGFyIGRvIHNldSBDYXN0ZWxvIQpQb2RlIGRlaXhhciBxdWUgZXUgdm91IG1lIGVzZm9yw6dhciBwYXJhIG1hbnRlciBhIG1hcmF2aWxob3NhIHJlcHV0YcOnw6NvIHF1ZSB2b2PDqnMgdMOqbSEhIQ==,,W0VtcGxlYWRhIGRlIEthZnJhIGNvbnRyYXRhZGFdCkhvbGEuIFNveSBkZSBLYWZyYS4KVGUgc2Vydmlyw6kgYSB0aSB5IGEgdHUgZ3JlbWlvIGxvIG1lam9yIHF1ZSBwdWVkYS4=
FqMaAg,,W0J1dGxlciBDaGVyaWVvc10KWW91IGNhbiByZXRhaW4gYSBLYWZyYSBFbXBsb3llZSBmb3IgMSBtb250aC4gSWYgeW91IHdpc2ggdG8gZXh0ZW5kIHRoZSBjb250cmFjdCwgdGhlbiB5b3UnbGwgaGF2ZSB0byBwYXkgYW4gZXh0cmEgY2hhcmdlLgpGaW5hbGx5LCBvdXIgZ3VpbGRzbWVuIGNhbiBlbmpveSB0aGUgY29tZm9ydHMgb2YgaG9tZS4=,,,,,W01vcmRvbW8gQ2hlcmllb3NdClZvY8OqIHBvZGUgbWFudGVyIHVtYSBGdW5jaW9uw6FyaWEgS2FmcmEgcG9yIDEgbcOqcy4gU2UgZGVzZWphciBlc3RlbmRlciBvIGNvbnRyYXRvLCB0ZXLDoSBkZSBwYWdhciB1bWEgdGF4YSBleHRyYS4KRmluYWxtZW50ZSwgbm9zc29zIG1lbWJyb3MgZG8gY2zDoyBwb2RlbSBkZXNmcnV0YXIgZG8gY29uZm9ydG8gZGUgdW1hIEthZnJhLg==,,W01heW9yZG9tbyBDaGVyaWVvc10KUHVlZGVzIHJldGVuZXIgYSB1biBlbXBsZWFkbyBkZSBLYWZyYSBkdXJhbnRlIDEgbWVzLiBTaSBxdWllcmVzIGV4dGVuZGVyIGVsIGNvbnRyYXRvLCB0ZW5kcsOhcyBxdWUgcGFnYXIgdW4gY2FyZ28gZXh0cmEuClBvciBmaW4sIGxvcyBtaWVtYnJvcyBkZSBudWVzdHJvIGdyZW1pbyBwdWVkZW4gZGlzZnJ1dGFyIGRlIGxhcyBjb21vZGlkYWRlcyBkZWwgaG9nYXIu
F6MaAg,,W0J1dGxlciBDaGVyaWVvc10KQXMgeW91IHdpc2guIEJ1dCBwbGVhc2Uga2VlcCBpbiBtaW5kIHRoYXQgYSBLYWZyYSBFbXBsb3llZSBjYW4gbWFrZSB0aGluZ3MgbXVjaCBtb3JlIGNvbWZvcnRhYmxlIGZvciB5b3VyIGd1aWxkc21lbi4=,,,,,W01vcmRvbW8gQ2hlcmllb3NdCkNvbW8gdm9jw6ogcXVpc2VyLiBNYXMgbGVtYnJlLXNlIGRlIHF1ZSB1bWEgRnVuY2lvbsOhcmlhIEthZnJhIHBvZGUgdG9ybmFyIGFzIGNvaXNhcyBtdWl0byBtYWlzIGNvbmZvcnTDoXZlaXMgcGFyYSBzZXVzIGNvbXBhbmhlaXJvcyBkZSBjbMOjLg==,,W01heW9yZG9tbyBDaGVyaWVvc10KQ29tbyBxdWllcmFzLiBQZXJvIHRlbiBlbiBjdWVudGEgcXVlIHVuIGVtcGxlYWRvIGRlIEthZnJhIHB1ZWRlIGhhY2VyIGxhcyBjb3NhcyBtdWNobyBtw6FzIGPDs21vZGFzIHBhcmEgbG9zIG1pZW1icm9zIGRlIHR1IGdyZW1pby4=
GKMaAg,,W0J1dGxlciBDaGVyaWVvc10KV291bGQgeW91IGxpa2UgdG8gZ28gd2hlcmUgb3VyIHByZWNpb3VzIHByb2R1Y3RzIGFyZSBzdG9yZWQ/Ck9ubHkgeW91LCBNYXN0ZXIsIGhhdmUgYWNjZXNzIHRvIGl0Lg==,,,,,W01vcmRvbW8gQ2hlcmllb3NdClZvY8OqIGdvc3RhcmlhIGRlIGlyIGF0w6kgYSBzYWxhIGRvIHRlc291cm8/ClNvbWVudGUgVm9zc2EgQWx0ZXphIHRlbSBhY2Vzc28gYW9zIHRlc291cm9zLg==,,W01heW9yZG9tbyBDaGVyaWVvc10Kwr9UZSBndXN0YXLDrWEgdmVyIGTDs25kZSBzZSBhbG1hY2VuYW4gbnVlc3Ryb3MgcHJlY2lhZG9zIHByb2R1Y3Rvcz8KU29sbyB0w7ogcHVlZGVzIGFjY2VkZXIsIGzDrWRlci4=
GaMaAg,,W0J1dGxlciBDaGVyaWVvc10KUGxlYXNlIG5vdGUgVHJlYXN1cmUgQ2hlc3RzIG1heSBkaXNhcHBlYXIgd2hlbiB0aGUgc3Ryb25naG9sZCBmYWNlcyB1bmV4cGVjdGVkIHNpdHVhdGlvbnMKaWYgeW91IGRvbid0IG9wZW4gdGhlbSB3aXRoaW4gYSBjZXJ0YWluIGFtb3VudCBvZiB0aW1lLgpQbGVhc2UgY29sbGVjdCB0aGVtIGFzIG9mdGVuIGFzIHlvdSBjYW4gaW4gY29uc2lkZXJhdGlvbiBvZiBvdXIgZ3VpbGQncyBkZXZlbG9wbWVudC4=,,,,,W01vcmRvbW8gQ2hlcmllb3NdCk9ic2VydmUgcXVlIG9zIGJhw7pzIGRlIHRlc291cm8gcG9kZW0gZGVzYXBhcmVjZXIgcXVhbmRvIG8gY2FzdGVsbyBlbmZyZW50YXIgc2l0dWHDp8O1ZXMgaW5lc3BlcmFkYXMKc2Ugdm9jw6ogbsOjbyBvcyBhYnJpciBlbSB1bSBkZXRlcm1pbmFkbyBwZXLDrW9kbyBkZSB0ZW1wby4KUG9yIGZhdm9yLCBjb2xldGUtb3Mgc2VtcHJlIHF1ZSBwdWRlciBlbSBjb25zaWRlcmHDp8OjbyBhbyBkZXNlbnZvbHZpbWVudG8gZG8gbm9zc28gY2zDoy4=,,W01heW9yZG9tbyBDaGVyaWVvc10KVGVuIGVuIGN1ZW50YSBxdWUgbG9zIGNvZnJlcyBkZSB0ZXNvcm8gcHVlZGVuIGRlc2FwYXJlY2VyIGN1YW5kbyBsYSBmb3J0YWxlemEgc2UgZW5mcmVudGEgYSBzaXR1YWNpb25lcyBpbmVzcGVyYWRhcwpzaSBubyBsb3MgYWJyZXMgZW4gdW4gcGxhem8gZGUgdGllbXBvIGRldGVybWluYWRvLgpSZWNvbMOpY3RhbG9zIHRhbiBhIG1lbnVkbyBjb21vIHB1ZWRhcyBlbiBjb25zaWRlcmFjacOzbiBhbCBkZXNhcnJvbGxvIGRlIG51ZXN0cm8gZ3JlbWlvLg==
GqMaAg,,W0J1dGxlciBDaGVyaWVvc10KTGV0IG1lIGd1aWRlIHlvdSB0byB0aGUgc2VjcmV0IHBhc3NhZ2V3YXkgdG8gdGhlIGNoYW1iZXIuIFBsZWFzZSBmb2xsb3cgbWUuCldoZW4geW91IHdhbnQgdG8gbGVhdmUgdGhlIGNoYW1iZXIsIGp1c3QgcHJlc3MgdGhlIHNlY3JldCBzd2l0Y2gu,,,,,W01vcmRvbW8gQ2hlcmllb3NdCkRlaXhlLW1lIGd1aWFyIHZvY8OqIGF0w6kgYSBwYXNzYWdlbSBzZWNyZXRhIHBhcmEgYSBjw6JtYXJhLiBQb3IgZmF2b3IsIHNpZ2EtbWUuClF1YW5kbyBxdWlzZXIgc2FpciBkYSBjw6JtYXJhLCBiYXN0YSBwcmVzc2lvbmFyIG8gaW50ZXJydXB0b3Igc2VjcmV0by4=,,W01heW9yZG9tbyBDaGVyaWVvc10KRMOpamFtZSBndWlhcnRlIGhhc3RhIGVsIHBhc2FkaXpvIHNlY3JldG8gZGUgbGEgc2FsYS4gU8OtZ3VlbWUuCkN1YW5kbyBxdWllcmFzIHNhbGlyIGRlIGxhIHNhbGEsIHNvbG8gcHJlc2lvbmEgZWwgaW50ZXJydXB0b3Igc2VjcmV0by4=
G6MaAg,,W0J1dGxlciBDaGVyaWVvc10KSXRlbXMgYXJlIHByb2R1Y2VkIG9uY2UgYSBkYXksIGJ1dCB0aGV5J2xsIHN0b3AgY29taW5nIGluIGlmIHlvdSBkb24ndCBjb2xsZWN0IHRoZW0gZWFjaCBkYXkuClBsZWFzZSBjb2xsZWN0IHRoZW0gYXMgb2Z0ZW4gYXMgeW91IGNhbiBpbiBjb25zaWRlcmF0aW9uIG9mIG91ciBndWlsZCdzIGRldmVsb3BtZW50Lg==,,,,,W01vcmRvbW8gQ2hlcmllb3NdCk9zIGl0ZW5zIHPDo28gcHJvZHV6aWRvcyB1bWEgdmV6IHBvciBkaWEsIG1hcyBkZWl4YXLDo28gZGUgY2hlZ2FyIHNlIHZvY8OqIG7Do28gb3MgY29sZXRhciB0b2RvcyBvcyBkaWFzLgpQb3IgZmF2b3IsIGNvbGV0ZS1vcyBzZW1wcmUgcXVlIHB1ZGVyIGVtIGNvbnNpZGVyYcOnw6NvIGFvIGRlc2Vudm9sdmltZW50byBkbyBub3NzbyBjbMOjLg==,,W01heW9yZG9tbyBDaGVyaWVvc10KTG9zIG9iamV0b3Mgc2UgcHJvZHVjZW4gdW5hIHZleiBhbCBkw61hLCBwZXJvIGRlamFyw6FuIGRlIGxsZWdhciBzaSBubyBsb3MgcmVjb2xlY3RhcyB0b2RvcyBsb3MgZMOtYXMuClJlY29sw6ljdGFsb3MgdGFuIGEgbWVudWRvIGNvbW8gcHVlZGFzIGVuIGNvbnNpZGVyYWNpw7NuIGFsIGRlc2Fycm9sbG8gZGUgbnVlc3RybyBncmVtaW8u
HKMaAg,,VGhlcmUncyBhIHNtYWxsIGxldmVyLiBQdWxsIGl0Pw==,,,,,SMOhIHVtYSBwZXF1ZW5hIGFsYXZhbmNhLiBWYW1vcyBwdXhhcj8=,,SGF5IHVuYSBwZXF1ZcOxYSBwYWxhbmNhLiDCv1F1aWVyZXMgdGlyYXIgZGUgZWxsYT8=
HaMaAg,,UHVsbC4=,,,,,UHV4YXIu,,VGlyYXIu
HqMaAg,,RG9uJ3QgcHVsbC4=,,,,,TsOjbyBwdXhlLg==,,Tm8gdGlyYXIu
H6MaAg,,W1JldmVyYmVyYXRpbmcgVm9pY2VdCk9uZSB3aG8gb3ZlcmNvbWVzIHRoZSB0cmlhbCBvZiB0aGUgY29ucXVlcm9yIHdpbGwgZmluZCB0aGUgcGF0aCB0byBhbm90aGVyIHRyaWFsLg==,,,,,WyBWb3ogRWNvYW50ZSBdClVtIEd1ZXJyZWlybyBxdWUgbWVzbW8gdGVuZG8gdmVuY2lkbyBhIGJhdGFsaGEsIHByb2N1cmEgdmVuY2VyIGEgR3VlcnJhLiBFc3RlIMOpIG8gdmVyZGFkZWlybyBMw61kZXIu,,W1ZveiByZXZlcmJlcmFudGVdClF1aWVuIHN1cGVyZSBsYSBwcnVlYmEgZGVsIGNvbnF1aXN0YWRvciBoYWxsYXLDoSBlbCBjYW1pbm8gaGFjaWEgb3RyYSBwcnVlYmEu
IKMaAg,,W1JldmVyYmVyYXRpbmcgVm9pY2VdCk9ubHkgdGhlIGNvbnF1ZXJvciBvZiB0aGUgdHJpYWwgaXMgd29ydGh5IG9mIHRoYXQgcGF0aC4=,,,,,WyBWb3ogRWNvYW50ZSBdClVtIHRlc3RlIGRlIGJyYXZ1cmEuLi4=,,W1ZveiByZXZlcmJlcmFudGVdClNvbG8gZWwgY29ucXVpc3RhZG9yIGRlIGxhIHBydWViYSBlcyBkaWdubyBkZSBlc2UgY2FtaW5vLg==
IaMaAg,,Tm90aGluZyBoYXBwZW5lZC4=,,,,,TsOjbyBhY29udGVjZXUgbmFkYS4=,,Tm8gcGFzw7MgbmFkYS4=
IqMaAg,,ezB9IC8=,,,,,ezB9IC8=,,ezB9IC8=
I6MaAg,,ezB9IC8=,,,,,ezB9IC8=,,ezB9IC8=
JKMaAg,,ezB9IC8=,,,,,ezB9IC8=,,ezB9IC8=
JaMaAg,,ezB9IC8=,,,,,ezB9IC8=,,ezB9IC8=
JqMaAg,,ezB9IC8=,,,,,ezB9IC8=,,ezB9IC8=
J6MaAg,,ezB9IC8=,,,,,ezB9IC8=,,ezB9IC8=
KKMaAg,,ezB9IC8=,,,,,ezB9IC8=,,ezB9IC8=
KaMaAg,,ezB9IC8=,,,,,ezB9IC8=,,ezB9IC8=
