4LbLCw,,QmF6YWFyIEd1aWRl,,,,,R3VpYSBkbyBCYXphcg==,,R3VpYSBkbyBCYXphcg==
4bbLCw,,W0JhemFhciBHdWlkZV0KWW91IGFyZSBpbiB0aGUgUGF5b24gQmF6YWFyLCBFYXN0IHNpZGUuCkhvdyBtYXkgSSBiZSBvZiBhc3Npc3RhbmNlPw==,,,,,W0d1aWEgZG8gQmF6YXJdClZvY8OqIGVzdMOhIG5vIEJhemFyIGRlIFBheW9uLCBsYWRvIGxlc3RlLgpFbSBxdWUgcG9zc28gYWp1ZGFyPw==,,W0d1w61hIGRlbCBCYXphcl0KRXN0w6FzIGVuIGVsIEJhemFyIGRlIFBheW9uLCBsYWRvIEVzdGUuCsK/Q8OzbW8gcHVlZG8gYXl1ZGFyPw==
4rbLCw,,R28gdG8gdGhlIENlbnRlcg==,,,,,SXIgcGFyYSBvIENlbnRybw==,,SXIgcGFyYSBlbCBDZW50cm8=
47bLCw,,R28gdG8gU291dGg=,,,,,SXIgcGFyYSBvIFN1bA==,,SXIgcGFyYSBlbCBTdXI=
5LbLCw,,R28gdG8gV2VzdA==,,,,,SXIgcGFyYSBvIE9lc3Rl,,SXIgcGFyYSBlbCBPZXN0ZQ==
5bbLCw,,R28gdG8gTm9ydGg=,,,,,SXIgcGFyYSBvIE5vcnRl,,SXIgcGFyYSBlbCBOb3J0ZQ==
5rbLCw,,wrsgR28gYmFjayB0byBQYXlvbg==,,,,,wrsgVm9sdGFyIHBhcmEgUGF5b24=,,wrsgVm9sdmVyIGEgUGF5b24=
57bLCw,,Q2FuY2Vs,,,,,Q2FuY2VsYXI=,,Q2FuY2VsYXI=
6LbLCw,,W0JhemFhciBHdWlkZV0KSSB3aWxsIHRha2UgeW91IHRvIHRoZSBjZW50ZXIgb2YgdGhlIEJhemFhci4=,,,,,W0d1aWEgZG8gQmF6YXJdClZvdSBsZXZhciB2b2PDqiBwYXJhIG8gY2VudHJvIGRvIEJhemFyLg==,,W0d1w61hIGRlbCBCYXphcl0KVGUgbGxldmFyw6kgYWwgQ2VudHJvIGRlbCBCYXphci4=
6bbLCw,,W0JhemFhciBHdWlkZV0KSSB3aWxsIHRha2UgeW91IHRvIHRoZSBTb3V0aCBvZiB0aGUgQmF6YWFyLg==,,,,,W0d1aWEgZG8gQmF6YXJdClZvdSBsZXZhciB2b2PDqiBwYXJhIG8gc3VsIGRvIEJhemFyLg==,,W0d1w61hIGRlbCBCYXphcl0KVGUgbGxldmFyw6kgYWwgU3VyIGRlbCBCYXphci4=
6rbLCw,,W0JhemFhciBHdWlkZV0KSSB3aWxsIHRha2UgeW91IHRvIHRoZSBXZXN0IG9mIHRoZSBCYXphYXIu,,,,,W0d1aWEgZG8gQmF6YXJdClZvdSBsZXZhciB2b2PDqiBwYXJhIG8gb2VzdGUgZG8gQmF6YXIu,,W0d1w61hIGRlbCBCYXphcl0KVGUgbGxldmFyw6kgYWwgT2VzdGUgZGVsIEJhemFyLg==
67bLCw,,W0JhemFhciBHdWlkZV0KSSB3aWxsIHRha2UgeW91IHRvIHRoZSBOb3J0aCBvZiB0aGUgQmF6YWFyLg==,,,,,W0d1aWEgZG8gQmF6YXJdClZvdSBsZXZhciB2b2PDqiBwYXJhIG8gbm9ydGUgZG8gQmF6YXIu,,W0d1w61hIGRlbCBCYXphcl0KVGUgbGxldmFyw6kgYWwgTm9ydGUgZGVsIEJhemFyLg==
7LbLCw,,W0JhemFhciBHdWlkZV0KSSB3aWxsIGd1aWRlIHlvdSBiYWNrIHRvIFBheW9uLg==,,,,,W0d1aWEgZG8gQmF6YXJdClZvdSBsZXZhciB2b2PDqiBkZSB2b2x0YSBwYXJhIFBheW9uLg==,,W0d1w61hIGRlbCBCYXphcl0KVGUgbGxldmFyw6kgZGUgcmVncmVzbyBhIFBheW9uLg==
7bbLCw,,W0JhemFhciBHdWlkZV0KSSdtIHNvcnJ5LiBUaG9zZSBmcm9tIEVkZW4gR3JvdXAgY2Fubm90IG1vdmUu,,,,,W0d1aWEgZG8gQmF6YXJdCkRlc2N1bHBlLiBBcXVlbGVzIHF1ZSB2w6ptIGRvIMOJZGVuIG7Do28gcG9kZW0gdGVsZXBvcnRhci4=,,W0d1w61hIGRlbCBCYXphcl0KTG8gc2llbnRvLiBMb3MgcXVlIHZpZW5lbiBkZSBFZMOpbiBubyBwdWVkZW4gbXVkYXJzZS4=
7rbLCw,,W0JhemFhciBHdWlkZV0KTGV0IG1lIGtub3cgaWYgeW91IG5lZWQgdG8gZ2V0IGJhY2sgdG8gUGF5b24gb3IgZ2V0IGFyb3VuZCB0aGUgQmF6YWFyIGZhc3Rlci4=,,,,,W0d1aWEgZG8gQmF6YXJdCkZhbGUgY29taWdvIHNlIHByZWNpc2FyIHZvbHRhciBwYXJhIFBheW9uIG91IHNlIGxvY29tb3ZlciBtYWlzIHLDoXBpZG8gbm8gQmF6YXIu,,W0d1w61hIGRlbCBCYXphcl0KSMOhYmxhbWUgc2kgbmVjZXNpdGFzIHJlZ3Jlc2FyIGEgUGF5b24gbyBtb3ZlcnRlIHBvciBCYXphciBtw6FzIHLDoXBpZG8u
77bLCw,,W0JhemFhciBHdWlkZV0KWW91IGFyZSBpbiB0aGUgUGF5b24gQmF6YWFyLCBXZXN0IHNpZGUuCkhvdyBtYXkgSSBiZSBvZiBhc3Npc3RhbmNlPw==,,,,,W0d1aWEgZG8gQmF6YXJdClZvY8OqIGVzdMOhIG5vIEJhemFyIGRlIFBheW9uLCBsYWRvIE9lc3RlLgpFbSBxdWUgcG9zc28gYWp1ZGFyPw==,,W0d1w61hIGRlbCBCYXphcl0KRXN0w6FzIGVuIGVsIEJhemFyIGRlIFBheW9uLCBsYWRvIE9lc3RlLgrCv0PDs21vIHB1ZWRvIGF5dWRhcj8=
8LbLCw,,R28gdG8gRWFzdA==,,,,,SXIgcGFyYSBvIExlc3Rl,,SXIgcGFyYSBlbCBFc3Rl
8bbLCw,,wrsgR28gYmFjayB0byBQYXlvbg==,,,,,wrsgVm9sdGFyIHBhcmEgUGF5b24=,,wrsgVm9sdmVyIGEgUGF5b24=
8rbLCw,,W0JhemFhciBHdWlkZV0KSSB3aWxsIHRha2UgeW91IHRvIHRoZSBFYXN0IG9mIHRoZSBCYXphYXIu,,,,,W0d1aWEgZG8gQmF6YXJdClZvdSBsZXZhciB2b2PDqiBwYXJhIG8gbGVzdGUgZG8gQmF6YXIu,,W0d1w61hIGRlbCBCYXphcl0KVGUgbGxldmFyw6kgYWwgRXN0ZSBkZWwgQmF6YXIu
87bLCw,,W0JhemFhciBHdWlkZV0KSSB3aWxsIGd1aWRlIHlvdSBiYWNrIHRvIFBheW9uLg==,,,,,W0d1aWEgZG8gQmF6YXJdClZvdSBsZXZhciB2b2PDqiBkZSB2b2x0YSBwYXJhIFBheW9uLg==,,W0d1w61hIGRlbCBCYXphcl0KVGUgbGxldmFyw6kgZGUgcmVncmVzbyBhIFBheW9uLg==
9LbLCw,,W0JhemFhciBHdWlkZV0KTGV0IG1lIGtub3cgaWYgeW91IG5lZWQgdG8gZ2V0IGJhY2sgdG8gUGF5b24gb3IgZ2V0IGFyb3VuZCB0aGUgQmF6YWFyIGZhc3Rlci4=,,,,,W0d1aWEgZG8gQmF6YXJdCkZhbGUgY29taWdvIHNlIHByZWNpc2FyIHZvbHRhciBwYXJhIFBheW9uIG91IHNlIGxvY29tb3ZlciBtYWlzIHLDoXBpZG8gbm8gQmF6YXIu,,W0d1w61hIGRlbCBCYXphcl0KSMOhYmxhbWUgc2kgbmVjZXNpdGFzIHJlZ3Jlc2FyIGEgUGF5b24gbyBtb3ZlcnRlIHBvciBCYXphciBtw6FzIHLDoXBpZG8u
9bbLCw,,W0JhemFhciBHdWlkZV0KWW91IGFyZSBpbiB0aGUgUGF5b24gQmF6YWFyLCBTb3V0aCBzaWRlLgpIb3cgbWF5IEkgYmUgb2YgYXNzaXN0YW5jZT8=,,,,,W0d1aWEgZG8gQmF6YXJdClZvY8OqIGVzdMOhIG5vIEJhemFyIGRlIFBheW9uLCBsYWRvIFN1bC4KRW0gcXVlIHBvc3NvIGFqdWRhcj8=,,W0d1w61hIGRlbCBCYXphcl0KRXN0w6FzIGVuIGVsIEJhemFyIGRlIFBheW9uLCBsYWRvIFN1ci4Kwr9Dw7NtbyBwdWVkbyBheXVkYXI/
9rbLCw,,wrsgR28gYmFjayB0byBQYXlvbg==,,,,,wrsgVm9sdGFyIHBhcmEgUGF5b24=,,wrsgVm9sdmVyIGEgUGF5b24=
97bLCw,,W0JhemFhciBHdWlkZV0KSSB3aWxsIGd1aWRlIHlvdSBiYWNrIHRvIFBheW9uLg==,,,,,W0d1aWEgZG8gQmF6YXJdClZvdSBsZXZhciB2b2PDqiBkZSB2b2x0YSBwYXJhIFBheW9uLg==,,W0d1w61hIGRlbCBCYXphcl0KVGUgbGxldmFyw6kgZGUgcmVncmVzbyBhIFBheW9uLg==
+LbLCw,,W0JhemFhciBHdWlkZV0KWW91IGFyZSBpbiB0aGUgUGF5b24gQmF6YWFyLCBOb3J0aCBzaWRlLgpIb3cgbWF5IEkgYmUgb2YgYXNzaXN0YW5jZT8=,,,,,W0d1aWEgZG8gQmF6YXJdClZvY8OqIGVzdMOhIG5vIEJhemFyIGRlIFBheW9uLCBsYWRvIE5vcnRlLgpFbSBxdWUgcG9zc28gYWp1ZGFyPw==,,W0d1w61hIGRlbCBCYXphcl0KRXN0w6FzIGVuIGVsIEJhemFyIGRlIFBheW9uLCBsYWRvIE5vcnRlLgrCv0PDs21vIHB1ZWRvIGF5dWRhcj8=
+bbLCw,,wrsgR28gYmFjayB0byBQYXlvbg==,,,,,wrsgVm9sdGFyIHBhcmEgUGF5b24=,,wrsgVm9sdmVyIGEgUGF5b24=
+rbLCw,,W0JhemFhciBHdWlkZV0KSSB3aWxsIGd1aWRlIHlvdSBiYWNrIHRvIFBheW9uLg==,,,,,W0d1aWEgZG8gQmF6YXJdClZvdSBsZXZhciB2b2PDqiBkZSB2b2x0YSBwYXJhIFBheW9uLg==,,W0d1w61hIGRlbCBCYXphcl0KVGUgbGxldmFyw6kgZGUgcmVncmVzbyBhIFBheW9uLg==
+7bLCw,,W0JhemFhciBHdWlkZV0KWW91J3JlIGluIHRoZSBjZW50ZXIgb2YgdGhlIEJhemFhciBvZiBQYXlvbi4KSG93IG1heSBJIGJlIG9mIGFzc2lzdGFuY2U/,,,,,W0d1aWEgZG8gQmF6YXJdClZvY8OqIGVzdMOhIG5vIGNlbnRybyBkbyBCYXphciBkZSBQYXlvbi4KRW0gcXVlIHBvc3NvIGFqdWRhcj8=,,W0d1w61hIGRlbCBCYXphcl0KRXN0w6FzIGVuIGVsIENlbnRybyBkZWwgQmF6YXIgZGUgUGF5b24uCsK/Q8OzbW8gcHVlZG8gYXl1ZGFyPw==
/LbLCw,,S2FmcmEgRW1wbG95ZWU=,,,,,RnVuY2lvbsOhcmlhIEthZnJh,,RW1wbGVhZGEgZGUgS2FmcmE=
/bbLCw,,W0thZnJhIEVtcGxveWVlXQpHcmVldGluZ3MuIEthZnJhIENvcnBvcmF0aW9uIGlzIGFsd2F5cyBoZXJlIGZvciB5b3UuClBsZWFzZSBub3RlIHRoYXQgeW91IGRvIG5vdCByZWNlaXZlIEthZnJhIFBvaW50cyB3aGVuIHVzaW5nIG91ciBzZXJ2aWNlcyBoZXJlIGF0IEJhemFhci4KSG93IG1heSBJIGJlIG9mIGFzc2lzdGFuY2U/,,,,,W0Z1bmNpb27DoXJpYSBLYWZyYV0KU2F1ZGHDp8O1ZXMuIEEgQ29ycG9yYcOnw6NvIEthZnJhIGVzdMOhIHNlbXByZSBhcXVpIHBhcmEgdm9jw6ouCk9ic2VydmUgcXVlIHZvY8OqIG7Do28gcmVjZWJlIFBvbnRvcyBLYWZyYSBhbyB1c2FyIG5vc3NvcyBzZXJ2acOnb3MgYXF1aSBubyBCYXphci4KRW0gcXVlIHBvc3NvIGFqdWRhcj8=,,W0VtcGxlYWRhIGRlIEthZnJhXQpTYWx1ZG9zLiBMYSBDb3Jwb3JhY2nDs24gS2FmcmEgc2llbXByZSBlc3TDoSBhcXXDrSBwYXJhIGF5dWRhcnRlLgpUZW5nYSBlbiBjdWVudGEgcXVlIG5vIHJlY2liZXMgUHVudG9zIEthZnJhIGN1YW5kbyB1dGlsaXphIG51ZXN0cm9zIHNlcnZpY2lvcyBhcXXDrSBlbiBCYXphci4Kwr9Dw7NtbyBwdWVkbyBheXVkYXI/
/rbLCw,,T3BlbiB0aGUgMXN0IFN0b3JhZ2U=,,,,,QWJyaXIgbyAxwrogQXJtYXrDqW0=,,QWJyaXIgZWwgMcK6IEFsbWFjw6lu
/7bLCw,,T3BlbiB0aGUgMm5kIFN0b3JhZ2U=,,,,,QWJyaXIgbyAywrogQXJtYXrDqW0=,,QWJyaXIgZWwgMsK6IEFsbWFjw6lu
ALfLCw,,T3BlbiB0aGUgM3JkIFN0b3JhZ2U=,,,,,QWJyaXIgbyAzwrogQXJtYXrDqW0=,,QWJyaXIgZWwgM8K6IEFsbWFjw6lu
AbfLCw,,QnV5IGEgY2FydA==,,,,,Q29tcHJhciB1bSBDYXJyaW5obw==,,Q29tcHJhciB1biBjYXJyaXRv
ArfLCw,,W0thZnJhIEVtcGxveWVlXQpDdXN0b21lciwgSSBhbSBzb3JyeS4KVW5mb3J0dW5hdGVseSwgeW91IGRvIG5vdCBoYXZlIHRoZSBuZWNlc3Nhcnkgc2tpbGxzIHRvIHVzZSB0aGUgU3RvcmFnZSBzZXJ2aWNlLg==,,,,,W0Z1bmNpb27DoXJpYSBLYWZyYV0KQ2xpZW50ZSwgbWUgZGVzY3VscGUuCkluZmVsaXptZW50ZSwgdm9jw6ogbsOjbyBwb3NzdWkgYSBoYWJpbGlkYWRlIG5lY2Vzc8OhcmlhIHBhcmEgdXNhciBvIHNlcnZpw6dvIGRlIGFybWF6w6ltLg==,,W0VtcGxlYWRhIGRlIEthZnJhXQpDbGllbnRlLCBsbyBzaWVudG8uCkRlc2Fmb3J0dW5hZGFtZW50ZSwgbm8gdGllbmVzIGxhcyBoYWJpbGlkYWRlcyBuZWNlc2FyaWFzIHBhcmEgdXRpbGl6YXIgZWwgc2VydmljaW8gZGUgQWxtYWPDqW4u
A7fLCw,,W0thZnJhIEVtcGxveWVlXQpJIHdpbGwgb3BlbiB5b3VyIFN0b3JhZ2UuClRoYW5rIHlvdSBmb3IgdXNpbmcgb3VyIHNlcnZpY2VzLg==,,,,,W0Z1bmNpb27DoXJpYSBLYWZyYV0KVm91IGFicmlyIG8gc2V1IGFybWF6w6ltLgpBZ3JhZGVjZW1vcyBwb3IgdXNhciBub3Nzb3Mgc2VydmnDp29zLg==,,W0VtcGxlYWRhIGRlIEthZnJhXQpBYnJpcsOpIHR1IEFsbWFjw6luLgpHcmFjaWFzIHBvciB1dGlsaXphciBudWVzdHJvcyBzZXJ2aWNpb3Mu
BLfLCw,,U3RvcmFnZSAx,,,,,QXJtYXrDqW0gMQ==,,QXJtYXrDqW0gMQ==
BbfLCw,,W0thZnJhIEVtcGxveWVlXQpZb3UgZG9uJ3QgaGF2ZSBlbm91Z2ggbW9uZXkuClRoZSBTdG9yYWdlIHNlcnZpY2UgY29zdHMgNTAgemVueS4=,,,,,W0Z1bmNpb27DoXJpYSBLYWZyYV0KVm9jw6ogbsOjbyB0ZW0gc2FsZG8gc3VmaWNpZW50ZS4KTyBzZXJ2acOnbyBkZSBhcm1hesOpbSBjdXN0YSA1MCBaZW55Lg==,,W0VtcGxlYWRhIGRlIEthZnJhXQpObyB0aWVuZXMgc3VmaWNpZW50ZSBzYWxkby4KRWwgc2VydmljaW8gZGUgQWxtYWPDqW4gY3Vlc3RhIDUwIHplbnlzLg==
BrfLCw,,U3RvcmFnZSAy,,,,,QXJtYXrDqW0gMg==,,QXJtYXrDqW0gMg==
B7fLCw,,U3RvcmFnZSAz,,,,,QXJtYXrDqW0gMw==,,QXJtYXrDqW0gMw==
CLfLCw,,W0thZnJhIEVtcGxveWVlXQpJJ20gc29ycnkuClRoZSBjYXJ0IHNlcnZpY2UgaXMgb25seSBhdmFpbGFibGUgZm9yIE1lcmNoYW50cyBhbmQgZXZvbHV0aW9ucy4=,,,,,W0Z1bmNpb27DoXJpYSBLYWZyYV0KU2ludG8gbXVpdG8uCk8gc2VydmnDp28gZGUgY2FycmluaG8gZXN0w6EgZGlzcG9uw612ZWwgYXBlbmFzIHBhcmEgTWVyY2Fkb3JlcyBlIGV2b2x1w6fDtWVzLg==,,W0VtcGxlYWRhIGRlIEthZnJhXQpMbyBzaWVudG8uCkVsIHNlcnZpY2lvIGRlIGNhcnJpdG8gc8OzbG8gZXN0w6EgZGlzcG9uaWJsZSBwYXJhIENvbWVyY2lhbnRlcyB5IGV2b2x1Y2lvbmVzLg==
CbfLCw,,W0thZnJhIEVtcGxveWVlXQpZb3UgYXJlIGN1cnJlbnRseSBlcXVpcHBlZCB3aXRoIGEgY2FydC4=,,,,,W0Z1bmNpb27DoXJpYSBLYWZyYV0KVm9jw6ogasOhIHBvc3N1aSB1bSBjYXJyaW5oby4=,,W0VtcGxlYWRhIGRlIEthZnJhXQpZYSB0aWVuZXMgdW4gY2Fycml0by4=
CrfLCw,,W0thZnJhIEVtcGxveWVlXQpZb3UgbmVlZCB0byBoYXZlIGxlYXJuZWQgdGhlIFtQdXNoIENhcnRdIHNraWxsLg==,,,,,W0Z1bmNpb27DoXJpYSBLYWZyYV0KVm9jw6ogcHJlY2lzYSB0ZXIgYXByZW5kaWRvIGEgaGFiaWxpZGFkZSBbVXNhciBDYXJyaW5ob10=,,W0VtcGxlYWRhIGRlIEthZnJhXQpEZWJlcyBoYWJlciBhcHJlbmRpZG8gbGEgaGFiaWxpZGFkIFtVc2FyIGNhcnJpdG9d
C7fLCw,,W0thZnJhIEVtcGxveWVlXQpUaGlzIHNlcnZpY2UgY29zdHMgODAwIHplbnkuCkRvIHlvdSB3YW50IHRvIHVzZSBpdD8=,,,,,W0Z1bmNpb27DoXJpYSBLYWZyYV0KRXN0ZSBzZXJ2acOnbyBjdXN0YSA4MDAgWmVueS4KRGVzZWphIHVzw6EtbG8/,,W0VtcGxlYWRhIGRlIEthZnJhXQpFc3RlIHNlcnZpY2lvIGN1ZXN0YSA4MDAgemVueXMuCsK/UXVpZXJlcyB1c2FybG8/
DLfLCw,,QnV5IGEgY2FydC4=,,,,,Q29tcHJhciBDYXJyaW5oby4=,,Q29tcHJhciBjYXJyaXRvLg==
DbfLCw,,Q2FuY2VsLg==,,,,,Q2FuY2VsYXIu,,Q2FuY2VsYXIu
DrfLCw,,W0thZnJhIEVtcGxveWVlXQpJIHdpbGwgc2VuZCB5b3UgdG8gUGF5b24u,,,,,W0Z1bmNpb27DoXJpYSBLYWZyYV0KVm91IGVudmlhciB2b2PDqiBwYXJhIFBheW9uLg==,,W0VtcGxlYWRhIGRlIEthZnJhXQpUZSBlbnZpYXLDqSBhIFBheW9uLg==
D7fLCw,,W0thZnJhIEVtcGxveWVlXQpJIHdpbGwgc2VuZCB5b3UgdG8gUGF5b24u,,,,,W0Z1bmNpb27DoXJpYSBLYWZyYV0KVm91IGVudmlhciB2b2PDqiBwYXJhIFBheW9uLg==,,W0VtcGxlYWRhIGRlIEthZnJhXQpUZSBlbnZpYXLDqSBhIFBheW9uLg==
ELfLCw,,W0thZnJhIEVtcGxveWVlXQpUaGFuayB5b3UgZm9yIHVzaW5nIG91ciBzZXJ2aWNlcy4=,,,,,W0Z1bmNpb27DoXJpYSBLYWZyYV0KQWdyYWRlY2Vtb3MgcG9yIHVzYXIgbm9zc29zIHNlcnZpw6dvcy4=,,W0VtcGxlYWRhIGRlIEthZnJhXQpHcmFjaWFzIHBvciB1dGlsaXphciBudWVzdHJvcyBzZXJ2aWNpb3Mu
EbfLCw,,W0thZnJhIEVtcGxveWVlXQpJIHdpbGwgc2VuZCB5b3UgdG8gUGF5b24u,,,,,W0Z1bmNpb27DoXJpYSBLYWZyYV0KVm91IGVudmlhciB2b2PDqiBwYXJhIFBheW9uLg==,,W0VtcGxlYWRhIGRlIEthZnJhXQpUZSBlbnZpYXLDqSBhIFBheW9uLg==
ErfLCw,,wrsgR28gYmFjayB0byBQYXlvbg==,,,,,wrsgVm9sdGFyIHBhcmEgUGF5b24=,,wrsgVm9sdmVyIGEgUGF5b24=
E7fLCw,,W0thZnJhIEVtcGxveWVlXQpJIHdpbGwgc2VuZCB5b3UgdG8gUGF5b24u,,,,,W0Z1bmNpb27DoXJpYSBLYWZyYV0KVm91IGVudmlhciB2b2PDqiBwYXJhIFBheW9uLg==,,W0VtcGxlYWRhIGRlIEthZnJhXQpUZSBlbnZpYXLDqSBhIFBheW9uLg==
FLfLCw,,W0thZnJhIEVtcGxveWVlXQpJIHdpbGwgc2VuZCB5b3UgdG8gUGF5b24u,,,,,W0Z1bmNpb27DoXJpYSBLYWZyYV0KVm91IGVudmlhciB2b2PDqiBwYXJhIFBheW9uLg==,,W0VtcGxlYWRhIGRlIEthZnJhXQpUZSBlbnZpYXLDqSBhIFBheW9uLg==
FbfLCw,,W0thZnJhIEVtcGxveWVlXQpJIHdpbGwgc2VuZCB5b3UgdG8gUGF5b24u,,,,,W0Z1bmNpb27DoXJpYSBLYWZyYV0KVm91IGVudmlhciB2b2PDqiBwYXJhIFBheW9uLg==,,W0VtcGxlYWRhIGRlIEthZnJhXQpUZSBlbnZpYXLDqSBhIFBheW9uLg==
FrfLCw,,QXV0b21hdGljIFN0b3JhZ2UgMQ==,,,,,QXJtYXrDqW0gUsOhcGlkbyAx,,QWxtYWPDqW4gcsOhcGlkbyAx
F7fLCw,,QXV0b21hdGljIFN0b3JhZ2Ugc2VydmljZS4KSXQgaXMgY29ubmVjdGVkIHRvIHlvdXIgU3RvcmFnZSAxLgpQbGVhc2UsIGluc2VydCA1MCB6ZW55IHRvIHVzZSBpdC4=,,,,,U2VydmnDp28gZGUgQXJtYXrDqW0gYXV0b23DoXRpY28uCsOJIGNvbmVjdGFkbyBhbyBzZXUgQXJtYXrDqW0gMS4KUG9yIGZhdm9yLCBpbnNpcmEgNTAgWmVueSBwYXJhIHVzYXIu,,U2VydmljaW8gZGUgQWxtYWPDqW4gYXV0b23DoXRpY28uCkVzIGNvbmVjdGFkbyBhIHR1IEFsbWFjw6luIDEuCkluZ3Jlc2EgNTAgemVueXMgcGFyYSB1dGlsaXphci4=
GLfLCw,,XjRENERGRlVuZm9ydHVuYXRlbHksIHlvdSBkbyBub3QgaGF2ZSB0aGUgbmVjZXNzYXJ5IHNraWxscyB0byB1c2UgdGhlIFN0b3JhZ2Ugc2VydmljZS5eMDAwMDAw,,,,,XjRENERGRkluZmVsaXptZW50ZSwgdm9jw6ogbsOjbyBwb3NzdWkgYSBoYWJpbGlkYWRlIG5lY2Vzc8OhcmlhIHBhcmEgdXNhciBvIHNlcnZpw6dvIGRlIGFybWF6w6ltLl4wMDAwMDA=,,XjRENERGRkRlc2Fmb3J0dW5hZGFtZW50ZSwgbm8gdGllbmVzIGxhcyBoYWJpbGlkYWRlcyBuZWNlc2FyaWFzIHBhcmEgdXRpbGl6YXIgZWwgc2VydmljaW8gZGUgQWxtYWPDqW4uXjAwMDAwMA==
GbfLCw,,VGhlIHByaWNlIGlzIDUwIHplbnku,,,,,TyBwcmXDp28gw6kgZGUgNTAgWmVueS4=,,RWwgcHJlY2lvIGVzIDUwIHplbnlzLg==
GrfLCw,,SW5zZXJ0IDUweg==,,,,,SW5zZXJpciA1MHo=,,SW5ncmVzYXIgNTB6
G7fLCw,,VGhhbmsgeW91IGZvciB1c2luZyBvdXIgc2VydmljZXMu,,,,,QWdyYWRlY2Vtb3MgcG9yIHVzYXIgbm9zc29zIHNlcnZpw6dvcy4=,,R3JhY2lhcyBwb3IgdXRpbGl6YXIgbnVlc3Ryb3Mgc2VydmljaW9zLg==
HLfLCw,,QXJtYXrDqW0gUsOhcGlkbyAy,,,,,QXJtYXrDqW0gUsOhcGlkbyAy,,QWxtYWPDqW4gcsOhcGlkbyAy
HbfLCw,,QXV0b21hdGljIFN0b3JhZ2Ugc2VydmljZS4KSXQgaXMgY29ubmVjdGVkIHRvIHlvdXIgU3RvcmFnZSAyLgpQbGVhc2UsIGluc2VydCA1MCB6ZW55IHRvIHVzZSBpdC4=,,,,,U2VydmnDp28gZGUgQXJtYXrDqW0gYXV0b23DoXRpY28uCsOJIGNvbmVjdGFkbyBhbyBzZXUgQXJtYXrDqW0gMi4KUG9yIGZhdm9yLCBpbnNpcmEgNTAgemVueSBwYXJhIHVzYXIu,,U2VydmljaW8gZGUgQWxtYWPDqW4gYXV0b23DoXRpY28uCkVzIGNvbmVjdGFkbyBhIHR1IEFsbWFjw6luIDIuCkluZ3Jlc2EgNTAgemVueXMgcGFyYSB1dGlsaXphci4=
HrfLCw,,QXJtYXrDqW0gUsOhcGlkbyAz,,,,,QXJtYXrDqW0gUsOhcGlkbyAz,,VGllbmRhIHLDoXBpZGEgMw==
H7fLCw,,QXV0b21hdGljIFN0b3JhZ2Ugc2VydmljZS4KSXQgaXMgY29ubmVjdGVkIHRvIHlvdXIgU3RvcmFnZSAzLgpQbGVhc2UsIGluc2VydCA1MCB6ZW55IHRvIHVzZSBpdC4=,,,,,U2VydmnDp28gZGUgQXJtYXrDqW0gYXV0b23DoXRpY28uCsOJIGNvbmVjdGFkbyBhbyBzZXUgQXJtYXrDqW0gMy4KUG9yIGZhdm9yLCBpbnNpcmEgNTAgemVueSBwYXJhIHVzYXIu,,U2VydmljaW8gZGUgQWxtYWPDqW4gYXV0b23DoXRpY28uCkVzIGNvbmVjdGFkbyBhIHR1IEFsbWFjw6luIDMuCkluZ3Jlc2EgNTAgemVueXMgcGFyYSB1dGlsaXphci4=
ILfLCw,,QXV0b21hdGljIENhdGFsb2c=,,,,,TcOhcXVpbmEgZGUgQ2F0w6Fsb2dvcw==,,TcOhcXVpbmEgZGUgY2F0w6Fsb2dvcw==
IbfLCw,,VXNlIHRoZSBDYXRhbG9ncyB0byBzZWFyY2ggZm9yIHByb2R1Y3RzIGluIHRoZSBjb21tZXJjZSEKU3BvbnNvcnNoaXA6IHRoZSBBbGJlcnRhIE1lcmNoYW50IEd1aWxkCiogUHJpY2UgaW5jbHVkZXMgc2hpcHBpbmcgZmVlIGZyb20gQWxiZXJ0YSB0byBQYXlvbi4=,,,,,VXNlIG9zIENhdMOhbG9nb3MgcGFyYSBwcm9jdXJhciBwb3IgcHJvZHV0b3Mgbm8gY29tw6lyY2lvIQpQYXRyb2PDrW5pbzogR3VpbGEgZG9zIE1lcmNhZG9yZXMgZGUgQWxiZXJ0YQoqIE8gcHJlw6dvIGluY2x1aSBhIHRheGEgZG8gdHJhbnNwb3J0ZSBkZSBBbGJlcnRhIHBhcmEgUGF5b24u,,wqFVdGlsaXphIGxvcyBjYXTDoWxvZ29zIHBhcmEgYnVzY2FyIHByb2R1Y3RvcyBlbiBsYXMgdGllbmRhcyEKUGF0cm9jaW5pbzogR3JlbWlvIGRlIENvbWVyY2lhbnRlcyBkZSBBbGJlcnRhCiogRWwgcHJlY2lvIGluY2x1eWUgbG9zIGdhc3RvcyBkZSBlbnbDrW8gZGVzZGUgQWxiZXJ0YSBhIFBheW9uLg==
IrfLCw,,UG9yaW5n,,,,,UG9yaW5n,,UG9yaW5n
I7fLCw,,UG9wb3Jpbmc=,,,,,UG9wb3Jpbmc=,,UG9wb3Jpbmc=
JLfLCw,,RHJvcHM=,,,,,RHJvcHM=,,RHJvcHM=
JbfLCw,,QW5nZWxpbmc=,,,,,QW5nZWxpbmc=,,QW5nZWxpbmc=
JrfLCw,,UG9wb3Jpbmc=,,,,,UG9wb3Jpbmc=,,UG9wb3Jpbmc=
J7fLCw,,UG9yaW5n,,,,,UG9yaW5n,,UG9yaW5n
KLfLCw,,RHJvcHM=,,,,,RHJvcHM=,,RHJvcHM=
KbfLCw,,QW5nZWxpbmc=,,,,,QW5nZWxpbmc=,,QW5nZWxpbmc=
KrfLCw,,TG9qYSBkZSBGZXJyYW1lbnRhcw==,,,,,TG9qYSBkZSBGZXJyYW1lbnRhcw==,,VGFsbGVyIGRlIGhlcnJhbWllbnRhcw==
K7fLCw,,QWdlbnRlIGRvIEFybWF6w6lt,,,,,QWdlbnRlIGRvIEFybWF6w6lt,,QWdlbnRlIGRlIGFsbWFjw6lu
LLfLCw,,W1N0b3JhZ2UgS2VlcGVyXQpIZWxsbyEgV2UgYXJlIGZyb20gXjAwMDBDRFN0b3ItQWdlXjAwMDAwMC4KV2UgYXJlIGV4cGVydHMgaW4gc3RvcmFnZSBzb2x1dGlvbnMgZm9yIEd1aWxkcy4=,,,,,W0FnZW50ZSBkbyBBcm1hesOpbV0KT2zDoSEgU29tb3MgZGEgXjAwMDBDREFybWEtWmVuXjAwMDAwMC4KU29tb3MgZXNwZWNpYWxpc3RhcyBlbSBzb2x1w6fDtWVzIGRlIGFybWF6ZW5hbWVudG8gcGFyYSBDbMOjcy4=,,W0FsbWFjZW5pc3RhXQrCoUhvbGEhIFNvbW8gZGUgXjAwMDBDREFsbWEtQ8Opbl4wMDAwMDAuCkV4cGVydG9zIGVuIHNvbHVjaW9uZXMgZGUgYWxtYWNlbmFtaWVudG8gcGFyYSBDbGFuZXMu
LbfLCw,,W1N0b3JhZ2UgS2VlcGVyXQpZb3UgY2FuIGFjY2VzcyB0aGUgR3VpbGQgU3RvcmFnZSBmb3IgMSwwMDB6IG9yIGNoZWNrIGl0cyB1c2FnZSBoaXN0b3J5LgpIb3cgY2FuIEkgaGVscD8=,,,,,W0FnZW50ZSBkbyBBcm1hesOpbV0KVm9jw6ogcG9kZSBhY2Vzc2FyIG8gQXJtYXrDqW0gZG8gQ2zDoyBwb3IgMS4wMDB6IG91IGNvbmZlcmlyIG8gaGlzdMOzcmljbyBkZSB1c28gZGVsZS4KQ29tbyBwb3NzbyBhanVkYXI/Pw==,,W0FsbWFjZW5pc3RhXQpQdWVkZXMgYWNjZWRlciBhbCBBbG1hY8OpbiBkZWwgQ2xhbiBwb3IgMS4wMDB6IG8gY29uc3VsdGFyIHN1IGhpc3RvcmlhbCBkZSB1c28uCsK/wr9Dw7NtbyBwdWVkbyBheXVkYXI/Pw==
LrfLCw,,QWNjZXNzIEd1aWxkIFN0b3JhZ2U=,,,,,QWNlc3NhciBBcm1hesOpbSBkbyBDbMOjLg==,,QWNjZWRlciBBbG1hY8OpbiBkZWwgQ2xhbi4=
L7fLCw,,Q2hlY2sgdXNhZ2UgaGlzdG9yeS4=,,,,,VmVyIGhpc3TDs3JpY28gZGUgdXNvLg==,,Q29uc3VsdGFyIGhpc3RvcmlhbCBkZSB1c28u
MLfLCw,,W1N0b3JhZ2UgS2VlcGVyXQpUaGUgR3VpbGQgU3RvcmFnZSBpcyBsaW1pdGVkIHRvIG1lbWJlcnMgb2YgYSBHdWlsZC4=,,,,,W0FnZW50ZSBkbyBBcm1hesOpbV0KTyBBcm1hesOpbSBkbyBDbMOjIMOpIGxpbWl0YWRvIHBhcmEgbWVtYnJvcyBkZSB1bSBDbMOjLg==,,W0FsbWFjZW5pc3RhXQpFbCBBbG1hY8OpbiBkZWwgQ2xhbiBlcyBsaW1pdGFkbyBwYXJhIGludGVncmFudGVzIGRlIHVuIENsYW4u
MbfLCw,,W1N0b3JhZ2UgS2VlcGVyXQpJJ20gc29ycnksIGJ1dCB5b3UgZG9uJ3Qgc2VlbSB0byBoYXZlIGVub3VnaCB6ZW55IHRvIGFjY2VzcyB0aGUgU3RvcmFnZS4KVGhlIGZlZSBpcyAxLDAwMHou,,,,,W0FnZW50ZSBkbyBBcm1hesOpbV0KU2ludG8gbXVpdG8sIG1hcyB2b2PDqiBuw6NvIHBhcmVjZSB0ZXIgWmVueXMgbyBzdWZpY2llbnRlIHBhcmEgYWNlc3NhciBvIEFybWF6w6ltLgpBIHRheGEgw6kgZGUgMS4wMDB6Lg==,,W0FsbWFjZW5pc3RhXQpMbyBzaWVudG8sIHBlcm8gcGFyZWNlIHF1ZSBubyB0aWVuZXMgc3VmaWNpZW50ZXMgemVueXMgcGFyYSBhY2NlZGVyIGFsIEFsbWFjw6luLgpMYSB0YXJpZmEgZXMgZGUgMS4wMDB6
MrfLCw,,W1N0b3JhZ2UgS2VlcGVyXQpPa2F5LCBJIGFtIG9wZW5pbmcgdGhlIFN0b3JhZ2UgZm9yIHlvdS4gSGF2ZSBhIG5pY2UgZGF5IQ==,,,,,W0FnZW50ZSBkbyBBcm1hesOpbV0KT0ssIGrDoSBlc3RvdSBhYnJpbmRvIG8gQXJtYXrDqW0gcGFyYSB2b2PDqi4gVGVuaGEgdW0gYm9tIGRpYSE=,,W0FsbWFjZW5pc3RhXQpPSywgeWEgdGUgZXN0b3kgYWJyaWVuZG8gZWwgQWxtYWPDqW4uIMKhUXVlIHRlbmdhcyB1biBidWVuIGTDrWEh
M7fLCw,,W1N0b3JhZ2UgS2VlcGVyXQpTb3JyeSwgYnV0IHNvbWVvbmUgb2YgeW91ciBHdWlsZCBhbHJlYWR5IGlzIHVzaW5nIHRoZSBTdG9yYWdlLgpXYWl0IGEgd2hpbGUgYW5kIHRyeSBhZ2Fpbi4=,,,,,W0FnZW50ZSBkbyBBcm1hesOpbV0KU2ludG8gbXVpdG8sIG1hcyBhbGd1w6ltIGRvIHNldSBDbMOjIGrDoSBlc3TDoSB1c2FuZG8gbyBBcm1hesOpbS4KRXNwZXJlIHVtIHBvdWNvIGUgdGVudGUgbm92YW1lbnRlLg==,,W0FsbWFjZW5pc3RhXQpMbyBzaWVudG8sIHBlcm8gYWxndWllbiBkZSB0dSBDbGFuIHlhIGVzdMOhIHVzYW5kbyBlbCBBbG1hY8Opbi4KRXNwZXJhIHVuIG1vbWVudG8geSB2dWVsdmUgYSBpbnRlbnRhcmxvLg==
NLfLCw,,W1N0b3JhZ2UgS2VlcGVyXQpIbW0sIHlvdSBhcmUgaW4gYSBHdWlsZCwgYnV0IHlvdSBjYW5ub3QgdXNlIHRoZSBTdG9yYWdlLgpNYWtlIHN1cmUgeW91ciBHdWlsZCBoYXMgdGhlIHJlcXVpcmVkIHNraWxsIGFuZCB0aGF0IHlvdSBhcmUgYWxsb3dlZCB0byB1c2UgdGhlIFN0b3JhZ2Uu,,,,,W0FnZW50ZSBkbyBBcm1hesOpbV0KSG1tLCB2b2PDqiBlc3TDoSBlbSB1bSBDbMOjLCBtYXMgbsOjbyBwb2RlIHVzYXIgbyBBcm1hesOpbS4KVmVyaWZpcXVlIHNlIHNldSBjbMOjIHRlbSBhIGhhYmlsaWRhZGUgbmVjZXNzw6FyaWEgZSBzZSB2b2PDqiB0ZW0gcGVybWlzc8OjbyBwYXJhIHVzYXIgbyBBcm1hesOpbS4=,,W0FsbWFjZW5pc3RhXQpIbW0sIGVzdMOhcyBlbiB1biBDbGFuLCBwZXJvIG5vIHB1ZWRlcyB1c2FyIGVsIEFsbWFjw6luLgpDb21wcnVlYmEgc2kgdHUgQ2xhbiB0aWVuZSBsYSBoYWJpbGlkYWQgcmVxdWVyaWRhIHkgc2kgdGllbmVzIHBlcm1pc28gcGFyYSB1c2FyIGVsIEFsbWFjw6luLg==
NbfLCw,,W1N0b3JhZ2UgS2VlcGVyXQpZb3UgYXJlIG5vdCBpbiBhIEd1aWxkLg==,,,,,W0FnZW50ZSBkbyBBcm1hesOpbV0KVm9jw6ogbsOjbyBlc3TDoSBlbSB1bSBDbMOjLg==,,W0FsbWFjZW5pc3RhXQpObyBlc3TDoXMgZW4gdW4gQ2xhbi4=
NrfLCw,,W1N0b3JhZ2UgS2VlcGVyXQpIZXJlIGlzIHRoZSBTdG9yYWdlIHVzYWdlIGhpc3RvcnkuIFdlIGtlZXAgYWxsIGRhdGEgZnJvbSB0aGUgbGFzdCAzIG1vbnRocyEKSGF2ZSBhIGdyZWF0IGRheSE=,,,,,W0FnZW50ZSBkbyBBcm1hesOpbV0KQXF1aSBlc3TDoSBvIGhpc3TDs3JpY28gZGUgdXNvIGRvIEFybWF6w6ltLiBNYW50ZW1vcyB0b2RvcyBvcyBkYWRvcyBkb3Mgw7psdGltb3MgMyBtZXNlcyEKVGVuaGEgdW0gw7N0aW1vIGRpYSE=,,W0FsbWFjZW5pc3RhXQpBcXXDrSBlc3TDoSBlbCBoaXN0b3JpYWwgZGUgdXNvIGRlbCBBbG1hY8Opbi4gwqFNYW50ZW5lbW9zIHRvZG9zIGxvcyBkYXRvcyBkZSBsb3Mgw7psdGltb3MgMyBtZXNlcyEKwqFRdWUgdGVuZ2FzIHVuIGV4Y2VsZW50ZSBkw61hIQ==
N7fLCw,,R28gdG8gRWRlbiBHcm91cC4=,,,,,VsOhIHBhcmEgbyBHcnVwbyBkbyDDiWRlbi4=,,SXIgYWwgR3J1cG8gZGVsIEVkw6luLg==
OLfLCw,,W0JhemFhciBHdWlkZV0KR29pbmcgdG8gRWRlbiBHcm91cA==,,,,,W0d1aWEgZG8gQmF6YXJdCkluZG8gYW8gR3J1cG8gZG8gw4lkZW4u,,W0d1w61hIGRlbCBCYXphcl0KVm95IGFsIEdydXBvIGRlbCBFZMOpbi4=
ObfLCw,,W0JhemFhciBHdWlkZV0KSWYgeW91IG5lZWQgdG8gbW92ZSB3aXRoaW4gdGhlIG1hcmtldHBsYWNlIG9yIHRvIHRoZSBjZW50ZXIgb2YgUHJvbnRlcmEsIHBsZWFzZSBjb21lIGZpbmQgbWUgYW55dGltZS4=,,,,,W0d1aWEgZG8gQmF6YXJdClNlIHByZWNpc2FyIHNlIGRlc2xvY2FyIGRlbnRybyBkbyBtZXJjYWRvIG91IHBhcmEgbyBjZW50cm8gZGUgUHJvbnRlcmEsIHByb2N1cmUtbWUgYSBxdWFscXVlciBtb21lbnRvLg==,,W0d1w61hIGRlbCBiYXphcl0KU2kgbmVjZXNpdGFzIGRlc3BsYXphcnRlIGRlbnRybyBkZWwgbWVyY2FkbyBvIGFsIGNlbnRybyBkZSBQcm9udGVyYSwgdmVuIGEgYnVzY2FybWUgY3VhbmRvIHF1aWVyYXMu
OrfLCw,,T3BlbiB0aGUgU3RvcmFnZQ==,,,,,QWJyaXIgbyBBcm1hesOpbQ==,,QWJyaXIgZWwgQWxtYWPDqW4=
O7fLCw,,W0thZnJhIEVtcGxveWVlXQpHb2luZyB0byBFZGVuIEdyb3Vw,,,,,W0Z1bmNpb27DoXJpYSBLYWZyYV0KSW5kbyBhbyBHcnVwbyBkbyDDiWRlbi4=,,W0VtcGxlYWRhIGRlIEthZnJhXQpWb3kgYWwgR3J1cG8gZGVsIEVkw6luLg==
