oBRDDQ,,UG93ZXIgQ2hlc3Qj,,,,,QmHDuiBkbyBQb2RlciM=,,Q29mcmUgZGUgRnVlcnphIw==
oRRDDQ,,XkZGMDAwME9ubHkgdGhlIHBhcnR5IGxlYWRlciBoYXMgdGhlIHJpZ2h0IHRvIG9wZW4gaXQuXjAwMDAwMA==,,,,,XkZGMDAwMFNvbWVudGUgbyBsw61kZXIgZG8gZ3J1cG8gdGVtIG8gZGlyZWl0byBkZSBhYnJpci5eMDAwMDAw,,XkZGMDAwMFNvbG8gZWwgbMOtZGVyIGRlbCBncnVwbyB0aWVuZSBkZXJlY2hvIGEgYWJyaXJsby5eMDAwMDAw
ohRDDQ,,YXRrXzE=,,,,,YXRrXzE=,,YXRrXzE=
oxRDDQ,,XkZGMDAwMFlvdSBjYW5ub3Qgb3BlbiB0aGlzIHdoaWxlIGFub3RoZXIgY2hlc3QgaXMgYmVpbmcgb3BlbmVkLl4wMDAwMDA=,,,,,XkZGMDAwME7Do28gw6kgcG9zc8OtdmVsIGFicmlyIGVucXVhbnRvIG91dHJhIGNhaXhhIGVzdGl2ZXIgc2VuZG8gYWJlcnRhLl4wMDAwMDA=,,XkZGMDAwME5vIHNlIHB1ZWRlIGFicmlyIG1pZW50cmFzIHNlIGVzdMOhIGFicmllbmRvIG90cm8gY29mcmUuXjAwMDAwMA==
pBRDDQ,,QWR2YW5jZWQgUG93ZXIgQ2hlc3Qj,,,,,QmHDuiBkbyBQb2RlciBJSSM=,,Q29mcmUgZGUgRnVlcnphIEF2YW56YWRhIw==
pRRDDQ,,YXRrXzI=,,,,,YXRrXzI=,,YXRrXzI=
phRDDQ,,SFAgQ2hlc3Qj,,,,,QmHDuiBkZSBTdGFtaW5hIw==,,Q29mcmUgZGUgVmlkYSM=
pxRDDQ,,aHBfMQ==,,,,,aHBfMQ==,,aHBfMQ==
qBRDDQ,,QWR2YW5jZWQgSFAgQ2hlc3Qj,,,,,QmHDuiBkZSBTdGFtaW5hIElJIw==,,Q29mcmUgZGUgVmlkYSBBdmFuemFkYSM=
qRRDDQ,,aHBfMg==,,,,,aHBfMg==,,aHBfMg==
qhRDDQ,,U3Bpcml0IENoZXN0Iw==,,,,,QmHDuiBkYSBDb25jZW50cmHDp8OjbyM=,,Q29mcmUgRXNwaXJpdHVhbCM=
qxRDDQ,,cmVsXzE=,,,,,cmVsXzE=,,cmVsXzE=
rBRDDQ,,QWR2YW5jZWQgU3Bpcml0IENoZXN0Iw==,,,,,QmHDuiBkYSBDb25jZW50cmHDp8OjbyBJSSM=,,Q29mcmUgRXNwaXJpdHVhbCBBdmFuemFkbyM=
rRRDDQ,,cmVsXzI=,,,,,cmVsXzI=,,cmVsXzI=
rhRDDQ,,V2lzZG9tIENoZXN0Iw==,,,,,QmHDuiBkYSBTYWJlZG9yaWEj,,Q29mcmUgZGUgU2FiaWR1csOtYSM=
rxRDDQ,,aGVhbF8x,,,,,aGVhbF8x,,aGVhbF8x
sBRDDQ,,QWR2YW5jZWQgV2lzZG9tIENoZXN0Iw==,,,,,QmHDuiBkYSBTYWJlZG9yaWEgSUkj,,Q29mcmUgZGUgU2FiaWR1csOtYSBBdmFuemFkYSM=
sRRDDQ,,aGVhbF8y,,,,,aGVhbF8y,,aGVhbF8y
shRDDQ,,QWdpbGl0eSBDaGVzdCM=,,,,,QmHDuiBkYSBDcmlhdGl2aWRhZGUj,,Q29mcmUgZGUgQWdpbGlkYWQj
sxRDDQ,,dHJhcF8x,,,,,dHJhcF8x,,dHJhcF8x
tBRDDQ,,QWR2YW5jZWQgQWdpbGl0eSBDaGVzdCM=,,,,,QmHDuiBkYSBDcmlhdGl2aWRhZGUgSUkj,,Q29mcmUgZGUgQWdpbGlkYWQgQXZhbnphZGEj
tRRDDQ,,dHJhcF8y,,,,,dHJhcF8y,,dHJhcF8y
thRDDQ,,U2F0aXNmYWN0aW9uIENoZXN0Iw==,,,,,QmHDuiBkZSBSZWNvbXBlbnNhIw==,,Q29mcmUgZGUgU2F0aXNmYWNjacOzbiM=
txRDDQ,,c3BjXzI=,,,,,c3BjXzI=,,c3BjXzI=
uBRDDQ,,U2VjcmV0IENoZXN0Iw==,,,,,QmHDuiBTZWNyZXRvIw==,,Q29mcmUgU2VjcmV0byM=
uRRDDQ,,c3BjXzE=,,,,,c3BjXzE=,,c3BjXzE=
uhRDDQ,,TXlzdGVyaW91cyBDaGVzdCM=,,,,,QmHDuiBNaXN0ZXJpb3NvIw==,,Q29mcmUgTWlzdGVyaW9zbyM=
uxRDDQ,,ezB9IHsxfSB7Mn0gezN9IHs0fQ==,,,,,ezB9IHsxfSB7Mn0gezN9IHs0fQ==,,ezB9IHsxfSB7Mn0gezN9IHs0fQ==
vBRDDQ,,ezB9IHsxfSB7Mn0gezN9IHs0fQ==,,,,,ezB9IHsxfSB7Mn0gezN9IHs0fQ==,,ezB9IHsxfSB7Mn0gezN9IHs0fQ==
