4OP8DA,,UmVwdXRhdGlvbiBDb21tYW5kIFRlc3Q=,,,,,VGVzdGUgZGUgY29tYW5kbyBkZSByZXB1dGHDp8Ojbw==,,UHJ1ZWJhIGRlIGNvbWFuZG8gZGUgcmVwdXRhY2nDs24=
4eP8DA,,WW91IGNhbiBlbnRlciBhIHZhbHVlIGZyb20gMCB0byAzMDAwLg==,,,,,UG9kZSBpbnRyb2R1emlyIGRlIDAgYSAzMDAwLg==,,UHVlZGVzIGludHJvZHVjaXIgdW4gdmFsb3IgZW50cmUgMCB5IDMwMDAu
4uP8DA,,VGhlc2UgYXJlIHRoZSBJRHMgZm9yIGVhY2ggcmVwdXRhdGlvbiBmYWN0aW9uLgpFbnRlciB0aGUgbnVtYmVyIG9mIHRoZSBmYWN0aW9uIHlvdSB3YW50IHRvIHNldCBvciBjaGVjay4KT3JjIFZpbGxhZ2U6IDEKR29ibGluIFZpbGxhZ2U6IDIKR3JheSBXb2xmIFZpbGxhZ2U6IDMKSWNlIENhc3RsZTogNApXaGl0ZSBDYXQgQWxsaWFuY2U6IDUKRGVlcCBMZXZlbCAxIFJlc2VhcmNoOiA2Ckhlcm8gQWxsaWFuY2UgKEVQMjEpOiA3CkZlc3RpdmFsIEJhcmQ6IDgKRGVlcCBBYnlzcyBSZXNlYXJjaDogOQpJbGx1c2lvbiBQYXNzOiAxMApMZWdhY3kgb2YgdGhlIFdpc2UgUGFzczogMTEKRGlyZWN0aW9uIG9mIFByYXllciBQYXNzOiAxMgpHZW9ib3JnIENvbW1hbmQ6IDEzCkJsYWNrIFN0YXIgTmVyaXVzOiAxNApIZWluaWUsIFNhZ2Ugb2YgdGhlIEZvcmVzdDogMTUKVGhlIFJvZ2VuYnVyZyBCcm90aGVyczogMTYKV2FsdGVyIEZsZWV0OiAxNwpXaWduZXIgVHJhZGluZyBDb21wYW55OiAxOApSaWNoYXJkIE1lcmNlbmFyeSBDb3JwczogMTkKR29sZGVuIFJvb3Q6IDIwCkZsYW1lIEJyYW5jaDogMjE=,,,,,RXN0ZXMgc8OjbyBvcyBJRHMgZGUgY2FkYSB0cmlibyBkZSByZXB1dGHDp8Ojby4KSW50cm9kdXphIG8gbsO6bWVybyBkYSB0cmlibyBxdWUgcHJldGVuZGUgZGVmaW5pciBvdSB2ZXJpZmljYXIuCkFsZGVpYSBPcmM6IDEKQWxkZWlhIEdvYmxpbjogMgpBbGRlaWEgZG8gTG9ibyBDaW56ZW50bzogMwpDYXN0ZWxvIGRlIEdlbG86IDQKQWxpYW7Dp2EgZG8gR2F0byBCcmFuY286IDUKSW52ZXN0aWdhw6fDo28gZG8gUGlzbyAxIGRhcyBQcm9mdW5kZXphczogNgpBbGlhbsOnYSBkb3MgSGVyw7NpcyAoRVAyMSk6IDcKRmVzdGl2YWwgZGUgQmFyZG9zOiA4CkludmVzdGlnYcOnw6NvIGRvIEFiaXNtbyBQcm9mdW5kbzogOQpQYXNzZSBJbHVzacOzbjogMTAKUGFzc2UgTGVnYWRvIGRvIFPDoWJpbzogMTEKUGFzc2UgQ2FtaW5obyBkYSBPcmHDp8OjbzogMTIKQ29tYW5kbyBHYWVib2xnOiAxMwpFc3RyZWxhIE5lZ3JhIE5lcml1czogMTQKSGVpbmUsIFPDoWJpbyBkYSBGbG9yZXN0YTogMTUKSXJtw6NvcyBMdWdlbmJ1cmc6IDE2CkZyb3RhIFdhbHRoZXI6IDE3CkNvbXBhbmhpYSBNZXJjYW50ZSBXaWduZXI6IDE4CkNvbXBhbmhpYSBkZSBNZXJjZW7DoXJpb3MgUmljaGFyZDogMTkKUmFpeiBEb3VyYWRhOiAyMApSYW1vIEZsYW1lamFudGU6IDIx,,RXN0b3Mgc29uIGxvcyBJRCBkZSBjYWRhIGZhY2Npw7NuIGRlIHJlcHV0YWNpw7NuLgpJbnRyb2R1Y2UgZWwgbsO6bWVybyBkZSBsYSBmYWNjacOzbiBxdWUgcXVpZXJhcyBjb25maWd1cmFyIG8gY29tcHJvYmFyLgpBbGRlYSBvcmNhOiAxCkFsZGVhIGdvYmxpbjogMgpBbGRlYSBkZSBsb3MgbG9ib3MgZ3Jpc2VzOiAzCkNhc3RpbGxvIGRlIGhpZWxvOiA0CkFsaWFuemEgZGUgZ2F0b3MgYmxhbmNvczogNQpJbnZlc3RpZ2FjacOzbiBkZWwgbml2ZWwgMSBwcm9mdW5kbzogNgpBbGlhbnphIGRlIGjDqXJvZXMgKEVQMjEpOiA3CkJhcmRvIGRlbCBmZXN0aXZhbDogOApJbnZlc3RpZ2FjacOzbiBkZWwgQWJpc21vIHByb2Z1bmRvOiA5ClBhc2UgZGUgSWxsdXNpb246IDEwClBhc2UgZGVsIGxlZ2FkbyBkZWwgc2FiaW86IDExClBhc2UgZGUgbGEgZGlyZWNjacOzbiBkZSBsYSBvcmFjacOzbjogMTIKQ3VhcnRlbCBnZW5lcmFsIGRlIEdlb2Jvcmc6IDEzCk5lcml1cyBFc3RyZWxsYSBOZWdyYTogMTQKSGVpbmUsIHNhYmlvIGRlbCBib3NxdWU6IDE1Ckhlcm1hbm9zIFJvZ2VuYnVyZzogMTYKRmxvdGEgV2FsdGVyOiAxNwpDb21wYcOxw61hIGNvbWVyY2lhbCBXaWduZXI6IDE4Ck1lcmNlbmFyaW9zIFJpY2hhcmQ6IDE5ClJhw616IGRvcmFkYTogMjAKUmFtYSDDrWduZWE6IDIx
4+P8DA,,T3JjIGZyaWVuZHNoaXAgaW5jcmVhc2Vk,,,,,QXVtZW50byBkYSBhZmluaWRhZGUgY29tIE9yY3M=,,QWZpbmlkYWQgY29uIGxvcyBvcmNvcyBhdW1lbnRhZGE=
5OP8DA,,Q2FuY2VsZWQu,,,,,Q2FuY2Vsb3Uu,,SGFzIGNhbmNlbGFkby4=
5eP8DA,,T3Jj,,,,,T3Jj,,T3Jjbw==
5uP8DA,,R29ibGlu,,,,,R29ibGlu,,R29ibGlu
5+P8DA,,R3JheSBXb2xm,,,,,TG9ibyBDaW56ZW50bw==,,TG9ibyBncmlz
6OP8DA,,SWNlIENhc3RsZQ==,,,,,Q2FzdGVsbyBkZSBHZWxv,,Q2FzdGlsbG8gZGUgaGllbG8=
6eP8DA,,RnJpZW5kc2hpcCBpcyBhbHJlYWR5IGF0IG1heGltdW0gYW5kIGhvc3RpbGl0eSBpcyAwLCBzbyBmcmllbmRzaGlwIGNhbm5vdCBiZSBpbmNyZWFzZWQgYW55IGZ1cnRoZXIu,,,,,QSBhZmluaWRhZGUgYXR1YWwgZXN0w6Egbm8gbcOheGltbyBlIGEgaG9zdGlsaWRhZGUgw6kgMCwgcGVsbyBxdWUgasOhIG7Do28gw6kgcG9zc8OtdmVsIGF1bWVudGFyIG1haXMgYSBhZmluaWRhZGUu,,TGEgYWZpbmlkYWQgYWN0dWFsIGVzdMOhIGFsIG3DoXhpbW8geSBlbCB2YWxvciBkZSBob3N0aWxpZGFkIGVzIDAsIGFzw60gcXVlIG5vIHB1ZWRlcyBhdW1lbnRhciBtw6FzIGxhIGFmaW5pZGFkLg==
6uP8DA,,RnJpZW5kc2hpcCBpbmNyZWFzZWQgYnkgezB9,,,,,QWZpbmlkYWRlIGF1bWVudGFkYSBlbSB7MH0=,,QWZpbmlkYWQgYXVtZW50YWRhIGVuIHswfQ==
6+P8DA,,SG9zdGlsaXR5IGRlY3JlYXNlZCBieSB7MH0=,,,,,SG9zdGlsaWRhZGUgcmVkdXppZGEgZW0gezB9,,SG9zdGlsaWRhZCByZWR1Y2lkYSBlbiB7MH0=
7OP8DA,,SG9zdGlsaXR5IGlzIGFscmVhZHkgYXQgbWF4aW11bSBhbmQgZnJpZW5kc2hpcCBpcyAwLCBzbyBob3N0aWxpdHkgY2Fubm90IGJlIGluY3JlYXNlZCBhbnkgZnVydGhlci4=,,,,,QSBob3N0aWxpZGFkZSBhdHVhbCBlc3TDoSBubyBtw6F4aW1vIGUgYSBhZmluaWRhZGUgw6kgMCwgcGVsbyBxdWUgasOhIG7Do28gw6kgcG9zc8OtdmVsIGF1bWVudGFyIG1haXMgYSBob3N0aWxpZGFkZS4=,,TGEgaG9zdGlsaWRhZCBhY3R1YWwgZXN0w6EgYWwgbcOheGltbyB5IGVsIHZhbG9yIGRlIGFmaW5pZGFkIGVzIDAsIGFzw60gcXVlIG5vIHB1ZWRlcyBhdW1lbnRhciBtw6FzIGxhIGhvc3RpbGlkYWQu
7eP8DA,,RmxhbWUgQnJhbmNo,,,,,UmFtbyBGbGFtZWphbnRl,,UmFtYSDDrWduZWE=
7uP8DA,,VW5yZWdpc3RlcmVkIERlZmF1bHQgNTAwMA==,,,,,TsOjbyByZWdpc3RhZG8gcHJlZGVmaW5pZG8gNTAwMA==,,UHJlZGV0ZXJtaW5hZG8gbm8gcmVnaXN0cmFkbyA1MDAw
7+P8DA,,Rm9yIHJlcHV0YXRpb24gdGVzdGluZy4KQWRqdXN0cyB0aGUgcmVwdXRhdGlvbiBzY29yZSBmb3IgezB9Lg==,,,,,UGFyYSB0ZXN0ZSBkZSByZXB1dGHDp8Ojby4KTWFuaXB1bGEgYSBwb250dWHDp8OjbyBkZSByZXB1dGHDp8OjbyBkZSB7MH0u,,RXN0byBlcyBwYXJhIHVuYSBwcnVlYmEgZGUgcmVwdXRhY2nDs24uCk1vZGlmaWNhIGxhIHB1bnR1YWNpw7NuIGRlIHJlcHV0YWNpw7NuIGRlIHswfS4=
8OP8DA,,SW5jcmVhc2UgRnJpZW5kc2hpcA==,,,,,QXVtZW50YXIgYWZpbmlkYWRl,,QXVtZW50YXIgYWZpbmlkYWQ=
8eP8DA,,SW5jcmVhc2UgSG9zdGlsaXR5,,,,,QXVtZW50YXIgaG9zdGlsaWRhZGU=,,QXVtZW50YXIgaG9zdGlsaWRhZA==
8uP8DA,,U2V0IEZyaWVuZHNoaXAgdG8gU3BlY2lmaWVkIFZhbHVl,,,,,RGVmaW5pciB2YWxvciBlc3BlY2lmaWNhZG8gZGUgYWZpbmlkYWRl,,RXN0YWJsZWNlciB2YWxvciBlc3BlY8OtZmljbyBkZSBhZmluaWRhZA==
8+P8DA,,SW5wdXQgcmFuZ2UgZXhjZWVkZWQu,,,,,RXhjZWRldSBvIGludGVydmFsbyBkZSBlbnRyYWRhLg==,,SGFzIHN1cGVyYWRvIGVsIGludGVydmFsbyBkZSBlbnRyYWRhLg==
9OP8DA,,U2V0IEdyYXkgV29sZiBWaWxsYWdlIHJlcHV0YXRpb24gdG8gezB9IHBvaW50cy4=,,,,,RGVmaW5lIGEgcmVwdXRhw6fDo28gZGEgQWxkZWlhIGRvIExvYm8gQ2luemVudG8gcGFyYSB7MH0gcG9udG9zLg==,,RXN0YWJsZWNlIGxhIHJlcHV0YWNpw7NuIGRlIGxhIEFsZGVhIGRlIGxvcyBsb2JvcyBncmlzZXMgZW4gezB9IHB1bnRvcy4=
9eP8DA,,WW91IGNhbiBlbnRlciBhIHZhbHVlIGZyb20gMCB0byA1MDAwLg==,,,,,UG9kZSBpbnRyb2R1emlyIGRlIDAgYSA1MDAwLg==,,UHVlZGVzIGludHJvZHVjaXIgdW4gdmFsb3IgZW50cmUgMCB5IDUwMDAu
9uP8DA,,VGhlIHJlcHV0YXRpb24gc2NvcmUgaGFzIGJlZW4gaW5jcmVhc2VkIGJ5IHRoZSBhbW91bnQgZW50ZXJlZC4KSXQgd2lsbCBub3QgZXhjZWVkIHRoZSBtYXhpbXVtIG9mIDUwMDAu,,,,,Rm9yYW0gYWRpY2lvbmFkb3MgcG9udG9zIGRlIHJlcHV0YcOnw6NvIGVxdWl2YWxlbnRlcyBhbyB2YWxvciBpbnRyb2R1emlkby4KTsOjbyB1bHRyYXBhc3NhIG8gbcOheGltbyBkZSA1MDAwLg==,,U2UgaGFuIGHDsWFkaWRvIHB1bnRvcyBkZSByZXB1dGFjacOzbiBwb3IgZWwgdmFsb3IgaW50cm9kdWNpZG8uCk5vIHN1cGVyYXLDoSBlbCBtw6F4aW1vIGRlIDUwMDAu
9+P8DA,,T3Jj,,,,,T3Jj,,T3Jjbw==
+OP8DA,,RnJpZW5kc2hpcCBwb2ludHM6IHswfQpIb3N0aWxpdHkgcG9pbnRzOiB7MX0KRmluYWwgc2NvcmUsIGZyaWVuZHNoaXA6IHsyfQpQb3NpdGl2ZSByZXB1dGF0aW9uIGxldmVsOiB7M30KTmVnYXRpdmUgcmVwdXRhdGlvbiBsZXZlbDogezR9CkZpbmFsIHJlcHV0YXRpb24sIGZyaWVuZHNoaXA6IHs1fQ==,,,,,UG9udG9zIGRlIGFmaW5pZGFkZTogezB9ClBvbnRvcyBkZSBob3N0aWxpZGFkZTogezF9ClBvbnR1YcOnw6NvIGZpbmFsIGRlIGFmaW5pZGFkZTp7Mn0KTsOtdmVsIGRlIHJlcHV0YcOnw6NvIHBvc2l0aXZhOiB7M30KTsOtdmVsIGRlIHJlcHV0YcOnw6NvIG5lZ2F0aXZhOiB7NH0KQWZpbmlkYWRlIGRhIHJlcHV0YcOnw6NvIGZpbmFsOiB7NX0=,,UHVudG9zIGRlIGFmaW5pZGFkOiB7MH0KUHVudG9zIGRlIGhvc3RpbGlkYWQ6IHsxfQpQdW50dWFjacOzbiBmaW5hbCBkZSBhZmluaWRhZDogezJ9Ck5pdmVsIGRlIHJlcHV0YWNpw7NuIHBvc2l0aXZhOiB7M30KTml2ZWwgZGUgcmVwdXRhY2nDs24gbmVnYXRpdmE6IHs0fQpSZXB1dGFjacOzbiBmaW5hbCBkZSBhZmluaWRhZDogezV9
+eP8DA,,RnJpZW5kc2hpcCBwb2ludHM6IHswfQpIb3N0aWxpdHkgcG9pbnRzOiB7MX0KRmluYWwgc2NvcmUsIGhvc3RpbGl0eTogezJ9ClBvc2l0aXZlIHJlcHV0YXRpb24gbGV2ZWw6IHszfQpOZWdhdGl2ZSByZXB1dGF0aW9uIGxldmVsOiB7NH0KRmluYWwgcmVwdXRhdGlvbiwgaG9zdGlsaXR5OiB7NX0=,,,,,UG9udG9zIGRlIGFmaW5pZGFkZTogezB9ClBvbnRvcyBkZSBob3N0aWxpZGFkZTogezF9ClBvbnR1YcOnw6NvIGZpbmFsIGRlIGhvc3RpbGlkYWRlOnsyfQpOw612ZWwgZGUgcmVwdXRhw6fDo28gcG9zaXRpdmE6IHszfQpOw612ZWwgZGUgcmVwdXRhw6fDo28gbmVnYXRpdmE6IHs0fQpEZXNhZ3JhZG8gZGEgcmVwdXRhw6fDo28gZmluYWw6IHs1fQ==,,UHVudG9zIGRlIGFmaW5pZGFkOiB7MH0KUHVudG9zIGRlIGhvc3RpbGlkYWQ6IHsxfQpQdW50dWFjacOzbiBmaW5hbCBkZSBob3N0aWxpZGFkOiB7Mn0KTml2ZWwgZGUgcmVwdXRhY2nDs24gcG9zaXRpdmE6IHszfQpOaXZlbCBkZSByZXB1dGFjacOzbiBuZWdhdGl2YTogezR9ClJlcHV0YWNpw7NuIGZpbmFsIGRlIGF2ZXJzacOzbjogezV9
+uP8DA,,Q2FsY3VsYXRpbmcu,,,,,QSBjYWxjdWxhci4=,,Q2FsY3VsYW5kby4=
++P8DA,,V2hhdCBpcyBoYXBwZW5pbmc/,,,,,TyBxdWUgc2UgZXN0w6EgYSBwYXNzYXI/,,wr9RdcOpIGVzdMOhIHBhc2FuZG8/
/OP8DA,,RnJpZW5kc2hpcCBwb2ludHM6IHswfQpIb3N0aWxpdHkgcG9pbnRzOiB7MX0KRmluYWwgc2NvcmUsIGZyaWVuZHNoaXA6IHsyfQpQb3NpdGl2ZSByZXB1dGF0aW9uIGxldmVsOiB7M30KTmVnYXRpdmUgcmVwdXRhdGlvbiBsZXZlbDogezR9CkZpbmFsIHJlcHV0YXRpb24sIGZyaWVuZHNoaXA6IHs1fQ==,,,,,UG9udG9zIGRlIGFmaW5pZGFkZTogezB9ClBvbnRvcyBkZSBob3N0aWxpZGFkZTogezF9ClBvbnR1YcOnw6NvIGZpbmFsIGRlIGFmaW5pZGFkZTp7Mn0KTsOtdmVsIGRlIHJlcHV0YcOnw6NvIHBvc2l0aXZhOiB7M30KTsOtdmVsIGRlIHJlcHV0YcOnw6NvIG5lZ2F0aXZhOiB7NH0KQWZpbmlkYWRlIGRhIHJlcHV0YcOnw6NvIGZpbmFsOiB7NX0=,,UHVudG9zIGRlIGFmaW5pZGFkOiB7MH0KUHVudG9zIGRlIGhvc3RpbGlkYWQ6IHsxfQpQdW50dWFjacOzbiBmaW5hbCBkZSBhZmluaWRhZDogezJ9Ck5pdmVsIGRlIHJlcHV0YWNpw7NuIHBvc2l0aXZhOiB7M30KTml2ZWwgZGUgcmVwdXRhY2nDs24gbmVnYXRpdmE6IHs0fQpSZXB1dGFjacOzbiBmaW5hbCBkZSBhZmluaWRhZDogezV9
/eP8DA,,RnJpZW5kc2hpcCBwb2ludHM6IHswfQpIb3N0aWxpdHkgcG9pbnRzOiB7MX0KRmluYWwgc2NvcmUsIGhvc3RpbGl0eTogezJ9ClBvc2l0aXZlIHJlcHV0YXRpb24gbGV2ZWw6IHszfQpOZWdhdGl2ZSByZXB1dGF0aW9uIGxldmVsOiB7NH0KRmluYWwgcmVwdXRhdGlvbiwgaG9zdGlsaXR5OiB7NX0=,,,,,UG9udG9zIGRlIGFmaW5pZGFkZTogezB9ClBvbnRvcyBkZSBob3N0aWxpZGFkZTogezF9ClBvbnR1YcOnw6NvIGZpbmFsIGRlIGhvc3RpbGlkYWRlOnsyfQpOw612ZWwgZGUgcmVwdXRhw6fDo28gcG9zaXRpdmE6IHszfQpOw612ZWwgZGUgcmVwdXRhw6fDo28gbmVnYXRpdmE6IHs0fQpEZXNhZ3JhZG8gZGEgcmVwdXRhw6fDo28gZmluYWw6IHs1fQ==,,UHVudG9zIGRlIGFmaW5pZGFkOiB7MH0KUHVudG9zIGRlIGhvc3RpbGlkYWQ6IHsxfQpQdW50dWFjacOzbiBmaW5hbCBkZSBob3N0aWxpZGFkOiB7Mn0KTml2ZWwgZGUgcmVwdXRhY2nDs24gcG9zaXRpdmE6IHszfQpOaXZlbCBkZSByZXB1dGFjacOzbiBuZWdhdGl2YTogezR9ClJlcHV0YWNpw7NuIGZpbmFsIGRlIGF2ZXJzacOzbjogezV9
/uP8DA,,RnJpZW5kc2hpcCBwb2ludHM6IHswfQpIb3N0aWxpdHkgcG9pbnRzOiB7MX0KRmluYWwgc2NvcmU6IHsyfQpQb3NpdGl2ZSByZXB1dGF0aW9uIGxldmVsOiB7M30KTmVnYXRpdmUgcmVwdXRhdGlvbiBsZXZlbDogezR9CkZpbmFsIHJlcHV0YXRpb246IHs1fQ==,,,,,UG9udG9zIGRlIGFmaW5pZGFkZTogezB9ClBvbnRvcyBkZSBob3N0aWxpZGFkZTogezF9ClBvbnR1YcOnw6NvIGZpbmFsOnsyfQpOw612ZWwgZGUgcmVwdXRhw6fDo28gcG9zaXRpdmE6IHszfQpOw612ZWwgZGUgcmVwdXRhw6fDo28gbmVnYXRpdmE6IHs0fQpSZXB1dGHDp8OjbyBmaW5hbDogezV9,,UHVudG9zIGRlIGFmaW5pZGFkOiB7MH0KUHVudG9zIGRlIGhvc3RpbGlkYWQ6IHsxfQpQdW50dWFjacOzbiBmaW5hbDogezJ9Ck5pdmVsIGRlIHJlcHV0YWNpw7NuIHBvc2l0aXZhOiB7M30KTml2ZWwgZGUgcmVwdXRhY2nDs24gbmVnYXRpdmE6IHs0fQpSZXB1dGFjacOzbiBmaW5hbDogezV9
/+P8DA,,RnJpZW5kc2hpcCBwb2ludHM6IHswfQpIb3N0aWxpdHkgcG9pbnRzOiB7MX0KRmluYWwgc2NvcmU6IHsyfQpQb3NpdGl2ZSByZXB1dGF0aW9uIGxldmVsOiB7M30KTmVnYXRpdmUgcmVwdXRhdGlvbiBsZXZlbDogezR9CkZpbmFsIHJlcHV0YXRpb246IHs1fQ==,,,,,UG9udG9zIGRlIGFmaW5pZGFkZTogezB9ClBvbnRvcyBkZSBob3N0aWxpZGFkZTogezF9ClBvbnR1YcOnw6NvIGZpbmFsOnsyfQpOw612ZWwgZGUgcmVwdXRhw6fDo28gcG9zaXRpdmE6IHszfQpOw612ZWwgZGUgcmVwdXRhw6fDo28gbmVnYXRpdmE6IHs0fQpSZXB1dGHDp8OjbyBmaW5hbDogezV9,,UHVudG9zIGRlIGFmaW5pZGFkOiB7MH0KUHVudG9zIGRlIGhvc3RpbGlkYWQ6IHsxfQpQdW50dWFjacOzbiBmaW5hbDogezJ9Ck5pdmVsIGRlIHJlcHV0YWNpw7NuIHBvc2l0aXZhOiB7M30KTml2ZWwgZGUgcmVwdXRhY2nDs24gbmVnYXRpdmE6IHs0fQpSZXB1dGFjacOzbiBmaW5hbDogezV9
AOT8DA,,WW91IGNhbiBlbnRlciBhIHZhbHVlIGZyb20gMCB0byA5OTk5Lg==,,,,,UG9kZSBpbnRyb2R1emlyIGRlIDAgYSA5OTk5Lg==,,UHVlZGVzIGludHJvZHVjaXIgdW4gdmFsb3IgZW50cmUgMCB5IDk5OTku
AeT8DA,,V2hpdGUgQ2F0IEFsbGlhbmNl,,,,,QWxpYW7Dp2EgZG8gR2F0byBCcmFuY28=,,QWxpYW56YSBkZSBnYXRvcyBibGFuY29z
AuT8DA,,RGVlcCBMZXZlbCAxIFJlc2VhcmNo,,,,,SW52ZXN0aWdhw6fDo28gZG8gUGlzbyAxIGRhcyBQcm9mdW5kZXphcw==,,SW52ZXN0aWdhY2nDs24gZGVsIG5pdmVsIDEgcHJvZnVuZG8=
A+T8DA,,SGVybyBBbGxpYW5jZQ==,,,,,QWxpYW7Dp2EgZG9zIEhlcsOzaXM=,,QWxpYW56YSBkZSBow6lyb2Vz
BOT8DA,,RmVzdGl2YWwgQmFyZA==,,,,,RmVzdGl2YWwgZG8gQmFyZG8=,,QmFyZG8gZGVsIGZlc3RpdmFs
BeT8DA,,RGVlcCBBYnlzcyBSZXNlYXJjaA==,,,,,SW52ZXN0aWdhw6fDo28gZG8gQWJpc21vIFByb2Z1bmRv,,SW52ZXN0aWdhY2nDs24gZGVsIEFiaXNtbyBwcm9mdW5kbw==
BuT8DA,,SWxsdXNpb24gUGFzcw==,,,,,UGFzc2UgSWx1c2nDs24=,,UGFzZSBkZSBJbGx1c2lvbg==
B+T8DA,,TGVnYWN5IG9mIHRoZSBXaXNlIFBhc3M=,,,,,UGFzc2UgTGVnYWRvIGRvIFPDoWJpbw==,,UGFzZSBkZWwgbGVnYWRvIGRlbCBzYWJpbw==
COT8DA,,RGlyZWN0aW9uIG9mIFByYXllciBQYXNz,,,,,UGFzc2UgQ2FtaW5obyBkYSBPcmHDp8Ojbw==,,UGFzZSBkZSBsYSBkaXJlY2Npw7NuIGRlIGxhIG9yYWNpw7Nu
CeT8DA,,R2VvYm9yZyBDb21tYW5k,,,,,Q29tYW5kbyBHYWVib2xn,,Q3VhcnRlbCBnZW5lcmFsIGRlIEdlb2Jvcmc=
CuT8DA,,QmxhY2sgU3RhciBOZXJpdXM=,,,,,RXN0cmVsYSBOZWdyYSBOZXJpdXM=,,TmVyaXVzIEVzdHJlbGxhIE5lZ3Jh
C+T8DA,,SGVpbmllLCBTYWdlIG9mIHRoZSBGb3Jlc3Q=,,,,,SGVpbmUsIFPDoWJpbyBkYSBGbG9yZXN0YQ==,,SGVpbmUsIHNhYmlvIGRlbCBib3NxdWU=
DOT8DA,,VGhlIFJvZ2VuYnVyZyBCcm90aGVycw==,,,,,SXJtw6NvcyBMdWdlbmJ1cmc=,,SGVybWFub3MgUm9nZW5idXJn
DeT8DA,,V2FsdGVyIEZsZWV0,,,,,RnJvdGEgV2FsdGhlcg==,,RmxvdGEgV2FsdGVy
DuT8DA,,V2lnbmVyIFRyYWRpbmcgQ29tcGFueQ==,,,,,Q29tcGFuaGlhIE1lcmNhbnRlIFdpZ25lcg==,,Q29tcGHDscOtYSBjb21lcmNpYWwgV2lnbmVy
D+T8DA,,UmljaGFyZCBNZXJjZW5hcnkgQ29ycHM=,,,,,Q29tcGFuaGlhIGRlIE1lcmNlbsOhcmlvcyBSaWNoYXJk,,TWVyY2VuYXJpb3MgUmljaGFyZA==
EOT8DA,,R29sZGVuIFJvb3Q=,,,,,UmFpeiBEb3VyYWRh,,UmHDrXogZG9yYWRh
EeT8DA,,U2V0IEhvc3RpbGl0eSB0byBTcGVjaWZpZWQgVmFsdWU=,,,,,RGVmaW5pciB2YWxvciBlc3BlY2lmaWNhZG8gZGUgaG9zdGlsaWRhZGU=,,RXN0YWJsZWNlciB2YWxvciBlc3BlY8OtZmljbyBkZSBob3N0aWxpZGFk
EuT8DA,,WW91IGNhbiBlbnRlciBhIHZhbHVlIGZyb20gMCB0byB7MH0u,,,,,UG9kZSBpbnRyb2R1emlyIGRlIDAgYSB7MH0u,,UHVlZGVzIGludHJvZHVjaXIgdW4gdmFsb3IgZW50cmUgMCB5IHswfS4=
E+T8DA,,UmVwdXRhdGlvbjogezB9,,,,,UmVwdXRhw6fDo286IHswfQ==,,UmVwdXRhY2nDs246IHswfQ==
