QCp+Aw,,TmFoYWRhbg==,,,,,TmFoYWRhbg==,,TmFoYWRhbg==
QSp+Aw,,W05haGFkYW5dCllvdSBjYW4ndCBwb3NzaWJseSBnbyBvdXQgZm9yIGEgaHVudCB3aXRoIHRoYXQgbXVjaCB3ZWlnaHQgb24geW91ciBiYWNrLgpZb3UnZCBiZXR0ZXIgbGlnaHRlbiB5b3VyIGxvYWQgZmlyc3Qu,,,,,W05haGFkYW5dClZvY8OqIHRlbSBtdWl0b3MgaXRlbnMgZSBuw6NvIHBvZGUgY29udGludWFyLgpQb3IgZmF2b3IsIGVzdmF6aWUgc2V1IGludmVudMOhcmlvLg==,,W05haGFkYW5dCkVzIGltcG9zaWJsZSBzYWxpciBkZSBjYWNlcsOtYSBjb24gdGFudG8gcGVzbyBlbiBsYSBlc3BhbGRhLgpTZXLDoSBtZWpvciBxdWUgYWxpZ2VyZXMgdHUgY2FyZ2EgcHJpbWVyby4=
Qip+Aw,,W05haGFkYW5dCkknbSBmcm9tIHRoZSBFZGVuIEdyb3VwLiBJJ2xsIGdpdmUgeW91IGpvYnMgaWYgeW91IGJlY29tZSBhIG1lbWJlci4=,,,,,W05haGFkYW5dClNvbWVudGUgdW0gbWVtYnJvIGRvIEdydXBvIGRvIMOJZGVuIHBvZGUgZmFsYXIgY29taWdvLg==,,W05haGFkYW5dClNveSBkZWwgR3J1cG8gZGVsIEVkw6luLiBTaSB0ZSB1bmVzLCB0ZSBhc2lnbmFyw6kgdHJhYmFqb3Mu
Qyp+Aw,,W05haGFkYW5dCllvdSdyZSBqdXN0IGEga2lkLiBJIGhhdmUgdG8ga2VlcCBhbiBleWUgb24geW91LCBjbGVhbiB1cCBhZnRlciB5b3UuLi4=,,,,,W05haGFkYW5dClZvY8OqIMOpIG11aXRvIGluZXhwZXJpZW50ZSBwYXJhIGVzdGFyIGFxdWkuIE7Do28gbWUgcmVzcG9uc2FiaWxpem8gc2UgYWxnbyBhY29udGVjZXIgYSB2b2PDqi4uLg==,,W05haGFkYW5dClBlcm8gc2kgdG9kYXbDrWEgZXJlcyB1bmEgY3JpYXR1cmEuIFRlbmdvIHF1ZSB2aWdpbGFydGUsIGxpbXBpYXIgbG8gcXVlIGVuc3VjaWFzLi4u
RCp+Aw,,W05haGFkYW5dCkl0J3MgYWxsIHRvbyBhbm5veWluZy4KQ29tZSBiYWNrIHdoZW4geW91IGdldCBzdHJvbmdlci4=,,,,,W05haGFkYW5dCkV1IG9kZWlvIHNlciBiYWLDoSBkb3Mgb3V0cm9zLgpWb2x0ZSBxdWFuZG8gZm9yIG1haXMgZm9ydGUu,,W05haGFkYW5dCkVzIGRlbWFzaWFkbyBtb2xlc3RvLgpWdWVsdmUgY3VhbmRvIHNlYXMgbcOhcyBmdWVydGUu
RSp+Aw,,IC0gVGhpcyBxdWVzdCBpcyBmb3IgTGV2ZWwgMTIwIGFuZCB1cC4gLSA=,,,,,LSBFc3NhIG1pc3PDo28gw6kgcGFyYSBwZXJzb25hZ2VucyBkZSBuw612ZWwgMTIwIG91IHN1cGVyaW9yLiAt,,IC1Fc3RhIG1pc2nDs24gcmVxdWllcmUgYWwgbWVub3Mgbml2ZWwxMjAuLSA=
Rip+Aw,,W05haGFkYW5dCllvdSd2ZSBhbHJlYWR5IGJlZW4gdG8gdGhlIEVkZW4gR3JvdXA/ClRoZW4gSSBoYXZlIG5vIHF1ZXN0cyB0byBzaGFyZS4=,,,,,W05haGFkYW5dClZvY8OqIGFjZWl0b3UgYSBtaXNzw6NvIHBlbG8gR3J1cG8gZG8gw4lkZW4uLi4KRXUgbsOjbyB0ZW5obyBuYWRhIGEgb2ZlcmVjZXIu,,W05haGFkYW5dCsK/WWEgZXN0dXZpc3RlIGVuIGVsIEdydXBvIGRlbCBFZMOpbj8KRW50b25jZXMsIG5vIHRlbmdvIG1pc2lvbmVzIHBhcmEgY29tcGFydGlyLg==
Ryp+Aw,,W05haGFkYW5dCkFscmVhZHkgZG9uZSB3aXRoIHRoZSBxdWVzdCBmcm9tIHRoZSBFZGVuIEdyb3VwPwpUaGVuIGNvbWUgYmFjayBhZ2FpbiB0b21vcnJvdy4=,,,,,W05haGFkYW5dClBhcmVjZSBxdWUgdm9jw6ogdGVybWlub3UgYXF1ZWxhIHNvbGljaXRhw6fDo28gbm8gR3J1cG8gZG8gw4lkZW4uCsOJIG1lbGhvciBkZXNjYW5zYXIgZSBlc3BlcmFyIGF0w6kgYW1hbmjDoy4=,,W05haGFkYW5dCsK/WWEgdGVybWluYXN0ZSBjb24gbGEgbWlzacOzbiBkZWwgR3J1cG8gZGVsIEVkw6luPwpFbnRvbmNlcywgdnVlbHZlIG1hw7FhbmEu
SCp+Aw,,W05haGFkYW5dCkhleSwgeW91ISBZb3UgZG9uJ3QgbG9vayBsaWtlIGEgdG91cmlzdCwganVkZ2luZyBieSB5b3VyIGhhbmRzLgpJJ20gYW4gRWRlbiBHcm91cCBndWFyZCBhdCBBYnlzcyBMYWtlLiBDYXJlIHRvIGxpc3RlbiB0byBteSBzdG9yeT8=,,,,,W05haGFkYW5dCk9ic2VydmFuZG8gc3VhIG3Do28sIHZvY8OqIG7Do28gcGFyZWNlIHNlciB0dXJpc3RhLgpTb3UgZnVuY2lvbsOhcmlhIGRvIEdydXBvIGRvIMOJZGVuIGF0dWFuZG8gbm8gTGFnbyBkbyBBYmlzbW8sIHBvc3NvIGZhbGFyIGNvbSB2b2PDqiB1bSBpbnN0YW50ZT8=,,W05haGFkYW5dCsKhT3llLCB0w7ohIEEganV6Z2FyIHBvciB0dXMgbWFub3MsIG5vIHRpZW5lcyBhc3BlY3RvIGRlIHR1cmlzdGEuClNveSBndWFyZGlhIGRlbCBHcnVwbyBkZWwgRWTDqW4gZW4gZWwgTGFnbyBkZWwgYWJpc21vLiDCv1F1aWVyZSBlc2N1Y2hhciBtaSBoaXN0b3JpYT8=
SSp+Aw,,U3VyZSwgd2h5IG5vdC4=,,,,,Q2xhcm8u,,Q2xhcm8sIMK/cG9yIHF1w6kgbm8/
Sip+Aw,,Tm8uIEknbSBidXN5Lg==,,,,,TsOjbyBwb3Nzby4=,,Tm8uIEFob3JhLCBubyB0ZW5nbyB0aWVtcG8u
Syp+Aw,,W05haGFkYW5dCllvdSBrbm93IEh1Z2VsIGlzIGEgdG91cmlzdCBzaXRlPyBUaGlzIGlzIG15IGZpcnN0IHRpbWUgaGVyZSBmb3IgYSBtaXNzaW9uLCBidXQgdGhlcmUncyBub3QgbXVjaCB0byBzZWUuCkJ1dCBJIGhlYXJkIHRvbyBtYW55IG9mIHRoZSB2aWxsYWdlcnMgYXJvdW5kIGhlcmUgYXJlIGVsZGVybHksIHNvIHRoZXkgY2FuJ3Qga2VlcCB0aGUgbW9uc3RlcnMgdW5kZXIgY29udHJvbC4=,,,,,W05haGFkYW5dClZvY8OqIHNhYmlhIHF1ZSBIdWdlbCDDqSB1bSBkZXN0aW5vIHR1csOtc3RpY28/IMOJIGEgcHJpbWVpcmEgdmV6IHF1ZSB2ZW5obyBhcXVpIHBhcmEgZXN0ZSB0cmFiYWxobywgbWFzIHBlc3NvYWxtZW50ZSBuw6NvIHBhcmVjZSBncmFuZGUgY29pc2EuCkjDoSBtdWl0b3MgbW9uc3Ryb3MgYW8gcmVkb3IgcXVlIG9zIGNpZGFkw6NvcyBuw6NvIGTDo28gY29udGEu,,W05haGFkYW5dCsK/U2FiZXMgcXVlIEh1Z2VsIGVzIHVuIGx1Z2FyIHR1csOtc3RpY28/IEVzIGxhIHByaW1lcmEgdmV6IHF1ZSB2ZW5nbyBhcXXDrSBwb3IgdW5hIG1pc2nDs24sIHBlcm8gbm8gaGF5IG11Y2hvIHBhcmEgdmVyLgpPw60gcXVlIG11Y2hvcyBkZSBsb3MgYWxkZWFub3MgZGUgcG9yIGFxdcOtIHNvbiBhbmNpYW5vcywgYXPDrSBxdWUgbm8gcHVlZGVuIG1hbnRlbmVyIGEgbG9zIG1vbnN0cnVvcyBiYWpvIGNvbnRyb2wu
TCp+Aw,,W05haGFkYW5dClRoYXQncyB3aHkgcGVvcGxlIGZyb20gdGhlIEVkZW4gR3JvdXAgYXJlIHNlbnQgdG8gc2VjdXJlIHRoZWlyIHNhZmV0eS4KSSdtIGluIGNoYXJnZSBvZiBBYnlzcyBMYWtlLCBhbmQgdGhlcmUncyB0aGlzIHdlaXJkIG9jY3VsdCBtYW5pYWMgYXQgdGhlIGRvY2sgcmVzcG9uc2libGUgZm9yIE9kaW4gVGVtcGxlLg==,,,,,W05haGFkYW5dClBvciBpc3NvIHF1ZSBvIEdydXBvIGRvIMOJZGVuIG1lIGVudmlvdSBwYXJhIGPDoS4KRW5xdWFudG8gZXUgY3VpZG8gZG8gTGFnbyBkbyBBYmlzbW8sIHRlbSB1bSBlc3RyYW5obyBlbmNhcnJlZ2FkbyBkbyBUZW1wbG8gZGUgT2Rpbi4=,,W05haGFkYW5dClBvciBlc28gc2UgZW52w61hIGEgZ2VudGUgZGVsIEdydXBvIGRlbCBFZMOpbiBwYXJhIGdhcmFudGl6YXIgc3Ugc2VndXJpZGFkLgpFc3RveSBhIGNhcmdvIGRlbCBMYWdvIGRlbCBhYmlzbW8sIHkgaGF5IHVuIGV4dHJhw7FvIG1hbsOtYWNvIG9jdWx0aXN0YSBlbiBlbCBtdWVsbGUgcmVzcG9uc2FibGUgZGVsIFRlbXBsbyBkZSBPZMOtbi4=
TSp+Aw,,W05haGFkYW5dCldlIGNhbid0IGdvIG91dCB0aGVyZSB0byBodW50LCBzbyB3ZSBhcmUgcmVxdWVzdGluZyBhZHZlbnR1cmVycyB0byBkbyB0aGUgam9iIG9yIHBvc3RpbmcgaXQgb24gdGhlIEVkZW4gR3JvdXAgbWlzc2lvbiBib2FyZC4uLiBEbyB5b3Ugd2FudCB0aGUgd29yaz8=,,,,,W05haGFkYW5dCkNvbW8gbsOjbyBwb2RlbW9zIGx1dGFyIHNvemluaG9zLCBmYXplbW9zIHNvbGljaXRhw6fDtWVzIGFvcyBhdmVudHVyZWlyb3MgbmEgc2VkZSBkbyBHcnVwbyBkbyDDiWRlbiwgdm9jw6ogasOhIGRldmUgdGVyIHZpc3RvLg==,,W05haGFkYW5dCk5vIHBvZGVtb3Mgc2FsaXIgYSBjYXphciwgYXPDrSBxdWUgc29saWNpdGFtb3MgdHJvdGFtdW5kb3MgcXVlIGhhZ2FuIGVsIHRyYWJham8gbyBwdWJsaWNhbW9zIGxhcyBtaXNpb25lcyBlbiBlbCB0YWJsZXJvIGRlbCBHcnVwbyBkZWwgRWTDqW4uLi4gwr9RdWllcmVzIGVsIHRyYWJham8/
Tip+Aw,,W05haGFkYW5dCldlbGwsIGl0IHdvbid0IGJlIGEgZGFuZ2Vyb3VzIHRhc2suIFRoZSBsYWtlIGlzIGVtcHR5IG5vdyBiZWNhdXNlIHBlb3BsZSBhcmUgYXQgZmVzdGl2YWxzIG9yIHNvbWV0aGluZy4KWW91IGtub3cgdGhlIEZlcnVzZXM/IF4wMDAwQ0RLaWxsIDMwIG9mIHRoZSByZWQgb25lc14wMDAwMDAgZm9yIG1lLg==,,,,,W05haGFkYW5dCk7Do28gw6kgbXVpdG8gcGVyaWdvc28uCkJhc3RhIGNhw6dhciBeMDAwMENEMzAgRmVydXMgRXNjYXJsYXRlXjAwMDAwMC4=,,W05haGFkYW5dCkJ1ZW5vLCBubyBzZXLDoSB1bmEgdGFyZWEgcGVsaWdyb3NhLiBFbCBsYWdvIGVzdMOhIHZhY8OtbyBhaG9yYSBwb3JxdWUgbGEgZ2VudGUgZXN0w6EgZW4gZmVzdGl2YWxlcyBvIGFsZ28gYXPDrS4Kwr9Db25vY2VzIGEgbG9zIEZlcnVzPyBeMDAwMENETWF0YSBhIDMwIGRlIGxvcyByb2pvc14wMDAwMDAgcG9yIG3DrS4=
Typ+Aw,,W05haGFkYW5dCkknZCBsaWtlIHRvIHBpY2sgdXAgc29tZSB0cmVhdHMgZnJvbSB0aGUgU3RyZWV0IFN0YWxsLi4uIGJ1dCBJIHN0YW5kIG91dCB0b28gbXVjaCBoZXJlLgpJJ2xsIGp1c3QgdGFrZSBhIG5hcCBhdCB0aGUgbGFrZSB3aGVyZSB0aGVyZSB3aWxsIGJlIG5vIG1vbnN0ZXJzLg==,,,,,W05haGFkYW5dCkVucXVhbnRvIGlzc28sIGV1IHZvdSBjb21wcmFyIHVtIGxhbmNoaW5obyBuYXMgYmFycmFxdWluaGFzIGVtIEh1Z2VsLgpRdWVybyBzZW50YXIgbnVtIGJhbmNvIGUgY29jaGlsYXIgdW0gcG91Y28u,,W05haGFkYW5dCk1lIGd1c3RhcsOtYSBjb21wcmFyIGFsZ3Vub3MgZHVsY2VzIGVuIGVsIHB1ZXN0byBjYWxsZWplcm8uLi4gcGVybyBsbGFtbyBkZW1hc2lhZG8gbGEgYXRlbmNpw7NuIGFxdcOtLgpEb3JtaXLDqSB1bmEgc2llc3RhIGVuIGVsIGxhZ28sIGRvbmRlIG5vIGhhYnLDoSBtb25zdHJ1b3Mu
UCp+Aw,,W05haGFkYW5dCkNvbWUgZmluZCBtZSB3aGVuIHlvdSdyZSBkb25lLiBJJ2xsIGxldCB5b3Uga25vdyB3aGVyZSBJIGFtIG9uIHRoZSBtYXAgYnkgdGhlIHRpbWUgeW91J3JlIGRvbmUu,,,,,W05haGFkYW5dClF1YW5kbyB2b2PDqiB0ZXJtaW5hciwgdm91IG1hcmNhciBubyBtYXBhIGEgcHLDs3hpbWEgbG9jYWxpemHDp8Ojby4=,,W05haGFkYW5dClZlbiBhIGJ1c2Nhcm1lIGN1YW5kbyBoYXlhcyB0ZXJtaW5hZG8uIFRlIGhhcsOpIHNhYmVyIGTDs25kZSBlc3RveSBlbiBlbCBtYXBhIGN1YW5kbyB0ZXJtaW5lcy4=
USp+Aw,,W05haGFkYW5dCi4uLldlbGwsIEkgd29uJ3QgZm9yY2UgeW91Lg==,,,,,W05haGFkYW5dCi4uLkJlbSwgZXUgbsOjbyBlc3RvdSBmb3LDp2FuZG8gdm9jw6ou,,W05haGFkYW5dCi4uLkJ1ZW5vLCBubyB0ZSBvYmxpZ2Fyw6ku
Uip+Aw,,W05haGFkYW5dCllvdSBrbm93IHRoZSByZWQgRmVydXNlcz8gS2lsbCBqdXN0IF4wMDAwQ0QzMCBvZiB0aGVtXjAwMDAwMCBhbmQgdGhlbiBjb21lIHRvIEFieXNzIExha2UuIEknbGwgYmUgdGhlcmUu,,,,,W05haGFkYW5dCkJhc3RhIGNhw6dhciBeMDAwMENEMzAgRmVydXMgRXNjYXJsYXRlXjAwMDAwMC4gRXN0YXJlaSB0ZSBhZ3VhcmRhbmRvIG5vIExhZ28gZG8gQWJpc21vLg==,,W05haGFkYW5dCsK/Q29ub2NlcyBhIGxvcyBGZXJ1cyByb2pvcz8gTWF0YSBzb2xvIGEgXjAwMDBDRDMwIGRlIGVsbG9zXjAwMDAwMCB5LCBsdWVnbywgdmVuIGFsIExhZ28gZGVsIGFiaXNtby4gQWxsw60gZXN0YXLDqS4=
Uyp+Aw,,W05haGFkYW5dCk9yIGFyZSB5b3Ugbm90IGludGVyZXN0ZWQ/IEkgdW5kZXJzdGFuZCwgaXQncyBhIHRlZGlvdXMgam9iLg==,,,,,W05haGFkYW5dCkFoLCBlIHNlIHF1aXNlciBkZXNpc3RpciBkYSBtaXNzw6NvLCBldSB2b3UgZW50ZW5kZXIu,,W05haGFkYW5dCsK/TyBubyB0ZSBpbnRlcmVzYT8gTG8gZW50aWVuZG8sIGVzIHVuIHRyYWJham8gdGVkaW9zby4=
VCp+Aw,,SSdsbCB0YWtlIHRoZSBqb2Iu,,,,,RXUgdm91IGNvbnRpbnVhci4=,,QWNlcHRhcsOpIGVsIHRyYWJham8u
VSp+Aw,,TmFoLCBJJ20gZ29vZC4=,,,,,RGVzaXN0aXIu,,Tm8sIGVzdG95IGJpZW4u
Vip+Aw,,W05haGFkYW5dCkkgdW5kZXJzdGFuZC4gSXQgZ2V0cyBib3JpbmcuIFlvdSBjYW4gc3RvcC4=,,,,,W05haGFkYW5dCkVudGVuZG8uIE1pc3PDo28gY2FuY2VsYWRhLg==,,W05haGFkYW5dCkVudGllbmRvLiBTZSB2dWVsdmUgYWJ1cnJpZG8uIFB1ZWRlcyBwYXJhci4=
Vyp+Aw,,W05haGFkYW5dCkktSS1JIGp1c3Qgc2F2ZWQgc29tZW9uZSBhdCBBYnlzcyBMYWtlIGZyb20gZ2V0dGluZyBhdHRhY2tlZCBieSB0aGUgRmVydXNlcy4KSS1JJ20gbm90IGV2ZW4gYW4gYWR2ZW50dXJlciwgYnV0IGp1c3QgYW4gYWRtaW5pc3RyYXRvci4uLiBJIGRpZG4ndCBrbm93IHRoaW5ncyBsaWtlIHRoaXMgd291bGQgaGFwcGVuLi4u,,,,,W05haGFkYW5dCkV1IHNhbHZlaSBhbGd1w6ltIHF1ZSBmb2kgbW9yZGlkbyBwb3IgdW0gZHJhZ8Ojby4KRXUgbsOjbyBzb3UgdW1hIGF2ZW50dXJlaXJhLCBzb3UgdW1hIGdlcmVudGUuLi4gbsOjbyBzZWkgY29tbyBsaWRhciBjb20gaXNzby4uLg==,,W05haGFkYW5dCkEtYWNhYm8gZGUgc2FsdmFyIGEgdW5hIHBlcnNvbmEgZGUgc2VyIGF0YWNhZGEgcG9yIGxvcyBGZXJ1cyBlbiBlbCBMYWdvIGRlbCBhYmlzbW8uCk5pLW5pIHNpcXVpZXJhIHNveSB1biB0cm90YW11bmRvcywgc29sbyB1biBhZG1pbmlzdHJhZG9yLi4uIE5vIHNhYsOtYSBxdWUgcGFzYXLDrWFuIGNvc2FzIGNvbW8gZXN0YS4uLg==
WCp+Aw,,W05haGFkYW5dCkktSXQgd2FzIHRvbyBzY2FyeS4uLiBidXQuLi4gdGhhbmsgZ29vZG5lc3MuIFRoYXQgcGVyc29uIGlzIG9rYXkuLi4=,,,,,W05haGFkYW5dCkVzdG91IGFzc3VzdGFkYSwgbWFzIGZpY28gZmVsaXogcXVlIHR1ZG8gZGV1IGNlcnRvLi4u,,W05haGFkYW5dCk1lLW1lIGRpbyBtdWNobyBtaWVkby4uLiBwZXJvLi4uIGdyYWNpYXMgYSBPZMOtbiBlc2EgcGVyc29uYSBlc3TDoSBiaWVuLi4u
WSp+Aw,,W05haGFkYW5dCk9oLCB5b3UgY2FtZS4uLg==,,,,,W05haGFkYW5dCkFoLCB2b2PDqiB0w6EgYcOtLi4u,,W05haGFkYW5dCkFoLCB2aW5pc3RlLi4u
Wip+Aw,,W3swfV0KSG93IGlzIGhlPw==,,,,,W3swfV0KQ29tbyBlc3TDoSBhIHNpdHVhw6fDo28/,,W3swfV0Kwr9Dw7NtbyBlc3TDoT8=
Wyp+Aw,,W05haGFkYW5dCk15dW5na3l1bmc/IEhlJ3MgdW5kZXIgdGhlIGNodXJjaCdzIGNhcmUuIEhlJ3MgaHVydCwgYnV0IHRoZXkgc2FpZCBoZSdsbCBiZSBva2F5LgpQaGV3LCB0aGFuayBnb29kbmVzcy4uLiBXaGF0IHdhcyBoZSB0aGlua2luZyEgR29pbmcgdG8gYSBkYW5nZXJvdXMgcGxhY2UgYnkgaGltc2VsZiE=,,,,,W05haGFkYW5dCkRlIER1ZGE/IEEgaWdyZWphIGVzdMOhIGZhemVuZG8gbyB0cmF0YW1lbnRvLCBlbnTDo28gYSByZWN1cGVyYcOnw6NvIGRldmUgc2VyIHLDoXBpZGEuCkZvaSB1bSBzdXN0byBkYW5hZG8h,,W05haGFkYW5dCsK/TXl1bmdreXVuZz8gRXN0w6EgYmFqbyBlbCBjdWlkYWRvIGRlIGxhIGlnbGVzaWEuIEVzdMOhIGhlcmlkbywgcGVybyBkaWNlbiBxdWUgc2UgcG9uZHLDoSBiaWVuLgpGaXUsIG1lbm9zIG1hbC4uLiDCv0VuIHF1w6kgZXN0YWJhIHBlbnNhbmRvPyDCv0PDs21vIHNlIGxlIG9jdXJyZSBpciBzb2xvIGEgdW4gbHVnYXIgdGFuIHBlbGlncm9zbz8=
XCp+Aw,,W05haGFkYW5dCkJ1dCBJJ20gZ2xhZCB0aGF0IGhlJ3Mgb2theS4uLg==,,,,,W05haGFkYW5dCkVzdG91IGZlbGl6IHF1ZSB2b2PDqiBlc3TDoSBiZW0uLi4=,,W05haGFkYW5dClBlcm8gbWUgYWxlZ3JvIGRlIHF1ZSBlc3TDqSBiaWVuLi4u
XSp+Aw,,W05haGFkYW5dCi4uLi4uLgpJIGNvdWxkJ3ZlIHByZXZlbnRlZCB0aGlzIGlmIEknZCBiZWVuIG1vcmUgY2FyZWZ1bCBhbmQgdHJpZWQgaGFyZGVyIHRvIGdldCBzb21lIGFkdmVudHVyZXIncyBoZWxwLg==,,,,,W05haGFkYW5dCi4uLi4uLgpTZSBldSB0aXZlc3NlIGFnaWRvIGNvbSBtYWlzIHJlc3BvbnNhYmlsaWRhZGUsIG5pbmd1w6ltIGlyaWEgc2UgZmVyaXIu,,W05haGFkYW5dCi4uLgpQb2Ryw61hIGhhYmVybG8gZXZpdGFkbyBzaSBodWJpZXJhIHRlbmlkbyBtw6FzIGN1aWRhZG8geSBtZSBodWJpZXJhIGVzZm9yemFkbyBtw6FzIHBvciBjb25zZWd1aXIgbGEgYXl1ZGEgZGUgYWxnw7puIHRyb3RhbXVuZG9zLg==
Xip+Aw,,W05haGFkYW5dCi4uLi4uLkkgZ3Vlc3MgaXQncy4uLiBteSBmYXVsdC4=,,,,,W05haGFkYW5dCi4uLi4uYS1hY2hvLi4uIHF1ZSBhIGN1bHBhIMOpIG1pbmhhLg==,,W05haGFkYW5dCi4uLlN1cG9uZ28gcXVlIGVzLi4uIG1pIGN1bHBhLg==
Xyp+Aw,,W015dW5na3l1bmddCkV4Y3VzZSBtZS4=,,,,,W0R1ZGFdCkNvbSBsaWNlbsOnYS4=,,W015dW5na3l1bmddCkRpc2N1bHBhLg==
YCp+Aw,,W05haGFkYW5dCk9oLCBoZWxsbyEgVy1XaHkgYXJlIHlvdSBvbiB5b3VyIGtuZWVzIHdoZW4geW91J3JlIGluanVyZWQ/,,,,,W05haGFkYW5dCk9oLCBvaSEgVHVkbyBiZW0gdm9jw6ogZmljYXIgZGUgam9lbGhvcyBkZXNzZSBqZWl0bz8=,,W05haGFkYW5dCsKhQWgsIGhvbGEhIMK/UC1Qb3IgcXXDqSBlc3TDoXMgZGUgcm9kaWxsYXMgc2kgZXN0w6FzIGhlcmlkbz8=
YSp+Aw,,W015dW5na3l1bmddCkl0J3Mgb2theS4gVGhlIHByaWVzdCBoZWxwZWQgbWUgcmVjb3ZlciBmYXN0LgpJIHdhbnRlZCB0byBleHByZXNzIG15IGdyYXRpdHVkZSBmb3Igc2F2aW5nIG15IGxpZmUsIE5haGFkYW4u,,,,,W0R1ZGFdClNpbSwgbyB0cmF0YW1lbnRvIGVzdMOhIGluZG8gYmVtLgpWb2PDqiBzYWx2b3UgYSBtaW5oYSB2aWRhLCBlbnTDo28gdmltIHByZXN0YXIgb3MgbWV1cyByZXNwZWl0b3Mu,,W015dW5na3l1bmddCkVzdMOhIGJpZW4uIEVsIHNhY2VyZG90ZSBtZSBheXVkw7MgYSByZWN1cGVyYXJtZSByw6FwaWRvLgpRdWVyw61hIGV4cHJlc2FydGUgbWkgZ3JhdGl0dWQgcG9yIHNhbHZhcm1lIGxhIHZpZGEsIE5haGFkYW4u
Yip+Aw,,W015dW5na3l1bmddCkkgaGVhcmQgdGhlIEVkZW4gR3JvdXAgc2VudCB5b3UgdG8ga2VlcCB0aGlzIHBsYWNlIHNhZmU/IApUbyB3b3JrIGluIHN1Y2ggYSBkYW5nZXJvdXMgcGxhY2UgbGlrZSB0aGlzIGZvciB0aGUgcGVvcGxlJ3Mgc2FrZS4uLiBUaGFuayB5b3Ugc28gbXVjaC4=,,,,,W0R1ZGFdCk7Do28gw6kgdm9jw6ogYSBmdW5jaW9uw6FyaWEgZG8gR3J1cG8gZG8gw4lkZW4gcmVzcG9uc8OhdmVsIHBlbGEgc2VndXJhbsOnYT8gCk7Do28gYWNyZWRpdG8gcXVlIHZvY8OqIGFjZWl0b3UgZXNzZSB0cmFiYWxobyB0w6NvIHBlcmlnb3NvLiBTw7MgdGVuaG8gYSBhZ3JhZGVjZXIgdm9jw6ou,,W015dW5na3l1bmddCsK/RXNjdWNow6kgcXVlIGVsIEdydXBvIGRlbCBFZMOpbiB0ZSBlbnZpw7MgcGFyYSBtYW50ZW5lciBlc3RlIGx1Z2FyIHNlZ3Vybz8gClRyYWJhamFyIGVuIHVuIGx1Z2FyIHRhbiBwZWxpZ3Jvc28gY29tbyDDqXN0ZSBwb3IgZWwgYmllbiBkZSBsYSBnZW50ZS4uLiBNdWNoYXMgZ3JhY2lhcy4=
Yyp+Aw,,W05haGFkYW5dCk4tTm8uIC4uLlRoYXQncyBub3QgdHJ1ZS4=,,,,,W05haGFkYW5dCkFoLCBuw6NvLi4uIGltYWdpbmEu,,W05haGFkYW5dCk4tTm8uLi4gZXNvIG5vIGVzIHZlcmRhZC4=
ZCp+Aw,,W05haGFkYW5dCkkgd2FzIGp1c3Qgc2xhY2tpbmcgb2ZmLi4uIE91Y2ghCihXaGF0IHdhcyB0aGF0PyEp,,,,,W05haGFkYW5dCkV1IHPDsyBmdWkgY29tcHJhciB1bSBsYW5jaGUgZS4uLiBBaSEKKE7Do28gbWUgY3V0dWNhIGRlc3NlIGplaXRvISk=,,W05haGFkYW5dClNvbG8gZXN0YWJhIGhvbGdhemFuZWFuZG8uLi4gwqFBdWNoIQoowqHCv1F1w6kgZnVlIGVzbz8hKQ==
ZSp+Aw,,W3swfV0KSGUncyBhIHZlcnkgcmVzcG9uc2libGUgc2FmZXR5IG9mZmljZXIuIEkgYXNzdXJlIHlvdS4KSGUgd2lsbCBjb250aW51ZSB0byBwcm90ZWN0IHBlb3BsZSBjb21pbmcgdG8gQWJ5c3MgTGFrZSBmcm9tIGRhbmdlci4=,,,,,W3swfV0KRWxhIMOpIHVtYSDDs3RpbWEgZnVuY2lvbsOhcmlhLCBldSBnYXJhbnRvLgpFIGNvbnRpbnVhcsOhIHplbGFuZG8gcGVsYSBzZWd1cmFuw6dhIGRvcyBhdmVudHVyZWlyb3Mgbm8gTGFnbyBkbyBBYmlzbW8u,,W3swfV0KRXMgdW4gb2ZpY2lhbCBkZSBzZWd1cmlkYWQgbXV5IHJlc3BvbnNhYmxlLiBUZSBsbyBhc2VndXJvLgpTZWd1aXLDoSBwcm90ZWdpZW5kbyBkZWwgcGVsaWdybyBhIHF1aWVuZXMgdmVuZ2FuIGFsIExhZ28gZGVsIGFiaXNtby4=
Zip+Aw,,W05haGFkYW5dCldhaXQsIHdoYXQgYXJlIHlvdS4uLj8=,,,,,W05haGFkYW5dClBvciBxdWUgdm9jw6ogZXN0w6EgZmFsYW5kbyBpc3NvLi4uPw==,,W05haGFkYW5dCkVzcGVyYSwgwr9xdcOpIGVzdMOhcy4uLj8=
Zyp+Aw,,W015dW5na3l1bmddCk9mIGNvdXJzZS4gVGhhdCdzIGhvdyBoZSBzYXZlZCBteSBsaWZlLgpJIGNvdWxkJ3ZlLi4uIGVuZGVkIHVwIGFzIGEgZmVhc3QgZm9yIHRoZSBGZXJ1cyB3aXRoIG5vdCBhIHRyYWNlIG9mIG1lIGxlZnQuLi4=,,,,,W0R1ZGFdCkV1IGVudGVuZGksIGVsYSBzYWx2b3UgYSBtaW5oYSB2aWRhLgpBcXVlbGUgRmVydXMgcG9kZXJpYSB0ZXIgZGV2b3JhZG8gbWV1IGNvcnBvIHZpdm8uLi4=,,W015dW5na3l1bmddClBvciBzdXB1ZXN0by4gQXPDrSBmdWUgcXVlIG1lIHNhbHbDsyBsYSB2aWRhLgpQb2Ryw61hLi4uIGhhYmVyIHRlcm1pbmFkbyBjb21vIHVuIGJhbnF1ZXRlIHBhcmEgbG9zIEZlcnVzIHNpbiBxdWUgcXVlZGFyYSBuaSByYXN0cm8gZGUgbcOtLi4u
aCp+Aw,,W3swfV0KU28geW91IGFsc28gc2hvdWxkIGJlIGNhcmVmdWwgbm90IHRvIGdldCBpbiBvdmVyIHlvdXIgaGVhZCBpbiBkYW5nZXJvdXMgcGxhY2VzLiBVbmRlcnN0b29kPw==,,,,,W3swfV0KTsOjbyB2w6Egc2UgY29sb2NhciBlbSBwZXJpZ28gbm92YW1lbnRlLCBvaz8=,,W3swfV0KQXPDrSBxdWUgdGFtYmnDqW4gZGViZXLDrWFzIHRlbmVyIGN1aWRhZG8gZGUgbm8gbWV0ZXJ0ZSBlbiBsdWdhcmVzIHBlbGlncm9zb3MuIMK/RW50ZW5kaWRvPw==
aSp+Aw,,W015dW5na3l1bmddClllcywgc2lyLiBJIHdvbid0LiBJIHdpbGwgYmUgdmVyeSBjYXJlZnVsIG5leHQgdGltZS4KQW5kIHRoYW5rIHlvdSBzbyBtdWNoLCBOYWhhZGFuISBJJ2xsIG5ldmVyIGZvcmdldCB0aGUgbmFtZSBvZiBteSBzYXZpb3Iu,,,,,W0R1ZGFdCk9rLiBWb3UgdG9tYXIgY3VpZGFkbyBkZSBhZ29yYSBlbSBkaWFudGUuCkFncmFkZcOnbywgc2VuaG9yaXRhIE5haGFkYW4sIHBvciB0ZXIgc2Fsdm8gbWluaGEgdmlkYS4=,,W015dW5na3l1bmddCkFmaXJtYXRpdm8uIE5vIGxvIGhhcsOpLiBUZW5kcsOpIG11Y2hvIGN1aWRhZG8gbGEgcHLDs3hpbWEgdmV6LgrCoVkgbXVjaGFzIGdyYWNpYXMsIE5haGFkYW4hIE51bmNhIG9sdmlkYXLDqSBlbCBub21icmUgZGUgbWkgc2FsdmFkb3Iu
aip+Aw,,W05haGFkYW5dClVoLi4uIE8tT2theS4uLiBUYWtlIGNhcmUu,,,,,W05haGFkYW5dCkFoLi4uIHNpbSwgw6kuLi4gZGUgbmFkYS4=,,W05haGFkYW5dCkVoLi4uIEItYnVlbm8uLi4gQ3XDrWRhdGUu
ayp+Aw,,W015dW5na3l1bmddClRoYW5rIHlvdSBzbyBtdWNoIGFnYWluLiBJJ2xsIGxlYXZlIHRoZSB0b3duIGFzIHNvb24gYXMgSSByZWNvdmVyLgpJIGRvdWJ0IEknbGwgc2VlIHlvdSBhZ2FpbiB1bmxlc3MgeW91IHZpc2l0IG15IGlzbGFuZCwgYnV0IEknbGwgYmUgZ3JhdGVmdWwgZm9yIHRoZSByZXN0IG9mIG15IGxpZmUu,,,,,W0R1ZGFdClF1YW5kbyBtZWxob3Jhciwgdm91IHZvbHRhciBwYXJhIG1pbmhhIGlsaGEuClZhaSBzZXIgZGlmw61jaWwgbm9zIHZlcm1vcyBub3ZhbWVudGUsIGVudMOjbyBmaWNhIGFxdWkgbWluaGEgZ3JhdGlkw6NvLg==,,W015dW5na3l1bmddCk11Y2hhcyBncmFjaWFzIGRlIG51ZXZvLiBNZSBpcsOpIGRlIGxhIGNpdWRhZCBlbiBjdWFudG8gbWUgcmVjdXBlcmUuCkR1ZG8gcXVlIHZ1ZWx2YSBhIHZlcnRlIGEgbWVub3MgcXVlIHZpc2l0ZXMgbWkgaXNsYSwgcGVybyB0ZSBlc3RhcsOpIGFncmFkZWNpZG8gZWwgcmVzdG8gZGUgbWkgdmlkYS4=
bCp+Aw,,W05haGFkYW5dCk8tT2theS4uLgouLi4=,,,,,W05haGFkYW5dClNpbSwgc2ltLi4KLi4u,,W05haGFkYW5dCkItYnVlbm8uLi4KLi4u
bSp+Aw,,W05haGFkYW5dCkhleSwgeW91ISBXaHkgZGlkIHlvdSBtYWtlIHRoaW5ncyB1cD8gSSBqdXN0IGhhcHBlbmVkIHRvIGZpbmQgaGltIGluIGRhbmdlciB3aGVuIEkgd2FzIGxvb2tpbmcgZm9yIGEgcGxhY2UgdG8gdGFrZSBhIG5hcC4KQnV0IHlvdSBtYWRlIGl0IHNvdW5kIGxpa2UgSSB3YXMgc29tZSBiaWcgaGVyby4uLiBZb3UgZW1iYXJyYXNzZWQgbWUh,,,,,W05haGFkYW5dCkFoLCBmYWxhIHPDqXJpbywgcG9ycXVlIGludmVudG91IGlzc28/CkV1IGVzdGF2YSBjb2NoaWxhbmRvIGUgdG9kYSBlc3NhIGRlc2dyYcOnYSBhY29udGVjZXUh,,W05haGFkYW5dCsKhT3llLCB0w7ohIMK/UG9yIHF1w6kgaW52ZW50YXN0ZSBlc28/IExvIGVuY29udHLDqSBlbiBwZWxpZ3JvIGRlIGNhc3VhbGlkYWQgY3VhbmRvIGJ1c2NhYmEgdW4gbHVnYXIgcGFyYSBkb3JtaXIgbGEgc2llc3RhLgpQZXJvIGhpY2lzdGUgcXVlIHNvbmFyYSBjb21vIHNpIHlvIGZ1ZXJhIHVuIGdyYW4gaMOpcm9lLi4uIMKhTWUgYXZlcmdvbnphc3RlIQ==
bip+Aw,,W3swfV0KV2VsbCwgSSBqdXN0IHRvbGQgaGltIHlvdXIgZnV0dXJlIHByb3NwZWN0cy4KV2FzIEkgd3Jvbmc/,,,,,W3swfV0KTsOjbyBmb2kgdm9jw6ogcXVlbSBtZSBwYXNzb3UgYXMgaW5zdHJ1w6fDtWVzPwpWb2PDqiBuw6NvIHZhaSBmYXplciBpc3NvIGRlIG5vdm8sIHZhaT8=,,W3swfV0KQnVlbm8sIHNvbG8gbGUgY29udMOpIHR1cyBwZXJzcGVjdGl2YXMgZGUgZnV0dXJvLgrCv01lIGVxdWl2b3F1w6k/
byp+Aw,,W05haGFkYW5dCi4uLldoYXQgaXMgdGhhdD8=,,,,,W05haGFkYW5dCi4uLkFoLg==,,W05haGFkYW5dCi4uLsK/UXXDqSBlcyBlc28/
cCp+Aw,,W05haGFkYW5dCkktSSdsbCB0cnkuLi4gYnV0IGhvdyBkbyBJIGtub3cgaWYgSSBjYW4gYmUgbGlrZSB0aGF0IG9yIG5vdD8=,,,,,W05haGFkYW5dClZvdSB0ZW50YXIsIG1hcy4uLiBjb21vIHZvdSBzYWJlciBzZSBzb3UgYm9hPyE=,,W05haGFkYW5dCkwtbG8gaW50ZW50YXLDqS4uLiBwZXJvIMK/Y8OzbW8gc8OpIHNpIHB1ZWRvIHNlciBhc8OtIG8gbm8/
cSp+Aw,,W3swfV0KV2hhdCBhcmUgeW91IHRhbGtpbmcgYWJvdXQuLi4/IFRoYXQncyB5b3VyIGpvYi4KVHJ5IHlvdXIgYmVzdC4=,,,,,W3swfV0KTyBxdWUgdm9jw6ogdMOhIGZhbGFuZG8/IEVzc2Ugw6kgbyB0ZXUgdHJhYmFsaG8uCkZhw6dhIG8gc2V1IG1lbGhvci4=,,W3swfV0Kwr9EZSBxdcOpIGVzdMOhcyBoYWJsYW5kby4uLj8gRXNlIGVzIHR1IHRyYWJham8uCsKhRGEgbG8gbWVqb3IgZGUgdGkh
cip+Aw,,W05haGFkYW5dCkktSSB3aWxsISBJIHdpbGwgdHJ5IG15IGJlc3QuClNvIHN0b3AgZmxhdHRlcmluZyBtZSE=,,,,,W05haGFkYW5dCk9rLCBwcm9tZXRvIG1lbGhvcmFyLgpTZW0gdmVyZ29uaGEgZGVzc2EgdmV6IQ==,,W05haGFkYW5dCsKhTC1sbyBoYXLDqSEgTWUgZXNmb3J6YXLDqSBhbCBtw6F4aW1vLgrCoUFzw60gcXVlIGRlamEgZGUgYWR1bGFybWUh
cyp+Aw,,W3swfV0KQWxyaWdodCwgYWxyaWdodC4gSSBiZWxpZXZlIHlvdS4gTXIuIFJlc3BvbnNpYmxlIFNhZmV0eSBPZmZpY2VyLg==,,,,,W3swfV0KQ29uZmlvIGVtIHZvY8OqLCBOYWhhZGFuLg==,,W3swfV0KTXV5IGJpZW4sIGRlIGFjdWVyZG8uIFRlIGNyZW8uIFNlw7FvciBPZmljaWFsIFJlc3BvbnNhYmxlIGRlIFNlZ3VyaWRhZC4=
dCp+Aw,,W05haGFkYW5dCkhleSwgYWR2ZW50dXJlci4gSSBuZWVkIHlvdXIgaGVscCB0b2RheSBhcyB3ZWxsLgpJIGNhbid0IGtlZXAgZXZlcnlvbmUgc2FmZSBieSBteXNlbGYhIFNvIEkgbG9vayBmb3J3YXJkIHRvIHdvcmtpbmcgd2l0aCB5b3Uu,,,,,W05haGFkYW5dClZpYWphbnRlLCBtZSBhanVkZSBob2plIG1haXMgdW1hIHZlei4KRXN0b3Ugc29icmVjYXJyZWdhZGEgZGUgY3VpZGFyIGRhIHNlZ3VyYW7Dp2EgYXF1aS4=,,W05haGFkYW5dCkhvbGEsIHRyb3RhbXVuZG9zLiBIb3kgdGFtYmnDqW4gbmVjZXNpdG8gdHUgYXl1ZGEuCsKhTm8gcHVlZG8gbWFudGVuZXIgYSB0b2RvcyBhIHNhbHZvIHlvIHNvbG8hIEFzw60gcXVlIG1lIGVudHVzaWFzbWEgbGEgaWRlYSBkZSB0cmFiYWphciBjb250aWdvLg==
dSp+Aw,,TGFrZSBEcmFnb24=,,,,,RHJhZ8O1ZXMgZG8gTGFnbw==,,RHJhZ8OzbiBkZWwgbGFnby4=
dip+Aw,,Rmx5aW5nIExha2UgRHJhZ29u,,,,,RHJhZ8O1ZXMgZG8gU3Vic29sbw==,,RHJhZ8OzbiB2b2xhZG9yIGRlbCBsYWdvLg==
dyp+Aw,,VGhyZWUtSGVhZGVkIExha2UgRHJhZ29u,,,,,RHJhZ8OjbyBkbyBUZXNvdXJv,,RHJhZ8OzbiBkZSB0cmVzIGNhYmV6YXMgZGVsIGxhZ28u
eCp+Aw,,Tm8=,,,,,TsOjbyBwb3Nzbw==,,Tm8u
eSp+Aw,,W05haGFkYW5dClRoZSBtb25zdGVyIEkgd2FudCB5b3UgdG8gaHVudCBpcyB0aGUgbGFrZSBkcmFnb24sIF4wMDAwQ0RGZXJ1c14wMDAwMDAuCllvdSBrbm93IHRoZXJlIGFyZSB0d28gdHlwZXMgb2YgRmVydXNlcywgcmlnaHQ/ICBeMDAwMENET25lJ3MgcmVkLCBhbmQgdGhlIG90aGVyJ3MgZ3JlZW4uIEtpbGwgMzAgXjAwMDAwMG9mIGVhY2guIFBsZWFzZS4=,,,,,W05haGFkYW5dClBvciBmYXZvciwgZWxpbWluZSBeMDAwMENERmVydXNeMDAwMDAwLgpRdWVybyBxdWUgZGVycm90ZSBeMDAwMENEMzAgVmVyZGVzIGUgMzAgRXNjYXJsYXRlc14wMDAwMDAu,,W05haGFkYW5dCkVsIG1vbnN0cnVvIHF1ZSBxdWllcm8gcXVlIGNhY2VzIGVzIGVsIGRyYWfDs24gZGVsIGxhZ28sIGVsIF4wMDAwQ0RGZXJ1c14wMDAwMDAuCkhheSBkb3MgdGlwb3MgZGUgRmVydXMsIMK/c2FiZXM/IF4wMDAwQ0RVbm8gZXMgcm9qbyB5IGVsIG90cm8gdmVyZGUuIE1hdGEgYSAzMCBeMDAwMDAwZGUgY2FkYSB1bm8uIFBvciBmYXZvci4=
eip+Aw,,SSdsbCB0YWtlIHRoYXQgcmVxdWVzdCE=,,,,,RXUgYWNlaXRvIQ==,,wqFBY2VwdGFyw6kgZXNhIHNvbGljaXR1ZCE=
eyp+Aw,,SSdtIHNvcnJ5Li4u,,,,,RGVzY3VscGUsIG1hcyBuw6NvLi4u,,TG8gc2llbnRvLi4u
fCp+Aw,,W05haGFkYW5dClN0b3AgYnJhZ2dpbmcuLi4KQmUgY2FyZWZ1bCEgQW5kIGRvbid0IGZvcmdldCB0byBsb29rIGFyb3VuZCBmb3IgYW55IHRvdXJpc3RzLg==,,,,,W05haGFkYW5dClF1ZSBhbG1hIGJvYS4uLgpUb21lIGN1aWRhZG8u,,W05haGFkYW5dCkRlamEgZGUgcHJlc3VtaXIuLi4KwqFUZW4gY3VpZGFkbyEgWSBubyBvbHZpZGVzIG1pcmFyIGEgdHUgYWxyZWRlZG9yIHBvciBzaSBoYXkgdHVyaXN0YXMu
fSp+Aw,,W05haGFkYW5dCllvdSBwdXNoZWQgbWUgaW50byBpdCBqdXN0IHNvIHlvdSBjb3VsZCBzaXQgaWRseSBieSBhbmQgd2F0Y2ggZnJvbSBiZWhpbmQ/IQpPLU8tT2YgY291cnNlLCBJIGRpZG4ndCBzdGFydCB3b3JraW5nIGhhcmQganVzdCBiZWNhdXNlIG9mIHdoYXQgeW91IHNhaWQgdG8gbWUhIEhhaGEh,,,,,W05haGFkYW5dCkFoLCBwb3hhLCBwb3IgcXXDqj8hCk1hcyB0w6EgYm9tLCBuw6NvIHZvdSB0ZSBmb3LDp2FyIGhhaGFoYSE=,,W05haGFkYW5dCsKhwr9NZSBpbXB1bHNhc3RlIGEgaGFjZXJsbyBzb2xvIHBhcmEgcXVlZGFydGUgZGUgYnJhem9zIGNydXphZG9zIHkgbWlyYXIgZGVzZGUgYXRyw6FzPyEKwqFQLVAtUG9yIHN1cHVlc3RvIHF1ZSBubyBtZSBwdXNlIGEgdHJhYmFqYXIgZHVybyBzb2xvIHBvciBsbyBxdWUgZGlqaXN0ZSEgwqFKYSwgamEh
fip+Aw,,W05haGFkYW5dClVoaCwgc3RpbGwgaHVudGluZz8gSSBrbm93IHRoZXJlIGFyZSB0b28gbWFueSBGZXJ1c2VzIGFyb3VuZC4gSXQnbGwgYmUgaGFyZCwgYnV0IEkgYmVsaWV2ZSBpbiB5b3UuCklmIHlvdSdyZSBleGhhdXN0ZWQsIGdldCBzb21lIHJlc3QgaW4gdG93bi4=,,,,,W05haGFkYW5dClZvY8OqIG7Do28gY29uY2x1aXUgYSBtaXNzw6NvIGFpbmRhLgpOw6NvIGRlc2FuaW1lLCBjb250aW51ZSBhIGNhw6dhZGEu,,W05haGFkYW5dClVoaCwgwr9zaWd1ZXMgY2F6YW5kbz8gU8OpIHF1ZSBoYXkgZGVtYXNpYWRvcyBGZXJ1cyBwb3IgYXF1w60uIFNlcsOhIGRpZsOtY2lsLCBwZXJvIGNyZW8gZW4gdGkuClNpIHNpZW50ZXMgbXVjaG8gY2Fuc2FuY2lvLCBkZXNjYW5zYSBlbiBsYSBjaXVkYWQu
fyp+Aw,,W05haGFkYW5dClktWW91IGZpbmlzaGVkPyBVaCwgZ29vZC4gTWlzc2lvbiBjb21wbGV0ZS4KVGhhbmsgeW91IGZvciBwcmVzZXJ2aW5nIHBlYWNlIGluIHRoZSB2aWxsYWdlLCBhZHZlbnR1cmVyIQ==,,,,,W05haGFkYW5dCkJvYSEgVm91IGNvbmZpcm1hciBzdWEgbWlzc8Ojby4KT2JyaWdhZGEgcG9yIG1hbnRlciBhIG9yZGVtIQ==,,W05haGFkYW5dCsK/VC10ZXJtaW5hc3RlPyBFaCwgYmllbi4gTWlzacOzbiBjdW1wbGlkYS4KwqFHcmFjaWFzIHBvciBwcmVzZXJ2YXIgbGEgcGF6IGVuIGxhIGFsZGVhLCB0cm90YW11bmRvcyE=
gCp+Aw,,W05haGFkYW5dCk4tTm93LiBHbyBnZXQgc29tZSByZXN0LiAKV2h5IGlzIHRoaXMgc28gZW1iYXJyYXNzaW5nIHRvIHNheT8=,,,,,W05haGFkYW5dCkFnb3JhIMOpIGEgaG9yYSBkZSBkZXNjYW5zYXIuIApOw6NvIHZhaSBkb3JtaXIgbm8gcG9udG8sIGhlaW4/,,W05haGFkYW5dCkEtYWhvcmEsIHZlIGEgZGVzY2Fuc2FyLiAKwr9Qb3IgcXXDqSBkYSB0YW50YSB2ZXJnw7xlbnphIGRlY2lybG8/
gSp+Aw,,W05haGFkYW5dCllvdSBjYW1lIGVhcmxpZXIgdG9kYXkuIFlvdSdyZSBhbnhpb3VzLCBodWg/CkJ1dCBpdCB3b3VsZG4ndCBkbyBtZSBhbnkgZ29vZCBpZiB5b3UgZ2V0IHNpY2sgZnJvbSB0b28gbXVjaCB3b3JrLiBHbyBnZXQgc29tZSByZXN0IGFuZCBjb21lIGJhY2sgdG9tb3Jyb3cu,,,,,W05haGFkYW5dClF1ZSBwcmVzc2Egw6kgZXNzYT8KUG9kZSBkZXNjYW5zYXIsIG8gdHJhYmFsaG8gcGVzYWRvIHPDsyBjb21lw6dhIGFtYW5ow6Mu,,W05haGFkYW5dClZpbmlzdGUgbcOhcyB0ZW1wcmFubyBob3kuIEN1w6FudGEgYW5zaWVkYWQsIMK/ZWg/ClBlcm8gbm8gbWUgc2Vydmlyw61hIGRlIG5hZGEgcXVlIHRlIGVuZmVybWFyYXMgZGUgdGFudG8gdHJhYmFqYXIuIFZlIGEgZGVzY2Fuc2FyIHkgdnVlbHZlIG1hw7FhbmEu
gip+Aw,,W05haGFkYW5dCkknbSBub3Qgd29ycmllZCBhYm91dCB5b3UhIEknbSB3b3JyaWVkIGFib3V0IG15IGZ1dHVyZSB3b3JrbG9hZCEgSGFoYSE=,,,,,W05haGFkYW5dCk7Do28gZXN0b3UgcHJlb2N1cGFkYSBjb20gdm9jw6osIGVzdG91IHByZW9jdXBhZGEgY29tIG8gYW1hbmjDoyEgSGFoYWgh,,W05haGFkYW5dCsKhTm8gbWUgcHJlb2N1cGFzIHTDuiEgwqFNZSBwcmVvY3VwYSBtaSBmdXR1cmEgY2FyZ2EgZGUgdHJhYmFqbyEgwqFKYSwgamEh
gyp+Aw,,W05haGFkYW5dCkdhc3AhIFNvbWV0aGluZyBkb2Vzbid0IGZlZWwgcmlnaHQuCk5vLCBpdCdzIHByb2JhYmx5IG5vdGhpbmcuLi4gVGFsayB0byBtZSBhZ2FpbiBsYXRlci4=,,,,,W05haGFkYW5dCkVycm8uCkVzc2EgbWVuc2FnZW0gbsOjbyBkZXZlcmlhIGFwYXJlY2VyLg==,,W05haGFkYW5dCsKhQXkhIEFsZ28gbm8gdmEgYmllbi4KTm8sIHByb2JhYmxlbWVudGUgbm8gc2VhIG5hZGEuLi4gVnVlbHZlIGEgaGFibGFyIGNvbm1pZ28gbcOhcyB0YXJkZS4=
hCp+Aw,,W05haGFkYW5dCklmIEkga2VlcCBvbiByZXBlYXRpbmcgd2hhdCBJIHNhaWQsIHBsZWFzZSBzY3JlZW5zaG90IHRoaXMgdGV4dCBhbmQgbWFrZSBhIGJ1ZyByZXBvcnQu,,,,,W05haGFkYW5dCkVudmllIHVtIHRpY2tldCBwYXJhIGEgY2VudHJhbCBkZSBzdXBvcnRlLg==,,W05haGFkYW5dClNpIHNpZ28gcmVwaXRpZW5kbyBsbyBxdWUgZGlqZSwgaGF6IHVuYSBjYXB0dXJhIGRlIHBhbnRhbGxhIGRlIGVzdGUgdGV4dG8geSBlbnbDrWEgdW4gaW5mb3JtZSBkZSBlcnJvci4=
hSp+Aw,,W05haGFkYW5dClRoZSBtb25zdGVyIEkgd2FudCB5b3UgdG8gaHVudCBpcyB0aGUgZmx5aW5nIGxha2UgZHJhZ29uLCBeMDAwMENEQWNpZHVzXjAwMDAwMC4gVGhleSdyZSBiZWF1dGlmdWwgY3JlYXR1cmVzLgpZb3Uga25vdyB0aGVyZSBhcmUgdHdvIHR5cGVzIG9mIEFjaWR1c2VzLCByaWdodD8gIF4wMDAwQ0RPbmUncyB5ZWxsb3cgYW5kIHRoZSBvdGhlciBpcyBibHVlLiBLaWxsIDMwIF4wMDAwMDBvZiBlYWNoLiBQbGVhc2Uu,,,,,W05haGFkYW5dClBvciBmYXZvciwgZWxpbWluZSBeMDAwMENEQWNpZHVzXjAwMDAwMC4KUXVlcm8gcXVlIGRlcnJvdGUgXjAwMDBDRDMwIEF6dWlzIGUgMzAgRG91cmFkb3NeMDAwMDAwLg==,,W05haGFkYW5dCkVsIG1vbnN0cnVvIHF1ZSBxdWllcm8gcXVlIGNhY2VzIGVzIGVsIGRyYWfDs24gdm9sYWRvciBkZWwgbGFnbywgZWwgXjAwMDBDRMOBY2lkdXNeMDAwMDAwLiBTb24gY3JpYXR1cmFzIGhlcm1vc2FzLgpIYXkgZG9zIHRpcG9zIGRlIMOBY2lkdXMsIMK/c2FiZXM/IF4wMDAwQ0RVbm8gZXMgYW1hcmlsbG8geSBlbCBvdHJvIGF6dWwuIE1hdGEgYSAzMCBeMDAwMDAwZGUgY2FkYSB1bm8uIFBvciBmYXZvci4=
hip+Aw,,W05haGFkYW5dClVoaCwgc3RpbGwgaHVudGluZz8gQWNpZHVzZXMgYXJlIGRhbmdlcm91cyBtb25zdGVycy4gSXQnbGwgYmUgaGFyZCwgYnV0IEkgYmVsaWV2ZSBpbiB5b3UuCklmIHlvdSdyZSBleGhhdXN0ZWQsIGdldCBzb21lIHJlc3QgaW4gdG93bi4=,,,,,W05haGFkYW5dClZvY8OqIG7Do28gY29uY2x1aXUgYSBtaXNzw6NvIGFpbmRhLgpOw6NvIGRlc2FuaW1lLCBjb250aW51ZSBhIGNhw6dhZGEu,,W05haGFkYW5dClVoaCwgwr9zaWd1ZXMgY2F6YW5kbz8gTG9zIMOBY2lkdXMgc29uIG1vbnN0cnVvcyBwZWxpZ3Jvc29zLiBTZXLDoSBkaWbDrWNpbCwgcGVybyBjcmVvIGVuIHRpLgpTaSBzaWVudGVzIG11Y2hvIGNhbnNhbmNpbywgZGVzY2Fuc2EgZW4gbGEgY2l1ZGFkLg==
hyp+Aw,,W05haGFkYW5dClRoZSBtb25zdGVyIEkgd2FudCB5b3UgdG8gaHVudCBpcyB0aGUgdGhyZWUtaGVhZGVkIGxha2UgZHJhZ29uLCBeMDAwMENESHlkcm9sYW5jZXJeMDAwMDAwLiBUaGV5IGFyZSBleHRyZW1lbHkgZGFuZ2Vyb3VzLg==,,,,,W05haGFkYW5dCkVzc2UgZHJhZ8OjbyBwb3NzdWkgXjAwMDBDRHRyw6pzIGNhYmXDp2FzXjAwMDAwMCBlIMOpIG11aXRvIG1haXMgZm9ydGUgcXVlIG9zIG91dHJvcy4=,,W05haGFkYW5dCkVsIG1vbnN0cnVvIHF1ZSBxdWllcm8gcXVlIGNhY2VzIGVzIGVsIGRyYWfDs24gZGUgdHJlcyBjYWJlemFzIGRlbCBsYWdvLCBlbCBeMDAwMENESHlkcm9sYW5jZXJeMDAwMDAwLiBTb24gZXh0cmVtYWRhbWVudGUgcGVsaWdyb3Nvcy4=
iCp+Aw,,W05haGFkYW5dCkkgd2FudCB5b3UgdG8ga2lsbCBqdXN0IF4wMDAwQ0QxIG9mIHRoZW1eMDAwMDAwLiBCdXQgdGhleSBhcmUga25vd24gZm9yIHRoZWlyIGFnZ3Jlc3Npb24sIHNvIHBsZWFzZSBldmFjdWF0ZSBhbnkgdG91cmlzdHMgeW91IHNlZS4gUGxlYXNlLg==,,,,,W05haGFkYW5dClBvciBjb250YSBkaXNzbywgc8OzIHByZWNpc28gcXVlIHZvY8OqIGVsaW1pbmUgXjAwMDBDRDEgSHlkcm9sYW5jZXJeMDAwMDAwLg==,,W05haGFkYW5dClF1aWVybyBxdWUgbWF0ZXMgc29sbyBhIF4wMDAwQ0QxIGRlIGVsbG9zXjAwMDAwMC4gUGVybyBzb24gY29ub2NpZG9zIHBvciBzdSBhZ3Jlc2l2aWRhZCwgYXPDrSBxdWUgcG9yIGZhdm9yIGV2YWPDumEgYSBsb3MgdHVyaXN0YXMgcXVlIHZlYXMuIFBvciBmYXZvci4=
iSp+Aw,,W05haGFkYW5dClVoaCwgc3RpbGwgaHVudGluZz8gVGhyZWUtaGVhZGVkIGRyYWdvbnMgYXJlIGRhbmdlcm91cyBtb25zdGVycy4gSXQnbGwgYmUgaGFyZCwgYnV0IEkgYmVsaWV2ZSBpbiB5b3UuCklmIHlvdSdyZSBleGhhdXN0ZWQsIGdldCBzb21lIHJlc3QgaW4gdG93bi4=,,,,,W05haGFkYW5dClZvY8OqIG7Do28gY29uY2x1aXUgYSBtaXNzw6NvIGFpbmRhLgpOw6NvIGRlc2FuaW1lLCBjb250aW51ZSBhIGNhw6dhZGEu,,W05haGFkYW5dClVoaCwgwr9zaWd1ZXMgY2F6YW5kbz8gTG9zIGRyYWdvbmVzIGRlIHRyZXMgY2FiZXphcyBzb24gbW9uc3RydW9zIHBlbGlncm9zb3MuIFNlcsOhIGRpZsOtY2lsLCBwZXJvIGNyZW8gZW4gdGkuClNpIHNpZW50ZXMgbXVjaG8gY2Fuc2FuY2lvLCBkZXNjYW5zYSBlbiBsYSBjaXVkYWQu
iip+Aw,,W05haGFkYW5dClVoaCwgc3RpbGwgaHVudGluZz8gSHlkcm9sYW5jZXJzIGFyZSBkYW5nZXJvdXMgbW9uc3RlcnMuIEl0J2xsIGJlIGhhcmQsIGJ1dCBJIGJlbGlldmUgaW4geW91LgpJZiB5b3UncmUgZXhoYXVzdGVkLCBnZXQgc29tZSByZXN0IGluIHRvd24u,,,,,W05haGFkYW5dClZvY8OqIG7Do28gY29uY2x1aXUgYSBtaXNzw6NvIGFpbmRhLgpOw6NvIGRlc2FuaW1lLCBjb250aW51ZSBhIGNhw6dhZGEu,,W05haGFkYW5dClVoaCwgwr9zaWd1ZXMgY2F6YW5kbz8gTG9zIEh5ZHJvbGFuY2VyIHNvbiBtb25zdHJ1b3MgcGVsaWdyb3Nvcy4gU2Vyw6EgZGlmw61jaWwsIHBlcm8gY3JlbyBlbiB0aS4KU2kgc2llbnRlcyBtdWNobyBjYW5zYW5jaW8sIGRlc2NhbnNhIGVuIGxhIGNpdWRhZC4=
iyp+Aw,,W05haGFkYW5dCldoYXQgYXJlIHlvdSwgYSB0b3VyaXN0PyBBZHZlbnR1cmVyPyBBbnl3YXlzLCBpdCdzIGRhbmdlcm91cyBoZXJlLCBzbyBnbyB0byB0aGUgdmlsbGFnZS4KVGhleSBoYXZlIGEgcmVhbGx5IGdvb2QgY2xhbSBzb3VwLi4u,,,,,W05haGFkYW5dCkVpLCB0dXJpc3RhLCBhcXVpIG7Do28gw6kgdW0gbHVnYXIgc2VndXJvLgpNZWxob3Igdm9sdGFyIHBhcmEgSHVnZWwsIGEgU29wYSBkZSBPc3RyYXMgZGUgbMOhIMOpIG11aXRvIGJvYS4=,,W05haGFkYW5dCsK/QWNhc28gZXJlcyB0dXJpc3RhPyDCv1Ryb3RhbXVuZG9zPyBFbiBmaW4sIGVzdGUgbHVnYXIgcGVsaWdyb3NvLCBhc8OtIHF1ZSB2ZSBhIGxhIGFsZGVhLgpUaWVuZW4gdW5hIFNvcGEgZGUgYWxtZWphcyBtdXkgYnVlbmEuLi4=
jCp+Aw,,W05haGFkYW5dCkRhbW4sIGl0J3MgaGFyZCB0byBnZXQgc29tZSBmcmVlIHRpbWUuLi4gSSdsbCBiZSBoaWRpbmcgc29tZXdoZXJlIG5lYXIsIHNvIGtpbGwgMzAgRmVydXNlcyBmb3IgbWUu,,,,,W05haGFkYW5dClZvdSBmaWNhciBlc2NvbmRpZGEgYXF1aSwgbWFzIG7Do28gc2UgZXNxdWXDp2EgZG9zIDMwIEZlcnVzIHF1ZSBwZWRpLg==,,W05haGFkYW5dCk1hbGRpdGEgc2VhLCBlcyBkaWbDrWNpbCB0ZW5lciB0aWVtcG8gbGlicmUuLi4gTWUgZXNjb25kZXLDqSBlbiBhbGfDum4gbHVnYXIgY2VyY2FubywgYXPDrSBxdWUgbWF0YSBhIDMwIEZlcnVzIHBvciBtw60u
jSp+Aw,,W05haGFkYW5dClktWS1ZLVlvdSBjYW1lPyBUaGVyZSdzIGItYi1iaWctISBUcm91YmxlISEh,,,,,W05haGFkYW5dCkVpLCBlaSwgZWksIGVpLCBlc3RvdSBjb20gdW0gcHJvYmxlbcOjbyEhIQ==,,W05haGFkYW5dCsK/Vi1WLVYtVmluaXN0ZT8gwqFIYXkgdW4gZy1nLWdyYW4uLi4gcHJvYmxlbWEh
jip+Aw,,W05haGFkYW5dClMtUy1Tb21lb25lIGdvdCBjaGFzZWQgYnkgYSBtLW1vbnN0ZXIuLi4gSS1JIHJhbiB1cCB0byBoaW0gYW5kIGJyb3VnaHQgaGltIGhlcmUgYXdheSBmcm9tIHRoZSBtb25zdGVyLCBidXQgSS1JIHRoaW5rIGhlJ3MgY3JpdGljYWxseSBpbmp1cmVkLi4u,,,,,W05haGFkYW5dCkVsYSBlc3RhdmEgc2VuZG8gcGVyc2VndWlkYSBwb3IgdW0gZHJhZ8OjbywgZXUgYSBjYXJyZWd1ZWkgbmFzIG1pbmhhcyBjb3N0YXMgYXTDqSBhcXVpLCBhY2hvIHF1ZSBlbGEgZXN0w6EgbXVpdG8gZmVyaWRhLi4u,,W05haGFkYW5dCkEtQS1BbGd1aWVuIGZ1ZSBwZXJzZWd1aWRvIHBvciB1biBtLW1vbnN0cnVvLi4uIEMtQ29ycsOtIGhhY2lhIMOpbCB5IGxvIHRyYWplIGFxdcOtLCBsZWpvcyBkZWwgbW9uc3RydW8sIHBlcm8gYy1jcmVvIHF1ZSBlc3TDoSBncmF2ZW1lbnRlIGhlcmlkby4uLg==
jyp+Aw,,W05haGFkYW5dCkhpcyBmYWNlIHR1cm5lZCBwYWxlLCBhbmQgbG9vayBhdCB0aGlzIGItYi1ibG9vZCEgSGUncyBibGVlZGluZy4gSGUgaGFzIHRyb3VibGUgYnJlYXRoaW5nLCB0b28uLi4KV2hhdCBzaG91bGQgd2UgZG8/IEktSSBkaWRuJ3QgdGhpbmsgdGhpcyB3b3VsZCBoYXBwZW4h,,,,,W05haGFkYW5dCk8gcm9zdG8gZXN0w6EgcMOhbGlkbyBlIGVsYSB2ZW0gcGVyZGVuZG8gbXVpdG8gc2FuZ3VlLi4uCkUgYWdvcmE/IE8gcXVlIGV1IGZhw6dvPyBOdW5jYSBwYXNzZWkgcG9yIGlzc28h,,W05haGFkYW5dClN1IHJvc3RybyBzZSBwdWRvIHDDoWxpZG8sIMKheSBtaXJhIHRvZGEgZXN0YSBzLXMtc2FuZ3JlISBFc3TDoSBzYW5ncmFuZG8uIFRhbWJpw6luIGxlIGN1ZXN0YSByZXNwaXJhci4uLgrCv1F1w6kgZGViZXLDrWFtb3MgaGFjZXI/IMKhTi1ObyBwZW5zw6kgcXVlIGVzdG8gcGFzYXLDrWEh
kCp+Aw,,W3swfV0KTGV0J3MgdGFrZSBoaW0gdG8gdGhlIHZpbGxhZ2UgYW5kIGNoZWNrIGhpcyB3b3VuZHMu,,,,,W3swfV0KTGV2ZSBpbWVkaWF0YW1lbnRlIHBhcmEgSHVnZWwu,,W3swfV0KTGxldsOpbW9zbG8gYSBsYSBhbGRlYSBwYXJhIHF1ZSBsZSByZXZpc2VuIGxhcyBoZXJpZGFzLg==
kSp+Aw,,W05haGFkYW5dCk8tT2theS4gVi1WaWxsYWdlLiBUbyB0aGUgdmlsbGFnZSEKSS1JLUknbGwgdGFrZSBoaW0gdGhlcmUgZmlyc3QuIENvbWUh,,,,,W05haGFkYW5dClNpbSwgc2ltLCB2YW1vcyBsZXbDoS1sYSEKVmVtIGNvbWlnbywgcG9yIGZhdm9yIQ==,,W05haGFkYW5dCkItYnVlbm8uIEEtQWxkZWEuIMKhQSBsYSBhbGRlYSEKTC1MLUxvIGxsZXZhcsOpIGFsbMOtIHByaW1lcm8uIMKhVmVuIQ==
kip+Aw,,W05haGFkYW5dCkgtSC1IdXJyeSB1cC4gSS1JJ20gc2NhcmVkLiBJIGRvbid0IHdhbnQgdG8gZ28gYWxvbmUu,,,,,W05haGFkYW5dClZlbSBjb21pZ28sIHBvciBmYXZvciwgdGVuaG8gbWVkbyBkZSBpciBzb3ppbmhhLg==,,W05haGFkYW5dCkQtRC1EZXByaXNhLiBULVRlbmdvIG1pZWRvLiBObyBxdWllcm8gaXIgc29sby4=
kyp+Aw,,W05haGFkYW5dCkgtSC1IdXJyeSB1cC4gSS1JJ20gc2NhcmVkLiBJIGRvbid0IHdhbnQgdG8gZ28gYWxvbmUuClctV2h5IGlzIHRoaXMgaGFwcGVuaW5nIHRvIG1lPyBOby4uLg==,,,,,W05haGFkYW5dClZlbSBjb21pZ28sIHBvciBmYXZvciwgdGVuaG8gbWVkbyBkZSBpciBzb3ppbmhhLgpJc3NvIG7Do28gZGV2ZXJpYSB0ZXIgYWNvbnRlY2lkby4uLg==,,W05haGFkYW5dCkQtRC1EZXByaXNhLiBULVRlbmdvIG1pZWRvLiBObyBxdWllcm8gaXIgc29sby4Kwr9QLVBvciBxdcOpIG1lIGVzdMOhIHBhc2FuZG8gZXN0bz8gTm8uLi4=
lCp+Aw,,W05haGFkYW5dCldhaXQsIHswfSEgSXQncyB5b3UuClRoYW5rIHlvdS4gSSByZWFsaXplZCBob3cgaW1wb3J0YW50IG15IGpvYiBpcyBhZnRlciB0aGUgbGFzdCBpbmNpZGVudC4KSXQncyBhbGwgdGhhbmtzIHRvIHlvdS4=,,,,,W05haGFkYW5dCkVpLCB7MH0hIE9icmlnYWRhLgpEZXBvaXMgZG8gcXVlIGFjb250ZWNldSwgZXUgcGVyY2ViaSBvIHF1YW50byBtaW5oYSBwcmVzZW7Dp2EgbmVzc2UgbHVnYXIgw6kgaW1wb3J0YW50ZS4KR3Jhw6dhcyDDoCB2b2PDqi4=,,W05haGFkYW5dCsKhRXNwZXJhLCB7MH0hIEVyZXMgdMO6LgpHcmFjaWFzLiBEZXNwdcOpcyBkZWwgw7psdGltbyBpbmNpZGVudGUsIG1lIGRpIGN1ZW50YSBkZSBsbyBpbXBvcnRhbnRlIHF1ZSBlcyBtaSB0cmFiYWpvLgpUb2RvIGdyYWNpYXMgYSB0aS4=
lSp+Aw,,W05haGFkYW5dCk5vdyBJIHRha2UgcmVxdWVzdHMgaW4gdGhlIHZpbGxhZ2UsIGJ1dCBJIHN0YXJ0ZWQgcGF0cm9sbGluZyBhbG9uZS4KRXNwZWNpYWxseSBpbiBhcmVhcyB0aGF0IGFyZSByZWxhdGl2ZWx5IHVuZ3VhcmRlZC4gWW91IG5ldmVyIGtub3cgd2hlcmUgdGhlIGRhbmdlciBpcyBsdXJraW5nLg==,,,,,W05haGFkYW5dCkV1IHZlbmhvIHBhdHJ1bGhhbmRvIHBvciBjb250YSBwcsOzcHJpYS4KQXBlc2FyIGRlIHNlciBsb3RhZG8gZGUgZHJhZ8O1ZXMsIG8gTGFnbyBkbyBBYmlzbW8gbnVuY2EgZGVpeG91IGRlIHNlciB1bSBwb250byB0dXLDrXN0aWNvLg==,,W05haGFkYW5dCkFob3JhLCBhY2VwdG8gc29saWNpdHVkZXMgZW4gbGEgYWxkZWEsIHBlcm8gZW1wZWPDqSBhIHBhdHJ1bGxhciBwb3IgbWkgY3VlbnRhLgpTb2JyZSB0b2RvIGVuIHpvbmFzIHF1ZSB0aWVuZW4gcG9jYSB2aWdpbGFuY2lhLiBOdW5jYSBzZSBzYWJlIGTDs25kZSBhY2VjaGEgZWwgcGVsaWdyby4=
lip+Aw,,VmljdGlt,,,,,UGVzc29hIEZlcmlkYQ==,,VsOtY3RpbWE=
lyp+Aw,,TXl1bmdreXVuZw==,,,,,RHVkYQ==,,TXl1bmdreXVuZw==
