4OwEAQ,,VG9ycHk=,,,,,VG9ycHk=,,VG9ycHk=
4ewEAQ,,W1RvcnB5XQpELURhZGR5Li4uIQpEYWRkeSB3aGVyZQphcmUgeW91PyEgV2FofiE=,,,,,W1RvcnB5XQpELVBhaS4uLiEKUGFwYWksIG9uZGUKdm9jw6ogZXN0w6E/ISBXYWh+IQ==,,W1RvcnB5XQrCoVBhcMOhw6HDoSEKUGFww6EsIMKhwr9kw7NuZGUKZXN0w6FzPyEgwqFCdWFhYSE=
4uwEAQ,,V2hhdCdzIHdyb25nPw==,,,,,TyBxdWUgaMOhIGRlIGVycmFkbz8=,,UHJlZ3VudGFyIHF1w6kgcGFzYS4=
4+wEAQ,,SWdub3Jl,,,,,SWdub3Jhcg==,,SWdub3JhcmxvLg==
5OwEAQ,,W1RvcnB5XQpNeSBEYWRkeSBoYXNuJ3QKYmVlbiBob21lIGZvciBhIGZldwpkYXkgbm93LiBJJ20gYWZyYWlkIHRoYXQKc29tZXRoaW5nIG11c3QgaGF2ZQpoYXBwZW5lZCB0byBoaW0uICpTbmlmZio=,,,,,W1RvcnB5XQpNZXUgcGFpIG7Do28gdGVtCmVzdMOhIGVtIGNhc2EgaMOhIGFsZ3VucwpkaWFzLiBUZW5obyBtZWRvIGRlIHF1ZQphbGdvIGRldmUgdGVyCmFjb250ZWNpZG8gY29tIGVsZS4gKlNuaWZmKg==,,W1RvcnB5XQpIYWNlIGTDrWFzIHF1ZSBwYXDDoSAKbm8gdnVlbHZlCmEgY2FzYS4gVGVuZ28gbWllZG8gZGUKcXVlIGxlIGhheWEgcGFzYWRvCmFsZ28gbWFsby4gKlNvbGxvemEuKg==
5ewEAQ,,W3swfV0KWW91ciBEYWQgaXMgbWlzc2luZz8KV2h5IGRvbid0IHlvdSB0ZWxsIG1lCmFib3V0IHRoZSBsYXN0IHRpbWUKdGhhdCB5b3Ugc2F3IGhpbT8=,,,,,W3swfV0KU2V1IHBhaSBlc3TDoSBkZXNhcGFyZWNpZG8/ClBvciBxdWUgdm9jw6ogbsOjbyBtZSBjb250YQpzb2JyZSBhIMO6bHRpbWEgdmV6CnF1ZSB2b2PDqiBvIHZpdT8=,,W3swfV0Kwr9UdSBwYXDDoSBkZXNhcGFyZWNpw7M/CkN1w6ludGFtZSBtw6FzCnNvYnJlIGxhIMO6bHRpbWEgdmV6CnF1ZSBsbyB2aXN0ZS4=
5uwEAQ,,W1RvcnB5XQpXZWxsLCB3ZSB3ZXJlIHBsYXlpbmcKSGlkZS1hbmQtU2VlaywgYW5kIHRoZW4KaXQgd2FzIGhpcyB0dXJuIHRvIGhpZGUsCmFuZCB0aGVuLCBhLWFuZCB0aGVuLi4uCkkgbmV2ZXIgZm91bmQgaGltIQ==,,,,,W1RvcnB5XQpCZW0sIGVzdMOhdmFtb3Mgam9nYW5kbwpFc2NvbmRlLWVzY29uZGUsIGUgZW50w6NvCmVyYSBhIHZleiBkZWxlIGRlIHNlIGVzY29uZGVyLAplIGVudMOjbywgYS1lIGVudMOjby4uLgpFdSBudW5jYSBvIGVuY29udHJlaSE=,,W1RvcnB5XQpCdWVubywgZXN0w6FiYW1vcyBqdWdhbmRvCmEgbGFzIGVzY29uZGlkYXMgeSBlcmEKc3UgdHVybm8gZGUgZXNjb25kZXJzZSwKeSBlbnRvbmNlcy4uLiwgeSBlbnRvbmNlcy4uLgrCoW51bmNhIGxvIHB1ZGUgZW5jb250cmFyIQ==
5+wEAQ,,UmVhbGx5PyBUZWxsIG1lIG1vcmUuLi4=,,,,,w4kgbWVzbW8/IENvbnRlLW1lIG1haXMuLi4=,,wr9FbiBzZXJpbz8gQ3XDqW50YW1lIG3DoXMuLi4=
6OwEAQ,,V2hhdCwgaXMgdGhhdCBhbGwuLi4/,,,,,TyBxdcOqLCBpc3NvIMOpIHR1ZG8uLi4/,,wr9RdcOpPyDCv0VzbyBlcyB0b2RvPw==
6ewEAQ,,W1RvcnB5XQpUaC10aGVuIG15IE1vbSBnb3QKbWFkIGF0IERhZCBmb3IgaGlkaW5nCmZvciBzbyBsb25nLiBCdXQgd2hlbgpzaGUgd2VudCB0byBmaW5kIGhpbSwgc2hlCmRpc2FwcGVhcmVkIHRvbyEgSS1JJ20gYWxsCmFsb25lIG5vdyEgV2FhYWFhYWh+IQ==,,,,,W1RvcnB5XQpFbnTDo28gbWluaGEgbcOjZSBmaWNvdQp6YW5nYWRhIGNvbSBwYXBhaSBwb3IgdGVyIHNlIGVzY29uZGlkbwpwb3IgdGFudG8gdGVtcG8uIE1hcyBxdWFuZG8KZWxhIGZvaSBwcm9jdXLDoS1sbywgZWxhCmRlc2FwYXJlY2V1IHRhbWLDqW0hIEV1IGVzdG91IGNvbXBsZXRhbWVudGUKc296aW5obyBhZ29yYSEgV2FhYWFhYWh+IQ==,,W1RvcnB5XQpFbnQtZW50b25jZXMgbWkgbWFtw6EgCnNlIGVub2rDsyBjb24gbWkgcGFww6EgcG9yIGVzY29uZGVyc2UKZHVyYW50ZSB0YW50byB0aWVtcG8uIFBlLXBlcm8gY3VhbmRvCmZ1ZSBhIGJ1c2NhcmxvLi4uLCDCoXRhbWJpw6luCmRlc2FwYXJlY2nDsyEgwqFNZS1tZSBxdWVkw6kgCnNvbG8hIMKhQnVhYWFhYWEh
6uwEAQ,,W3swfV0KRG9uJ3Qgd29ycnksIEknbGwgbG9vawpmb3IgeW91ciBwYXJlbnRzLiBJJ20Kc3VyZSB0aGF0IEkgY2FuIGZpbmQgYXQKbGVhc3Qgb25lIG9mIHRoZW0ganVzdApvdXRzaWRlIG9mIHRvd24u,,,,,W3swfV0KTsOjbyBzZSBwcmVvY3VwZSwgZXUgdm91IHByb2N1cmFyCnNldXMgcGFpcy4gVGVuaG8KdGVuaG8gY2VydGV6YSBkZSBxdWUgcG9zc28gZW5jb250cmFyCnBlbG8gbWVub3MgdW0gZGVsZXMKZm9yYSBkYSBjaWRhZGUu,,W3swfV0KTm8gdGUgcHJlb2N1cGVzLCBidXNjYXLDqSAKYSB0dXMgcGFkcmVzLiBUZW5nbwpsYSBjZXJ0ZXphIGRlIHF1ZSBwb2Ryw6kgZW5jb250cmFyCmFsIG1lbm9zIGEgdW5vIGRlIGVsbG9zCmEgbGFzIGFmdWVyYXMgZGUgbGEgY2l1ZGFkLg==
6+wEAQ,,W3swfV0KRG9uJ3Qgd29ycnksIHlvdXIKRGFkIHdpbGwgcHJvYmFibHkKc2hvdyB1cCBzb29uZXIKb3IgbGF0ZXIuIFdlbGwsIGxvdHMKb2YgbHVjaywga2lkLg==,,,,,W3swfV0KTsOjbyBzZSBwcmVvY3VwZSwgc2V1CnBhaSBwcm92YXZlbG1lbnRlCmFwYXJlY2Vyw6EgbWFpcyBjZWRvCm91IG1haXMgdGFyZGUuIEJlbSwgbXVpdGEKc29ydGUsIGdhcm90by4=,,W3swfV0KTm8gdGUgcHJlb2N1cGVzLCBlcwpwcm9iYWJsZSBxdWUgdHUgcGFww6EgCnJlZ3Jlc2UKcHJvbnRvLiBFbiBmaW4sIGJ1ZW5hCnN1ZXJ0ZSwgY2FtcGXDs24u
7OwEAQ,,W1RvcnB5XQpELURhZGR5Li4uIQpNb21taWlpaWlpaWlpZSEKV2hlcmUgYXJlIHlvb29vdT8hCld1aC1XYWFhYWFhYWFhYWgh,,,,,W1RvcnB5XQpELURhZGR5Li4uIQpNYW3Do2UhCk9uZGUgdm9jw6ogZXN0w6E/IQpXdWgtV2FhYWFhYWFhYWFoIQ==,,W1RvcnB5XQrCoVBhcMOhw6HDoSEKwqFNYWFhYW1paWlpIQrCocK/RMOzbmRlIGVzdMOhcz8hCsKhQnUtYnUtYnVhYWFhYWEh
7ewEAQ,,W1RvcnB5XQpPaC4uLgpNb21teSB3YXMganVzdApvdXRzaWRlIG9mIHRvd24/CipTb2IqIE9rYXksIEkgaG9wZSBteQpEYWRkeSBjb21lcyBiYWNrIHNvb24uLi4=,,,,,W1RvcnB5XQpPaC4uLgpNYW3Do2UgZXN0YXZhIGFwZW5hcwpmb3JhIGRhIGNpZGFkZT8KKk9rLCBlc3Blcm8gcXVlIG1ldQpwYXBhaSB2b2x0ZSBsb2dvLi4u,,W1RvcnB5XQpPaC4uLgrCv01hbcOhIGVzdGFiYQplbiBsYXMgY2VyY2Fuw61hcyBkZSBsYSBjaXVkYWQ/CipTb2xsb3phLiogQnVlbm8sIGVzcGVybyBxdWUKcGFww6EgdnVlbHZhIHByb250by4uLg==
7uwEAQ,,W1RvcnB5XQpZLXlvdSBmb3VuZCBteSBEYWRkeSEKSG9vcmF5ISBJIHdhcyBzbyB3b3JyaWVkCmFib3V0IGhpbSEgVGgtdGhhbmsgeW91CnNvIG11Y2ggZm9yIHlvdXIgaGVscCE=,,,,,W1RvcnB5XQpWb2PDqiBlbmNvbnRyb3UgbWV1IHBhaSEKVml2YSEgRXUgZXN0YXZhIHTDo28gcHJlb2N1cGFkbwpjb20gZWxlISBNdWl0byBvYnJpZ2FkbwptdWl0byBvYnJpZ2FkbyBwb3Igc3VhIGFqdWRhIQ==,,W1RvcnB5XQrCoUVuY29udHJhc3RlIGEgbWkgcGFww6EhCsKhWXVwaSEgwqFFc3RhYmEgdGFuIHByZW9jdXBhZG8KcG9yIMOpbCEgTm8gc2FiZXMgY3XDoW50bwphZ3JhZGV6Y28gdHUgYXl1ZGEu
7+wEAQ,,W1RvcnB5XQpVbSwgdW0sIHdoZXJlIGlzIG15CkRhZGR5IGhpZGluZyBhbnl3YXk/Ck9oPyBBIGJhcnJlbD8gV2hlcmUKd2FzIGl0IGFnYWluPyBIZWggaGVoIQpOb3cgSSBjYW4gZmluZCBoaW0h,,,,,W1RvcnB5XQpIdW0sIGh1bSwgb25kZSBlc3TDoSBtZXUKcGFwYWkgZXN0w6EgZXNjb25kaWRvPwpPaD8gVW0gYmFycmlsPyBPbmRlCmVzdGF2YSBkZSBub3ZvPyBIZWggaGVoIQpBZ29yYSBldSBwb3NzbyBlbmNvbnRyw6EtbG8h,,W1RvcnB5XQpFbW1tLi4uIFkgwr9kw7NuZGUKc2UgZXN0w6EgZXNjb25kaWVuZG8/CsK/UXXDqT8gwr9FbiB1biBiYXJyaWw/IFkgwr9kw7NuZGUKZGlqaXN0ZSBxdWUgZXN0YWJhPyDCoUplLCBqZSEKwqFBaG9yYSBsbyBwb2Ryw6kgZW5jb250cmFyIQ==
8OwEAQ,,W1RvcnB5XQpPaCwgd291bGQgeW91IGdvIHRhbGsKdG8gbXkgTW9tLCBhbmQgdGVsbCBoZXIKdG8gY29tZSBoZXJlIHBsZWFzZT8gQW5kCmFsc28gdGVsbCBoZXIgdGhhdCBEYWRkeQppcyBzYWZlISBTZWUgeW91IGxhdGVyfg==,,,,,W1RvcnB5XQpPaCwgdm9jw6ogcG9kZXJpYSBpciBmYWxhcgpjb20gbWluaGEgbcOjZSBlIGRpemVyIGEgZWxhCnBhcmEgdmlyIGFxdWksIHBvciBmYXZvcj8gRQpFIHRhbWLDqW0gZGlnYSBhIGVsYSBxdWUgbyBwYXBhaQplc3TDoSBiZW0hIEF0w6kgbWFpcyB0YXJkZX4=,,W1RvcnB5XQrCv1NlcsOtYXMgdGFuIGFtYWJsZSBkZSBpciBhIGhhYmxhcgpjb24gbWkgbWFtw6EgeSBkZWNpcmxlCnF1ZSB2dWVsdmEsIHBvciBmYXZvcj8gWQpkaWxlIHRhbWJpw6luIHF1ZSBwYXDDoSAKZXN0w6EgYSBzYWx2by4gSGFzdGEgbHVlZ28u
8ewEAQ,,Li4uLi4uCi4uLi4uLi4uLgouLi4uLi4uLi4uLi4=,,,,,Li4uLi4uCi4uLi4uLi4uLgouLi4uLi4uLi4uLi4=,,Li4uLi4uCi4uLi4uLi4uLgouLi4uLi4uLi4uLi4=
8uwEAQ,,W1RvcnB5XQpeMzMzMzMzLi4uLi4uLi4uLi4uLi4uLi4uLi4uLi4uLi4uLi4uLgpIZWUgaGVlfiBPbmNlIEkgZmluZApteSBEYWRkeSwgaGUgaGFzIHRvIGdldCBtZQphIGdpcmxmcmllbmQhIEhlIHByb21pc2VkfiFeMDAwMDAw,,,,,W1RvcnB5XQpeMzMzMzMzLi4uLi4uLi4uLi4uLi4uLi4uLi4uLi4uLi4uLi4uLgpIZWUgaGVlfiBRdWFuZG8gZXUgZW5jb250cmFyCm1ldSBwYWksIGVsZSB0ZW0gcXVlIG1lIGFycmFuamFyCnVtYSBuYW1vcmFkYSEgRWxlIHByb21ldGV1fiFeMDAwMDAw,,W1RvcnB5XQpeMzMzMzMzLi4uLi4uLi4uLi4uLi4uLi4uLi4uLi4uLi4uLi4uLgrCoUplLCBqZSwgamUhIEN1YW5kbyBlbmN1ZW50cmUKYSBtaSBwYXDDoSwgwqF0ZW5kcsOhIHF1ZSBidXNjYXJtZQp1bmEgbm92aWEhIMKhTG8gcHJvbWV0acOzIV4wMDAwMDA=
8+wEAQ,,W1RvcnB5XQpXb3VsZCB5b3UgcGxlYXNlIGh1cnJ5CmFuZCB0YWxrIHRvIG15IE1vbT8gU2hlCnNob3VsZCBiZSBqdXN0IG91dHNpZGUgb2Y/CnRoaXMgdG93biwgd2hlcmUgeW91IGxhc3QKc2F3IGhlci4gQnllIGJ5ZSBmb3Igbm93fg==,,,,,W1RvcnB5XQpWb2PDqiBwb2RlcmlhLCBwb3IgZmF2b3IsIHNlIGFwcmVzc2FyCmUgZmFsYXIgY29tIG1pbmhhIG3Do2U/IEVsYQpkZXZlIGVzdGFyIG5vcyBhcnJlZG9yZXMgZGU/CmRlc3RhIGNpZGFkZSwgb25kZSB2b2PDqiBhIHZpdSBwZWxhIMO6bHRpbWEgdmV6LgphIHZpdSBwZWxhIMO6bHRpbWEgdmV6LiBUY2hhdSwgcG9yIGVucXVhbnRvfg==,,W1RvcnB5XQrCv1BvZHLDrWFzIGRhcnRlIHByaXNhCnkgaGFibGFyIGNvbiBtaSBtYW3DoT8gRGViZXLDrWEgZGUKZXN0YXIgZW4gbGFzIGNlcmNhbsOtYXMgZGUgbGEgY2l1ZGFkLApkb25kZSBsYSBlbmNvbnRyYXN0ZSBsYSDDumx0aW1hCnZlei4gwqFIYXN0YSBtw6FzIHRhcmRlIQ==
9OwEAQ,,W1RvcnB5XQpeMzMzMzMzLi4uLi4uLi4uLi4uLi4uLi4uLi4uLi4uLi4uLi4uLgpPaCB5ZWFoISBTaG91bGQgSSBoYXZlCk1vbSBoZWxwIG1lIHBpY2sgb3V0IG15Cm5ldyBnaXJsZnJpZW5kPyBIbW0sIEkgZHVubm8uCldoLXdoYXQgaWYgdGhleSBiZWNvbWUgZnJpZW5kcz8KVW0sIHRoYXQgbWlnaHQgbm90IGJlIGdvb2QuLi5eMDAwMDAw,,,,,W1RvcnB5XQpeMzMzMzMzLi4uLi4uLi4uLi4uLi4uLi4uLi4uLi4uLi4uLi4uLgpBaCwgc2ltISBTZXLDoSBxdWUgZXUgZGV2ZXJpYSBwZWRpciBwYXJhIGEKbWFtw6NlIG1lIGFqdWRlIGEgZXNjb2xoZXIgbWluaGEKbm92YSBuYW1vcmFkYT8gSG1tLCBuw6NvIHNlaS4KRSBzZSBlbGFzIHNlIHRvcm5hcmVtIGFtaWdhcz8KSHVtLCBpc3NvIHBvZGUgbsOjbyBzZXIgYm9tLi4uXjAwMDAwMA==,,W1RvcnB5XQpeMzMzMzMzLi4uLi4uLi4uLi4uLi4uLi4uLi4uLi4uLi4uLi4uLgrCoU9oLCBzw60hIE1lIHByZWd1bnRvIHNpIGRlYmVyw61hCnBlZGlybGUgYSBtYW3DoSBxdWUgbWUgYXl1ZGUgYSBlc2NvZ2VyCmEgbWkgbnVldmEgbm92aWEuLi4gTW1tLCBwZXJvIHBlbnPDoW5kb2xvIGJpZW4uLi4Kwr9ZIHNpIHNlIGhhY2VuIGFtaWdhcz8KUXVpesOhIG5vIHNlYSBidWVuYSBpZGVhIGRlc3B1w6lzIGRlIHRvZG8uLi5eMDAwMDAw
9ewEAQ,,W1RvcnB5XQpEYWRkeSBwcm9taXNlZCB0byBnZXQKbWUgYSBnaXJsZnJpZW5kIGlmIEkgYmVhdCBoaW0KYXQgSGlkZS1hbmQtU2VlayEgSGFoYWhhIQpJIHdvbiwgc28gbm93IGhlIGhhcyB0byBkbyBpdCE=,,,,,W1RvcnB5XQpQYXBhaSBwcm9tZXRldSBhcnJhbmphcgp1bWEgbmFtb3JhZGEgc2UgZXUgZ2FuaGFzc2UgZGVsZQpubyBlc2NvbmRlLWVzY29uZGUhIEhhaGFoYSEKRXUgZ2FuaGVpLCBlbnTDo28gYWdvcmEgZWxlIHRlbSBxdWUgZmF6ZXIgaXNzbyE=,,W1RvcnB5XQrCoVBhcMOhIHByb21ldGnDsyBxdWUgbWUKY29uc2VndWlyw61hIHVuYSBub3ZpYSBzaSBsZSBnYW5hYmEKZW4gbGFzIGVzY29uZGlkYXMhIMKhSmEsIGphLCBqYSEKwqFZIGdhbsOpLCBhc8OtIHF1ZSB0ZW5kcsOhIHF1ZSBoYWNlcmxvIQ==
9uwEAQ,,W1RvcnB5XQpXYWl0LCBidXQgc2hvdWxkIEkgbGV0Cm15IERhZCBwaWNrIG15IGdpcmxmcmllbmQ/Ck1heWJlIEkgc2hvdWxkIHBpY2sgaGVyLi4uClllYWgsIEknbGwgcGljayB0aGUgcGVyZmVjdGVzdApnaXJsIHRoYXQgSSBjYW4gZmluZCEgWWFhYXl+,,,,,W1RvcnB5XQpFc3BlcmUsIG1hcyBldSBkZXZlcmlhIGRlaXhhcgptZXUgcGFpIGVzY29saGVyIG1pbmhhIG5hbW9yYWRhPwpUYWx2ZXogZXUgZGV2YSBlc2NvbGjDqi1sYS4uLgpTaW0sIHZvdSBlc2NvbGhlciBhIGdhcm90YSBtYWlzIHBlcmZlaXRhCnBlcmZlaXRhIHF1ZSBldSBwdWRlciBlbmNvbnRyYXIhIFlhYWF5fg==,,W1RvcnB5XQpNZSBwcmVndW50byBzaSBkZWJlcsOtYSBkZWphcgpxdWUgbWkgcGFww6EgZXNjb2phIGEgbWkgbm92aWEuCk8gcXVpesOhcyBkZWJlcsOtYSBlbGVnaXJsYSB5by4uLgrCoVPDrSEgwqFFc2NvZ2Vyw6kgYSBsYSBtw6FzIG1lam9yCmRlIHRvZGFzIGxhcyBjaGljYXMhIFl1cGlpaS4=
9+wEAQ,,W1RvcnB5XQpNYXliZSBJIHNob3VsZCB3YWl0IHVudGlsCkknbSBvbGRlciB0byBoYXZlIGEgZ2lybGZyaWVuZC4KSSBtZWFuLCB3aGF0IGlmIHRoZSBnaXJsIEkgcGljawpub3cgZ2V0cyB1Z2xpZXIgd2hlbiBzaGUKZ3Jvd3MgdXA/IE9yIHdoYXQgaWYgc2hlIGdldHNeRkZGRkZGICAgICBeMDAwMDAwIHJlYWxseSBmYXQ/IEkgYmV0dGVyIGJlIGNhcmVmdWwuLi4=,,,,,W1RvcnB5XQpUYWx2ZXogZXUgZGV2YSBlc3BlcmFyIGF0w6kKc2VyIG1haXMgdmVsaG8gcGFyYSB0ZXIgdW1hIG5hbW9yYWRhLgpRdWVybyBkaXplciwgZSBzZSBhIGdhcm90YSBxdWUgZXUgZXNjb2xoZXIKYWdvcmEgZmljYXIgbWFpcyBmZWlhIHF1YW5kbwpjcmVzY2VyPyBPdSBzZSBlbGEgZmljYXJeRkZGRkZGIF4wMDAwMDAgbXVpdG8gZ29yZGE/IMOJIG1lbGhvciBldSB0b21hciBjdWlkYWRvLi4u,,W1RvcnB5XQpRdWl6w6FzIGRlYmVyw61hIGVzcGVyYXIKYSBzZXIgbWF5b3IgYW50ZXMgZGUgdGVuZXIgdW5hIG5vdmlhLgrCv1kgc2kgbGEgY2hpY2EgcXVlIGVzY29qYQphaG9yYSBzZSB2dWVsdmUgZmVhCmN1YW5kbyBjcmV6Y2E/IMK/TyBxdcOpIHRhbCBzaSBkZXNwdcOpcyBlbmdvcmRhIG11Y2hvXkZGRkZGRl4wMDAwMDA/IFF1aXrDoSBkZWJlcsOtYSB0b23DoXJtZWxvIGNvbiBtw6FzIGNhbG1hLi4u
+OwEAQ,,XjMzNTVGRlRvcnB5IGlzIHN0aWxsIGEgeW91bmcsCm5haXZlIGNoaWxkIHRoYXQgaGFzIG11Y2gKdG8gbGVhcm4gYWJvdXQgZ2lybGZyaWVuZHMsCm9yIGp1c3QgcGVvcGxlLCBpbiBnZW5lcmFsLl4wMDAwMDA=,,,,,XjMzNTVGRk8gVG9ycHkgYWluZGEgw6kgdW1hIGNyaWFuw6dhIGpvdmVtIGUgaW5nw6pudWEsCmluZ8OqbnVhIHF1ZSB0ZW0gbXVpdG8gYSBhcHJlbmRlciBzb2JyZQpwYXJhIGFwcmVuZGVyIHNvYnJlIG5hbW9yYWRhcywKb3UgYXBlbmFzIHNvYnJlIGFzIHBlc3NvYXMsIGVtIGdlcmFsLl4wMDAwMDA=,,XjMzNTVGRlRvcnB5IGHDum4gZXMgdW4gbmnDsW8gam92ZW4KZSBpbmdlbnVvIHF1ZSB0aWVuZSBtdWNobwpxdWUgYXByZW5kZXIgc29icmUgbGFzIG5vdmlhcyB5LAphIGRlY2lyIHZlcmRhZCwgZGUgbGEgdmlkYSBlbiBnZW5lcmFsLl4wMDAwMDA=
+ewEAQ,,W1RvcnB5XQpeMzMzMzMzKlNuaWZmKl4wMDAwMDAgRC1EYWRkeSdzIGdvbmUhCldpbGwgeW91IGhlbHAgbWUgZmluZCBteQpEYWRkeSBwbGVhc2U/IEkgaC1oYXZlCnRvIGZpbmQgaGltIG5vdyEgSC1IdXJyeSE=,,,,,W1RvcnB5XQpeMzMzMzMzKlNuaWYqXjAwMDAwMCBELURhZGR5J3MgZ29uZSEKVm9jw6ogcG9kZSBtZSBhanVkYXIgYSBlbmNvbnRyYXIgbWV1CnBhcGFpLCBwb3IgZmF2b3I/IEV1IHRlbmhvIHF1ZQpkZSBlbmNvbnRyw6EtbG8gYWdvcmEhIEgtQ29ycmFtIQ==,,W1RvcnB5XQpeMzMzMzMzKlNvbGxvemEuKl4wMDAwMDAgwqFQYXDDoSBubyBlc3TDoSEKwr9NZSBheXVkYXLDrWFzIGEgZW5jb250cmFyCmEgbWkgcGFww6EsIHBvciBmYXZvcj8gwqFUZW5nbwpxdWUgZW5jb250cmFybG8sIHkgcsOhcGlkbyE=
+uwEAQ,,W1RvcnB5XQpXYWFhaH4hCkkgaGF2ZSB0byBmaW5kCm15IERhZGR5ISBEYWRkeS4uLiEKV2hlcmUgYXJlIHlvb29vb3U/IQ==,,,,,W1RvcnB5XQpXYWFhaH4hCkV1IHRlbmhvIHF1ZSBlbmNvbnRyYXIKbWV1IHBhcGFpISBQYXBhaS4uLiEKT25kZSB2b2PDqiBlc3TDoT8h,,W1RvcnB5XQrCoUJ1YWFhYWEhCsKhVGVuZ28gcXVlIGVuY29udHJhcgphIG1pIHBhcMOhISDCoVBhcMOhw6HDocOhIQrCocK/RMOzbmRlIGVzdMOhcz8h
++wEAQ,,VG9ycHkncyBNb20=,,,,,QSBtw6NlIGRlIFRvcnB5,,TWFtw6EgZGUgVG9ycHk=
/OwEAQ,,W1RvcnB5J3MgTW9tXQpXaGVyZSBkaWQgaGUgZ28gdGhpcyB0aW1lPyEKSWYgbXkgaHVzYmFuZCBkb2Vzbid0IGhhdmUKYSBnb29kIGV4Y3VzZSBmb3Igbm90IGNvbWluZwpob21lLCB0aGVuIGhlIGJldHRlciBjb21lCnVwIHdpdGggb25lIG9yIGhlJ2xsIGJlIHNvcnJ5IQ==,,,,,W03Do2UgZG8gVG9ycHldCk9uZGUgZWxlIGZvaSBkZXNzYSB2ZXo/IQpTZSBtZXUgbWFyaWRvIG7Do28gdGl2ZXIKdW1hIGJvYSBkZXNjdWxwYSBwYXJhIG7Do28gdm9sdGFyCnBhcmEgbsOjbyB2b2x0YXIgcGFyYSBjYXNhLCBlbnTDo28gw6kgbWVsaG9yIGVsZQpvdSB2YWkgc2UgYXJyZXBlbmRlciE=,,W01hbcOhIGRlIFRvcnB5XQrCocK/RMOzbmRlIHNlIGZ1ZSBlc3RhIHZlej8hCk3DoXMgbGUgdmFsZSBhIG1pIG1hcmlkbyB0ZW5lcgp1bmEgYnVlbmEgZXhjdXNhIHBhcmEgbm8gaGFiZXIKdnVlbHRvIGEgY2FzYSwKwqFvIHNlIGFycmVwZW50aXLDoSE=
/ewEAQ,,W1RvcnB5J3MgTW9tXQpIbW0/IE9oLCB5b3UgdGFsa2VkIHRvCm15IGxpdHRsZSBUb3JweT8gSGUgdGhpbmtzIGhpcwpmYXRoZXIgYW5kIEkganVzdCB2YW5pc2hlZD8KT2gsIEknbSBzbyBzb3JyeSwgSSB0aGluayB0aGVyZSdzIGJlZW4gc29tZSBtaXN1bmRlcnN0YW5kaW5nIQ==,,,,,W03Do2UgZGUgVG9ycHldCkhtbT8gT2gsIHZvY8OqIGNvbnZlcnNvdSBjb20KbWV1IHBlcXVlbm8gVG9ycHk/IEVsZSBhY2hhIHF1ZSBzZXUKcGFpIGUgZXUgc2ltcGxlc21lbnRlIHN1bWltb3M/Ck9oLCBzaW50byBtdWl0bywgYWNobyBxdWUgaG91dmUgdW0gbWFsLWVudGVuZGlkbyE=,,W01hbcOhIGRlIFRvcnB5XQrCv01tbT8gQWgsIMK/aGFibGFzdGUgY29uCm1pIHBlcXVlw7FvIFRvcnB5PyDCv1kgY3JlZSBxdWUgc3UKcGFkcmUgeSB5byBkZXNhcGFyZWNpbW9zPwpBeSwgbm8gc2FiZXMgY3XDoW50byBsbyBzaWVudG87IGVzdG8gbm8gZXMgbcOhcyBxdWUgdW4gbWFsZW50ZW5kaWRvLg==
/uwEAQ,,W1RvcnB5J3MgTW9tXQpBbHRob3VnaCBUb3JweSdzIGZhdGhlciBoYXMKYmVlbiBtaXNzaW5nIGZvciBhIGxpdHRsZQp3aGlsZSwgSSBqdXN0IHN0ZXBwZWQgb3V0IG9mCnRoZSBob3VzZSB0aGlzIG1vcm5pbmcuIFNvCkkgaGF2ZW4ndCBldmVuIGJlZW4gZ29uZSBmb3IKYSBmZXcgaG91cnMsIG11Y2ggbGVzcyBhIGRheS4=,,,,,W03Do2UgZGUgVG9ycHldCkVtYm9yYSBvIHBhaSBkZSBUb3JweSB0ZW5oYQplc3RlamEgZGVzYXBhcmVjaWRvIGjDoSB1bSBwb3Vjbwp0ZW1wbywgYWNhYmVpIGRlIHNhaXIgZGUKY2FzYSBlc3RhIG1hbmjDoy4gUG9ydGFudG8KbmVtIHNlcXVlciBlc3RpdmUgZm9yYSBwb3IKYWxndW1hcyBob3JhcywgbXVpdG8gbWVub3MgcG9yIHVtIGRpYS4=,,W01hbcOhIGRlIFRvcnB5XQpFbCBwYWRyZSBkZSBUb3JweQpkZXNhcGFyZWNpw7MgcG9yCnVuIHRpZW1wbywgcGVybyB5byBzb2xvIHNhbMOtIApkZSBjYXNhIGVzdGEgbWHDsWFuYS4gTm8KbGxldm8gbmkgdW4gcGFyIGRlIGhvcmFzCmZ1ZXJhIGRlIGNhc2EsIG11Y2hvIG1lbm9zIHVuIGTDrWEgZW50ZXJvLg==
/+wEAQ,,W1RvcnB5J3MgTW9tXQpZb3Ugc2VlLCBteSBodXNiYW5kIGlzCmEgaHVudGVyLCBzbyBpdCdzIHVzdWFsIGZvciBoaW0Kbm90IHRvIGNvbWUgaG9tZSBmb3IgYSBmZXcKZGF5cy4gU3RpbGwsIGhlJ3MgbmV2ZXIgYmVlbgpnb25lIGZvciB0aGlzIGxvbmcgYmVmb3JlLApzbyBJJ3ZlIGJlZW4gbG9va2luZyBmb3IgaGltLi4u,,,,,W03Do2UgZGUgVG9ycHldClZlamEsIG1ldSBtYXJpZG8gw6kKdW0gY2HDp2Fkb3IsIHBvciBpc3NvIMOpIGNvbXVtIHF1ZSBlbGUKbsOjbyB2b2x0YXIgcGFyYSBjYXNhIHBvciBhbGd1bnMKZGlhcy4gTWVzbW8gYXNzaW0sIGVsZSBudW5jYSBmaWNvdQpmaWNvdSBmb3JhIHBvciB0YW50byB0ZW1wbyBhbnRlcywKcG9yIGlzc28gZXN0b3UgcHJvY3VyYW5kbyBwb3IgZWxlLi4u,,W01hbcOhIGRlIFRvcnB5XQpWZXLDoXMsIG1pIG1hcmlkbyBlcwpjYXphZG9yLCBhc8OtIHF1ZSBzdWVsZSBhdXNlbnRhcnNlCmRlIGNhc2EgZHVyYW50ZQpkw61hcy4gQXVuIGFzw60sIG51bmNhIGFudGVzIHNlIGhhYsOtYQppZG8gZHVyYW50ZSB1biB0aWVtcG8gdGFuIGxhcmdvLAphc8OtIHF1ZSBsbyBlc3R1dmUgYnVzY2FuZG8uLi4=
AO0EAQ,,W1RvcnB5J3MgTW9tXQpJJ3ZlIGJlZW4gZ2V0dGluZyBhIGxpdHRsZQp3b3JyaWVkIG15c2VsZiwgaG9uZXN0bHkuCkhlJ3Mgbm90IGluIGFueSBvZiBoaXMgdXN1YWwKaHVudGluZyBncm91bmRzLiBIb3BlZnVsbHksCmlmIEkgd2FpdCBoZXJlIGxvbmcgZW5vdWdoLApoZSdsbCBzaG93IHVwIHNvb25lciBvciBsYXRlci4=,,,,,W03Do2UgZGUgVG9ycHldCkV1IGVzdGF2YSBmaWNhbmRvIHVtIHBvdWNvCnByZW9jdXBhZGEsIHBhcmEgc2VyIHNpbmNlcmEuCkVsZSBuw6NvIGVzdMOhIGVtIG5lbmh1bSBkZSBzZXVzCmhhYml0dWFsIGRlIGNhw6dhLiBFc3Blcm8gcXVlIHNpbSwKc2UgZXUgZXNwZXJhciBhcXVpIHRlbXBvIHN1ZmljaWVudGUsCmVsZSBhcGFyZWNlcsOhIG1haXMgY2VkbyBvdSBtYWlzIHRhcmRlLg==,,W01hbcOhIGRlIFRvcnB5XQpQYXJhIHNlciBzaW5jZXJhLCBsbGVndcOpIAphIHByZW9jdXBhcm1lIHVuIHBvY28uCk5vIGVzdMOhIGVuIG5pbmd1bm8gZGUgc3VzCnNpdGlvcyBkZSBjYXphIGhhYml0dWFsZXMuIFRlbmdvIGxhIGVzcGVyYW56YQpkZSBxdWUsIHNpIGVzcGVybyBhY8OhIGxvIHN1ZmljaWVudGUsCmxvIHZlcsOpIHRhcmRlIG8gdGVtcHJhbm8u
Ae0EAQ,,W1RvcnB5J3MgTW9tXQpJZiBoZSBkb2Vzbid0IHNob3cgdXAKdG9kYXksIEkgYmV0dGVyIHNlYXJjaApmb3IgaGltIGluc2lkZSB0b3duLiBNYXliZQpoZSdzIGhpZGluZyBzb21ld2hlcmUsCmxpa2UgYXQgaGlzIGZyaWVuZCdzIGhvdXNlLgpXaHkgaXMgbGlrZSBhbHdheXMgbGlrZSB0aGlzPw==,,,,,W03Do2UgZG8gVG9ycHldClNlIGVsZSBuw6NvIGFwYXJlY2VyCmhvamUsIMOpIG1lbGhvciBldSBwcm9jdXJhcgpwcm9jdXLDoS1sbyBuYSBjaWRhZGUuIFRhbHZlegplbGUgZXN0ZWphIGVzY29uZGlkbyBlbSBhbGd1bSBsdWdhciwKY29tbyBuYSBjYXNhIGRlIHVtIGFtaWdvLgpQb3IgcXVlIGVsZSDDqSBzZW1wcmUgYXNzaW0/,,W01hbcOhIGRlIFRvcnB5XQpTaSBubyBhcGFyZWNlCmhveSwgdm9sdmVyw6kgYSBidXNjYXJsbwplbiBsYSBjaXVkYWQuIFF1aXrDoSAKZXN0w6kgZXNjb25kaWRvIGVuIGFsZ3VuYSBwYXJ0ZSwKY29tbyBlbiBsYSBjYXNhIGRlIHVuIGFtaWdvLgrCv1BvciBxdcOpIHNpZW1wcmUgbm9zIGhhY2UgZXN0bz8=
Au0EAQ,,W1RvcnB5J3MgTW9tXQpMaXN0ZW4sIHdvdWxkIHlvdSBwbGVhc2UKdGVsbCBteSBzb24gVG9ycHkgdGhhdCBJJ20KZmluZSBhbmQgd2lsbCBiZSBjb21pbmcgYmFjawpob21lIHNvb24/IEFsc28sIGlmIHlvdSBzZWUKbXkgaHVzYmFuZCBpbnNpZGUgdG93biwgdGVsbApoaW0gdGhhdCBoZSBiZXR0ZXIgY29tZSBob21lIQ==,,,,,W03Do2UgZGUgVG9ycHldCk91w6dhLCB2b2PDqiBwb2RlcmlhLCBwb3IgZmF2b3IKZGl6ZXIgYW8gbWV1IGZpbGhvIFRvcnB5IHF1ZSBlc3RvdQpiZW0gZSBxdWUgdm9sdGFyZWkgcGFyYSBjYXNhCnBhcmEgY2FzYSBlbSBicmV2ZT8gQWzDqW0gZGlzc28sIHNlIHZvY8OqIHZpcgptZXUgbWFyaWRvIG5hIGNpZGFkZSwgZGlnYSBhIGVsZQpxdWUgw6kgbWVsaG9yIGVsZSB2b2x0YXIgcGFyYSBjYXNhIQ==,,W01hbcOhIGRlIFRvcnB5XQrCv1BvZHLDrWFzIGlyIGEgdmVyIGEKbWkgaGlqbyBUb3JweSB5IGRlY2lybGUgcXVlIGVzdG95CmJpZW4geSB2b2x2ZXLDqSBwcm9udG8KYSBjYXNhPyBZIHNpIHRlIGVuY3VlbnRyYXMKY29uIG1pIG1hcmlkbyBlbiBsYSBjaXVkYWQsIMKhZGlsZQpxdWUgbcOhcyB2YWxlIHF1ZSB2dWVsdmEgYSBjYXNhIQ==
A+0EAQ,,W1RvcnB5J3MgTW9tXQpXaGF0PyEgSGUgd2FzIGhpZGluZwppbnNpZGUgYSBiYXJyZWwgdGhpcwplbnRpcmUgdGltZT8hIE9oLCBuby4KSSdtIHNvcnJ5LCBteSBodXNiYW5kIGhhcwpjYXVzZWQgeW91IHNvIG11Y2ggdHJvdWJsZS4=,,,,,W03Do2UgZG8gVG9ycHldCk8gcXXDqj8hIEVsZSBlc3RhdmEgc2UgZXNjb25kZW5kbwpkZW50cm8gZGUgdW0gYmFycmlsIGVzc2UKbyB0ZW1wbyB0b2RvPyEgT2gsIG7Do28uCkRlc2N1bHBlLW1lLCBtZXUgbWFyaWRvCmxoZSBjYXVzYWRvIHRhbnRvcyBwcm9ibGVtYXMu,,W01hbcOhIGRlIFRvcnB5XQrCv1FVw4k/IMKhwr9RdWUgZXN0dXZvIGVzY29uZGlkbwpkZW50cm8gZGUgdW4gYmFycmlsCnRvZG8gZXN0ZSB0aWVtcG8/ISBBeSwgbm8uLi4KU2llbnRvIG11Y2hvIHF1ZSBtaSBtYXJpZG8KdGUgaGF5YSBjYXVzYWRvIHRhbnRvcyBwcm9ibGVtYXMu
BO0EAQ,,W1RvcnB5J3MgTW9tXQpJIHJlYWxseSBhcHByZWNpYXRlCmV2ZXJ5dGhpbmcgeW91J3ZlIGRvbmUKdG8gaGVscCB1cyBmaW5kIGhpbS4gSSBrbm93Cml0J3Mgbm90IG11Y2gsIGJ1dCBJIGhvcGUKeW91IGFjY2VwdCB0aGlzIGFzIG91ciB0aGFua3MuCkdvb2RieWUgZm9yIG5vdywgYWR2ZW50dXJlcn4=,,,,,W03Do2UgZGUgVG9ycHldCkV1IHJlYWxtZW50ZSBhZ3JhZGXDp28KdHVkbyBvIHF1ZSB2b2PDqiBmZXoKcGFyYSBub3MgYWp1ZGFyIGEgZW5jb250csOhLWxvLiBFdSBzZWkgcXVlCnF1ZSBuw6NvIMOpIG11aXRvLCBtYXMgZXNwZXJvIHF1ZQpxdWUgdm9jw6ogYWNlaXRlIGlzc28gY29tbyBub3NzbyBhZ3JhZGVjaW1lbnRvLgpBZGV1cyBwb3IgZW5xdWFudG8sIGF2ZW50dXJlaXJvfg==,,W01hbcOhIGRlIFRvcnB5XQpBZ3JhZGV6Y28gc2luY2VyYW1lbnRlCnRvZG8gbG8gcXVlIGhpY2lzdGUKcGFyYSBheXVkYXJub3MgYSBlbmNvbnRyYXJsby4gU8OpIHF1ZQpubyBlcyBtdWNobywgcGVybyBlc3Blcm8KcXVlIHB1ZWRhcyBhY2VwdGFyIGVzdG8gY29tbyBtdWVzdHJhIGRlIG51ZXN0cmEgZ3JhdGl0dWQuCkhhc3RhIGxhIHByw7N4aW1hLCB0cm90YW11bmRvcy4=
Be0EAQ,,W1RvcnB5J3MgTW9tXQpTb21ldGltZXMgSSB3b25kZXIgaWYKVG9ycHkgaXMgdG9vIG1hdHVyZSBmb3IKaGlzIGFnZSwgb3IgaWYgbXkgaHVzYmFuZAppcyB0b28gaW1tYXR1cmUuIEluIGEgc3RyYW5nZQp3YXksIHRob3NlIHR3byByZWFsbHkgdGFrZQphZnRlciBlYWNoIG90aGVyLiBPaCwgd2VsbC4uLg==,,,,,W03Do2UgZGUgVG9ycHldCsOAcyB2ZXplcyBtZSBwZXJndW50byBzZQpUb3JweSDDqSBtdWl0byBtYWR1cm8gcGFyYQpzdWEgaWRhZGUsIG91IHNlIG1ldSBtYXJpZG8Kw6kgaW1hdHVybyBkZW1haXMuIERlIHVtIGplaXRvIGVzdHJhbmhvCm1hbmVpcmEsIGVzc2VzIGRvaXMgcmVhbG1lbnRlIHNlIHBhcmVjZW0KdW0gY29tIG8gb3V0cm8uIEFoLCBiZW0uLi4=,,W01hbcOhIGRlIFRvcnB5XQpBIHZlY2VzIG5vIHPDqSBzaQpUb3JweSBlcyBkZW1hc2lhZG8gbWFkdXJvIHBhcmEKc3UgZWRhZCwgbyBtaSBtYXJpZG8KZGVtYXNpYWRvIGlubWFkdXJvIHBhcmEgbGEgc3V5YS4gRGUgYWxndW5hIGZvcm1hLApzZSBwYXJlY2VuIGJhc3RhbnRlCmVsIHVubyBhbCBvdHJvLiBFbiBmaW4uLi4=
Bu0EAQ,,W1RvcnB5J3MgTW9tXQpXaGVuIGlzIHRoYXQgaHVzYmFuZApvZiBtaW5lIGdvaW5nIHRvIGNvbWUKb3V0IG9mIHRoYXQgYmFycmVsPyBIZQpkaWRuJ3QgbWFrZSBhbm90aGVyIHdlaXJkCmJldCB3aXRoIFRvcnB5LCBkaWQgaGU/IE9oLAp0aGUgdHJvdWJsZSB3aXRoIHRob3NlIHR3by4uLg==,,,,,W03Do2UgZGUgVG9ycHldClF1YW5kbyDDqSBxdWUgYXF1ZWxlIG1ldSBtYXJpZG8KbWV1IG1hcmlkbyB2YWkgc2FpcgpkYXF1ZWxlIGJhcnJpbD8gRWxlCm7Do28gZmV6IG91dHJhIGFwb3N0YSBlc3RyYW5oYQphcG9zdGEgY29tIG8gVG9ycHksIGZlej8gQWgsCm8gcHJvYmxlbWEgY29tIGVzc2VzIGRvaXMuLi4=,,W01hbcOhIGRlIFRvcnB5XQrCv0N1w6FuZG8gc2Ugc3Vwb25lCnF1ZSB2YSBhIHNhbGlyIGRlbCBiYXJyaWwKZXNlIG1hcmlkbyBtw61vPyBObyBtZQpkaWdhcyBxdWUgaGl6byBvdHJhIGFwdWVzdGEKcmFyYSBjb24gVG9ycHkuLi4gQXksCmVzb3MgY2hpY29zIHNvbiB1biBwcm9ibGVtYS4=
B+0EAQ,,U3VzcGljaW91cyBCYXJyZWw=,,,,,QmFycmlsIHN1c3BlaXRv,,QmFycmlsIHNvc3BlY2hvc28=
CO0EAQ,,W1N0cmFuZ2UgTWFuXQpTby4uLiBodW4uLi5ncnkuLi4KRi1mb29kLi4uIEdpdmUgbWUuLi4KRi1mb29kLi4uIE11c3QuLi4gcmVwbGVuaXNoLi4uCmgtaGVhbHRoLi4uIHdpdGguLi4gU3RlYW1lZC4uLgpDcmFiLi4uIE5pcHBlcnMuLi4gUGxlYXNlLi4u,,,,,W0hvbWVtIEVzdHJhbmhvXQpFbnTDo28uLi4gaHVuLi4uIGdyeS4uLgpGLWZvb2QuLi4gTWUgZMOqLi4uCkYtZm9vZC4uLiBEZXZvLi4uIHJlYWJhc3RlY2VyLi4uCmgtc2HDumRlLi4uIGNvbS4uLiBDYXJhbmd1ZWpvLi4uCkNhcmFuZ3Vlam8uLi4gTmlwcGVycy4uLiBQb3IgZmF2b3IuLi4=,,W0hvbWJyZSBleHRyYcOxb10KVGVuZ28uLi4gdGFudGEuLi4gaGFtYnJlLi4uCkMtY29taWRhLi4uIE5lY2VzaXRvLi4uCkMtY29taWRhLi4uIERlYm8uLi4gcmVwb25lci4uLgptaXMgZW5lcmfDrWFzLi4uIGNvbiBwaW56YXMuLi4KZGUgY2FuZ3Jlam8uLi4gYWwgdmFwb3IuLi4gUG9yIGZhdm9yLg==
Ce0EAQ,,XjMzNTVGRkl0IHNvdW5kcyBsaWtlCnRoaXMgYmFycmVsIHdhbnRzClN0ZWFtZWQgQ3JhYiBOaXBwZXJzLl4wMDAwMDA=,,,,,XjMzNTVGRlBhcmVjZSBxdWUKZXN0ZSBiYXJyaWwgcXVlcgpDYXJhbmd1ZWpvIGNvemlkbyBubyB2YXBvci5eMDAwMDAw,,XjMzNTVGRkFsZ28gbWUgZGljZQpxdWUgZXN0ZSBiYXJyaWwgcXVpZXJlIGNvbWVyCnBpbnphcyBkZSBjYW5ncmVqbyBhbCB2YXBvci5eMDAwMDAw
Cu0EAQ,,SSdsbCBicmluZyB5b3UgU3RlYW1lZCBDcmFiIE5pcHBlcnMu,,,,,RXUgbGhlIHRyYXJlaSBOaXBwZXJzIGRlIGNhcmFuZ3Vlam8gY296aWRvcyBubyB2YXBvci4=,,VGUgdHJhZXLDqSB0dXMgcGluemFzIGRlIGNhbmdyZWpvIGFsIHZhcG9yLg==
C+0EAQ,,W1N0cmFuZ2UgTWFuXQpQbGVhc2UuLi4gY29vayBtZS4uLgpTdGVhbWVkLi4uIENyYWIgTmlwcGVycy4uLiEKWW91Li4uIG4tbmVlZC4uLi4gMTAgR3JlZW4KSGVyYnMuLi4gMSBZZWxsb3cgUG90aW9ucy4uLgphbmQgMTAuLi4gTi1OaXBwZXJzLi4uIHRvCmMtY29vayB0aC10aGVtLiBVZ2guLi4=,,,,,W0hvbWVtIGVzdHJhbmhvXQpQb3IgZmF2b3IuLi4gbWUgY296aW5oZS4uLgpjb3ppZG8gbm8gdmFwb3IuLi4gTmlwcGVycyBkZSBjYXJhbmd1ZWpvLi4uIQpWb2PDqi4uLiBuLW5lZWQuLi4uIDEwIFZlcmRlCkVydmFzLi4uIDEgWWVsbG93IFBvdGlvbnMuLi4KZSAxMC4uLiBOLU5pcHBlcnMuLi4gcGFyYQpjLWNvemluaMOhLWxvcy4gVWdoLi4u,,W0hvbWJyZSBleHRyYcOxb10KUG9yIGZhdm9yLi4uLCBjb2PDrW5hbWUuLi4KVW5hcyBwaW56YXMuLi4gZGUgY2FuZ3Jlam8uLi4gYWwgdmFwb3IhCk5lLW5lY2VzaXRhcy4uLiAxMCBIaWVyYmFzCnZlcmRlcy4uLiwgMSBQb2Npw7NuIGFtYXJpbGxhLi4uCnkgMTAuLi4gUGluemFzLi4uCkNvLi4uIENvY8OtbmFtZWxhcy4uLiBBeS4uLg==
DO0EAQ,,W3swfV0KSG9sZCBvbiwKSSBoYXZlIHRvIGNvb2sKdGhlbSBmb3IgeW91PyE=,,,,,W3swfV0KRXNwZXJlIHVtIHBvdWNvLApFdSB0ZW5obyBxdWUgY296aW5oYXIKcGFyYSB2b2PDqj8h,,W3swfV0KVW4gbW9tZW50bywKwqHCv3RlIGxhcyB0ZW5nbwpxdWUgY29jaW5hciB5bz8h
De0EAQ,,W1N0cmFuZ2UgTWFuXQpZLXllcy4uLgpJdCdzLi4uIEl0J3MgdGhlCm8tb25seS4uLiBwb3NzaWJsZS4uLgpXYXkuLi4gUC1wbGVhc2UgaGVscC4uLg==,,,,,W0hvbWVtIGVzdHJhbmhvXQpTaW0uLi4Kw4kuLi4gw4kgbwpvLcO6bmljby4uLiBwb3Nzw612ZWwuLi4KcG9zc8OtdmVsLi4uIFAtcG9yIGZhdm9yLCBhanVkZS4uLg==,,W0hvbWJyZSBleHRyYcOxb10KUy1zw60uLi4KTm8gaGF5Li4uIE5vIGhheS4uLgpvdHJhLi4uCsKhb3BjacOzbiEgUG9yLXBvciBmYXZvciwgYXnDumRhbWUuLi4=
Du0EAQ,,W1N0cmFuZ2UgTWFuXQpELWRvbid0Li4uIGxlYXZlLi4uCm1lLi4uIEhlcmUuLi4gVGgtdGhlLi4uCmh1bmdlci4uLiEgSXQuLi4gSXQgY2FuJ3QuLi4KSXQgYy1jYW4ndCBiZS4uLiBkLWRlbmllZCE=,,,,,W0hvbWVtIGVzdHJhbmhvXQpELW7Do28uLi4gZGVpeGUuLi4KZXUuLi4gQXF1aS4uLiBBLi4uCmZvbWUuLi4hIElzc28uLi4gTsOjbyBwb2RlLi4uCk7Do28gcG9kZSBzZXIuLi4gbmVnYWRhIQ==,,W0hvbWJyZSBleHRyYcOxb10KTm8gbWUuLi4gZGVqZXMuLi4KYXF1w60uLi4gwqFhc8OtLi4uISBUYW50YS4uLgrCoVRhbnRhIGhhbWJyZSEgRXMuLi4gRXMuLi4KwqFJbmNvbnRlbmlibGUh
D+0EAQ,,W3swfV0KV2VpcmRvISBXaHkgZG9uJ3QgeW91CmdldCBvdXQgb2YgdGhhdCBiYXJyZWwsCmFuZCBnZXQgeW91ciBTdGVhbWVkCkNyYWIgTmlwcGVycyB5b3Vyc2VsZj8h,,,,,W3swfV0KRXNxdWlzaXRvISBQb3IgcXVlIHZvY8OqIG7Do28Kc2FpIGRlc3NlIGJhcnJpbCwKZSBwZWdhIHNldSBjYXJhbmd1ZWpvIGNvemlkbyBubyB2YXBvcj8KTmlwcGVycyBkZSBjYXJhbmd1ZWpvIG5vIHZhcG9yPyE=,,W3swfV0KwqFRdcOpIGJpY2hvIHJhcm8hIMKhwr9Qb3IgcXXDqSBtZWpvciBubwpzYWxlcyBkZSBlc2UgYmFycmlsCnkgY29uc2lndWVzIHTDuiBtaXNtbwp0dXMgcGluemFzIGRlIGNhbmdyZWpvIGFsIHZhcG9yPyE=
EO0EAQ,,W1N0cmFuZ2UgTWFuXQpUaC10aGF0Li4uIHRhbnRhbGl6aW5nLi4uCnNjZW50Li4uIEl0J3MgUy1TdGVhbWVkLi4uCkNyYWIuLi4gTmlwcGVycy4uLiBPaCBHb2QuLi4KSXQncyBiLWJlZW4gc28uLi4gbC1sb25nLi4uCkctR2l2ZSBtZSEgRy1HaXZlIG1lIG5vdyE=,,,,,W0hvbWVtIGVzdHJhbmhvXQpBcXVlbGUuLi4gdGVudGFkb3IuLi4KY2hlaXJvLi4uIMOJIGNhcmFuZ3Vlam8gY296aWRvIG5vIHZhcG9yLi4uCkNhcmFuZ3Vlam8uLi4gTmlwcGVycy4uLiBPaCwgRGV1cy4uLgpKw6EgZmF6IHRhbnRvIHRlbXBvLi4uIG11aXRvIHRlbXBvLi4uCkctRMOqLW1lISBNZSBkw6ogYWdvcmEh,,W0hvbWJyZSBleHRyYcOxb10KRXNlLi4uIGluY29uZnVuZGlibGUKYXJvbWEuLi4gUy1zb24gcGluemFzCmRlIGNhbmdyZWpvLi4uIGFsIHZhcG9yLi4uIEF5IGRlIG3DrS4uLgpQYXPDsy4uLiB0YW4tdGFudG8gdGllbXBvLi4uCsKhRC1kw6FtZWxhcyEgwqFMYXMgbi1uZWNlc2l0byBhaG9yYSE=
Ee0EAQ,,XjMzNTVGRllvdSBkdW1wZWQgdGhlClN0ZWFtZWQgQ3JhYiBOaXBwZXJzCmludG8gdGhlIGJhcnJlbCB3aGVyZQppdCB3YXMgcXVpY2tseSBkZXZvdXJlZC5eMDAwMDAw,,,,,XjMzNTVGRlZvY8OqIGpvZ291IGZvcmEgbwpOaXBwZXJzIGRlIGNhcmFuZ3Vlam8gbm8gdmFwb3IKbm8gYmFycmlsLCBvbmRlIGZvaSByYXBpZGFtZW50ZSBkZXZvcmFkby4KZWxlIGZvaSByYXBpZGFtZW50ZSBkZXZvcmFkby5eMDAwMDAw,,XjMzNTVGRkxhbnphcyBsYXMKUGluemFzIGRlIGNhbmdyZWpvIGFsIHZhcG9yCmRlbnRybyBkZWwgYmFycmlsIHkgZXNjdWNoYXMKcnVpZG9zIGRlIHF1ZSBhbGd1aWVuIGxhcyBjb21lIHZvcmF6bWVudGUuXjAwMDAwMA==
Eu0EAQ,,W1N0cmFuZ2UgTWFuXQpIYSBoYSBoYSEKQmFjayBpbiB0aGUgZ2FtZSwgYmFieSEKTWFuLCBpdCdzIGJlZW4sIGFib3V0IHdoYXQsCjMgZGF5cyBzaW5jZSBJIGxhc3QgYXRlPwpJdCdzIGdvb2QgdG8gYmUgYWxpdmUh,,,,,W0hvbWVtIGVzdHJhbmhvXQpIYSBoYSBoYSEKRGUgdm9sdGEgYW8gam9nbywgYmFieSEKQ2FyYSwgasOhIGZheiBvIHF1w6osCjMgZGlhcyBkZXNkZSBhIMO6bHRpbWEgdmV6IHF1ZSBjb21pPwrDiSBib20gZXN0YXIgdml2byE=,,W0hvbWJyZSBleHRyYcOxb10KwqFKYSwgamEsIGphIQrCoVJlY3VwZXJhZG8gcGFyYSBsYSBzZWd1bmRhIHZ1ZWx0YSEKR3VhdSwgaGFuIHBhc2FkbywgcXXDqSwgwr90cmVzIGTDrWFzIGRlc2RlIGxhIMO6bHRpbWEgdmV6IHF1ZSBjb23DrT8KwqFTZSBzaWVudGUgYmllbiBlc3RhciB2aXZvIQ==
E+0EAQ,,XjMzNTVGRkZvciBub3csIHlvdSBzaG91bGQKdGVsbCBUb3JweSBhbmQgaGlzIG1vbQp3aGVyZSBUb3JweSdzIGZhdGhlciBpcwpoaWRpbmcgc28gdGhleSB3b24ndAp3b3JyeSBhYm91dCBoaW0gc28gbXVjaC4=,,,,,XjMzNTVGRlBvciBlbnF1YW50bywgdm9jw6ogZGV2ZQpkaXplciBhbyBUb3JweSBlIMOgIG3Do2UgZGVsZQpvbmRlIG8gcGFpIGRlIFRvcnB5IGVzdMOhCmVzY29uZGlkbyBwYXJhIHF1ZSBlbGVzIG7Do28Kc2UgcHJlb2N1cGFyIHRhbnRvIGNvbSBlbGUu,,XjMzNTVGRlNlcsOhIG1lam9yIHF1ZQpsZXMgaW5mb3JtZXMgYSBUb3JweSB5IGEgc3UgbWFkcmUKZMOzbmRlIHNlIGVzdMOhIGVzY29uZGllbmRvIGVsIHBhZHJlCmRlIFRvcnB5IHBhcmEgcXVlIGRlamVuCmRlIHByZW9jdXBhcnNlIHRhbnRvLg==
FO0EAQ,,XjgwMDA4MFRvcnB5J3MgbW9tIG1pZ2h0IHdhbnQgdG8ga25vdyBhYm91dF4wMDAwMDAKXjgwMDA4MHRoaXMgZXh0cmFvcmRpbmFyeSBiYXJyZWwuXjAwMDAwMA==,,,,,XjgwMDA4MEEgbcOjZSBkbyBUb3JweSB0YWx2ZXogcXVlaXJhIHNhYmVyIHNvYnJlXjAwMDAwMApeODAwMDgwZXN0ZSBleHRyYW9yZGluw6FyaW8gYmFycmlsLl4wMDAwMDA=,,XjgwMDA4MFByb2JhYmxlbWVudGUsIGEgbGEgbWFkcmUgZGUgVG9ycHkgbGUgaW50ZXJlc2Ugc2FiZXJeMDAwMDAwCl44MDAwODBzb2JyZSBlc3RlIGN1cmlvc28gYmFycmlsLl4wMDAwMDA=
Fe0EAQ,,XjgwMDA4MEhvdyBsb25nIGRvZXMgVG9ycHkncyBmYXRoZXIgcGxhbiB0byBzdGF5IHdpdGhpbiB0aGUgYmFycmVsP14wMDAwMDA=,,,,,XjgwMDA4MFBvciBxdWFudG8gdGVtcG8gbyBwYWkgZGUgVG9ycHkgcGxhbmVqYSBmaWNhciBkZW50cm8gZG8gYmFycmlsP14wMDAwMDA=,,XjgwMDA4MMK/Q3XDoW50byB0aWVtcG8gcGllbnNhIHBlcm1hbmVjZXIgZWwgcGFkcmUgZGUgVG9ycHkgZGVudHJvIGRlbCBiYXJyaWw/XjAwMDAwMA==
Fu0EAQ,,XjgwMDA4MFRoYXQgYmFycmVsIHdpbGwgYmVjb21lIGEgc3ltYm9saWMgb2JqZWN0XjAwMDAwMApeODAwMDgwdGhhdCBwYXlzIHRyaWJ1dGUgdG8gdGhlIGZpcm0gd2lsbCBvZiBUb3JweSdzIGZhdGhlcl4wMDAwMDAKXjgwMDA4MHdobyBpcyB0cnlpbmcgaGFyZCB0byBhdm9pZCBrZWVwaW5nIHRoZSBwcm9taXNlIHdpdGggaGlzIHNvbiB0byBmaW5kIGhpcyB3aWZlLl4wMDAwMDA=,,,,,e0Vzc2UgYmFycmlsIHNlIHRvcm5hcsOhIHVtIG9iamV0byBzaW1iw7NsaWNvXjAwMDAwMApeODAwMDgwIHF1ZSBwcmVzdGEgaG9tZW5hZ2VtIMOgIGZpcm1lIHZvbnRhZGUgZG8gcGFpIGRlIFRvcnB5XjAwMDAwMApeODAwMDgwcXVlIGVzdMOhIHNlIGVzZm9yw6dhbmRvIHBhcmEgbsOjbyBjdW1wcmlyIGEgcHJvbWVzc2EgZmVpdGEgYW8gZmlsaG8gZGUgZW5jb250cmFyIHN1YSBlc3Bvc2Eu,,XjgwMDA4MEVzdGUgYmFycmlsIHBhc2Fyw6EgYSBsYSBoaXN0b3JpYSBjb21vIHVuIHPDrW1ib2xvIGlubXV0YWJsZV4wMDAwMDAKXjgwMDA4MGRlIGxhIGltcGFzaWJsZSB5IGFjw6lycmltYSB2b2x1bnRhZCBkZWwgcGFkcmUgZGUgVG9ycHksXjAwMDAwMApeODAwMDgwcXVpZW4gaGFjZSB0b2RvIGxvIHBvc2libGUgcG9yIG5vIHRlbmVyIHF1ZSBjdW1wbGlyIGxhIHByb21lc2EgcXVlIGxlIGhpem8gYSBzdSBoaWpvIGRlIGVuY29udHJhcmxlIHVuYSBub3ZpYS5eMDAwMDAw
F+0EAQ,,XjgwMDA4MFlvdSBoZWFyIHNvbWV0aGluZyBidXN0bGluZyBmcm9tIHRoZSBob2xlIGluIHRoZSBiYXJyZWwuXjAwMDAwMApeODAwMDgwSG93ZXZlciwgaXQgZG9lc24ndCBzZWVtIHRvIGJlIGEgYmlnIGRlYWwuXjAwMDAwMA==,,,,,XjgwMDA4MFZvY8OqIG91dmUgYWxnbyBzZSBtb3ZpbWVudGFuZG8gcGVsbyBidXJhY28gbm8gYmFycmlsLl4wMDAwMDAKXjgwMDA4ME5vIGVudGFudG8sIGlzc28gbsOjbyBwYXJlY2Ugc2VyIGdyYW5kZSBjb2lzYS5eMDAwMDAw,,XjgwMDA4ME95ZXMgcXVlIGFsZ28gc2UgbXVldmUgZGVudHJvIGRlbCBiYXJyaWwsXjAwMDAwMApeODAwMDgwcGVybyB0ZSBwYXJlY2UgZGUgcG9jYSBpbXBvcnRhbmNpYSB5IHByb250byBzZSB0ZSBvbHZpZGEuXjAwMDAwMA==
GO0EAQ,,U3RyYW5nZSBNYW4=,,,,,SG9tZW0gZXN0cmFuaG8=,,SG9tYnJlIGV4dHJhw7Fv
Ge0EAQ,,W1N0cmFuZ2UgTWFuXQpBaGhoaC4uLiBUaGFua3MgZm9yCnRoZSBmcmVlIG1lYWwhIEl0IHdhcwpzbyBpbnZpZ29yYXRpbmchIFdlbGwsCkkgYmV0dGVyIGNsaW1iIGJhY2sKaW5zaWRlIHRoYXQgYmFycmVsLiBTZWUKeWEgcm91bmQsIGFkdmVudHVyZXJ+,,,,,W0hvbWVtIEVzdHJhbmhvXQpBaGhoaC4uLiBPYnJpZ2FkbyBwZWxhCnBlbGEgcmVmZWnDp8OjbyBncsOhdGlzISBGb2kKdMOjbyByZXZpZ29yYW50ZSEgQmVtLArDqSBtZWxob3IgZXUgdm9sdGFyCnBhcmEgZGVudHJvIGRhcXVlbGUgYmFycmlsLiBBdMOpIG1haXMKdm9jw6ogcG9yIGHDrSwgYXZlbnR1cmVpcm9+,,W0hvbWJyZSBleHRyYcOxb10KQWguLi4gwqFHcmFjaWFzIHBvcgpsYSBjb21pZGEgZ3JhdGlzISDCoU1lIHNpZW50bwpyZWJvc2FudGUgZGUgZW5lcmfDrWEhIEJ1ZW5vLApjcmVvIHF1ZSBzZXLDoSBtZWpvcgpxdWUgdnVlbHZhIGFsIGJhcnJpbC4gTm9zIHZlbW9zLAp0cm90YW11bmRvcy4=
Gu0EAQ,,W3swfV0KSG9sZCBpdCEKV2h5IGFyZSB5b3UgaGlkaW5nCmluc2lkZSB0aGF0IGJhcnJlbD8h,,,,,W3swfV0KRXNwZXJlIQpQb3IgcXVlIGVzdMOhIHNlIGVzY29uZGVuZG8KZGVudHJvIGRlc3NlIGJhcnJpbD8h,,W3swfV0KwqFVbiBtb21lbnRvIQrCv1BvciBxdcOpIHRlIGVzY29uZGVzCmRlbnRybyBkZSB1biBiYXJyaWw/
G+0EAQ,,W1N0cmFuZ2UgTWFuXQpIdWg/IE9oLCBJJ20ganVzdApwbGF5aW5nIEhpZGUtYW5kLVNlZWsKd2l0aCBteSBzb24sIHRoYXQncyBhbGwu,,,,,W0hvbWVtIGVzdHJhbmhvXQpPIHF1w6o/IE9oLCBldSBzw7MgZXN0b3UKYnJpbmNhbmRvIGRlIGVzY29uZGUtZXNjb25kZQpjb20gbWV1IGZpbGhvLCBzw7MgaXNzby4=,,W0hvbWJyZSBleHRyYcOxb10Kwr9FaD8gQWgsIHNvbG8gZXN0b3kKanVnYW5kbyBhIGxhcyBlc2NvbmRpZGFzCmNvbiBtaSBoaWpvLg==
HO0EAQ,,W3swfV0KQnV0IHlvdSBoYXZlbid0CmVhdGVuIGluIGRheXMhIFdhaXQsCmhvbGQgb24sIHlvdSB3b3VsZG4ndApoYXBwZW4gdG8gYmUgVG9ycHkncwpmYXRoZXIgbm93LCB3b3VsZCB5b3U/,,,,,W3swfV0KTWFzIHZvY8OqIG7Do28gdGVtCmNvbWUgaMOhIGRpYXMhIEVzcGVyZSwKZXNwZXJlLCB2b2PDqiBuw6NvIHNlcmlhCnBvciBhY2FzbyDDqSBvIHBhaSBkZSBUb3JweQpwYWkgZGUgVG9ycHksIG7Do28gw6k/,,W3swfV0KwqFQZXJvIHRlIHF1ZWRhc3RlCnNpbiBjb21lciBkdXJhbnRlIGTDrWFzISBVbiBtb21lbnRvLi4uClBvciB1bmEgZGUgZXNhcwpjYXN1YWxpZGFkZXMsIMK/ZXJlcyBlbCBwYWRyZQpkZSBUb3JweT8=
He0EAQ,,W1N0cmFuZ2UgTWFuXQpPaCwgeW91IHJhbiBpbnRvIG15IGJveT8KSGFzIGhlIGdpdmVuIHVwIG9uIG91cgpsaXR0bGUgd2FnZXIgeWV0PyBCZWNhdXNlCkknZCByZWFsbHkgaGF0ZSB0byBsb3NlLi4u,,,,,W0hvbWVtIGVzdHJhbmhvXQpPaCwgdm9jw6ogZW5jb250cm91IG1ldSBmaWxobz8KRWxlIGrDoSBkZXNpc3RpdSBkZSBub3NzYQpwZXF1ZW5hIGFwb3N0YT8gUG9ycXVlCkV1IHJlYWxtZW50ZSBvZGlhcmlhIHBlcmRlci4uLg==,,W0hvbWJyZSBleHRyYcOxb10KQWgsIGFzw60gcXVlIGNvbm9jaXN0ZSBhIG1pIHBlcXVlw7FvLgrCv1lhIHJlbnVuY2nDsyAKYSBsYSBhcHVlc3RhIHF1ZSBoaWNpbW9zPyBFc3Blcm8gcXVlIHPDrSwKcG9ycXVlIGVzdGFyw6kgZW4gcHJvYmxlbWFzIHNpIHBpZXJkby4uLg==
Hu0EAQ,,W3swfV0KVW0sIHlvdXIgd2lmZSBhbmQgc29uCmFyZSByZWFsbHkgd29ycmllZCBhYm91dAp5b3UuIFNob3VsZG4ndCB5b3UgYmUgZ29pbmcKaG9tZSBhcyBzb29uIGFzIHlvdSBjYW4/,,,,,W3swfV0KU3VhIGVzcG9zYSBlIHNldSBmaWxobwplc3TDo28gcmVhbG1lbnRlIHByZW9jdXBhZG9zIGNvbQp2b2PDqi4gVm9jw6ogbsOjbyBkZXZlcmlhIGlyIHBhcmEKcGFyYSBjYXNhIGFzc2ltIHF1ZSBwdWRlcj8=,,W3swfV0KRW1tLCB0dSBlc3Bvc2EgeSB0dSBoaWpvCmVzdMOhbiBtdXkgcHJlb2N1cGFkb3MKcG9yIHRpLiDCv05vIHNlcsOtYSBtZWpvciBxdWUgdnVlbHZhcwphIGNhc2EgdGFuIHByb250byBjb21vIHB1ZWRhcz8=
H+0EAQ,,W1N0cmFuZ2UgTWFuXQpObywgSSBjYW4ndCEgTm90IHVudGlsClRvcnB5IGdpdmVzIHVwISBJIG1hZGUKYSByZWFsbHkgc2lsbHkgcHJvbWlzZQp3aXRoIG15IHNvbiwgYW5kIGlmIEkgbG9zZQp0aGlzIGdhbWUgb2YgSGlkZS1hbmQtU2Vlay4uLgpXZWxsLCBJIGp1c3QgY2FuJ3QgbG9zZSEgQnllIQ==,,,,,W0hvbWVtIGVzdHJhbmhvXQpOw6NvLCBuw6NvIHBvc3NvISBOw6NvIGF0w6kgcXVlIG8KVG9ycHkgZGVzaXN0YSEgRXUgZml6CnVtYSBwcm9tZXNzYSBtdWl0byBib2JhCmNvbSBtZXUgZmlsaG8sIGUgc2UgZXUgcGVyZGVyCmVzc2Ugam9nbyBkZSBlc2NvbmRlLWVzY29uZGUuLi4KQmVtLCBldSBzaW1wbGVzbWVudGUgbsOjbyBwb3NzbyBwZXJkZXIhIFRjaGF1IQ==,,W0hvbWJyZSBleHRyYcOxb10KwqFObywgbm8gcHVlZG8hIMKhTm8gaGFzdGEKcXVlIFRvcnB5IHNlIHJpbmRhISBMZSBoaWNlCnVuYSBwcm9tZXNhIG11eSByaWTDrWN1bGEKYSBtaSBoaWpvIHkgbGUgZGlqZSBxdWUgbGEgY3VtcGxpcsOtYQpzaSBtZSBnYW5hYmEgZW4gbGFzIGVzY29uZGlkYXMuCsKhTm8gcHVlZG8gcGVyZGVyISDCoUFkacOzcyE=
IO0EAQ,,XjMzNTVGRlRvcnB5J3MgZmF0aGVyIGhhcwpoaWRkZW4gaGltc2VsZiBhZ2FpbiwKYnV0IGF0IGxlYXN0IG5vdyB5b3UKY2FuIGdvIGJhY2sgdG8gVG9ycHkncwpNb20gYW5kIFRvcnB5LCBhbmQgbGV0IHRoZW0KYm90aCBrbm93IHdoZXJlIGhlIGlzIGhpZGluZy5eMDAwMDAw,,,,,XjMzNTVGRk8gcGFpIGRlIFRvcnB5IHNlIGVzY29uZGV1CnNlIGVzY29uZGV1IG5vdmFtZW50ZSwKbWFzIHBlbG8gbWVub3MgYWdvcmEgdm9jw6oKcG9kZSB2b2x0YXIgcGFyYSBhIG3Do2UgZSBvIHBhaSBkZSBUb3JweQptw6NlIGUgYW8gVG9ycHkgZSBkaXplciBhIGVsZXMKcXVlIGFtYm9zIHNhaWJhbSBvbmRlIGVsZSBlc3TDoSBzZSBlc2NvbmRlbmRvLl4wMDAwMDA=,,XjMzNTVGRkVsIHBhZHJlIGRlIFRvcnB5IHNlCmVzY29uZGnDsyBvdHJhIHZlei4KQWwgbWVub3MsIGFob3JhIHB1ZWRlcwppciBjb24gVG9ycHkKeSBzdSBtYWRyZSB5IGRlY2lybGVzCmTDs25kZSBzZSBlc2NvbmRlIHN1IHBhZHJlLl4wMDAwMDA=
Ie0EAQ,,W1N0cmFuZ2UgTWFuXQpIYWhhaGFoYSEKU3RlYW1lZCBDcmFiIE5pcHBlcnMhClRoYXQgcmVhbGx5IGhpdCB0aGUgc3BvdCEKSSBhdGUgc28gbXVjaCwgSSB3b24ndApoYXZlIHRvIGVhdCBhZ2FpbiBmb3IgZGF5cyE=,,,,,W0hvbWVtIGVzdHJhbmhvXQpIYWhhaGFoYWhhIQpOaXBwZXJzIGRlIGNhcmFuZ3Vlam8gbm8gdmFwb3IhCklzc28gcmVhbG1lbnRlIGZvaSBtdWl0byBib20hCkV1IGNvbWkgdGFudG8gcXVlIG7Do28gdm91CnZvdSB0ZXIgcXVlIGNvbWVyIGRlIG5vdm8gcG9yIGRpYXMh,,W0hvbWJyZSBleHRyYcOxb10KwqFKbywgam8sIGpvLCBqYSwgamEhCsKhUGluemFzIGRlIGNhbmdyZWpvIGFsIHZhcG9yLApqdXN0byBsbyBxdWUgbmVjZXNpdGFiYSEKwqFDb23DrSB0YW50byBxdWUgcG9kcsOtYSBlc3Rhcgpkw61hcyBhcXXDrSBzaW4gdm9sdmVyIGEgY29tZXIh
