AD5+DA,,SG9ub3JhYmxlIEtuaWdodA==,,,,,R3VhcmRpw6NvIEhvbnJhZG8=,,Q2FiYWxsZXJvIGRlIEhvbm9y
AT5+DA,,W0hvbm9yYWJsZSBLbmlnaHRdClRoaXMgaXMgdGhlIEtuaWdodCdzIE9mZmljZSwgd2hlcmUgdGhlIEtpbmcncyBLbmlnaHRzIHN0YXku,,,,,W0d1YXJkacOjbyBIb25yYWRvXQpFc3RlIMOpIG8gcXVhcnRvIGRvcyBHdWFyZGnDtWVzIFJlYWlzLg==,,W0NhYmFsbGVybyBob25vcmFibGVdCkVzdGUgZXMgZWwgc2Fsw7NuIGRlIGxvcyBjYWJhbGxlcm9zIGRvbmRlIHNlIGFsb2phbiBsb3MgY2FiYWxsZXJvcyBkZWwgcmV5Lg==
Aj5+DA,,W0hvbm9yYWJsZSBLbmlnaHRdCldlIGFyZSB0aGUgc2hpZWxkIHRoYXQgcHJvdGVjdHMgdGhlIGtpbmcuIFdlIGFyZSB2ZXJ5IHByb3VkIG9mIHdoYXQgd2UgZG8u,,,,,W0d1YXJkacOjbyBIb25yYWRvXQpTb21vcyBvIGVzY3VkbyBxdWUgcHJvdGVnZSBvIHJlaSwgZXN0YW1vcyBmYXplbmRvIHVtIHRyYWJhbGhvIG11aXRvIGhvbnJhZG8u,,W0NhYmFsbGVybyBkZSBob25vcl0KU29tb3MgZWwgZXNjdWRvIHF1ZSBwcm90ZWdlIGFsIHJleSwgaGFjZW1vcyB1biB0cmFiYWpvIG11eSBob25vcmFibGUu
Az5+DA,,W0hvbm9yYWJsZSBLbmlnaHRdCldlIGtpbmRseSBhc2sgdGhhdCB5b3UgbWFpbnRhaW4gZGVjb3J1bSBhbmQgb2JzZXJ2ZSBwcm9wZXIgZXRpcXVldHRlIHdpdGhpbiB0aGUga25pZ2h0J3MgcXVhcnRlcnMu,,,,,W0d1YXJkacOjbyBIb25yYWRvXQpQZWRpbW9zIHBhcmEgcXVlIG1hbnRlbmhhIG8gcmVzcGVpdG8gZSBzaWdhIGFzIHJlZ3JhcyBkZSBldGlxdWV0YSBkZW50cm8gZGEgc2FsYSBkb3MgR3VhcmRpw7Vlcy4=,,W0NhYmFsbGVybyBkZSBob25vcl0KVGUgcGVkaW1vcyBxdWUgbWFudGVuZ2FzIGVsIHNpbGVuY2lvIHkgdGUgY29tcG9ydGVzIGNvbiByZXNwZXRvIGRlbnRybyBkZSBsYSBzYWxhIGRlIGxvcyBjYWJhbGxlcm9zLg==
BD5+DA,,RmFpdGhmdWwgS25pZ2h0,,,,,R3VhcmRpw6NvIExlYWw=,,Q2FiYWxsZXJvIGxlYWw=
BT5+DA,,W0ZhaXRoZnVsIEtuaWdodF0KVG8gcHJvdGVjdCB0aGUga2luZywgb25lIGNhbm5vdCBtZXJlbHkgaG9uZSB0aGVpciBjb21iYXQgcHJvd2Vzcy4=,,,,,W0d1YXJkacOjbyBMZWFsXQpQYXJhIHByb3RlZ2VyIG8gcmVpLCBuw6NvIGJhc3RhIGFwZW5hcyBhcHJpbW9yYXIgYSBjYXBhY2lkYWRlIGRlIGNvbWJhdGUu,,W0NhYmFsbGVybyBsZWFsXQpQYXJhIHByb3RlZ2VyIGFsIHJleSwgbm8gYmFzdGEgY29uIHNvbG8gcGVyZmVjY2lvbmFyIGxhIGRlc3RyZXphIGVuIGVsIGNvbWJhdGUu
Bj5+DA,,W0ZhaXRoZnVsIEtuaWdodF0KV2UgZXhpc3QgZm9yIGhpcyBob25vci4gSXQncyBvdXIgZHV0eSB0byBwcm90ZWN0IGl0IGF0IGFsbCBjb3N0cy4=,,,,,W0d1YXJkacOjbyBMZWFsXQpOw7NzIGV4aXN0aW1vcyBwYXJhIGRlZmVuZGVyIGEgaG9ucmEgZG8gcmVpLCBlIG5vc3NhIHByaW5jaXBhbCBtaXNzw6NvIMOpIGdhcmFudGlyIHF1ZSBlbGEgbsOjbyBzZWphIG1hbmNoYWRhLg==,,W0NhYmFsbGVybyBsZWFsXQpFeGlzdGltb3MgcGFyYSBkZWZlbmRlciBlbCBob25vciBkZWwgcmV5LCB5IG51ZXN0cmEgcHJpbmNpcGFsIG1pc2nDs24gZXMgZXZpdGFyIHF1ZSBzZSB2ZWEgbWFuY2lsbGFkby4=
Bz5+DA,,W0ZhaXRoZnVsIEtuaWdodF0KVGhlcmVmb3JlLCBsb3lhbHR5IHRvIHRoZSBraW5nIGlzIHBhcmFtb3VudC4=,,,,,W0d1YXJkacOjbyBMZWFsXQpQb3IgaXNzbywgbyBtYWlzIGltcG9ydGFudGUgw6kgYSBsZWFsZGFkZSBhbyByZWku,,W0NhYmFsbGVybyBsZWFsXQpQb3IgZXNvLCBsbyBtw6FzIGltcG9ydGFudGUgZXMgbGEgbGVhbHRhZCBhbCByZXku
CD5+DA,,W+y2qeyEseyKpOufrOyatCDquLDsgqxdClRoZSBzdHJlbmd0aCBvZiB0aGUgc3Bpcml0IGlzIHRoZSBzdHJlbmd0aCBvZiB0aGUgYm9keS4=,,,,,W0d1YXJkacOjbyBMZWFsXQpBIGZvcsOnYSBkYSBtZW50ZSDDqSBhIGZvcsOnYSBkbyBjb3Jwby4=,,W0NhYmFsbGVybyBsZWFsXQpMYSBmdWVyemEgZGVsIGVzcMOtcml0dSBlcyBsYSBmdWVyemEgZGVsIGN1ZXJwby4=
CT5+DA,,W0ZhaXRoZnVsIEtuaWdodF0KV2UgYXJlIGFsd2F5cyByZWFkeSB0byBvYmV5IHRoZSBraW5nJ3MgY29tbWFuZC4=,,,,,W0d1YXJkacOjbyBMZWFsXQpFc3RhbW9zIHNlbXByZSBwcm9udG9zIHBhcmEgY3VtcHJpciBhcyBvcmRlbnMgZG8gcmVpLg==,,W0NhYmFsbGVybyBsZWFsXQpFc3RhbW9zIHNpZW1wcmUgbGlzdG9zIHBhcmEgY3VtcGxpciBsYXMgw7NyZGVuZXMgZGVsIHJleS4=
Cj5+DA,,S2luZydzIEtuaWdodA==,,,,,R3VhcmRpw6NvIFJlYWw=,,Q2FiYWxsZXJvIGRlbCBSZXk=
Cz5+DA,,VG91cm5leSBIYWxsIG9mIFRyaWFscw==,,,,,QXJlbmEgZG8gVG9ybmVpbyBkYXMgUHJvdmHDp8O1ZXM=,,Q2FtcG8gZGUgcHJ1ZWJhcw==
DD5+DA,,SGV5LCBzdG9wIG1lc3NpbmcgYXJvdW5kIG92ZXIgdGhlcmUgYW5kIGxvb2sgYXQgbWUu,,,,,Wz8/Pz8/XQpFaSwgbsOjbyBmaXF1ZSBwZXJkZW5kbyB0ZW1wbyBhw60gZSBvbGhlIHByYSBtaW0=,,Wz8/Pz8/XQpPeWUsIG5vIHRlIHF1ZWRlcyBhaMOtIGZyb3TDoW5kb3RlLCB2ZW4gYSB2ZXJtZQ==
DT5+DA,,XkZGMDAwMFRvIGVuc3VyZSBhIHNtb290aCBwcm9jZXNzLCBwbGVhc2UgcmVtb3ZlIHNvbWUgaXRlbXMgZnJvbSB5b3VyIGJhZy5eMDAwMDAw,,,,,XkZGMDAwMFJlb3JnYW5pemUgb3MgaXRlbnMgZG8gc2V1IGludmVudMOhcmlvIGUgdm9sdGUgbm92YW1lbnRlLl4wMDAwMDA=,,XkZGMDAwMFBhcmEgcXVlIHRvZG8gdmF5YSBiaWVuLCB0ZSBwZWRpcsOtYSBxdWUgc2FjYXJhcyB1biBwb2NvIGRlIGVxdWlwYWplIGRlIHR1IG1vY2hpbGEuXjAwMDAwMA==
Dj5+DA,,W0tpbmcncyBLbmlnaHRdCllvdSBhcmUgdGhlIHZpY3RvciBvZiB0aGUgZmluYWwgZHVlbC4=,,,,,W0d1YXJkacOjbyBSZWFsXQpWb2PDqiB2ZW5jZXUgbyBjb21iYXRlIGZpbmFsLg==,,W0NhYmFsbGVybyBkZWwgUmV5XQpBc8OtIHF1ZSBmdWlzdGUgdMO6IHF1aWVuIGdhbsOzIGVsIGNvbWJhdGUgZmluYWwu
Dz5+DA,,W0tpbmcncyBLbmlnaHRdCllvdSBtZWV0IHRoZSByZXF1aXJlbWVudHMgdG8gYmVjb21lIGFuIEltcGVyaWFsIEd1YXJkLCB5ZXQgeW91IGhhdmVuJ3QgY2hhbmdlZCBqb2JzIHlldC4=,,,,,W0d1YXJkacOjbyBSZWFsXQpWb2PDqiBjdW1wcml1IG9zIHJlcXVpc2l0b3MgcGFyYSBzZSBqdW50YXIgYW9zIEd1YXJkacO1ZXMgSW1wZXJpYWlzLCBtYXMgYWluZGEgbsOjbyBtdWRvdSBkZSBjbGFzc2Uu,,W0NhYmFsbGVybyBkZWwgUmV5XQpDdW1wbGVzIGNvbiBsb3MgcmVxdWlzaXRvcyBwYXJhIGNvbnZlcnRpcnRlIGVuIEd1YXJkaWEgSW1wZXJpYWwsIHBlcm8gYcO6biBubyBoYXMgY2FtYmlhZG8gZGUgcHJvZmVzacOzbi4=
ED5+DA,,W0tpbmcncyBLbmlnaHRdClNoYWxsIHlvdSB0cmFuc2ZlciB0byB0aGUgSW1wZXJpYWwgR3VhcmQgbm93Pw==,,,,,W0d1YXJkacOjbyBSZWFsXQpEZXNlamEgc2UganVudGFyIGFvcyBHdWFyZGnDtWVzIEltcGVyaWFpcyBhZ29yYT8=,,W0NhYmFsbGVybyBkZWwgUmV5XQrCv1F1aWVyZXMgY2FtYmlhciBhaG9yYSBhIGxhIEd1YXJkaWEgSW1wZXJpYWw/
ET5+DA,,SSdsbCBjaGFuZ2Ugam9icy4=,,,,,Vm91IG11ZGFyIGRlIGNsYXNzZS4=,,Q2FtYmlvIGRlIHByb2Zlc2nDs24u
Ej5+DA,,Tm90IGNoYW5naW5nIGpvYnMu,,,,,TsOjbyB2b3UgbXVkYXIgZGUgY2xhc3NlLg==,,Tm8gY2FtYmlvIGRlIHByb2Zlc2nDs24u
Ez5+DA,,W0tpbmcncyBLbmlnaHRdCllvdSBoYXZlIG5vdyBiZWNvbWUgYW4gSW1wZXJpYWwgR3VhcmQu,,,,,W0d1YXJkacOjbyBSZWFsXQpBZ29yYSB2b2PDqiBmYXogcGFydGUgZG9zIEd1YXJkacO1ZXMgSW1wZXJpYWlzLg==,,W0NhYmFsbGVybyBkZWwgUmV5XQpBaG9yYSB0ZSBoYXMgY29udmVydGlkbyBlbiB1biBndWFyZGlhIGltcGVyaWFsLg==
FD5+DA,,W0tpbmcncyBLbmlnaHRdCk1heSB5b3UgYmVjb21lIGEga25pZ2h0IHdvcnRoeSBvZiB0aGUgdGl0bGUu,,,,,W0d1YXJkacOjbyBSZWFsXQpFc3Blcm8gcXVlIHNlIHRvcm5lIHVtIEd1YXJkacOjbyBkaWdubyBkZXNzZSB0w610dWxvLg==,,W0NhYmFsbGVybyBkZWwgUmV5XQpFc3Blcm8gcXVlIHRlIGNvbnZpZXJ0YXMgZW4gdW4gY2FiYWxsZXJvIGRpZ25vIGRlIGVzZSB0w610dWxvLg==
FT5+DA,,W0tpbmcncyBLbmlnaHRdCkl0IGFwcGVhcnMgeW91IHN0aWxsIGhhdmUgc2tpbGwgcG9pbnRzIHJlbWFpbmluZy4=,,,,,W0d1YXJkacOjbyBSZWFsXQpQYXJlY2UgcXVlIHZvY8OqIGFpbmRhIHRlbSBwb250b3MgZGUgaGFiaWxpZGFkZSBuw6NvIGRpc3RyaWJ1w61kb3Mu,,W0NhYmFsbGVybyBkZWwgUmV5XQpQYXJlY2UgcXVlIGHDum4gdGUgcXVlZGFuIHB1bnRvcyBkZSBoYWJpbGlkYWQu
Fj5+DA,,W0tpbmcncyBLbmlnaHRdClBsZWFzZSB0cnkgYWdhaW4gYWZ0ZXIgdXNpbmcgdGhlbSBhbGwu,,,,,W0d1YXJkacOjbyBSZWFsXQpUZW50ZSBub3ZhbWVudGUgYXDDs3MgZGlzdHJpYnXDrS1sb3Mu,,W0NhYmFsbGVybyBkZWwgUmV5XQpFc3Blcm8gcXVlIGxvIGludGVudGVzIGRlIG51ZXZvIGRlc3B1w6lzIGRlIGdhc3RhcmxvcyB0b2Rvcy4=
Fz5+DA,,W0tpbmcncyBLbmlnaHRdClBsZWFzZSBzcGVhayB0byBtZSBhZ2FpbiBhZnRlciB5b3UgYXJlIHJlYWR5Lg==,,,,,W0d1YXJkacOjbyBSZWFsXQpRdWFuZG8gZXN0aXZlciBwcm9udG8sIGZhbGUgY29taWdvIG5vdmFtZW50ZS4=,,W0NhYmFsbGVybyBkZWwgUmV5XQpFc3Blcm8gcXVlIHRlcm1pbmVzIGRlIHByZXBhcmFydGUgeSBtZSB2dWVsdmFzIGEgaGFibGFyLg==
GD5+DA,,W0tpbmcncyBLbmlnaHRdCk8gYmVhcmVyIG9mIHRoZSBnbG9yaW91cyB0aXRsZSwgSSBob3BlIHlvdSB3aWxsIHVzZSB5b3VyIHBvd2VyIHdpc2VseSwgd29ydGh5IG9mIHRoYXQgaG9ub3Iu,,,,,W0d1YXJkacOjbyBSZWFsXQrDkyB0dSBxdWUgY29ucXVpc3Rhc3RlIGVzdGUgZ2xvcmlvc28gdMOtdHVsbywgZXNwZXJvIHF1ZSB1c2UgZXN0ZSBwb2RlciBkZSBmb3JtYSBiZW7DqWZpY2EsIMOgIGFsdHVyYSBkZXN0YSBob25yYS4=,,W0NhYmFsbGVybyBkZWwgUmV5XQpPaCwgdMO6IHF1ZSBoYXMgb2J0ZW5pZG8gZXN0ZSBnbG9yaW9zbyB0w610dWxvLCBlc3Blcm8gcXVlIHVzZXMgdHUgcG9kZXIgZGUgbWFuZXJhIGJlbmVmaWNpb3NhLCBjb21vIGNvcnJlc3BvbmRlIGEgdGFsIGhvbm9yLg==
GT5+DA,,W0tpbmcncyBLbmlnaHRdCldoYXQgYnJpbmdzIHlvdSB0byB0aGUga25pZ2h0J3MgY2hhbWJlcj8=,,,,,W0d1YXJkacOjbyBSZWFsXQpQb3IgcXVlIG1vdGl2byB2aWVzdGUgYW8gUXVhcnRvIGRvcyBHdWFyZGnDtWVzPw==,,W0NhYmFsbGVybyBkZWwgUmV5XQrCv1F1w6kgdGUgdHJhZSBwb3IgbGEgc2FsYSBkZSBjYWJhbGxlcm9zPw==
Gj5+DA,,W0tpbmcncyBLbmlnaHRdCkkgc2Vuc2UgYSBkaWZmZXJlbnQga2luZCBvZiBzdHJlbmd0aCBpbiB5b3UgdGhhbiBvdXJzLg==,,,,,W0d1YXJkacOjbyBSZWFsXQpTaW50byBxdWUgdm9jw6ogcG9zc3VpIHVtIHRpcG8gZGUgZm9yw6dhIGRpZmVyZW50ZSBkYSBub3NzYS4=,,W0NhYmFsbGVybyBkZWwgUmV5XQpQZXJjaWJvIGVuIHRpIHVuIHRpcG8gZGUgZm9ydGFsZXphIGRpZmVyZW50ZSBhIGxhIG51ZXN0cmEu
Gz5+DA,,W0tpbmcncyBLbmlnaHRdCldlbGwsIGV2ZW4gaWYgeW91IGhhdmUgbm8gcGFydGljdWxhciBidXNpbmVzcyBoZXJlLCBzaW5jZSB5b3UndmUgY29tZSB0aGlzIGZhciwgd2h5IG5vdCByZXN0IGEgbGl0dGxlIGJlZm9yZSB5b3UgZ28/,,,,,W0d1YXJkacOjbyBSZWFsXQpCZW0sIG1lc21vIHF1ZSBuw6NvIHRlbmhhIG5hZGEgZXNwZWPDrWZpY28gYSBmYXplciwgasOhIHF1ZSB2aWVzdGUgYXTDqSBhcXVpLCBkZXNjYW5zZSB1bSBwb3VjbyBhbnRlcyBkZSBpciBlbWJvcmEu,,W0NhYmFsbGVybyBkZWwgUmV5XQpCdWVubywgYXVucXVlIG5vIHRlbmdhcyBuaW5nw7puIGFzdW50byBlbiBwYXJ0aWN1bGFyLCB5YSBxdWUgZXN0w6FzIGFxdcOtLCBkZXNjYW5zYSB1biByYXRvIGFudGVzIGRlIGlydGUu
HD5+DA,,W0tpbmcncyBLbmlnaHRdCllvdSBtdXN0IGZvcm0gYSBwYXJ0eSBjb25zaXN0aW5nIG9mIGV4YWN0bHkgXjAwMDBGRjEgbWVtYmVyXjAwMDAwMCB0byBwcm9jZWVkLg==,,,,,W0d1YXJkacOjbyBSZWFsXQrDiSBwcmVjaXNvIGZvcm1hciB1bSBncnVwbyBkZSBeMDAwMEZGMSBwZXNzb2FeMDAwMDAwIHBhcmEgcG9kZXIgcHJvc3NlZ3Vpci4=,,W0NhYmFsbGVybyBkZWwgUmV5XQpTb2xvIHB1ZWRlcyBhdmFuemFyIHNpIGZvcm1hcyB1biBncnVwbyBkZSBeMDAwMEZGMSBwZXJzb25hXjAwMDAwMC4=
HT5+DA,,UmVxdWVzdCBeMDAwMEZGezB9XjAwMDAwMA==,,,,,Q3JpYXIgXjAwMDBGRnswfV4wMDAwMDA=,,U29saWNpdGEgYSBeMDAwMEZGezB9XjAwMDAwMA==
Hj5+DA,,W0tpbmcncyBLbmlnaHRdCl4wMDAwRkZDYW5ub3QgcHJvY2VlZCB1bmxlc3MgeW91IGFyZSB0aGUgcGFydHkgbGVhZGVyLl4wMDAwMDA=,,,,,W0d1YXJkacOjbyBSZWFsXQpeMDAwMEZGU2Ugdm9jw6ogbsOjbyBmb3IgbyBsw61kZXIgZG8gZ3J1cG8sIG7Do28gc2Vyw6EgcG9zc8OtdmVsIHByb3NzZWd1aXIuXjAwMDAwMA==,,W0NhYmFsbGVybyBkZWwgUmV5XQpeMDAwMEZGU2kgbm8gZXJlcyBlbCBsw61kZXIgZGVsIGdydXBvLCBubyBwb2Ryw6FzIGNvbnRpbnVhci5eMDAwMDAw
Hz5+DA,,W0tpbmcncyBLbmlnaHRdCldpbGwgeW91IHBhcnRpY2lwYXRlIGluIHRoZSB0cmlhbCBkdWVsPw==,,,,,W0d1YXJkacOjbyBSZWFsXQpEZXNlamEgcGFydGljaXBhciBkbyB0ZXN0ZT8=,,W0NhYmFsbGVybyBkZWwgUmV5XQrCv1BhcnRpY2lwYXLDoXMgZW4gZWwgY29tYmF0ZSBkZSBwcnVlYmE/
ID5+DA,,RW50ZXJpbmcgdGhlIFRyaWFsIER1ZWwgQXJlbmEu,,,,,RW50cmFyIG5hIEFyZW5hIGRvIER1ZWxv,,RW50cmFyIGVuIGxhIGFyZW5hIGRlIGxhIHBydWViYS4=
IT5+DA,,XkZGMDAwMEFuIHVua25vd24gZXJyb3IgaGFzIG9jY3VycmVkLl4wMDAwMDA=,,,,,XkZGMDAwME9jb3JyZXUgdW0gZXJybyBkZXNjb25oZWNpZG8uXjAwMDAwMA==,,XkZGMDAwMFNlIGhhIHByb2R1Y2lkbyB1biBlcnJvciBkZXNjb25vY2lkby5eMDAwMDAw
Ij5+DA,,XjAwMDBGRkl0IGFwcGVhcnMgdGhlIGR1bmdlb24gaGFzIG5vdCBiZWVuIGdlbmVyYXRlZCwgb3IgeW91IGFyZSBhdHRlbXB0aW5nIHRvIGVudGVyIGEgZGlmZmVyZW50IGR1bmdlb24gdGhhbiB0aGUgcGFydHkgbGVhZGVyLl4wMDAwMDA=,,,,,XjAwMDBGRlBhcmVjZSBxdWUgYSBpbnN0w6JuY2lhIG7Do28gZm9pIGNyaWFkYSBvdSB2b2PDqiBlc3TDoSB0ZW50YW5kbyBlbnRyYXIgZW0gdW1hIGluc3TDom5jaWEgZGlmZXJlbnRlIGRhIGRvIGzDrWRlciBkbyBncnVwb14wMDAwMDA=,,XjAwMDBGRlBhcmVjZSBxdWUgbGEgbWF6bW9ycmEgbm8gc2UgaGEgY3JlYWRvIG8gcXVlIGludGVudGFzIGVudHJhciBlbiB1bmEgbWF6bW9ycmEgZGlmZXJlbnRlIGEgbGEgZGVsIGzDrWRlciBkZWwgZ3J1cG9eMDAwMDAw
Iz5+DA,,XkZGMDAwMFlvdSBjYW5ub3QgZW50ZXIgdW5sZXNzIHlvdSBhcmUgaW4gYSBwYXJ0eS5eMDAwMDAw,,,,,XkZGMDAwME7Do28gw6kgcG9zc8OtdmVsIGVudHJhciBzZSBuw6NvIGVzdGl2ZXIgZW0gdW0gZ3J1cG8uXjAwMDAwMA==,,XkZGMDAwME5vIHB1ZWRlcyBlbnRyYXIgc2kgbm8gZXN0w6FzIGVuIHVuIGdydXBvLl4wMDAwMDA=
JD5+DA,,ezB9IGhhcyBqb2luZWQgezF9Lg==,,,,,ezB9IGFjZWl0YSBvIGRlc2FmaW8gZGUgezF9Lg==,,ezB9LCBtaWVtYnJvIGRlbCBncnVwbywgcmVzcG9uZGUgYSB7MX0u
JT5+DA,,XjAwMDBGRllvdSBjYW5ub3QgZ2VuZXJhdGUgYSBkdW5nZW9uIHVubGVzcyB5b3UgYXJlIHRoZSBwYXJ0eSBsZWFkZXIuXjAwMDAwMA==,,,,,XjAwMDBGRlNlIHZvY8OqIG7Do28gZm9yIG8gbMOtZGVyIGRvIGdydXBvLCBuw6NvIMOpIHBvc3PDrXZlbCBjcmlhciBhIGluc3TDom5jaWEuXjAwMDAwMA==,,XjAwMDBGRlNpIG5vIGVyZXMgZWwgbMOtZGVyIGRlbCBncnVwbywgbm8gcHVlZGVzIGNyZWFyIGxhIG1hem1vcnJhLl4wMDAwMDA=
Jj5+DA,,XjAwMDBGRnswfSBeMDAwMDAwIC0gUmVzZXJ2YXRpb24gRmFpbGVk,,,,,XjAwMDBGRnswfSBeMDAwMDAwIC0gRmFsaGEgbmEgcmVzZXJ2YQ==,,XjAwMDBGRnswfSBeMDAwMDAwIC0gUmVzZXJ2YSBmYWxsaWRh
Jz5+DA,,W0tpbmcncyBLbmlnaHRdCkh1aD8/Pw==,,,,,W0d1YXJkacOjbyBSZWFsXQpIw6M/Pz8=,,W0NhYmFsbGVybyBkZWwgUmV5XQrCv0VoPz8/
KD5+DA,,W0tpbmcncyBLbmlnaHRdCklmIHdlJ2QgaGFkIGEgcHJvcGVyIGNvbnZlcnNhdGlvbiwgeW91IHdvdWxkbid0IGhhdmUgYW5zd2VyZWQgbGlrZSB0aGF0Lg==,,,,,W0d1YXJkacOjbyBSZWFsXQpTZSB0aXbDqXNzZW1vcyBjb252ZXJzYWRvIGRpcmVpdG8sIHZvY8OqIG7Do28gdGVyaWEgcmVzcG9uZGlkbyBhc3NpbS4=,,W0NhYmFsbGVybyBkZWwgUmV5XQpTaSBodWJpZXJhcyBoYWJsYWRvIGJpZW4sIG5vIGhhYnLDrWFzIHJlc3BvbmRpZG8gYXPDrS4=
KT5+DA,,W+yZleydmCDquLDsgqxdClNob3VsZG4ndCB5b3Ugc2hvdyBzb21lIGNvbnZpY3Rpb24gaW4geW91ciBvcGluaW9uPw==,,,,,W0d1YXJkacOjbyBSZWFsXQpOw6NvIGFjaGEgcXVlIGRldmVyaWEgZGVtb25zdHJhciBtYWlzIGNvbnZpY8Onw6NvIGVtIHN1YSBvcGluacOjbz8=,,W0NhYmFsbGVybyBkZWwgUmV5XQrCv05vIGRlYmVyw61hcyBtb3N0cmFyIHVuYSBvcGluacOzbiBtw6FzIGZpcm1lPw==
Kj5+DA,,W0tpbmcncyBLbmlnaHRdClRoaXMgd29uJ3QgZG8uIEkgbXVzdCByZXR1cm4gdG8gZGlzY3VzcyB0aGlzIGZ1cnRoZXIu,,,,,W0d1YXJkacOjbyBSZWFsXQpEZXNzZSBqZWl0byBuw6NvIGTDoS4gVm9sdGUgYXF1aSBkZXBvaXMgZGUgdGVyIGNvbnZlcnNhZG8gZGUgbm92by4=,,W0NhYmFsbGVybyBkZWwgUmV5XQpObyB2YSBhIGZ1bmNpb25hciwgdnVlbHZlIGEgaGFibGFyIGNvbiDDqWwu
Kz5+DA,,W0tpbmcncyBLbmlnaHRdCkluZGVlZC4uLiBJIHNlZS4=,,,,,W0d1YXJkacOjbyBSZWFsXQpDb21vIGVyYSBkZSBzZSBlc3BlcmFyLi4uIMOJIGlzc28gbWVzbW8u,,W0NhYmFsbGVybyBkZWwgUmV5XQpWYXlhLi4uIGFzw60gZXMu
LD5+DA,,W0tpbmcncyBLbmlnaHRdCllvdSd2ZSBjaG9zZW4gcG93ZXJmdWwgZXF1aXBtZW50IGFuZCBleGNlcHRpb25hbCBzd29yZHNtYW5zaGlwLg==,,,,,W0d1YXJkacOjbyBSZWFsXQpFc2NvbGhlc3RlIHVtIGVxdWlwYW1lbnRvIHBvZGVyb3NvIGUgdW1hIGVzcGFkYSBleGNlbGVudGUu,,W0NhYmFsbGVybyBkZWwgUmV5XQrCv0hhcyBlbGVnaWRvIHVuIGVxdWlwbyBwb2Rlcm9zbyB5IHVuYSBlc2dyaW1hIGV4Y2VwY2lvbmFsPw==
LT5+DA,,W0tpbmcncyBLbmlnaHRdClZlcnkgd2VsbCwgc2hvdyB1cyB3aGF0IHlvdSd2ZSBnb3Qu,,,,,W0d1YXJkacOjbyBSZWFsXQpNdWl0byBiZW0sIGVudMOjbyBtb3N0cmUtbWUgZXNzYSBmb3LDp2Eu,,W0NhYmFsbGVybyBkZWwgUmV5XQpCaWVuLCBkZW11w6lzdHJhbWUgZXNlIHBvZGVyLg==
Lj5+DA,,W0tpbmcncyBLbmlnaHRdCklmIHlvdSdyZSByZWFkeSB0byBwYXJ0aWNpcGF0ZSBpbiB0aGUgY29udGVzdCwgc3BlYWsgdG8gbWUgYWdhaW4u,,,,,W0d1YXJkacOjbyBSZWFsXQpTZSBlc3RpdmVyZXMgY29tIHR1ZG8gcHJvbnRvIHBhcmEgbyBkdWVsbywgZmFsZSBjb21pZ28gbm92YW1lbnRlLg==,,W0NhYmFsbGVybyBkZWwgUmV5XQpTaSBlc3TDoXMgbGlzdG8gcGFyYSBlbCBkdWVsbywgdnVlbHZlIGEgaGFibGFybWUu
Lz5+DA,,W0tpbmcncyBLbmlnaHRdCllvdSBjaG9zZSBmYWl0aCBhbmQgbG95YWx0eS4=,,,,,W0d1YXJkacOjbyBSZWFsXQpFc2NvbGhlc3RlIGEgZsOpIGUgYSBsZWFsZGFkZT8=,,W0NhYmFsbGVybyBkZWwgUmV5XQrCv0hhcyBlbGVnaWRvIGxhIGZlIHkgbGEgbGVhbHRhZD8=
MD5+DA,,W0tpbmcncyBLbmlnaHRdCktuaWdodHMgd2hvIGV4aXN0IGZvciB0aGUga2luZywgYW5kIHRob3NlIHJlY29nbml6ZWQgZm9yIHRoZWlyIGxveWFsdHkgYW5kIGRldm90aW9uLCB0cmVhdGVkIGFzIHRoZSBmaW5lc3Qga25pZ2h0c+KAlHRoYXQgd291bGQgYmUgdGhlIFJveWFsIEd1YXJkLg==,,,,,W0d1YXJkacOjbyBSZWFsXQpPcyBUZW1wbMOhcmlvcyBxdWUgZXhpc3RlbSBwYXJhIHNlcnZpciBhbyByZWksIGUgcXVlIHPDo28gdHJhdGFkb3MgY29tbyBvcyBtZWxob3JlcyBUZW1wbMOhcmlvcyBwb3IgdGVyZW0gc3VhIGxlYWxkYWRlIGUgZsOpIHJlY29uaGVjaWRhcywgc8OjbyBvcyBHdWFyZGnDtWVzIFJlYWlzLg==,,W0NhYmFsbGVybyBkZWwgUmV5XQpMb3MgY2FiYWxsZXJvcyBxdWUgZXhpc3RlbiBwYXJhIGVsIHJleSwgeSBhcXVlbGxvcyBhIHF1aWVuZXMgc2UgbGVzIHJlY29ub2NlIHN1IGxlYWx0YWQgeSBmZSB5IHNlIGxlcyB0cmF0YSBjb21vIGxvcyBtZWpvcmVzIGNhYmFsbGVyb3MsIHNvbiBwcmVjaXNhbWVudGUgbGEgR3VhcmRpYSBSZWFsLg==
MT5+DA,,W0tpbmcncyBLbmlnaHRdCkJ1dCB0aW1lIGtlZXBzIHBhc3NpbmcsIGFuZCB0aHJvdWdoIHRoZSBvbmdvaW5nIGJhdHRsZXMgYW5kIGhhcmRzaGlwcyB0aGV5IGVuZHVyZSwgdGhlIFJveWFsIEd1YXJkcyBhcmUgZ3JhZHVhbGx5IGxvc2luZyB0aGVpciB2ZXJ5IGVzc2VuY2Uu,,,,,W0d1YXJkacOjbyBSZWFsXQpNYXMgbyB0ZW1wbyBjb250aW51YSBwYXNzYW5kbywgZSwgbm8gZGVjb3JyZXIgZGFzIGJhdGFsaGFzIGUgcHJvdmHDp8O1ZXMgaW5jZXNzYW50ZXMsIG9zIEd1YXJkacO1ZXMgUmVhaXMgZXN0w6NvIHBlcmRlbmRvIHN1YSBlc3PDqm5jaWEu,,W0NhYmFsbGVybyBkZWwgUmV5XQpQZXJvIGVsIHRpZW1wbyBzaWd1ZSBwYXNhbmRvIHksIGVuIG1lZGlvIGRlIGxhcyBjb250aW51YXMgYmF0YWxsYXMgeSBwZW51cmlhcywgbG9zIEd1YXJkaWFzIFJlYWxlcyBlc3TDoW4gcGVyZGllbmRvIHN1IGVzZW5jaWEu
Mj5+DA,,W0tpbmcncyBLbmlnaHRdClRoYXQncyB3aHkgYSBjdWxsaW5nIGlzIG5lY2Vzc2FyeS4=,,,,,W0d1YXJkacOjbyBSZWFsXQrDiSBwb3IgaXNzbyBxdWUgw6kgbmVjZXNzw6FyaWEgdW1hIHNlbGXDp8Ojby4=,,W0NhYmFsbGVybyBkZWwgUmV5XQpQb3IgZXNvIGVzIG5lY2VzYXJpbyBoYWNlciB1bmEgc2VsZWNjacOzbi4=
Mz5+DA,,W0tpbmcncyBLbmlnaHRdCldlIHNlZWsgdG8gc2VsZWN0IHRob3NlIHdobyBjYW4gcHJvcGVybHkgd2llbGQgdGhlaXIgc3RyZW5ndGggYW5kIGp1c3RpY2UgYXMgaG9ub3JhYmxlIEtuaWdodHMgb2YgdGhlIEtpbmcu,,,,,W0d1YXJkacOjbyBSZWFsXQpQcmV0ZW5kZW1vcyBzZWxlY2lvbmFyIGFxdWVsZXMgcXVlLCBjb21vIGhvbnJhZG9zIEd1YXJkacO1ZXMgUmVhaXMsIHBvc3NhbSBmYXplciB2YWxlciBjb3JyZXRhbWVudGUgc3VhIGZvcsOnYSBlIGp1c3Rpw6dhLg==,,W0VsIENhYmFsbGVybyBkZWwgUmV5XQpRdWVyZW1vcyBzZWxlY2Npb25hciBhIGFxdWVsbG9zIHF1ZSwgY29tbyBob25vcmFibGVzIGNhYmFsbGVyb3MgZGVsIHJleSwgcHVlZGFuIGhhY2VyIHZhbGVyIHN1IGZ1ZXJ6YSB5IHN1IGp1c3RpY2lhIGRlIGxhIG1hbmVyYSBjb3JyZWN0YS4=
ND5+DA,,W0tpbmcncyBLbmlnaHRdClRvIHRoYXQgZW5kLCB0aGUgcm95YWwgY291cnQgaGFzIGRlY2lkZWQgdG8gaG9zdCBhIHRvdXJuYW1lbnQu,,,,,W0d1YXJkacOjbyBSZWFsXQpQYXJhIGlzc28sIGRlY2lkaW1vcyBvcmdhbml6YXIgdW0gdG9ybmVpbyBwcm9tb3ZpZG8gcGVsYSByZWFsZXphLg==,,W0NhYmFsbGVybyBkZWwgUmV5XQpQYXJhIGVsbG8sIGxhIENhc2EgUmVhbCBoYSBkZWNpZGlkbyBvcmdhbml6YXIgdW4gdG9ybmVvLg==
NT5+DA,,W0tpbmcncyBLbmlnaHRdCkFyZSB5b3UgdXNpbmcgeW91ciBwb3dlciBjb3JyZWN0bHk/,,,,,W0d1YXJkacOjbyBSZWFsXQpWb2PDqiBlc3TDoSB1c2FuZG8gc2V1IHBvZGVyIGRhIG1hbmVpcmEgY29ycmV0YT8=,,W0NhYmFsbGVybyBkZWwgUmV5XQrCv0VzdMOhcyB1c2FuZG8gdHUgcG9kZXIgZGUgbGEgbWFuZXJhIGNvcnJlY3RhPw==
Nj5+DA,,W0tpbmcncyBLbmlnaHRdCklzIHlvdXIgY29udmljdGlvbiB1bndhdmVyaW5nIGFuZCBzdGVhZGZhc3Q/,,,,,W0d1YXJkacOjbyBSZWFsXQpTdWFzIGNvbnZpY8Onw7VlcyBwZXJtYW5lY2VtIGluYWJhbMOhdmVpcyBlIGZpcm1lcz8=,,W0NhYmFsbGVybyBkZWwgUmV5XQrCv1R1IGNvbnZpY2Npw7NuIHNlIG1hbnRpZW5lIGZpcm1lLCBzaW4gdmFjaWxhcj8=
Nz5+DA,,W0tpbmcncyBLbmlnaHRdCklmIHRoYXQncyB0aGUgY2FzZSwgaG93IGFib3V0IHlvdSBqb2luIHRoZSBhcmVuYSBmb3IgdGhpcyBiYXR0bGU/,,,,,W0d1YXJkacOjbyBSZWFsXQpTZSBzaW0sIHF1ZSB0YWwgcGFydGljaXBhciBkZXN0ZSB0b3JuZWlvPw==,,W0NhYmFsbGVybyBkZWwgUmV5XQpTaSBlcyBhc8OtLCDCv3F1w6kgdGUgcGFyZWNlIHBhcnRpY2lwYXIgZW4gZXN0ZSB0b3JuZW8/
OD5+DA,,SSB3aWxsIHBhcnRpY2lwYXRlLg==,,,,,Vm91IHBhcnRpY2lwYXIu,,UGFydGljaXBhcsOpLg==
OT5+DA,,SSdsbCB0aGluayBhYm91dCBpdCBmb3IgYSBiaXQu,,,,,Vm91IHBlbnNhciB1bSBwb3Vjby4=,,TG8gcGVuc2Fyw6kgdW4gbW9tZW50by4=
Oj5+DA,,W0tpbmcncyBLbmlnaHRdCkRpZG4ndCBJIHRlbGwgeW91IEkgbmVlZGVkIHRvIHdlZWQgb3V0IG9uZT8=,,,,,W0d1YXJkacOjbyBSZWFsXQpFdSBkaXNzZSBxdWUgc2VyaWEgbmVjZXNzw6FyaWEgdW1hIHNlbGXDp8OjbywgbsOjbyBmb2k/,,W0NhYmFsbGVybyBkZWwgUmV5XQrCv1RlIGRpamUgcXVlIGVyYSBuZWNlc2FyaW8gaGFjZXIgdW5hIHNlbGVjY2nDs24/
Oz5+DA,,WWVzLCBJIGRvbid0IHF1aXRlIHVuZGVyc3RhbmQgd2hhdCB0aGF0IG1lYW5zLg==,,,,,U2ltLCBtYXMgbsOjbyBzZWkgYmVtIG8gcXVlIGlzc28gc2lnbmlmaWNhLg==,,U8OtLCBwZXJvIG5vIHPDqSBtdXkgYmllbiBhIHF1w6kgdGUgcmVmaWVyZXMu
PD5+DA,,W0tpbmcncyBLbmlnaHRdCkl0IHdvdWxkIGJlIGJldHRlciBmb3IgeW91IHRvIGV4cGVyaWVuY2UgaXQgeW91cnNlbGYu,,,,,W0d1YXJkacOjbyBSZWFsXQpBY2hvIG1lbGhvciB2b2PDqiBleHBlcmltZW50YXIgcG9yIGNvbnRhIHByw7NwcmlhLg==,,W0NhYmFsbGVybyBkZWwgUmV5XQpDcmVvIHF1ZSBzZXLDoSBtZWpvciBxdWUgbG8gZXhwZXJpbWVudGVzIHBvciB0aSBtaXNtby4=
PT5+DA,,W0tpbmcncyBLbmlnaHRdCkJlZm9yZSBwYXJ0aWNpcGF0aW5nIGluIHRoZSB0b3VybmFtZW50LCBnbyBtZWV0IGFuZCBzcGVhayB3aXRoIHRoZSB0d28ga25pZ2h0cyBJIHdpbGwgdGVsbCB5b3UgYWJvdXQu,,,,,W0d1YXJkacOjbyBSZWFsXQpBbnRlcyBkZSBwYXJ0aWNpcGFyIGRvIGR1ZWxvLCBlbmNvbnRyZSBvcyBkb2lzIEd1YXJkacO1ZXMgUmVhaXMgcXVlIGV1IHZvdSB0ZSBpbmRpY2FyIGUgdGVuaGEgdW1hIGNvbnZlcnNhIGNvbSBlbGVzLg==,,W0NhYmFsbGVybyBkZWwgUmV5XQpBbnRlcyBkZSBwYXJ0aWNpcGFyIGVuIGVsIGR1ZWxvLCB2ZSBhIGhhYmxhciBjb24gbG9zIGRvcyBjYWJhbGxlcm9zIHF1ZSB0ZSB2b3kgYSBpbmRpY2FyLg==
Pj5+DA,,W0tpbmcncyBLbmlnaHRdCk9uZSBpcyBeNEQ0REZGS25pZ2h0IG9mIERldm90aW9uXjAwMDAwMC4=,,,,,W0d1YXJkacOjbyBSZWFsXQpVbSBkZWxlcyDDqSBhIF40RDRERkZHdWFyZGnDoyBkYSBEZXZvw6fDo29eMDAwMDAwLg==,,W0NhYmFsbGVybyBkZWwgUmV5XQpVbm8gZXMgZWwgXjRENERGRkNhYmFsbGVyYSBkZSBsYSBEZXZvY2nDs25eMDAwMDAwLg==
Pz5+DA,,W0tpbmcncyBLbmlnaHRdCjxOQVZJPltOb3J0aHdlc3Qgb2YgUHJvbnRlcmFdPElORk8+cHJvbnRlcmEsNTgsMzY0LDwvSU5GTz48L05BVkk+IGlzIHdoZXJlIHlvdSBjYW4gbWVldCBoaW0u,,,,,W0d1YXJkacOjbyBSZWFsXQpTZSBmb3JlcyBhIDxOQVZJPltOb3JvZXN0ZSBkZSBQcm9udGVyYV08SU5GTz5wcm9udGVyYSw1OCwzNjQsPC9JTkZPPjwvTkFWST4sIHBvZGVyw6FzIGVuY29udHLDoS1sYS4=,,W0NhYmFsbGVybyBkZWwgUmV5XQpTaSB2YXMgYSA8TkFWST5bTm9yb2VzdGUgZGUgUHJvbnRlcmFdPElORk8+cHJvbnRlcmEsNTgsMzY0LDwvSU5GTz48L05BVkk+LCBwb2Ryw6FzIGVuY29udHJhcmxvLg==
QD5+DA,,W0tpbmcncyBLbmlnaHRdClRoZSBvdGhlciBvbmUgaXMgXjRENERGRktuaWdodCBvZiBBcm1hbWVudF4wMDAwMDAu,,,,,W0d1YXJkacOjbyBSZWFsXQpPIG91dHJvIMOpIG8gXjRENERGRkd1YXJkacOjbyBkZSBBcm1hZHVyYV4wMDAwMDAu,,W0NhYmFsbGVybyBkZWwgUmV5XQpFbCBvdHJvIGVzIGVsIF40RDRERkZDYWJhbGxlcm8gZGVsIEFybWFtZW50b14wMDAwMDAu
QT5+DA,,W0tuaWdodCBvZiB0aGUgS2luZ10KPE5BVkk+W05vcnRoZWFzdCBvZiBQcm9udGVyYV08SU5GTz5wcm9udGVyYSwyNzYsMzU1LDwvSU5GTz48L05BVkk+IGlzIHdoZXJlIHlvdSBjYW4gZmluZCBoaW0u,,,,,W0d1YXJkacOjbyBSZWFsXQpTZSBmb3JlcyBhIDxOQVZJPltOb3JkZXN0ZSBkZSBQcm9udGVyYV08SU5GTz5wcm9udGVyYSwyNzYsMzU1LDwvSU5GTz48L05BVkk+LCB2YWlzIGVuY29udHLDoS1sby4=,,W0NhYmFsbGVybyBkZWwgUmV5XQpTaSB2YXMgYSA8TkFWST5bTm9yZXN0ZSBkZSBQcm9udGVyYV08SU5GTz5wcm9udGVyYSwyNzYsMzU1LDwvSU5GTz48L05BVkk+LCBwb2Ryw6FzIGVuY29udHJhcmxvLg==
Qj5+DA,,W0tuaWdodCBvZiB0aGUgS2luZ10KVGhyb3VnaCBjb252ZXJzYXRpb25zIHdpdGggdGhlIHR3byBrbmlnaHRzLCBkZXRlcm1pbmUgZm9yIHlvdXJzZWxmIHdoZXJlIHlvdXIgc2Vuc2Ugb2YganVzdGljZSBsaWVzLg==,,,,,W0d1YXJkacOjbyBSZWFsXQpDb252ZXJzZSBjb20gb3MgZG9pcyBHdWFyZGnDtWVzIGUgdGVudGUgZGVzY29icmlyIGRlIHF1ZSBsYWRvIGVzdMOhIGEgc3VhIGp1c3Rpw6dhLg==,,W0NhYmFsbGVybyBkZWwgUmV5XQpBIHRyYXbDqXMgZGUgbGEgY29udmVyc2FjacOzbiBjb24gbG9zIGRvcyBjYWJhbGxlcm9zLCBpbnRlbnRhIGRlc2N1YnJpciBwb3IgdGkgbWlzbW8gZGUgcXXDqSBsYWRvIGVzdMOhIHR1IHNlbnRpZG8gZGUgbGEganVzdGljaWEu
Qz5+DA,,W0tuaWdodCBvZiB0aGUgS2luZ10KVGhlbiBjb21lIGJhY2sgdG8gbWUgYW5kIGZvcm1hbGx5IGFwcGx5IHRvIHBhcnRpY2lwYXRlIGluIHRoZSBkdWVsLg==,,,,,W0d1YXJkacOjbyBSZWFsXQpEZXBvaXMgZGlzc28sIHJldG9ybmUgZSBpbnNjcmV2YS1zZSBmb3JtYWxtZW50ZSBwYXJhIG8gZHVlbG8u,,W0NhYmFsbGVybyBkZWwgUmV5XQpEZXNwdcOpcywgdnVlbHZlIGEgdmVybWUgcGFyYSBzb2xpY2l0YXIgZm9ybWFsbWVudGUgdHUgcGFydGljaXBhY2nDs24gZW4gZWwgZHVlbG8u
RD5+DA,,W0tuaWdodCBvZiBEZXZvdGlvbl0KVGhlbiB0YWtlIGNhcmUgb24geW91ciBqb3VybmV5Lg==,,,,,W0d1YXJkacOjbyBSZWFsXQpFbnTDo28sIHbDoSBjb20gY3VpZGFkby4=,,W0NhYmFsbGVybyBkZWwgUmV5XQpCdWVubywgY3XDrWRhdGUgZW4gZWwgY2FtaW5vLg==
RT5+DA,,W0tuaWdodCBvZiBEZXZvdGlvbl0KSGVzaXRhdGlvbiBpcyBub3QgYSBnb29kIGVtb3Rpb24u,,,,,W0d1YXJkacOjbyBSZWFsXQpBIGhlc2l0YcOnw6NvIG7Do28gw6kgdW1hIGNvaXNhIGJvYS4=,,W0NhYmFsbGVybyBkZWwgUmV5XQpMYSBpbmRlY2lzacOzbiBubyBlcyB1biBidWVuIHNlbnRpbWllbnRvLg==
Rj5+DA,,W0tuaWdodCBvZiBEZXZvdGlvbl0KTWFrZSBhIHN3aWZ0IGRlY2lzaW9uIGFuZCBjb21lIGJhY2sgdG8gbWUu,,,,,W0d1YXJkacOjbyBSZWFsXQpUb21lIHVtYSBkZWNpc8OjbyBmaXJtZSBlIHZvbHRlIHBhcmEgbWUgdmVyLg==,,W0NhYmFsbGVybyBkZWwgUmV5XQpFc3Blcm8gcXVlIHRvbWVzIHVuYSBkZWNpc2nDs24gcsOhcGlkYSB5IHZ1ZWx2YXMgYSB2ZXJtZS4=
Rz5+DA,,W0tpbmcncyBLbmlnaHRdCkdvIG1lZXQgdGhlIEtuaWdodCBvZiBEZXZvdGlvbiBhbmQgdGhlIEtuaWdodCBvZiBBcm1hbWVudCBhbmQgdGFsayB3aXRoIHRoZW0u,,,,,W0d1YXJkacOjbyBSZWFsXQpWw6EgZW5jb250cmFyIGEgR3VhcmRpw6MgZGEgRGV2b8Onw6NvIGUgbyBHdWFyZGnDo28gZGUgQXJtYWR1cmEgZSBjb252ZXJzZSBjb20gZWxlcy4=,,W0NhYmFsbGVybyBkZWwgUmV5XQpWZSBhIGhhYmxhciBjb24gZWwgQ2FiYWxsZXJhIGRlIGxhIERldm9jacOzbiB5IGVsIENhYmFsbGVybyBkZWwgQXJtYW1lbnRvLg==
SD5+DA,,W0tpbmcncyBLbmlnaHRdClNvb24sIGEgY29udGVzdCB3aWxsIHVuZm9sZCB0byBkZXRlcm1pbmUgd2hvIGFtb25nIHRoZSBSb3lhbCBHdWFyZHMgaXMgdGhlIHRydWUgS2luZydzIEtuaWdodC4=,,,,,W0d1YXJkacOjbyBSZWFsXQpFbSBicmV2ZSwgdGVyw6EgaW7DrWNpbyBvIHRvcm5laW8gcGFyYSBzZWxlY2lvbmFyLCBkZW50cmUgb3MgR3VhcmRpw7VlcyBSZWFpcywgcXVlbSDDqSBkaWdubyBkZSBzZXIgbyB2ZXJkYWRlaXJvIEd1YXJkacOjbyBJbXBlcmlhbC4=,,W0NhYmFsbGVybyBkZWwgUmV5XQpQcm9udG8gc2UgbGxldmFyw6EgYSBjYWJvIHVuIGR1ZWxvIHBhcmEgZGV0ZXJtaW5hciBxdWnDqW4gZXMgZWwgdmVyZGFkZXJvIENhYmFsbGVybyBkZWwgUmV5IGVudHJlIGxvcyBHdWFyZGlhcyBSZWFsZXMu
ST5+DA,,W0tuaWdodCBvZiBEZXZvdGlvbl0KSSB3aXNoIHlvdSBjb3VsZCBwYXJ0aWNpcGF0ZSwgYnV0IHlvdXIgdHJhaW5pbmcgc3RpbGwgc2VlbXMgaW5zdWZmaWNpZW50Lg==,,,,,W0d1YXJkacOjbyBSZWFsXQpTZXJpYSBib20gc2Ugdm9jw6ogcHVkZXNzZSBwYXJ0aWNpcGFyLCBtYXMgYWluZGEgcGFyZWNlIHF1ZSB0ZSBmYWx0YSB0cmVpbm8u,,W0NhYmFsbGVybyBkZWwgUmV5XQpNZSBndXN0YXLDrWEgcXVlIHTDuiB0YW1iacOpbiBwdWRpZXJhcyBwYXJ0aWNpcGFyLCBwZXJvIHBhcmVjZSBxdWUgYcO6biB0ZSBmYWx0YSBlbnRyZW5hbWllbnRvLg==
Sj5+DA,,W0tuaWdodCBvZiBEZXZvdGlvbl0KVHJhaW4gaGFyZGVyIHVudGlsIHlvdSBxdWFsaWZ5LCB0aGVuIGFwcGx5IHRvIGpvaW4u,,,,,W0d1YXJkacOjbyBSZWFsXQpUcmVpbmUgdW0gcG91Y28gbWFpcyBhdMOpIGVzdGFyIHF1YWxpZmljYWRvIGUsIGVudMOjbywgaW5zY3JldmEtc2UgcGFyYSBwYXJ0aWNpcGFyLg==,,W0NhYmFsbGVybyBkZWwgUmV5XQpFbnRyZW5hIHVuIHBvY28gbcOhcyBoYXN0YSBxdWUgZXN0w6lzIGEgbGEgYWx0dXJhIHkgbHVlZ28gc29saWNpdGEgcGFydGljaXBhci4=
Sz5+DA,,LSBeNEQ0REZGWW91IG11c3QgYmUgYSBSb3lhbCBHdWFyZCB3aXRoIGEgYmFzZSBsZXZlbCBvZiAyMDAgb3IgaGlnaGVyIGFuZCBpbiB0aGUgU3VjY2Vzc2lvbiBzdGF0ZSB0byBwcm9jZWVkIHdpdGggdGhpcyBxdWVzdC5eMDAwMDAwIC0=,,,,,LSBeNEQ0REZGVm9jw6ogcG9kZSByZWFsaXphciBlc3RhIG1pc3PDo28gc2UgZm9yIHVtIEd1YXJkacOjbyBSZWFsIGNvbSBuw612ZWwgYmFzZSAyMDAgZSBlc3RpdmVyIHF1YWxpZmljYWRvIHBhcmEgYSBtdWRhbsOnYSBkZSBjbGFzc2UuXjAwMDAwMCAt,,LSBeNEQ0REZGUHVlZGVzIHJlYWxpemFyIGVzdGEgbWlzacOzbiBzaSBlcmVzIHVuIGd1YXJkaWEgcmVhbCBjb24gdW4gbml2ZWwgYmFzZSBkZSAyMDAgbyBtw6FzIHkgZXN0w6FzIGVuIGVzdGFkbyBkZSBzdWNlc2nDs24uXjAwMDAwMCAt
TD5+DA,,S25pZ2h0IG9mIERldm90aW9u,,,,,R3VhcmRpw6MgZGEgRGV2b8Onw6Nv,,Q2FiYWxsZXJhIGRlIGxhIERldm9jacOzbg==
TT5+DA,,W0tuaWdodCBvZiBEZXZvdGlvbl0KSSBhbSBhIGtuaWdodCBkZXZvdGVkIHRvIHRoZSBraW5nLg==,,,,,W0d1YXJkacOjIGRhIERldm/Dp8Ojb10KU291IHVtYSBHdWFyZGnDoyBkZWRpY2FkYSBhbyByZWku,,W0NhYmFsbGVyYSBkZSBsYSBEZXZvY2nDs25dClNveSB1biBjYWJhbGxlcm8gZGVkaWNhZG8gYWwgcmV5Lg==
Tj5+DA,,W0tuaWdodCBvZiBEZXZvdGlvbl0KSSBiZWxpZXZlIHRoYXQgZGV2b3Rpb24gdGhyb3VnaCBwcmF5ZXIgYWxvbmUgaXMgdGhlIG1vc3QgaWRlYWwu,,,,,W0d1YXJkacOjIGRhIERldm/Dp8Ojb10KQWNyZWRpdG8gcXVlIGEgZm9ybWEgbWFpcyBpZGVhbCBkZSBkZXZvw6fDo28gw6kgYXRyYXbDqXMgZGEgb3Jhw6fDo28u,,W0NhYmFsbGVyYSBkZSBsYSBEZXZvY2nDs25dCkNyZW8gcXVlIGxvIG3DoXMgaWRlYWwgZXMgZGVkaWNhcnNlIGV4Y2x1c2l2YW1lbnRlIGEgbGEgb3JhY2nDs24u
Tz5+DA,,W0tuaWdodCBvZiBEZXZvdGlvbl0KTGV0J3MgbWVldCBvbiB0aGUgYmF0dGxlZmllbGQu,,,,,W0d1YXJkacOjIGRhIERldm/Dp8Ojb10KTm9zIHZlbW9zIG5hIGFyZW5hIGRlIGR1ZWxvLg==,,W0NhYmFsbGVyYSBkZSBsYSBEZXZvY2nDs25dCk5vcyB2ZW1vcyBlbiBsYSBhcmVuYSBkZSBkdWVsby4=
UD5+DA,,W0tuaWdodCBvZiBEZXZvdGlvbl0KSSBob3BlIHlvdSBhY2hpZXZlIGEgZmF2b3JhYmxlIG91dGNvbWUu,,,,,W0d1YXJkacOjIGRhIERldm/Dp8Ojb10KRXNwZXJvIHF1ZSB0dWRvIGNvcnJhIGJlbS4=,,W0NhYmFsbGVyYSBkZSBsYSBEZXZvY2nDs25dCkVzcGVybyBxdWUgdGUgdmF5YSBiaWVuLg==
UT5+DA,,V2hhdCBkb2VzIHRoYXQgbWVhbj8=,,,,,TyBxdWUgaXNzbyBzaWduaWZpY2E/,,wr9RdcOpIHNpZ25pZmljYSBlc28/
Uj5+DA,,W0tuaWdodCBvZiBEZXZvdGlvbl0KSXQgbWVhbnMgSSByZWdyZXQgdGhlIHJlYWxpdHkgdGhhdCBmb3JjZSBpcyBuZWNlc3NhcnkgdG8gcHJvdGVjdCB0aGUga2luZyBmcm9tIHRoZSBkYW5nZXJzIG9mIHRoaXMgd29ybGQu,,,,,W0d1YXJkacOjIGRhIERldm/Dp8Ojb10KU2lnbmlmaWNhIHF1ZSBsYW1lbnRvIGEgcmVhbGlkYWRlIGRlIHF1ZSBhIGZvcsOnYSDDqSBuZWNlc3PDoXJpYSBwYXJhIHByb3RlZ2VyIG8gcmVpIGRvcyBwZXJpZ29zIGRlc3RlIG11bmRvLg==,,W0NhYmFsbGVyYSBkZSBsYSBEZXZvY2nDs25dClNpZ25pZmljYSBxdWUgbWUgZW50cmlzdGVjZSBsYSByZWFsaWRhZCBkZSBxdWUgc2UgbmVjZXNpdGUgbGEgZnVlcnphIHBhcmEgcHJvdGVnZXIgYWwgcmV5IGRlIGxvcyBwZWxpZ3JvcyBkZSBlc3RlIG11bmRvLg==
Uz5+DA,,W0tuaWdodCBvZiBEZXZvdGlvbl0KQWN0dWFsbHksIEkgd2FudGVkIHRvIGJlY29tZSBhIHByaWVzdC4=,,,,,W0d1YXJkacOjIGRhIERldm/Dp8Ojb10KTmEgdmVyZGFkZSwgZXUgcXVlcmlhIHNlciB1bWEgU2FjZXJkb3Rpc2Eu,,W0NhYmFsbGVyYSBkZSBsYSBEZXZvY2nDs25dCkxhIHZlcmRhZCBlcyBxdWUgeW8gcXVlcsOtYSBzZXIgY2zDqXJpZ28u
VD5+DA,,W0tuaWdodCBvZiBEZXZvdGlvbl0KQnV0IEkgaGFkIGEgdGFsZW50IGZvciBzd29yZHNtYW5zaGlwLg==,,,,,W0d1YXJkacOjIGRhIERldm/Dp8Ojb10KTWFzIGV1IHRpbmhhIHRhbGVudG8gcGFyYSBhIEVzcGFkYS4=,,W0NhYmFsbGVyYSBkZSBsYSBEZXZvY2nDs25dClBlcm8gdGVuw61hIHRhbGVudG8gcGFyYSBsYSBlc2dyaW1hLg==
VT5+DA,,W0tuaWdodCBvZiBEZXZvdGlvbl0KSSB3YW50ZWQgbXkgYWJpbGl0aWVzIHRvIGJlIHB1dCB0byBnb29kIHVzZSwgYW5kIHNvIEkgam9pbmVkIHRoZSBrbmlnaHQgb3JkZXIu,,,,,W0d1YXJkacOjIGRhIERldm/Dp8Ojb10KRXUgcXVlcmlhIHF1ZSBtaW5oYXMgaGFiaWxpZGFkZXMgZm9zc2VtIMO6dGVpcywgcG9yIGlzc28gZXUgZW50cmVpIHBhcmEgYSBPcmRlbSBkb3MgVGVtcGzDoXJpb3Mu,,W0NhYmFsbGVyYSBkZSBsYSBEZXZvY2nDs25dClF1ZXLDrWEgcXVlIG1pcyBoYWJpbGlkYWRlcyBzZSB1c2FyYW4gcGFyYSBlbCBiaWVuLCB5IHBvciBlc28gbWUgdW7DrSBhIGxhIG9yZGVuIGRlIGNhYmFsbGVyb3Mu
Vj5+DA,,W0tuaWdodCBvZiBEZXZvdGlvbl0KSSBwcmF5IGV2ZXJ5IGRheS4gSSBwcmF5IGZvciB0aGUgY3VycmVudCBwZWFjZSB0byBlbmR1cmUsIGFuZCBmb3IgdGhlIGNvbmZsaWN0cyBub3cgdW5mb2xkaW5nIHRvIGJlIHJlc29sdmVkIHdpdGhvdXQgZmlnaHRpbmcu,,,,,W0d1YXJkacOjIGRhIERldm/Dp8Ojb10KRXUgcmV6byB0b2RvcyBvcyBkaWFzLiBEZXNlam8gcXVlIGEgcGF6IGF0dWFsIHNlIG1hbnRlbmhhIGUgcXVlIG9zIGNvbmZsaXRvcyBxdWUgZXN0w6NvIGFjb250ZWNlbmRvIGFnb3JhIHBvc3NhbSBzZXIgcmVzb2x2aWRvcyBzZW0gbHV0YXMu,,W0NhYmFsbGVyYSBkZSBsYSBEZXZvY2nDs25dClJlem8gdG9kb3MgbG9zIGTDrWFzLiBEZXNlYW5kbyBxdWUgbGEgcGF6IGFjdHVhbCBzZSBtYW50ZW5nYSB5IHF1ZSBsb3MgY29uZmxpY3RvcyBxdWUgZXN0w6FuIG9jdXJyaWVuZG8gYWhvcmEgc2UgcmVzdWVsdmFuIHNpbiBsdWNoYS4=
Vz5+DA,,W0tuaWdodCBvZiBEZXZvdGlvbl0KSSBvbmx5IHdpc2hlZCB0byBzZXJ2ZSBhcyBhIHNoaWVsZCB0byBwcm90ZWN0IHRoZSBraW5nIGFuZCBjaXRpemVucywgbm90IGFzIGEgc3dvcmQgdG8gYXR0YWNrIGVuZW1pZXMu,,,,,W0d1YXJkacOjIGRhIERldm/Dp8Ojb10KRXUgc8OzIHF1ZXJpYSBzZXIgdW0gZXNjdWRvIHBhcmEgcHJvdGVnZXIgbyByZWkgZSBvcyBjaWRhZMOjb3MsIGUgbsOjbyB1bWEgZXNwYWRhIHBhcmEgYXRhY2FyIG8gaW5pbWlnby4=,,W0NhYmFsbGVyYSBkZSBsYSBEZXZvY2nDs25dCk5vIHF1ZXLDrWEgc2VyIHVuYSBlc3BhZGEgcGFyYSBhdGFjYXIgYWwgZW5lbWlnbywgc2lubyBzb2xvIHVuIGVzY3VkbyBwYXJhIHByb3RlZ2VyIGFsIHJleSB5IGEgbG9zIGNpdWRhZGFub3Mu
WD5+DA,,W0tuaWdodCBvZiBEZXZvdGlvbl0KQnV0IG1hbnkga25pZ2h0cyBob2xkIGRpZmZlcmVudCB2aWV3cyB0aGFuIEkgZG8u,,,,,W0d1YXJkacOjIGRhIERldm/Dp8Ojb10KTWFzIGjDoSBtdWl0b3MgdGVtcGzDoXJpb3MgcXVlIHBlbnNhbSBkaWZlcmVudGUgZGUgbWltLg==,,W0NhYmFsbGVyYSBkZSBsYSBEZXZvY2nDs25dClBlcm8gaGF5IG11Y2hvcyBjYWJhbGxlcm9zIHF1ZSBwaWVuc2FuIGRpZmVyZW50ZSBhIG3DrS4=
WT5+DA,,W0tuaWdodCBvZiBEZXZvdGlvbl0KSSBkbyBub3QgaW50ZW5kIHRvIGRlbnkgdGhlaXIgYmVsaWVmcywgYnV0IEkgd2lsbCBjYXJyeSBvdXQgbXkgb3duIHdpbGwu,,,,,W0d1YXJkacOjIGRhIERldm/Dp8Ojb10KTsOjbyBwcmV0ZW5kbyBuZWdhciBhcyBjb252aWPDp8O1ZXMgZGVsZXMsIG1hcyB2b3Ugc2VndWlyIGVtIGZyZW50ZSBjb20gYSBtaW5oYSB2b250YWRlLg==,,W0NhYmFsbGVyYSBkZSBsYSBEZXZvY2nDs25dCk5vIHByZXRlbmRvIG5lZ2FyIHN1cyBjcmVlbmNpYXMsIHBlcm8geW8gc2VndWlyw6kgYWRlbGFudGUgY29uIG1pIHByb3DDs3NpdG8u
Wj5+DA,,W0tuaWdodCBvZiBEZXZvdGlvbl0KU29vbiwgdGhlIGFyZW5hIGZvciB0aGUgY29udGVzdCBmb3IgdGhhdCBob25vcmFibGUgcG9zaXRpb24gd2lsbCBiZSBzZXQu,,,,,W0d1YXJkacOjIGRhIERldm/Dp8Ojb10KRGl6ZW0gcXVlIGVtIGJyZXZlIHRlcsOhIGluw61jaW8gdW1hIGRpc3B1dGEgcG9yIHVtIGNhcmdvIGRlIGhvbnJhLg==,,W0NhYmFsbGVyYSBkZSBsYSBEZXZvY2nDs25dCkRpY2VuIHF1ZSBwcm9udG8gc2UgbGlicmFyw6EgdW5hIGJhdGFsbGEgcG9yIHVuIHB1ZXN0byBkZSBob25vci4=
Wz5+DA,,W0tuaWdodCBvZiBEZXZvdGlvbl0KV2hhdCBpcyBjZXJ0YWluIGlzIHRoYXQgdG8gc3RhbmQgZmlybSBhcyB0aGUgS2luZydzIEtuaWdodCwgb25lIG11c3QgYmUgc3Ryb25nLg==,,,,,W0d1YXJkacOjIGRhIERldm/Dp8Ojb10KTyBxdWUgw6kgY2VydG8gw6kgcXVlLCBwYXJhIHNlZ3VpciBmaXJtZSBjb21vIEd1YXJkacOjbyBSZWFsLCBwcmVjaXNvIHNlciBmb3J0ZS4=,,W0NhYmFsbGVyYSBkZSBsYSBEZXZvY2nDs25dCkxvIHF1ZSBzw60gdGVuZ28gY2xhcm8gZXMgcXVlLCBwYXJhIHNlZ3VpciBhZGVsYW50ZSBjb24gZmlybWV6YSBjb21vIGNhYmFsbGVybyBkZWwgcmV5LCB0ZW5nbyBxdWUgc2VyIGZ1ZXJ0ZS4=
XD5+DA,,W0tuaWdodCBvZiBEZXZvdGlvbl0KU3RyZW5ndGggaXNuJ3QganVzdCBhYm91dCByZWx5aW5nIG9uIGJydXRlIGZvcmNlIGFuZCBrbm9ja2luZyBkb3duIHlvdXIgb3Bwb25lbnQuIEkgaW50ZW5kIHRvIHByb3ZlIHRoYXQu,,,,,W0d1YXJkacOjIGRhIERldm/Dp8Ojb10KRm9jYXIgYXBlbmFzIG5hIGZvcsOnYSBicnV0YSBlIGVtIGRlcnJ1YmFyIG8gYWR2ZXJzw6FyaW8gbsOjbyDDqSBvIHF1ZSBkZWZpbmUgYSB2ZXJkYWRlaXJhIGZvcsOnYTsgw6kgaXNzbyBvIHF1ZSBwcmV0ZW5kbyBwcm92YXIu,,W0NhYmFsbGVyYSBkZSBsYSBEZXZvY2nDs25dCkxhIGZ1ZXJ6YSBubyBjb25zaXN0ZSBzb2xvIGVuIGNlbnRyYXJzZSBlbiBsYSB2aW9sZW5jaWEgeSBlbiBkZXJyaWJhciBhbCBvcG9uZW50ZTsgdGVuZ28gbGEgaW50ZW5jacOzbiBkZSBkZW1vc3RyYXJsby4=
XT5+DA,,W0tuaWdodCBvZiBEZXZvdGlvbl0KSSB3aWxsIHByaW9yaXRpemUgYmxvY2tpbmcgZW5lbXkgYXR0YWNrcyBhbmQgYWltIHRvIGRlZmVhdCBvcHBvbmVudHMgdXNpbmcgb25seSB0aGUgbWluaW11bSBuZWNlc3NhcnkgZm9yY2Uu,,,,,W0d1YXJkacOjIGRhIERldm/Dp8Ojb10KVm91IGRhciBwcmlvcmlkYWRlIGVtIGJsb3F1ZWFyIG9zIGF0YXF1ZXMgZG8gaW5pbWlnbyBlIHByZXRlbmRvIGRlcnJ1YmFyIG8gYWR2ZXJzw6FyaW8gdXNhbmRvIG8gbcOtbmltbyBkZSBmb3LDp2EgcG9zc8OtdmVsLg==,,W0NhYmFsbGVyYSBkZSBsYSBEZXZvY2nDs25dCkRhcsOpIHByaW9yaWRhZCBhIGJsb3F1ZWFyIGxvcyBhdGFxdWVzIGRlbCBlbmVtaWdvIHkgcGllbnNvIGRlcnJvdGFyIGFsIHJpdmFsIGNvbiBsYSBtw61uaW1hIGZ1ZXJ6YSBwb3NpYmxlLg==
Xj5+DA,,W0tuaWdodCBvZiBEZXZvdGlvbl0KQXMgYSBrbmlnaHQgb2YgdGhlIGtpbmcsIHRoZSBtb3N0IGltcG9ydGFudCBxdWFsaXR5IGlzIG5vdCBwaHlzaWNhbCBzdHJlbmd0aCBvciBlcXVpcG1lbnQsIGJ1dCB0aGUgcG93ZXIgYm9ybiBvZiBmYWl0aCBhbmQgbG95YWx0eS4=,,,,,W0d1YXJkacOjIGRhIERldm/Dp8Ojb10KQSBxdWFsaWRhZGUgbWFpcyBpbXBvcnRhbnRlIHBhcmEgdW0gR3VhcmRpw6NvIFJlYWwgbsOjbyDDqSBhIGZvcsOnYSBxdWUgdmVtIGRhIGZvcsOnYSBmw61zaWNhIGUgZG8gZXF1aXBhbWVudG8sIG1hcyBzaW0gYSBmb3LDp2EgcXVlIHN1cmdlIGRhIGbDqSBlIGRhIGxlYWxkYWRlLg==,,W0NhYmFsbGVyYSBkZSBsYSBEZXZvY2nDs25dCkxhIGN1YWxpZGFkIG3DoXMgaW1wb3J0YW50ZSBkZSB1biBjYWJhbGxlcm8gZGVsIHJleSBubyBlcyBsYSBmdWVyemEgcXVlIHNlIG9idGllbmUgYWwgZGVkaWNhciB0b2RhIHR1IGVuZXJnw61hIGEgbGEgZnVlcnphIGbDrXNpY2EgeSBlbCBlcXVpcG8sIHNpbm8gbGEgcXVlIHN1cmdlIGRlIGxhIGZlIHkgbGEgbGVhbHRhZC4=
Xz5+DA,,W0tuaWdodCBvZiBEZXZvdGlvbl0KSSBiZWxpZXZlIHRoYXQgaXMgdGhlIGNvcmUgdmlydHVlIGEga25pZ2h0IHdobyBleGlzdHMgZm9yIHRoZSBraW5nIG11c3QgcG9zc2Vzcy4=,,,,,W0d1YXJkacOjIGRhIERldm/Dp8Ojb10KQWNobyBxdWUgZXNzYSDDqSBhIHF1YWxpZGFkZSBlc3NlbmNpYWwgcXVlIHVtIGd1YXJkacOjbyBxdWUgZXhpc3RlIHBhcmEgc2VydmlyIGFvIHJlaSBkZXZlIHBvc3N1aXIu,,W0NhYmFsbGVyYSBkZSBsYSBEZXZvY2nDs25dCkNyZW8gcXVlIGVzYSBlcyBsYSBjdWFsaWRhZCBlc2VuY2lhbCBxdWUgZGViZSB0ZW5lciB1biBjYWJhbGxlcm8gcXVlIGV4aXN0ZSBwYXJhIGVsIHJleS4=
YD5+DA,,W0tuaWdodCBvZiBEZXZvdGlvbl0KVGhlbiB3aGF0IGlzIHlvdXIgZGVmaW5pdGlvbj8=,,,,,W0d1YXJkacOjIGRhIERldm/Dp8Ojb10KRW50w6NvLCBxdWFsIMOpIGEgc3VhIGRlZmluacOnw6NvIGRlIGp1c3Rpw6dhPw==,,W0NhYmFsbGVyYSBkZSBsYSBEZXZvY2nDs25dCkVudG9uY2VzLCDCv2N1w6FsIGVzIHR1IGRlZmluaWNpw7NuIGRlIGp1c3RpY2lhPw==
YT5+DA,,W0tuaWdodCBvZiBEZXZvdGlvbl0KSXMgcG93ZXJmdWwgZXF1aXBtZW50IGFuZCBleGNlcHRpb25hbCBzd29yZHNtYW5zaGlwIHlvdXIgcHJpb3JpdHksIG9yIGlzIGl0IGEgaGVhcnQgZGV2b3RlZCB0byB0aGUgZ29kcyBhbmQgbG95YWx0eSB0byB0aGUga2luZz8=,,,,,W0d1YXJkacOjIGRhIERldm/Dp8Ojb10KTyBxdWUgdmVtIHByaW1laXJvOiBlcXVpcGFtZW50b3MgcG9kZXJvc29zIGUgdW1hIGV4Y2VsZW50ZSBoYWJpbGlkYWRlIGNvbSBhIGVzcGFkYSwgb3UgbyBjb3Jhw6fDo28gZGVkaWNhZG8gYSBEZXVzIGUgYSBsZWFsZGFkZSBhbyByZWk/,,W0NhYmFsbGVyYSBkZSBsYSBEZXZvY2nDs25dCsK/U29uIGxvIHByaW1lcm8gZWwgZXF1aXBvIHBvZGVyb3NvIHkgbGEgZXhjZWxlbnRlIGVzZ3JpbWEsIG8gZWwgY29yYXrDs24gcXVlIHNpcnZlIGEgRGlvcyB5IGxhIGxlYWx0YWQgYWwgcmV5Pw==
Yj5+DA,,UG93ZXJmdWwgZXF1aXBtZW50IGFuZCBleGNlcHRpb25hbCBzd29yZHNtYW5zaGlw,,,,,QWNyZWRpdG8gbm8gUG9kZXIh,,RXF1aXBvIHBvZGVyb3NvIHkgZGVzdHJlemEgY29uIGxhIGVzcGFkYQ==
Yz5+DA,,RmFpdGggYW5kIExveWFsdHk=,,,,,QWNyZWRpdG8gbmEgRsOpIQ==,,RmUgeSBsZWFsdGFk
ZD5+DA,,W0tuaWdodCBvZiBEZXZvdGlvbl0KVGhpcyBpcyBhIG1hdHRlciByZXF1aXJpbmcgY2FyZWZ1bCBjb25zaWRlcmF0aW9uIGFuZCByZXNwb25zZS4=,,,,,W0d1YXJkacOjIGRhIERldm/Dp8Ojb10Kw4kgYWxnbyBxdWUgdm9jw6ogZGV2ZSBwZW5zYXIgY29tIGN1aWRhZG8gYW50ZXMgZGUgcmVzcG9uZGVyLg==,,W0NhYmFsbGVyYSBkZSBsYSBEZXZvY2nDs25dCkVzIGFsZ28gcXVlIGRlYmVzIHBlbnNhciBjb24gY3VpZGFkbyBhbnRlcyBkZSByZXNwb25kZXIu
ZT5+DA,,W0tuaWdodCBvZiBEZXZvdGlvbl0KQXJlIHlvdSBjZXJ0YWluIHlvdXIganVzdGljZSBpcyB3aGF0IHlvdSBzcGVhayBvZj8=,,,,,W0d1YXJkacOjIGRhIERldm/Dp8Ojb10KVGVtIGNlcnRlemEgZGUgcXVlIGlzc28gw6kgbyBxdWUgcmVwcmVzZW50YSBhIHN1YSBkZWZpbmnDp8OjbyBkZSBqdXN0acOnYT8=,,W0NhYmFsbGVyYSBkZSBsYSBEZXZvY2nDs25dCsK/RXN0w6FzIHNlZ3VybyBkZSBxdWUgbG8gcXVlIGFjYWJhcyBkZSBkZWNpciBlcyB0dSBkZWZpbmljacOzbiBkZSBqdXN0aWNpYT8=
Zj5+DA,,Q2VydGFpbi4=,,,,,VGVuaG8gY2VydGV6YS4=,,U8OtLCBsbyBlc3RveS4=
Zz5+DA,,Q29tZSB0byB0aGluayBvZiBpdCwgSSBkb24ndCB0aGluayBzby4=,,,,,UGVuc2FuZG8gYmVtLCBhY2hvIHF1ZSBuw6NvLg==,,QWhvcmEgcXVlIGxvIHBpZW5zbywgY3JlbyBxdWUgbm8u
aD5+DA,,W0tuaWdodCBvZiBEZXZvdGlvbl0KSXMgdGhhdCBzby4uLg==,,,,,W0d1YXJkacOjIGRhIERldm/Dp8Ojb10Kw4kgbWVzbW8uLi4=,,W0NhYmFsbGVyYSBkZSBsYSBEZXZvY2nDs25dCsK/RGUgdmVyZGFkLi4uPw==
aT5+DA,,W0tuaWdodCBvZiBEZXZvdGlvbl0KSXMgZm9jdXNpbmcgc29sZWx5IG9uIGZvcmNlIHRydWx5IHRoZSByaWdodCB3YXkuLi4=,,,,,W0d1YXJkacOjIGRhIERldm/Dp8Ojb10KU2Vyw6EgcXVlIGVzc2EgYWJvcmRhZ2VtLCBxdWUgc2UgY29uY2VudHJhIGFwZW5hcyBuYSBmb3LDp2EsIMOpIHJlYWxtZW50ZSBhIGNvcnJldGEuLi4=,,W0NhYmFsbGVyYSBkZSBsYSBEZXZvY2nDs25dCsK/RXMgcmVhbG1lbnRlIGNvcnJlY3RvIGNlbnRyYXJzZSBzb2xvIGVuIGxhIGZ1ZXJ6YSBicnV0YS4uLj8=
aj5+DA,,W0tuaWdodCBvZiBEZXZvdGlvbl0KWW91IGhvbGQgZGlmZmVyZW50IHZpZXdzIHRoYW4gSSBkbywgYnV0IEkgcmVzcGVjdCB0aGF0Lg==,,,,,W0d1YXJkacOjIGRhIERldm/Dp8Ojb10KVm9jw6ogcG9zc3VpIHVtYSBvcGluacOjbyBkaWZlcmVudGUgZGEgbWluaGEsIG1hcyBldSByZXNwZWl0byBpc3NvLg==,,W0NhYmFsbGVyYSBkZSBsYSBEZXZvY2nDs25dClRpZW5lcyB1bmEgb3BpbmnDs24gZGlmZXJlbnRlIGEgbGEgbcOtYSwgcGVybyBsYSByZXNwZXRvLg==
az5+DA,,W0tuaWdodCBvZiBEZXZvdGlvbl0KQXJlIHlvdSBqb2luaW5nIHRoZSBhcmVuYSBhcyB3ZWxsPyBQZXJoYXBzIHdlJ2xsIG1lZXQgaW4gdGhlIGR1ZWxpbmcgZ3JvdW5kcy4=,,,,,W0d1YXJkacOjIGRhIERldm/Dp8Ojb10KVm9jw6ogdGFtYsOpbSB2YWkgcGFydGljaXBhciBkbyBjYW1wbyBkZSBiYXRhbGhhPyBUYWx2ZXogYSBnZW50ZSBzZSBlbmNvbnRyZSBuYSBhcmVuYSBkZSBkdWVsb3Mu,,W0NhYmFsbGVyYSBkZSBsYSBEZXZvY2nDs25dCsK/VMO6IHRhbWJpw6luIHZhcyBhIHBhcnRpY2lwYXIgZW4gZWwgY2FtcG8gZGUgYmF0YWxsYT8gUXVpesOhcyBub3MgdmVhbW9zIGVuIGxhIGFyZW5hIGRlIGR1ZWxvcy4=
bD5+DA,,W0tuaWdodCBvZiBEZXZvdGlvbl0KV2VsbCwgSSB1bmRlcnN0YW5kLiBCZSBjYXJlZnVsIGdvaW5nIGluLg==,,,,,W0d1YXJkacOjIGRhIERldm/Dp8Ojb10KRGUgcXVhbHF1ZXIgZm9ybWEsIGVudGVuZGkuIFbDoSBjb20gY3VpZGFkby4=,,W0NhYmFsbGVyYSBkZSBsYSBEZXZvY2nDs25dCkRlIHRvZG9zIG1vZG9zLCBsbyBlbnRpZW5kbyBwZXJmZWN0YW1lbnRlLiBCdWVubywgZW50b25jZXMsIGVudHJhIGNvbiBjdWlkYWRvLg==
bT5+DA,,W0tuaWdodCBvZiBEZXZvdGlvbl0KUGxlYXNlIHRoaW5rIGRlZXBseSBhYm91dCBpdCBhbmQgZ2l2ZSBtZSB5b3VyIGFuc3dlciBsYXRlci4=,,,,,W0d1YXJkacOjIGRhIERldm/Dp8Ojb10KUGVuc2UgYmVtIGUgZGVwb2lzIG1lIGTDqiB1bWEgcmVzcG9zdGEu,,W0NhYmFsbGVyYSBkZSBsYSBEZXZvY2nDs25dClRlIHBpZG8gcXVlIGxvIHBpZW5zZXMgYmllbiB5IG1lIGRlcyB1bmEgcmVzcHVlc3RhIG3DoXMgYWRlbGFudGUu
bj5+DA,,W0tuaWdodCBvZiBEZXZvdGlvbl0KSSBzZWUu,,,,,W0d1YXJkacOjIGRhIERldm/Dp8Ojb10KRW50ZW5kby4=,,W0NhYmFsbGVyYSBkZSBsYSBEZXZvY2nDs25dCllhIHZlby4=
bz5+DA,,W0tuaWdodCBvZiBEZXZvdGlvbl0KSSdtIGdsYWQgdG8gbWVldCBzb21lb25lIHdobyBzaGFyZXMgbXkgcHVycG9zZS4=,,,,,W0d1YXJkacOjIGRhIERldm/Dp8Ojb10KRmljbyBmZWxpeiBlbSBlbmNvbnRyYXIgYWxndcOpbSBxdWUgcGVuc2EgY29tbyBldS4=,,W0NhYmFsbGVyYSBkZSBsYSBEZXZvY2nDs25dCk1lIGFsZWdyYSBlbmNvbnRyYXIgYSBhbGd1aWVuIHF1ZSBwaWVuc2EgY29tbyB5by4=
cD5+DA,,W0tuaWdodCBvZiBEZXZvdGlvbl0KQXJlIHlvdSBwYXJ0aWNpcGF0aW5nIGluIHRoZSBkdWVsIGFzIHdlbGw/,,,,,W0d1YXJkacOjIGRhIERldm/Dp8Ojb10KVm9jw6ogdGFtYsOpbSB2YWkgcGFydGljaXBhciBkbyBkdWVsbz8=,,W0NhYmFsbGVyYSBkZSBsYSBEZXZvY2nDs25dCsK/VMO6IHRhbWJpw6luIHZhcyBhIHBhcnRpY2lwYXIgZW4gZWwgZHVlbG8/
cT5+DA,,WWVzLCBJIGFtLg==,,,,,U2ltLCB2b3UgcGFydGljaXBhci4=,,U8OtLCBhc8OtIGVzLg==
cj5+DA,,W0tuaWdodCBvZiBEZXZvdGlvbl0KSWYgSSBjYW5ub3QgYWNoaWV2ZSB2aWN0b3J5IHVudGlsIHRoZSB2ZXJ5IGVuZCwgSSBob3BlIHlvdSB3aWxsIGFjY29tcGxpc2ggaXQgZm9yIG1lLg==,,,,,W0d1YXJkacOjIGRhIERldm/Dp8Ojb10KU2UgcG9yIGFjYXNvIGV1IG7Do28gY29uc2VndWlyIGFsY2Fuw6dhciBhIHZpdMOzcmlhLCBlc3Blcm8gcXVlIHBlbG8gbWVub3Mgdm9jw6ogY29uc2lnYS4=,,W0NhYmFsbGVyYSBkZSBsYSBEZXZvY2nDs25dClNpIHBvciBjYXN1YWxpZGFkIG5vIGNvbnNpZ28gZ2FuYXIgaGFzdGEgZWwgZmluYWwsIGVzcGVybyBxdWUgYWwgbWVub3MgdMO6IGxvIGxvZ3Jlcy4=
cz5+DA,,W0tuaWdodCBvZiBEZXZvdGlvbl0KSSBzaW5jZXJlbHkgaG9wZSBvdXIgd2lsbCBpcyBmdWxmaWxsZWQu,,,,,W0d1YXJkacOjIGRhIERldm/Dp8Ojb10KRXNwZXJvIHF1ZSBub3NzYSBjYXVzYSBzZWphIGNvbmNyZXRpemFkYS4=,,W0NhYmFsbGVyYSBkZSBsYSBEZXZvY2nDs25dCk9qYWzDoSBsb2dyZW1vcyBjdW1wbGlyIGNvbiBudWVzdHJvIHByb3DDs3NpdG8u
dD5+DA,,W0tuaWdodCBvZiBEZXZvdGlvbl0KVGhhbmsgeW91LiBQbGVhc2UgcHJvY2VlZCB3aXRoIGNhdXRpb24u,,,,,W0d1YXJkacOjIGRhIERldm/Dp8Ojb10KT2JyaWdhZGEhIFbDoSBjb20gY3VpZGFkby4=,,W0NhYmFsbGVyYSBkZSBsYSBEZXZvY2nDs25dCkdyYWNpYXMsIHRlbiBjdWlkYWRvIGFsIGVudHJhci4=
dT5+DA,,S25pZ2h0IG9mIEFybWFtZW50,,,,,R3VhcmRpw6NvIGRlIEFybWFkdXJh,,Q2FiYWxsZXJvIGRlbCBBcm1hbWVudG8=
dj5+DA,,W0tuaWdodCBvZiBBcm1hbWVudF0KSGVyZSBsaWVzIHRoZSBncmF2ZSBvZiBteSBjb21yYWRlLWluLWFybXMgd2hvIGxvc3QgaGlzIGxpZmUgZmlnaHRpbmcgYWxvbmdzaWRlIG1lIG9uIHRoZSBiYXR0bGVmaWVsZC4=,,,,,W0d1YXJkacOjbyBkZSBBcm1hZHVyYV0KQXF1aSBlc3TDoSBvIHTDum11bG8gZGUgdW0gY29tcGFuaGVpcm8gcXVlIHBlcmRldSBhIHZpZGEgbHV0YW5kbyBhbyBtZXUgbGFkbyBubyBjYW1wbyBkZSBiYXRhbGhhLg==,,W0NhYmFsbGVybyBkZWwgQXJtYW1lbnRvXQpBcXXDrSBlc3TDoW4gbGFzIHR1bWJhcyBkZSBsb3MgY29tcGHDsWVyb3MgcXVlIHBlcmRpZXJvbiBsYSB2aWRhIGx1Y2hhbmRvIGEgbWkgbGFkbyBlbiBlbCBjYW1wbyBkZSBiYXRhbGxhLg==
dz5+DA,,W0tuaWdodCBvZiBBcm1hbWVudF0KSWYgb25seSBoZSBoYWQgYmVlbiBzdHJvbmdlci4uLiBUaGF0IHRyYWdlZHkgd291bGRuJ3QgaGF2ZSBoYXBwZW5lZC4=,,,,,W0d1YXJkacOjbyBkZSBBcm1hZHVyYV0KU2UgZWxlIHRpdmVzc2Ugc2lkbyB1bSBwb3VjbyBtYWlzIGZvcnRlLi4uIGVzc2EgdHJhZ8OpZGlhIG7Do28gdGVyaWEgYWNvbnRlY2lkby4=,,W0NhYmFsbGVybyBkZWwgQXJtYW1lbnRvXQpTaSDDqWwgaHViaWVyYSBzaWRvIHVuIHBvY28gbcOhcyBmdWVydGUuLi4gZXNhIHRyYWdlZGlhIG5vIGhhYnLDrWEgb2N1cnJpZG8u
eD5+DA,,W0tuaWdodCBvZiBBcm1hbWVudF0KSSBob3BlIHdlIG1lZXQgYWdhaW4gb24gdGhlIGJhdHRsZWZpZWxkLg==,,,,,W0d1YXJkacOjbyBkZSBBcm1hZHVyYV0KU2VyaWEgw7N0aW1vIHNlIHB1ZMOpc3NlbW9zIG5vcyBlbmNvbnRyYXIgbm8gY2FtcG8gZGUgZHVlbG8u,,W0NhYmFsbGVybyBkZWwgQXJtYW1lbnRvXQpPamFsw6Egbm9zIHBvZGFtb3MgZW5jb250cmFyIGVuIGVsIGNhbXBvIGRlIGR1ZWxvLg==
eT5+DA,,W0tuaWdodCBvZiBBcm1hbWVudF0KSSBob3BlIHlvdSBhY2hpZXZlIGEgZmF2b3JhYmxlIG91dGNvbWUu,,,,,W0d1YXJkacOjbyBkZSBBcm1hZHVyYV0KRXNwZXJvIHF1ZSB0dWRvIGTDqiBjZXJ0by4=,,W0NhYmFsbGVybyBkZWwgQXJtYW1lbnRvXQpFc3Blcm8gcXVlIHRlIHZheWEgYmllbi4=
ej5+DA,,W0tuaWdodCBvZiBBcm1hbWVudF0KVG8gYmVjb21lIHN0cm9uZ2VyLi4uIG9uZSBtdXN0IHRyYWluIGVuZGxlc3NseS4=,,,,,W0d1YXJkacOjbyBkZSBBcm1hZHVyYV0KUGFyYSBmaWNhciBtYWlzIGZvcnRlLi4uIMOpIHByZWNpc28gdHJlaW5hciBzZW0gcGFyYXIu,,W0VsIENhYmFsbGVybyBkZWwgQXJtYW1lbnRvXQpQYXJhIHNlciBtw6FzIGZ1ZXJ0ZS4uLiBoYXkgcXVlIGVudHJlbmFyIHNpbiBkZXNjYW5zby4=
ez5+DA,,W0tuaWdodCBvZiBBcm1hbWVudF0KQmV0dGVyIHdlYXBvbnMgYW5kIGFybW9yIGFyZSBhbHNvIHZlcnkgaW1wb3J0YW50Lg==,,,,,W0d1YXJkacOjbyBkZSBBcm1hZHVyYV0KQXJtYXMgZSBhcm1hZHVyYXMgbWVsaG9yZXMgdGFtYsOpbSBzw6NvIG11aXRvIGltcG9ydGFudGVzLg==,,W0NhYmFsbGVybyBkZWwgQXJtYW1lbnRvXQpDb250YXIgY29uIG1lam9yZXMgYXJtYXMgeSBhcm1hZHVyYXMgdGFtYmnDqW4gZXMgbXV5IGltcG9ydGFudGUu
fD5+DA,,W0tuaWdodCBvZiBBcm1hbWVudF0KV2hhdCBzYWRkZW5zIG1lIGlzIHRoYXQgbWFueSBzcGVuZCBleGNlc3NpdmUgdGltZSBwdXJzdWluZyBkaWduaXR5IGFuZCBwZXJmb3JtaW5nIHNlcnZpY2UgYWN0aXZpdGllcy4=,,,,,W0d1YXJkacOjbyBkZSBBcm1hZHVyYV0KTyBxdWUgbWUgZW50cmlzdGVjZSDDqSBxdWUsIG11aXRhcyB2ZXplcywgZ2FzdGFtb3MgdGVtcG8gZGVtYWlzIGFwZW5hcyBjb20gZm9ybWFsaWRhZGVzIGUgZGlnbmlkYWRlLg==,,W0NhYmFsbGVybyBkZWwgQXJtYW1lbnRvXQpMbyBxdWUgbWUgZW50cmlzdGVjZSBlcyBxdWUsIGEgbWVudWRvLCBzZSBkZWRpY2EgbcOhcyB0aWVtcG8gZGVsIG5lY2VzYXJpbyBhIG1hbnRlbmVyIGxhIGRpZ25pZGFkIHkgYSByZWFsaXphciBhY3RpdmlkYWRlcyBkZSBzZXJ2aWNpby4=
fT5+DA,,W0tuaWdodCBvZiBBcm1hbWVudF0KSGFsZi1oZWFydGVkbmVzcyBwcm90ZWN0cyBubyBvbmUu,,,,,W0d1YXJkacOjbyBkZSBBcm1hZHVyYV0KU2UgZml6ZXJtb3MgbyB0cmFiYWxobyBwZWxhIG1ldGFkZSwgbsOjbyBjb25zZWd1aXJlbW9zIHByb3RlZ2VyIG5pbmd1w6ltLg==,,W0NhYmFsbGVybyBkZWwgQXJtYW1lbnRvXQpTaSB0ZSBxdWVkYXMgYSBtZWRpbyBjYW1pbm8sIG5vIHBvZHLDoXMgcHJvdGVnZXIgYSBuYWRpZS4=
fj5+DA,,W0tuaWdodCBvZiBBcm1hbWVudF0KSSBiZWxpZXZlIGl0J3MgcmlnaHQgZm9yIHVzIHRvIHNhY3JpZmljZSBzbyBvdGhlcnMgY2FuIGNhcnJ5IG91dCB0aGVpciBkdXRpZXMu,,,,,W0d1YXJkacOjbyBkZSBBcm1hZHVyYV0KQWNobyBxdWUgw6kgY2VydG8gYSBnZW50ZSBzZSBzYWNyaWZpY2FyIHBhcmEgcXVlIG9zIG91dHJvcyBwb3NzYW0gZmF6ZXIgc3VhcyBhdGl2aWRhZGVzLg==,,W0NhYmFsbGVybyBkZWwgQXJtYW1lbnRvXQpDcmVvIHF1ZSBlcyBjb3JyZWN0byBxdWUgbm9zb3Ryb3Mgbm9zIHNhY3JpZmlxdWVtb3MgcGFyYSBxdWUgb3Ryb3MgcHVlZGFuIGRlZGljYXJzZSBhIHN1cyBhY3RpdmlkYWRlcyBkZSBzZXJ2aWNpby4=
fz5+DA,,W0tuaWdodCBvZiBBcm1hbWVudF0KQW5kIHdoZW4gcGVybWFuZW50IHBlYWNlIGNvbWVzIHRvIHRoaXMgbGFuZCwgYW5kIHRoZSBkYXkgYXJyaXZlcyB3aGVuIGJhdHRsZSBpcyBubyBsb25nZXIgbmVlZGVkLi4uIFdvdWxkbid0IHRoYXQgYmUgdGhlIHRpbWUgdG8gbWFrZSB1cCBmb3Igd2hhdCB3ZSd2ZSBsb3N0Pw==,,,,,W0d1YXJkacOjbyBkZSBBcm1hZHVyYV0KQXNzaW0sIHF1YW5kbyBhIHBheiBkdXJhZG91cmEgY2hlZ2FyIGEgZXN0ZSBwYcOtcyBlIG8gZGlhIGVtIHF1ZSBuw6NvIGhvdXZlciBtYWlzIG5lY2Vzc2lkYWRlIGRlIGx1dGFyIGNoZWdhci4uLiBuw6NvIHNlcsOhIG8gbW9tZW50byBwYXJhIGVudMOjbyByZWN1cGVyYXJtb3MgbyBxdWUgcGVyZGVtb3M/,,W0NhYmFsbGVybyBkZWwgQXJtYW1lbnRvXQpZIGFzw60sIGN1YW5kbyBsbGVndWUgZWwgZMOtYSBlbiBxdWUgbGEgcGF6IHBlcm1hbmVudGUgc2UgaW5zdGFsZSBlbiBlc3RlIHBhw61zIHkgeWEgbm8gaGF5YSBuZWNlc2lkYWQgZGUgbHVjaGFyLi4uIMK/bm8gcG9kcsOtYW1vcyByZWN1cGVyYXIgZW50b25jZXMgbG8gcXVlIGhlbW9zIHBlcmRpZG8/
gD5+DA,,W0tuaWdodCBvZiBBcm1hbWVudF0KSXQgaXMgc2FpZCB0aGF0IGFuIGFyZW5hIGZvciBkZXRlcm1pbmluZyB0aGUgdHJ1ZSBzdHJvbmcgd2lsbCBzb29uIGJlIHByZXBhcmVkLg==,,,,,W0d1YXJkacOjbyBkZSBBcm1hZHVyYV0KRGl6ZW0gcXVlIGVtIGJyZXZlIHNlcsOhIHByZXBhcmFkYSB1bWEgYXJlbmEgZGUgY29uZnJvbnRvIHBhcmEgZGV0ZXJtaW5hciBxdWVtIMOpIG8gbWFpcyBmb3J0ZS4=,,W0NhYmFsbGVybyBkZWwgQXJtYW1lbnRvXQpEaWNlbiBxdWUgcHJvbnRvIHNlIHByZXBhcmFyw6EgdW4gZXNjZW5hcmlvIGRlIGVuZnJlbnRhbWllbnRvIHBhcmEgZGV0ZXJtaW5hciBxdWnDqW4gZXMgZWwgdmVyZGFkZXJvIGZ1ZXJ0ZS4=
gT5+DA,,W0tuaWdodCBvZiBBcm1zXQpUaGlzIGlzIGEgZ29vZCBvcHBvcnR1bml0eSB0byBhc3NlcnQgbXkgd2lsbC4=,,,,,W0d1YXJkacOjbyBkZSBBcm1hZHVyYV0Kw4kgdW1hIMOzdGltYSBvcG9ydHVuaWRhZGUgcGFyYSBtb3N0cmFyIG1pbmhhIGRldGVybWluYcOnw6NvLg==,,W0NhYmFsbGVybyBkZWwgQXJtYW1lbnRvXQpFcyB1bmEgYnVlbmEgb3BvcnR1bmlkYWQgcGFyYSBoYWNlciB2YWxlciBtaSB2b2x1bnRhZC4=
gj5+DA,,W0tuaWdodCBvZiBBcm1hbWVudF0KQXQgdGhpcyBtb21lbnQsIHRocmVhdGVuZWQgYnkgcG93ZXJmdWwgbW9uc3RlcnMsIHBoeXNpY2FsIHN0cmVuZ3RoIG11c3QgYmUgcHJpb3JpdGl6ZWQgYWJvdmUgYWxsIGVsc2Uu,,,,,W0d1YXJkacOjbyBkZSBBcm1hZHVyYV0KTmVzdGUgbW9tZW50bywgZW0gcXVlIHNvbW9zIGFtZWHDp2Fkb3MgcG9yIG1vbnN0cm9zIHBvZGVyb3NvcywgYSBmb3LDp2EgZsOtc2ljYSBkZXZlIHNlciBwcmlvcml6YWRhIGFjaW1hIGRlIHR1ZG8u,,W0NhYmFsbGVybyBkZWwgQXJtYW1lbnRvXQpFbiBlc3RlIG1vbWVudG8sIGVuIGVsIHF1ZSBub3MgYW1lbmF6YW4gcG9kZXJvc29zIG1vbnN0cnVvcywgbGEgZnVlcnphIGbDrXNpY2EgZGViZSBzZXIgbG8gcHJpbWVyby4=
gz5+DA,,W0tuaWdodCBvZiBBcm1hbWVudF0KSSBpbnRlbmQgdG8gc2hvdyBpdCB0byB5b3UgaW4gZnJvbnQgb2YgZXZlcnlvbmUu,,,,,W0d1YXJkacOjbyBkZSBBcm1hZHVyYV0KUHJldGVuZG8gZGVtb25zdHJhciBpc3NvIGRpYW50ZSBkZSB0b2Rvcy4=,,W0NhYmFsbGVybyBkZWwgQXJtYW1lbnRvXQpQaWVuc28gZGVtb3N0cmFybG8gYW50ZSB0b2Rvcy4=
hD5+DA,,W0tuaWdodCBvZiBBcm1hbWVudF0KVGhlbiB3aGF0IGFyZSB5b3VyIHRob3VnaHRzPw==,,,,,W0d1YXJkacOjbyBkZSBBcm1hZHVyYV0KRW50w6NvLCBxdWFsIMOpIGEgc3VhIG9waW5pw6NvPw==,,W0NhYmFsbGVybyBkZWwgQXJtYW1lbnRvXQpFbnRvbmNlcywgwr9xdcOpIG9waW5hcyB0w7o/
hT5+DA,,W0tuaWdodCBvZiBBcm1hbWVudF0KSXMgcG93ZXJmdWwgZXF1aXBtZW50IGFuZCBleGNlcHRpb25hbCBzd29yZHNtYW5zaGlwIHlvdXIgcHJpb3JpdHksIG9yIGlzIGRldm90aW9uIHRvIHRoZSBnb2RzIGFuZCBsb3lhbHR5IHRvIHRoZSBraW5nIHlvdXIgcHJpb3JpdHk/,,,,,W0d1YXJkacOjbyBkZSBBcm1hZHVyYV0KUHJpb3JpemEgZXF1aXBhbWVudG9zIHBvZGVyb3NvcyBlIHVtYSB0w6ljbmljYSBleGNlcGNpb25hbCwgb3UgYSBkZXZvw6fDo28gYSBEZXVzIGUgYSBsZWFsZGFkZSBhbyByZWk/,,W0NhYmFsbGVybyBkZWwgQXJtYW1lbnRvXQrCv1NvbiBtw6FzIGltcG9ydGFudGVzIHVuIGVxdWlwbyBwb2Rlcm9zbyB5IHVuYSBlc2dyaW1hIGV4Y2VwY2lvbmFsLCBvIGVsIGNvcmF6w7NuIHF1ZSBzaXJ2ZSBhIGxvcyBkaW9zZXMgeSBsYSBsZWFsdGFkIGFsIHJleT8=
hj5+DA,,W0tuaWdodCBvZiBBcm1hbWVudF0KVGhpcyBpcyBhIG1hdHRlciB0aGF0IHJlcXVpcmVzIGNhcmVmdWwgY29uc2lkZXJhdGlvbiBhbmQgcmVzcG9uc2Uu,,,,,W0d1YXJkacOjbyBkZSBBcm1hZHVyYV0Kw4kgYWxnbyBxdWUgdm9jw6ogZGV2ZSBwZW5zYXIgY29tIGN1aWRhZG8gYW50ZXMgZGUgcmVzcG9uZGVyLg==,,W0NhYmFsbGVybyBkZWwgQXJtYW1lbnRvXQpFcyBhbGdvIHF1ZSBkZWJlcyBwZW5zYXIgY29uIGN1aWRhZG8gYW50ZXMgZGUgcmVzcG9uZGVyLg==
hz5+DA,,W0tuaWdodCBvZiBBcm1hbWVudF0KQXJlIHlvdSBjZXJ0YWluIHlvdXIgZGVmaW5pdGlvbiBpcyBjb3JyZWN0Pw==,,,,,W0d1YXJkacOjbyBkZSBBcm1hZHVyYV0KVGVtIGNlcnRlemEgZGUgcXVlIGEgc3VhIGRlZmluacOnw6NvIGRlIGp1c3Rpw6dhIMOpIGEgY29ycmV0YT8=,,W0NhYmFsbGVybyBkZWwgQXJtYW1lbnRvXQrCv0VzdMOhcyBzZWd1cm8gZGUgcXVlIGxvIHF1ZSBhY2FiYXMgZGUgZGVjaXIgZXMgdHUgZGVmaW5pY2nDs24gZGUganVzdGljaWE/
iD5+DA,,W0tuaWdodCBvZiBBcm1hbWVudF0KSSBzZWUu,,,,,W0d1YXJkacOjbyBkZSBBcm1hZHVyYV0KQ29tbyBldSBpbWFnaW5hdmEu,,W0NhYmFsbGVybyBkZWwgQXJtYW1lbnRvXQrCv0Fzw60gZXMsIGVudG9uY2VzPw==
iT5+DA,,W0tuaWdodCBvZiBBcm1hbWVudF0KV2hlbiBJIGZpcnN0IHNhdyB5b3UsIEkgY291bGQgc2Vuc2UgeW91IHdlcmUgYSBrbmlnaHQgb2YgdGhlIHNhbWUga2luZCBhcyBtZS4=,,,,,W0d1YXJkacOjbyBkZSBBcm1hZHVyYV0KUXVhbmRvIHRlIHZpIHBlbGEgcHJpbWVpcmEgdmV6LCBwZXJjZWJpIHF1ZSBlcmEgZGEgT3JkZW0gZG9zIFRlbXBsw6FyaW9zLCBpZ3VhbCBhIG1pbS4=,,W0NhYmFsbGVybyBkZWwgQXJtYW1lbnRvXQpDdWFuZG8gdGUgdmkgcG9yIHByaW1lcmEgdmV6LCBzZW50w60gcXVlIGVyYXMgdW4gY2FiYWxsZXJvIGRlIG1pIG1pc21hIGNsYXNlLg==
ij5+DA,,W0tuaWdodCBvZiBBcm1hbWVudF0KSXQgdHJ1bHkgZGVsaWdodHMgbWUgdG8gbWVldCBvbmUgd2hvIHNoYXJlcyBteSBwdXJwb3NlLg==,,,,,W0d1YXJkacOjbyBkZSBBcm1hZHVyYV0KRmljbyBtdWl0byBmZWxpeiBwb3IgZW5jb250cmFyIGFsZ3XDqW0gcXVlIHBlbnNhIGNvbW8gZXUu,,W0NhYmFsbGVybyBkZWwgQXJtYW1lbnRvXQpNZSBhbGVncmEgbXVjaG8gZW5jb250cmFyIGEgYWxndWllbiBxdWUgcGllbnNhIGlndWFsIHF1ZSB5by4=
iz5+DA,,W0tuaWdodCBvZiBBcm1hbWVudF0KQXJlIHlvdSBwYXJ0aWNpcGF0aW5nIGluIHRoZSBjb21iYXQgYXJlbmE/IFBlcmhhcHMgd2UnbGwgbWVldCBhcyBvcHBvbmVudHMgaW4gdGhlIGNvbWJhdCByaW5nLg==,,,,,W0d1YXJkacOjbyBkZSBBcm1hZHVyYV0KVm9jw6ogdGFtYsOpbSB2YWkgcGFydGljaXBhciBkbyB0b3JuZWlvPyBUYWx2ZXogYSBnZW50ZSBzZSBlbmNvbnRyZSBuYSBhcmVuYSBkZSBkdWVsb3Mu,,W0NhYmFsbGVybyBkZWwgQXJtYW1lbnRvXQrCv1RhbWJpw6luIHZhcyBhIHBhcnRpY2lwYXIgZW4gZWwgdG9ybmVvPyBRdWl6w6FzIG5vcyB2ZWFtb3MgZW4gbGEgYXJlbmEgZGUgY29tYmF0ZS4=
jD5+DA,,W0tuaWdodCBvZiBBcm1hbWVudF0KSXQgd2FzIGEgcGxlYXN1cmUuIE5vdywgcHJvY2VlZCB3aXRoIGNhdXRpb24u,,,,,W0d1YXJkacOjbyBkZSBBcm1hZHVyYV0KRm9pIHVtIHByYXplciB0ZSBjb25oZWNlci4gRW50w6NvLCB0ZW5oYSBjdWlkYWRvIGFvIGVudHJhci4=,,W0NhYmFsbGVybyBkZWwgQXJtYW1lbnRvXQpIYSBzaWRvIHVuIHBsYWNlciBjb25vY2VydGUuIEJ1ZW5vLCBlbnRyYSBjb24gY3VpZGFkby4=
jT5+DA,,W0tuaWdodCBvZiBBcm1hbWVudF0KUGxlYXNlIHRoaW5rIGRlZXBseSBhbmQgZ2l2ZSBtZSB5b3VyIGFuc3dlciBhZ2Fpbi4=,,,,,W0d1YXJkacOjbyBkZSBBcm1hZHVyYV0KUGVuc2UgYmVtIGUgZMOqLW1lIHVtYSByZXNwb3N0YSBub3ZhbWVudGUu,,W0NhYmFsbGVybyBkZWwgQXJtYW1lbnRvXQpQaWVuc2EgYmllbiBlbiBlbGxvIHkgbHVlZ28gbWUgZGFzIHR1IHJlc3B1ZXN0YS4=
jj5+DA,,W0tuaWdodCBvZiBBcm1hbWVudF0KSSBzZWUuLi4=,,,,,W0d1YXJkacOjbyBkZSBBcm1hZHVyYV0KRW50ZW5kby4uLg==,,W0NhYmFsbGVybyBkZWwgQXJtYW1lbnRvXQpZYSB2ZW8uLi4=
jz5+DA,,W0tuaWdodCBvZiBBcm1hbWVudF0KSSB0aG91Z2h0IHlvdSB3b3VsZCBzaGFyZSBteSB2aWV3cy4uLg==,,,,,W0d1YXJkacOjbyBkZSBBcm1hZHVyYV0KQWNoZWkgcXVlLCBzZW5kbyB2b2PDqiwgdGVyaWEgYSBtZXNtYSBvcGluacOjbyBxdWUgZXUuLi4=,,W0NhYmFsbGVybyBkZWwgQXJtYW1lbnRvXQpQZW5zw6kgcXVlIHTDuiBjb21wYXJ0aXLDrWFzIG1pIG9waW5pw7NuLi4u
kD5+DA,,W0tuaWdodCBvZiB0aGUgQXJtb3JdCkFyZSB5b3UgcGFydGljaXBhdGluZyBpbiB0aGUgZHVlbCBhcyB3ZWxsPw==,,,,,W0d1YXJkacOjbyBkZSBBcm1hZHVyYV0KVm9jw6ogdGFtYsOpbSB2YWkgcGFydGljaXBhciBkbyBkdWVsbz8=,,W0NhYmFsbGVybyBkZWwgQXJtYW1lbnRvXQrCv1TDuiB0YW1iacOpbiB2YXMgYSBwYXJ0aWNpcGFyIGVuIGVsIGR1ZWxvPw==
kT5+DA,,W0tuaWdodCBvZiBBcm1hbWVudF0KUGVyaGFwcyB3ZSdsbCBtZWV0IGFzIGR1ZWwgb3Bwb25lbnRzLg==,,,,,W0d1YXJkacOjbyBkZSBBcm1hZHVyYV0KVGFsdmV6IGEgZ2VudGUgYWNhYmUgc2UgZW5jb250cmFuZG8gY29tbyBhZHZlcnPDoXJpb3Mgbm8gZHVlbG8u,,W0NhYmFsbGVybyBkZWwgQXJtYW1lbnRvXQpRdWl6w6FzIG5vcyBlbmNvbnRyZW1vcyBjb21vIHJpdmFsZXMgZW4gZWwgZHVlbG8u
kj5+DA,,W0tuaWdodCBvZiB0aGUgQXJtb3JdCklmIHdlIGRvIG1lZXQsIEkgd2lsbCBuZXZlciBsb3NlLg==,,,,,W0d1YXJkacOjbyBkZSBBcm1hZHVyYV0KU2UgaXNzbyBhY29udGVjZXIsIG7Do28gdm91IHBlcmRlciBkZSBqZWl0byBuZW5odW0u,,W0NhYmFsbGVybyBkZWwgQXJtYW1lbnRvXQpTaSBub3MgZW5jb250cmFtb3MsIG5vIHZveSBhIHBlcmRlciBkZSBuaW5ndW5hIG1hbmVyYS4=
kz5+DA,,W0tuaWdodCBvZiBBcm1hbWVudF0KVGhlbiBwcm9jZWVkIHdpdGggY2F1dGlvbi4=,,,,,W0d1YXJkacOjbyBkZSBBcm1hZHVyYV0KRW50w6NvLCB2w6EgY29tIGN1aWRhZG8u,,W0NhYmFsbGVybyBkZWwgQXJtYW1lbnRvXQpCdWVubywgZW50b25jZXMsIHRlbiBjdWlkYWRvIGFsIGVudHJhci4=
lD5+DA,,W0tuaWdodCBvZiBBcm1hbWVudF0KSGF2ZSBhIGdvb2QgZGF5Lg==,,,,,W0d1YXJkacOjbyBkZSBBcm1hZHVyYV0KVGVuaGEgdW0gYm9tIGRpYS4=,,W0NhYmFsbGVybyBkZWwgQXJtYW1lbnRvXQpRdWUgdGVuZ2FzIHVuIGJ1ZW4gZMOtYS4=
