QOP3Ag,,Q3JlYW0gUHVmZg==,,,,,WsOpIEJvbGluaG8=,,SG9qYWxkcmUgZGUgY3JlbWE=
QeP3Ag,,W0NyZWFtIFB1ZmZdCllvdSBhcmUgYSBub3ZpY2U/IHJpZ2h0Pw==,,,,,W1rDqSBCb2xpbmhvXQpQZXJhw60sIHBlcmHDrS4uLiBWb2PDqiDDqSB1bSBBcHJlbmRpej8=,,W051YmUgZGUgY3JlbWFdCkVyZXMgUHJpbmNpcGlhbnRlLCDCv3ZlcmRhZD8=
QuP3Ag,,W0NyZWFtIFB1ZmZdCkNsYXNzIGFwdGl0dWRlIHRlc3QgaXMgbm9uc2Vuc2UgZm9yIHRob3NlIHdobyBhbHJlYWR5IGhhdmUgYSBqb2Iu,,,,,W1rDqSBCb2xpbmhvXQpTZSBqw6EgdGVtIHVtYSBDbGFzc2UsIG8gVGVzdGUgc2UgdG9ybmEgaW1wb3Nzw612ZWwgZGUgcmVhbGl6YXIuLi4=,,W051YmUgZGUgY3JlbWFdCkxhIHBydWViYSBkZSBhcHRpdHVkIGRlIGNsYXNlIG5vIHRpZW5lIHNlbnRpZG8gcGFyYSBsb3MgcXVlIHlhIHRpZW5lbiB1bmEgY2xhc2Uu
Q+P3Ag,,W0NyZWFtIFB1ZmZdCllvdSBoYXZlbid0IGRlY2lkZWQgeW91ciBqb2IgeWV0Pw==,,,,,W1rDqSBCb2xpbmhvXQpBaW5kYSBuw6NvIGRlY2lkaXUgc3VhIENsYXNzZT8=,,W051YmUgZGUgY3JlbWFdCsK/QcO6biBubyBkZWNpZGlzdGUgdHUgY2xhc2U/
ROP3Ag,,Tm8uLi4gaG93IGRpZCB5b3Uga25vdz8=,,,,,QWluZGEgbsOjby4uLg==,,Tm8uLi4gwr9jw7NtbyBzYWLDrWFzPw==
ReP3Ag,,SSBkZWNpZGVkLg==,,,,,U2ltLCBqw6EgZGVjaWRpIQ==,,WWEgbG8gZGVjaWTDrS4=
RuP3Ag,,W0NyZWFtIFB1ZmZdCkhhdmUgeW91IGFscmVhZHkgZGVjaWRlZD8gT2sgdGhlbi4=,,,,,W1rDqSBCb2xpbmhvXQpCb20sIGNhc28gdGVuaGEgYWxndW1hIGTDunZpZGEgZGUgc3VhIGRlY2lzw6NvLCBuw6NvIGhlc2l0ZSBlbSBmYXplciBvIHRlc3RlLg==,,W051YmUgZGUgY3JlbWFdCsK/WWEgbG8gZGVjaWRpc3RlPyBNdXkgYmllbi4=
R+P3Ag,,W0NyZWFtIFB1ZmZdCkkgd2FudGVkIHlvdSB0byB0YWtlIHRoZSBDbGFzcyBhcHRpdHVkZSB0ZXN0IGZvciBmdW4uLi4=,,,,,W1rDqSBCb2xpbmhvXQpDb20gbyB0ZXN0ZSB2b2PDqiBwb2RlIHRlciB0b3RhbCBjZXJ0ZXphIHNlIGVzdMOhIG5vIGNhbWluaG8gY29ycmV0by4gUGVuc2Ugbmlzc28uLi4=,,W051YmUgZGUgY3JlbWFdClF1ZXLDrWEgcXVlIGhpY2llcmFzIGxhIHBydWViYSBkZSBhcHRpdHVkIGRlIGNsYXNlIHBvcnF1ZSBlcyBkaXZlcnRpZG8uLi4=
SOP3Ag,,W0NyZWFtIFB1ZmZdCk9oLCB0aGF0IGlzIGdvb2QuCldoYXQgaXMgdGhlIF4wMDAwRkZDbGFzcyBhcHRpdHVkZSB0ZXN0XjAwMDAwMC4KSSBoYXZlIG9uZSBib29rIGxlZnQuIERvIHlvdSB3YW50IHRvIHRyeT8gSSB3b24ndCBzYXkgaXQgd2lsbCBiZSBoZWxwIGZvciBzdXJlIGJ1dCBpdCB3aWxsIGJlIGZ1bi4=,,,,,W1rDqSBCb2xpbmhvXQpFYmEsIGlzc28gcGVkZSB1bSBUZXN0ZSBkZSBDbGFzc2UhClF1ZSB0YWwgY29tZcOnYXIgdW0gYWdvcmE/ClBvZGUgdGUgYWp1ZGFyIG11aXRvIGEgZGVzY29icmlyIHF1ZSBDbGFzc2UgZGV2ZSBzZWd1aXIuLi4=,,W051YmUgZGUgY3JlbWFdCkFoLCBtdXkgYmllbi4Kwr9RdcOpIGVzIGxhIF4wMDAwRkZwcnVlYmEgZGUgYXB0aXR1ZCBkZSBjbGFzZV4wMDAwMDA/Ck1lIHF1ZWRhIHVuIGxpYnJvLiDCv1F1aWVyZXMgcHJvYmFyPyBObyBzw6kgc2kgc2Vyw6Egw7p0aWwgcGVybyBzZWd1cm8gdGUgZGl2ZXJ0aXLDoXMu
SeP3Ag,,Q2xhc3MgYXB0aXR1ZGUgdGVzdD8=,,,,,VGVzdGUgZGUgQ2xhc3NlPw==,,wr9QcnVlYmEgZGUgYXB0aXR1ZCBkZSBjbGFzZT8=
SuP3Ag,,VGFrZSB0aGUgQ2xhc3MgYXB0aXR1ZGUgdGVzdC4=,,,,,VmFtb3MgZmF6ZXIgbyBUZXN0ZSBkZSBDbGFzc2Uh,,SGFjZXIgbGEgcHJ1ZWJhIGRlIGFwdGl0dWQgZGUgY2xhc2Uu
S+P3Ag,,c3RvcC4=,,,,,TsOjbyBxdWVybyBuZW0gcGVuc2FyIHNvYnJlIGlzc28uLi4=,,RGV0ZW5lcnRlLg==
TOP3Ag,,W0NyZWFtIFB1ZmZdClRoZSBDbGFzcyBhcHRpdHVkZSB0ZXN0IGlzIGEgdGVzdCBmb3IgcmVjb21tZW5kaW5nIGpvYnMgYnkgcmV2aWV3aW5nIHlvdXIgcGVyc29uYWxpdHkgYW5kIGNhcGFiaWxpdHkgd2l0aCB0aGUgYW5zd2Vycy4=,,,,,W1rDqSBCb2xpbmhvXQpPIFRlc3RlIGRlIENsYXNzZXMgw6kgY29tcG9zdG8gcG9yIHVtYSBzw6lyaWUgZGUgcGVyZ3VudGFzIHF1ZSB0ZSBhanVkYW0gYSBkZXNjb2JyaXIgYSBDbGFzc2UgaWRlYWwuIE9zIHJlc3VsdGFkb3Mgc8OjbyBiYXNlYWRvcyBuYSBzdWEgcGVyc29uYWxpZGFkZSBlIHNpbmNlcmlkYWRlIGFvIHJlc3BvbmRlciBhcyBwZXJndW50YXMu,,W051YmUgZGUgY3JlbWFdCkxhIHBydWViYSBkZSBhcHRpdHVkIGRlIGNsYXNlIHNpcnZlIHBhcmEgcmVjb21lbmRhciBjbGFzZXMgbHVlZ28gZGUgYW5hbGl6YXIgbGEgcGVyc29uYWxpZGFkIHkgY2FwYWNpZGFkIHNlZ8O6biBsYXMgcmVzcHVlc3Rhcy4=
TeP3Ag,,W0NyZWFtIFB1ZmZdCkl0IGhhcyAzIHR5cGVzIG9mIHRlc3QgYW5kIGVhY2ggb25lIGdpdmUgMzAgbWludXRlcyB0byBmaW5pc2gu,,,,,W1rDqSBCb2xpbmhvXQpPIFRlc3RlIMOpIGZlaXRvIGVtIDMgZGlmZXJlbnRlcyBhdGl2aWRhZGVzLCBjb20gdsOhcmlhcyBwZXJndW50YXMgZW0gY2FkYS4=,,W051YmUgZGUgY3JlbWFdCkNvbnNpc3RlIGVuIHRyZXMgdGlwb3MgZGUgcHJ1ZWJhcywgY2FkYSB1bmEgZGUgMzAgbWludXRvcy4=
TuP3Ag,,W0NyZWFtIFB1ZmZdCklmIHlvdSBoYXZlIGZyZWUgdGltZSBhbmQgaGF2ZSBub3QgZGVjaWRlZCB5b3VyIGpvYi4uLiBob3cgYWJvdXQgdGFraW5nIHRoaXMgdGVzdD8=,,,,,W1rDqSBCb2xpbmhvXQpTZSBlc3TDoSB0cmFucXVpbMOjbyBlIGFpbmRhIG7Do28gZGVjaWRpdSBzdWEgQ2xhc3NlLCBjb25zaWRlcmUgZmF6ZXIgbyBUZXN0ZS4=,,W051YmUgZGUgY3JlbWFdClNpIHRpZW5lcyB0aWVtcG8gbGlicmUgeSBubyBkZWNpZGlzdGUgdHUgY2xhc2UgYcO6bi4uLiDCv3RlIHBhcmVjZSBidWVuYSBpZGVhIGhhY2VyIGxhIHBydWViYT8=
T+P3Ag,,W0NyZWFtIFB1ZmZdCkFsbCByaWdodC4gR29vZCBieWU=,,,,,W1rDqSBCb2xpbmhvXQpBaCwgYmVsZXphLiBBdMOpIG1haXMuLi4=,,W051YmUgZGUgY3JlbWFdCkRlIGFjdWVyZG8uIEFkacOzcy4=
UOP3Ag,,W0NyZWFtIFB1ZmZdClNoYWxsIHdlIHN0YXJ0Pw==,,,,,W1rDqSBCb2xpbmhvXQpCZWxlemEhIFZhbW9zIGNvbWXDp2FyPw==,,W051YmUgZGUgY3JlbWFdCsK/RW1wZXphbW9zPw==
UeP3Ag,,W0NyZWFtIFB1ZmZdClRoZSBmaXJzdCB0eXBlIG9mIHF1ZXN0aW9uIGlzIGFib3V0IHRha2luZyBhbiBhY3Rpb24gZm9yIGEgZ2l2ZW4gc2l0dWF0aW9uLg==,,,,,W1rDqSBCb2xpbmhvXQpPIHByaW1laXJvIHRpcG8gZGUgYXRpdmlkYWRlIGVudm9sdmUgZXNjb2xoZXIgbyBxdWUgZmF6ZXIgZW0gY2VydGFzIHNpdHVhw6fDtWVzLg==,,W051YmUgZGUgY3JlbWFdCkVsIHByaW1lciB0aXBvIGRlIHByZWd1bnRhIHNlIHJlZmllcmUgYSB0b21hciB1bmEgZGVjaXNpw7NuIGZyZW50ZSBhIHVuYSBzaXR1YWNpw7NuIGRldGVybWluYWRhLg==
UuP3Ag,,SW4gdGhlIG1pZGRsZSBvZiB0aGUgZGFyaywgeW91J3JlIHdhbGtpbmcgb24gdGhlIHN0cmVldCBvZiBQcm9udGVyYSB3aGVuIHN1ZGRlbmx5IHlvdSBoZWFyIHNvbWVvbmUgc2NyZWFtLg==,,,,,QmVjb3MgZXNjdXJvcyBkYSBDYXBpdGFsIFByb250ZXJhLi4u,,RW4gbWVkaW8gZGUgbGEgb3NjdXJpZGFkLCB2YXMgY2FtaW5hbmRvIHBvciBsYSBjYWxsZSBkZSBQcm9udGVyYSB5IGRlIHJlcGVudGUgZXNjdWNoYXMgZ3JpdG9zLg==
U+P3Ag,,J0FhYWFoaCEhIERvbid0IGh1cnQgbWUgfic=,,,,,U29jb3JybywgbWUgYWp1ZGUhCkFsZ3XDqW0gZXN0w6EgZ3JpdGFuZG8uLi4gVm9jw6ogY29ycmUgZW0gZGlyZcOnw6NvIGFvIHNvbSBlIGVuY29udHJhIHVtYSBwZXNzb2Egcm9kZWFkYSBwb3IgbWFsZmVpdG9yZXMh,,wqHCocKhQWFhYWhoISEhIE5vIG1lIGxhc3RpbWVzLg==
VOP3Ag,,WW91IHJ1biB0byB0aGUgcGxhY2UgYW5kIHNlZSBzb21lb25lIHN1cnJvdW5kZWQgYnkgcHVua3MuIEJlY2F1c2Ugb2YgeW91ciBzdWRkZW4gYXBwZWFyYWNlLCB0aGUgcHVua3MgYXJlIHN1cnByaXNlZC4=,,,,,T3MgbWFsZmVpdG9yZXMgZmljYW0gc3VycHJlc29zIGNvbSBzdWEgY2hlZ2FkYSwgbXVkYW5kbyBvIGZvY28gcGFyYSB2b2PDqi4gTsOjbyBkw6EgbWFpcyBwYXJhIHJlY3Vhci4=,,Q29ycmVzIGhhY2lhIGFsbMOtIHkgdmVzIGEgYWxndWllbiByb2RlYWRvIGRlIHB1bmtzLiBDb21vIGFwYXJlY2VzIGRlIHJlcGVudGUsIGxvcyBwdW5rcyBzZSBzb3JwcmVuZGVuLg==
VeP3Ag,,V2hhdCB3b3VsZCBiZSB5b3VyIHJlYWN0aW9uIHRvIHRoaXMgc2l0dWF0aW9uPw==,,,,,TyBxdWUgdm9jw6ogZmF6IG5lc3NhIHNpdHVhw6fDo28/,,wr9Dw7NtbyByZWFjY2lvbmFyw61hcyBhbnRlIGVzdGEgc2l0dWFjacOzbj8=
VuP3Ag,,RmlnaHQgYWdhaW5zdCB0aGUgcHVua3M=,,,,,Tm9jYXV0ZWlhIG9zIG1hbGZlaXRvcmVzLg==,,UGVsZWFyIGNvbnRyYSBsb3MgcHVua3Mu
V+P3Ag,,Q2FzdCBNYWdpYy4=,,,,,VXNhIG1hZ2lhcy4=,,TGFuemFyIG1hZ2lhLg==
WOP3Ag,,Q2FsbCBmb3IgR3VhcmRzLg==,,,,,QXRyYWkgb3MgbWFsZmVpdG9yZXMgcGFyYSBkZXNwaXN0w6EtbG9zLg==,,TGxhbWFyIGEgbG9zIGd1YXJkaWFzLg==
WeP3Ag,,VGhyb3cgcm9ja3MgYXQgdGhlbS4=,,,,,RXNjb25kZS1zZSBlIHRlbnRhIGRlc3RyYcOtLWxvcyBjb20gcGVkcmFzLg==,,VGlyYXJsZXMgcGllZHJhcy4=
WuP3Ag,,c3ViZHVlIHRoZW0gZWFzaWx5,,,,,U2V1cyBwdW5ob3Mgc8OjbyBzdWZpY2llbnRlcyBwYXJhIGRhciBjYWJvIGRvcyBhZHZlcnPDoXJpb3MuLi4=,,U29tZXRlcmxvcyBmw6FjaWxtZW50ZS4=
W+P3Ag,,Y2FzdCBhIHNwZWxsIG9uIHRoZW0=,,,,,TnVtIHBpc2NhciBkZSBvbGhvcywgdG9kb3Mgc8OjbyByZWR1emlkb3MgYSBww7MuLi4=,,TGFuemFybGVzIHVuIGhlY2hpem8u
XOP3Ag,,Y2FsbCBmb3IgaGVscCBhbmQgR3VhcmRzIGNvbWUgdG8geW91ciBhaWQ=,,,,,T3MgbWFsZmVpdG9yZXMgZmljYW0gcGVyZGlkb3MgZW50cmUgb3MgYmVjb3MgcXVlIHZvY8OqIGVzY2Fwb3UuLi4=,,UGVkaXIgYXl1ZGEgYSBsb3MgZ3VhcmRpYXMu
XeP3Ag,,c2tpbGxmdWxseSB0aHJvdyByb2NrcyBhdCB0aGUgcHVua3M=,,,,,QXMgcGVkcmFzIHRpcmFtIG9zIG1hbGZlaXRvcmVzIGRlIHBvc2nDp8OjbyBlIGEgdsOtdGltYSBjb25zZWd1ZSBzZSBzYWx2YXIuLi4=,,VGlyYXIgcGllZHJhcyBhIGxvcyBwdW5rcyBjb24gRGVzdHJlemEgLg==
XuP3Ag,,WW91IHswfSA=,,,,,ezB9IE1hbGZlaXRvcmVzIG7Do28gc8OjbyBtYWlzIHVtIHByb2JsZW1hLg==,,VMO6IGhhY2VzIGxvIHNpZ3VpZW50ZTogezB9IA==
X+P3Ag,,QWZ0ZXIgY2xlYXIgdXAgdGhlIG1lc3MsIHlvdSBhcHByb2FjaCB0aGUgcGVyc29uIHdobyB3YXMgYmVpbmcgYXR0YWNrZWQu,,,,,QSBwZXNzb2EgcXVlIGZvaSBhdGFjYWRhIHZlbSBmYWxhciBjb20gdm9jw6ou,,RGVzcHXDqXMgZGUgbGltcGlhciBlbCBkZXNvcmRlbiwgdGUgYWNlcmNhcyBhIGxhIHBlcnNvbmEgcXVlIGhhYsOtYW4gYXRhY2Fkby4=
YOP3Ag,,RG8geW91IHRoaW5rIHRoZSBwZXJzb24gd2hvIHdhcyBzdXJyb3VuZGVkIGJ5IHB1bmtzIGlzIGEgbWFuIG9yIGEgd29tYW4/,,,,,w4kgdW0gaG9tZW0gb3UgdW1hIG11bGhlcj8=,,wr9DcmVlcyBxdWUgbGEgcGVyc29uYSBxdWUgZXN0YWJhIHJvZGVhZGEgZGUgcHVua3MgZXMgdW4gaG9tYnJlIG8gdW5hIG11amVyPw==
YeP3Ag,,TWFu,,,,,VW0gaG9tZW0=,,SG9tYnJl
YuP3Ag,,V29tYW4=,,,,,VW1hIG11bGhlcg==,,TXVqZXI=
Y+P3Ag,,aGU=,,,,,TyBob21lbQ==,,w6ls
ZOP3Ag,,c29u,,,,,ZmlsaG8=,,aGlqbw==
ZeP3Ag,,c2hl,,,,,QSBtdWxoZXI=,,ZWxsYQ==
ZuP3Ag,,ZGF1Z2h0ZXI=,,,,,ZmlsaGE=,,aGlqYQ==
Z+P3Ag,,VGhlIHNpdHVhdGlvbiBvZiBlbmNvdW50ZXJpbmcgdGhlIGdhbmdzIHdlcmUgbGlrZSB0aGlz,,,,,Rm9pIGFzc2ltIHF1ZSB0dWRvIGFjb250ZWNldS4uLg==,,TGEgc2l0dWFjacOzbiBkZWwgZW5jdWVudHJvIGNvbiBsYXMgYmFuZGFzIGFzIGFsZ28gYXPDrTo=
aOP3Ag,,WW91IGZpbmQgb3V0IHRoYXQgezB9aXMgdGhlIHsxfSBvZiB2ZXJ5IHJpY2ggZmFtaWx5IGluIEFsYmVydGEgYW5kIFB1bmtzIGF0dGFja2VkIHdoaWxlIHswfSB3YXMgb24gYW4gZXJyYW5kIGZvciB0aGUgZmFtaWx5Lg==,,,,,Vm9jw6ogZGVzY29icmUgcXVlIHswfSDDqSB7MX0gZGUgdW1hIGZhbcOtbGlhIG11aXRvIHJpY2EgZGUgQWxiZXJ0YSBlIHF1ZSBvcyBkZXNvcmRlaXJvcyBhdGFjYXJhbSBxdWFuZG8gezB9IGVzdGF2YSBmYXplbmRvIHVtYSB0YXJlZmEgcGFyYSBhIGZhbcOtbGlhLg==,,RGVzY3VicmVzIHF1ZSB7MH0gZXMgezF9IGRlIHVuYSBmYW1pbGlhIG11eSByaWNhIGRlIEFsYmVydGEgeSBxdWUgZWwgYXRhcXVlIGRlIGxvcyBwdW5rcyBzdWNlZGnDsyBtaWVudHJhcyB7MH0gaGFjw61hIHVuIG1hbmRhZG8gcGFyYSBsYSBmYW1pbGlhLg==
aeP3Ag,,V2hhdCBraW5kIG9mIGVycmFuZCB3YXMgezB9IGRvaW5nPw==,,,,,UXVlIHRpcG8gZGUgdGFyZWZhIHswfSBlc3RhdmEgZmF6ZW5kbz8=,,wr9RdcOpIGNsYXNlIGRlIG1hbmRhZG8gZXN0YWJhIGhhY2llbmRvIHswfT8=
auP3Ag,,RGVsaXZlcmluZyBhbiBpbXBvcnRhbnQgb2JqZWN0,,,,,VHJhbnNwb3J0ZSBkZSBiZW5zIGRlIGZhbcOtbGlhIHZhbGlvc29z,,RW50cmVnYXIgdW4gb2JqZXRvIGltcG9ydGFudGUu
a+P3Ag,,RGVsaXZlciBhIHNtYWxsIHNvdXZlbmly,,,,,VHJhbnNwb3J0ZSBkZSBkaW5oZWlybyBlIG91cm8=,,RW50cmVnYXIgdW4gcGVxdWXDsW8gcmVjdWVyZG8u
bOP3Ag,,RGVsaXZlciBhIG1lc3NhZ2U=,,,,,TGV2YXIgdW1hIG1lbnNhZ2VtIGNydWNpYWwgYW9zIGzDrWRlcmVz,,VHJhbnNtaXRpciB1biBtZW5zYWplLg==
beP3Ag,,Rm9yIHlvdXIgYnJhdmVyeSx7MH0gYmVjb21lcyB5b3VyIGZyaWVuZCBhbmQgZGVjaWRlcyB0byBnbyBvbiBhIHRyaXAuCldoZXJlIGlzIHswfSBnb2luZz8=,,,,,ezB9IGVzdMOhIGNvbSBwcmVzc2EsIHVtYSB2aWFnZW0gc2Vyw6EgbmVjZXNzw6FyaWEhCk1hcywgcGFyYSBxdWFsIGRlc3Rpbm8/,,UG9yIHR1IHZhbGVudMOtYSx7MH0gZGVjaWRlIHF1ZSBzZXLDoW4gYW1pZ29zIHkgc2UgdmEgZGUgdmlhamUuCsK/QWTDs25kZSB2YSB7MH0/
buP3Ag,,Q2FwaXRhbCBjaXR5LCBQcm9udGVyYQ==,,,,,UHJvbnRlcmEsIGNhcGl0YWwgZGUgUnVuZS1NaWRnYXJk,,Q2FwaXRhbCwgUHJvbnRlcmEu
b+P3Ag,,TW91bnRhaW4gY2l0eSwgUGF5b24=,,,,,UGF5b24sIGEgVmlsYSBkYSBGbG9yZXN0YQ==,,Q2l1ZGFkIGRlIGxhIG1vbnRhw7FhLCBQYXlvbi4=
cOP3Ag,,UG9ydCBjaXR5LCBBbGJlcnRh,,,,,QSBDaWRhZGUgUG9ydHXDoXJpYSBkZSBBbGJlcnRh,,Q2l1ZGFkIHBvcnR1YXJpYSwgQWxiZXJ0YS4=
ceP3Ag,,TWFnaWMgY2l0eSwgR2VmZmVu,,,,,R2VmZmVuLCBhIENpZGFkZSBkYSBNYWdpYQ==,,Q2l1ZGFkIGRlIGxhIG1hZ2lhLCBHZWZmZW4u
cuP3Ag,,U2F0ZWxpdGUgY2l0eSwgSXpsdWRl,,,,,Q2lkYWRlLVNhdMOpbGl0ZSwgSXpsdWRl,,Q2l1ZGFkIHNhdMOpbGl0ZSwgSXpsdWRlLg==
c+P3Ag,,RGVzZXJ0IGNpdHksIE1vcnJvYw==,,,,,TW9ycm9jLCBhIEpvaWEgZG8gRGVzZXJ0bw==,,Q2l1ZGFkIGRlbCBkZXNpZXJ0bywgTW9ycm9jLg==
dOP3Ag,,SW5kdXN0cmlhbCBjaXR5LCBFaW5icm9jaA==,,,,,RWluYnJvY2gsIGEgQ2lkYWRlIGRlIEHDp28=,,Q2l1ZGFkIGluZHVzdHJpYWwsIEVpbmJyb2NoLg==
deP3Ag,,V29ybGQgb2YgbmF0dXJhbCBsaWZlLCBBbWF0c3U=,,,,,QW1hdHN1LCBhIFRlcnJhIGRvcyBUZW5ndQ==,,RWwgbXVuZG8gZGUgbGEgbmF0dXJhbGV6YSwgQW1hdHN1Lg==
duP3Ag,,R2FyZGVuIGNpdHksIEh1Z2Vs,,,,,SHVnZWwsIGEgVmlsYSBkbyBKYXJkaW0gRmFudMOhc3RpY28=,,Q2l1ZGFkIGphcmTDrW4sIEh1Z2VsLg==
d+P3Ag,,WW91J3JlIGhhdmluZyBhIGdyZWF0IHRpbWUuIERvIHlvdSBmZWVsIGxpa2Ugc29tZXRoaW5nIHdpbGwgYmUgaGFwcGVuaW5nIG9yIG5vdD8=,,,,,Qm9hIHZpYWdlbS4uLiBBbGd1bWEgY29pc2EgaW50ZXJlc3NhbnRlIGFjb250ZWNlcsOhIGR1cmFudGUgYSB2aWFnZW0/,,TG8gZXN0w6FzIHBhc2FuZG8gbXV5IGJpZW4uIMK/VGllbmVzIGxhIHNlbnNhY2nDs24gZGUgcXVlIHZhIGEgcGFzYXIgYWxnbyBvIG5vPw==
eOP3Ag,,SGFwcGVuaW5n,,,,,T2NvcnJlbSBhbGd1bnMgY29udHJhdGVtcG9zLi4u,,U8OtLCB2YSBhIHBhc2FyIGFsZ28u
eeP3Ag,,Tm90IGhhcHBlbmluZy4=,,,,,QSB2aWFnZW0gw6kgdHJhbnF1aWxhLi4u,,Tm8sIG5vIHZhIGEgcGFzYXIgbmFkYS4=
euP3Ag,,W0NyZWFtIFB1ZmZdCk5vdyBmb3IgdGhlIHNlY29uZCB0ZXN0LiBDaG9vc2UgdGhlIGJlc3QgYW5zd2VyIGluIHlvdXIgb3duIG9waW5pb24u,,,,,W1rDqSBCb2xpbmhvXQpBIHByaW1laXJhIGF0aXZpZGFkZSBmb2kgY29uY2x1w61kYSwgdmFtb3MgcHJvc3NlZ3Vpci4=,,W051YmUgZGUgY3JlbWFdCkFob3JhLCBsYSBzZWd1bmRhIHBydWViYS4gRWxpZ2UgbGEgbWVqb3IgcmVzcHVlc3RhIHNlZ8O6biB0dSBvcGluacOzbi4=
e+P3Ag,,W0NyZWFtIFB1ZmZdCjJuZCB0eXBlIG9mIHF1ZXN0aW9uIGlzIHRvIHNlbGVjdCBhIHdvcmQgb3Igc2VudGVuY2Ugd2hpY2ggaXMgY2xvc2VzdCB0byB5b3Vyc2VsZi4=,,,,,W1rDqSBCb2xpbmhvXQpBIHNlZ3VuZGEgYXRpdmlkYWRlIGVudm9sdmUgZXNjb2xoZXIgYSBwYWxhdnJhIHF1ZSBtYWlzIHNlIGVuY2FpeGEgYSB2b2PDqi4=,,W051YmUgZGUgY3JlbWFdCkVsIHNlZ3VuZG8gdGlwbyBkZSBwcmVndW50YXMgY29uc2lzdGUgZW4gc2VsZWNjaW9uYXIgbGEgcGFsYWJyYSBvIGZyYXNlIGNvbiBsYSBxdWUgbcOhcyB0ZSBpZGVudGlmaXF1ZXMu
fOP3Ag,,U3R1ZHk=,,,,,RXN0dWRvcw==,,RXN0dWRpby4=
feP3Ag,,RXhlcmNpc2U=,,,,,RXhlcmPDrWNpb3M=,,RWplcmNpY2lvLg==
fuP3Ag,,U2VydmljZQ==,,,,,VHJhYmFsaG8gVm9sdW50w6FyaW8=,,U2VydmljaW8u
f+P3Ag,,VmlvbGVuY2U=,,,,,VmlvbMOqbmNpYQ==,,VmlvbGVuY2lhLg==
gOP3Ag,,Q2hhbmdl,,,,,TXVkYW7Dp2E=,,Q2FtYmlvLg==
geP3Ag,,UHJlc2VydmF0aW9u,,,,,Q29uc2VydmHDp8Ojbw==,,Q29uc2VydmFjacOzbi4=
guP3Ag,,Q29uc3VtZXI=,,,,,Q2xpZW50ZQ==,,Q29uc3VtaWRvci4=
g+P3Ag,,U2VsbGVy,,,,,VmVuZGVkb3I=,,VmVuZGVkb3Iu
hOP3Ag,,UHJvZHVjZXI=,,,,,UHJvZHV0b3I=,,UHJvZHVjdG9yLg==
heP3Ag,,U3BlZWR5,,,,,UmFwaWRleg==,,UmFwaWRlei4=
huP3Ag,,Q2F1dGlvdXM=,,,,,Q2F1dGVsYQ==,,UHJlY2F1Y2nDs24u
h+P3Ag,,VGhlb3J5,,,,,VGVvcmlhcw==,,VGVvcsOtYS4=
iOP3Ag,,RXhwZXJpZW5jZQ==,,,,,RXhwZXJpw6puY2lhcw==,,RXhwZXJpZW5jaWE=
ieP3Ag,,W0NyZWFtIFB1ZmZdCjJuZCB0eXBlIG9mIHF1ZXN0aW9uIGlzIGRvbmUuIEl0IHdhcyBzaW1wbGUuIFJpZ2h0ID8gTGV0J3MgbW92ZSB0byBuZXh0Lg==,,,,,W1rDqSBCb2xpbmhvXQpNYWlzIHVtYSBhdGl2aWRhZGUgY29uY2x1w61kYSwgdmFtb3MgcHJhIHByw7N4aW1hIQ==,,W051YmUgZGUgY3JlbWFdClRlcm1pbsOzIGVsIHNlZ3VuZG8gdGlwbyBkZSBwcmVndW50YXMuIEZ1ZSBzZW5jaWxsby4gwr9WZXJkYWQ/IFBhc2Vtb3MgYWwgc2lndWllbnRlIHBhc28u
iuP3Ag,,W0NyZWFtIFB1ZmZdCk5vdyBmb3IgdGhlIHRoaXJkIHRlc3QuIFBsZWFzZSBjaG9vc2UgKFllcykgb3IgKE5vKSB0byBlYWNoIHF1ZXN0aW9uLg==,,,,,W1rDqSBCb2xpbmhvXQpBIHRlcmNlaXJhIGF0aXZpZGFkZSDDqSBzaW1wbGVzLiBWb2PDqiBkZXZlIHJlc3BvbmRlciBob25lc3RhbWVudGUgY29tIFNpbSBvdSBOw6Nv,,W051YmUgZGUgY3JlbWFdCkFob3JhIHZhbW9zIGNvbiBsYSB0ZXJjZXJhIHBydWViYS4gU2VsZWNjaW9uYSAoU8OtKSBvIChObykgcGFyYSBjYWRhIHByZWd1bnRhLg==
i+P3Ag,,RG8geW91IGFsd2F5cyBwaWNrIHVwIG1vbmV5IHRoYXQgeW91IGZpbmQgb24gdGhlIGdyb3VuZD8=,,,,,SMOhIGRpbmhlaXJvIG5vIGNow6NvLCB2b2PDqiBwZWdhPw==,,wr9TaWVtcHJlIGxldmFudGFzIGVsIGRpbmVybyBxdWUgZW5jdWVudHJhcyBlbiBlbCBzdWVsbz8=
jOP3Ag,,WWVz,,,,,U2lt,,U8OtLg==
jeP3Ag,,Tm8=,,,,,TsOjbw==,,Tm8u
juP3Ag,,SWYgeW91IGhhZCB0aGUgc2FtZSBuYW1lIGFzIHNvbWVvbmUgb2YgdGhlIG9wcG9zaXRlIHNleCwgd291bGQgdGhhdCBtYWtlIHlvdSBsZXNzIGF0dHJhY3RlZCB0byB0aGVtPw==,,,,,Vm9jw6ogYWJvcmRhIHVtYSBwZXNzb2EgZGVzY29uaGVjaWRhLCBwb3LDqW0gYm9uaXRhLCBwYXJhIHBhcXVlcsOhLWxhPw==,,U2kgdHV2aWVyYXMgZWwgbWlzbW8gbm9tYnJlIHF1ZSBhbGd1aWVuIGRlbCBzZXhvIG9wdWVzdG8sIMK/dGUgYXRyYWVyw61hIG1lbm9zPw==
j+P3Ag,,RG8geW91IGxpa2UgdG8gYmUgYWJsZSB0byBjYXJyeSBhIGxvdCBvZiBpdGVtcyBhdCBvbmNlPw==,,,,,w4kgYm9tIHRlciB1bSBpbnZlbnTDoXJpbyBncmFuZGUgZSBlc3Bhw6dvc28gZW0gdHJvY2EgZGUgYm9sc29zIHBlcXVlbm9zIGUgZGlzY3JldG9zPw==,,wr9UZSBndXN0YSBwb2RlciBsbGV2YXIgbXVjaG9zIG9iamV0b3MgYSBsYSB2ZXo/
kOP3Ag,,RG8geW91IGxpa2UgdG8gcmVhZCBib29rcz8=,,,,,UXVhbmRvIHF1ZXIgbXVpdG8gYWxnbyBxdWUgasOhIGVzdMOhIGZvcmEgZGUgbW9kYSwgdm9jw6ogcGVnYSBlbXByZXN0YWRvIGFvIGludsOpcyBkZSBjb21wcmFyPw==,,wr9UZSBndXN0YSBsZWVyIGxpYnJvcz8=
keP3Ag,,WW91IHJlYWQgZXZlcnl0aGluZyBpbiBhIG1hZ2F6aW5lPw==,,,,,Vm9jw6ogbMOqIGxpdnJvcyBjb21lw6dhbmRvIHBlbGEgcHJpbWVpcmEgcMOhZ2luYT8=,,wr9MZWVzIHRvZG8gZWwgY29udGVuaWRvIGRlIHVuYSByZXZpc3RhPw==
kuP3Ag,,RG8geW91IHRha2UgdGhlIHRpbWUgdG8gd29ycnkgYWJvdXQgd2hhdCB5b3UgYXJlIHdlYXJpbmc/,,,,,Vm9jw6ogc2UgcHJlb2N1cGEgY29tIHN1YXMgcm91cGFzIGNvbnN0YW50ZW1lbnRlPw==,,wr9UZSBwcmVvY3VwYSBsbyBxdWUgbGxldmFzIHB1ZXN0bz8=
k+P3Ag,,RG8geW91IHRlbGwgb3RoZXJzIHdoYXQga2luZCBvZiBmYW5jeSBmb29kcyB5b3UndmUgZWF0ZW4gcmVjZW50bHk/,,,,,U2UgYWNoYXIgZGluaGVpcm8gbmEgcnVhLCB2b2PDqiBkaXZpZGUgY29tIG9zIGFtaWdvcz8=,,wr9MZXMgY3VlbnRhcyBhIGxvcyBkZW3DoXMgc29icmUgY29taWRhcyBlbGFib3JhZGFzIHF1ZSBwcm9iYXN0ZSDDumx0aW1hbWVudGU/
lOP3Ag,,RG8geW91IHdyaXRlIHRoaW5ncyBkb3duIGluIGEgbm90ZWJvb2sgb2Z0ZW4/,,,,,Vm9jw6ogc2VtcHJlIGFub3RhIHNldXMgcGxhbm9zIGUgbWV0YXM/,,wr9TdWVsZXMgYW5vdGFyIGNvc2FzIGVuIHVuIGN1YWRlcm5vPw==
leP3Ag,,RG8geW91IGNvbnNpZGVyIHlvdXJzZWxmIGF0dHJhY3RpdmU/,,,,,VGVtIGludmVqYSBkZSBwZXNzb2FzIHF1ZSBmYXplbSBhbWl6YWRlIGZhY2lsbWVudGU/,,wr9UZSBjb25zaWRlcmFzIHVuYSBwZXJzb25hIGF0cmFjdGl2YT8=
luP3Ag,,RG8geW91IGxpa2UgdG8gYmUgaW4gYXJlYXMgd2hlcmUgYSBsb3Qgb2YgcGVvcGxlIGdhdGhlcj8=,,,,,U2VtcHJlIGVzdMOhIGNlcnRvIGRlIG9uZGUgdmFpIGUgZGFzIGNvbXBhbmhpYXMgcXVlIHRlcsOhPw==,,wr9UZSBndXN0YSBlc3RhciBlbiBsdWdhcmVzIGRvbmRlIHNlIHJlw7puZSBtdWNoYSBnZW50ZT8=
l+P3Ag,,RG8geW91IGxpa2UgdGhlIGlkZWEgb2YgbGl2aW5nIGEgc2luZ2xlIGxpZmU/,,,,,QWNoYSBxdWUgcGVzc29hcyBib25pdGFzIHTDqm0gdW0gY2Fyw6F0ZXIgZHV2aWRvc28/,,wr9UZSBndXN0YSBsYSBpZGVhIGRlIHZpdmlyIGVuIHNvbHRlcsOtYT8=
mOP3Ag,,RG8geW91IGxpa2UgdG8ga2VlcCB5b3VyIGRpc3RhbmNlIGZyb20gb3RoZXJzPw==,,,,,U2VtcHJlIHRlbSBhc3N1bnRvcyBwYXJhIG5vdm9zIHTDs3BpY29zIG5vIG1laW8gZGUgY29udmVyc2FzPw==,,wr9UZSBndXN0YSBtYW50ZW5lciBkaXN0YW5jaWEgY29uIGxvcyBkZW3DoXM/
meP3Ag,,RG8geW91IHRoaW5rIHRoYXQgaGF2aW5nIGEgZ29vZCBoaWRpbmcgc3BhY2UgaXMgaW1wb3J0YW50IGluIGJhdHRsZT8=,,,,,U2VudGUgcXVlIMOpIHBlcmZlY2Npb25pc3RhPw==,,wr9DcmVlcyBxdWUgdGVuZXIgdW4gYnVlbiBlc2NvbmRpdGUgZXMgaW1wb3J0YW50ZSBlbiB1bmEgYmF0YWxsYT8=
muP3Ag,,V291bGQgeW91IGRlZmVuZCB5b3VyIGZyaWVuZCBldmVuIGlmIHlvdSBrbmV3IHRoZXkgd2VyZSB3cm9uZz8=,,,,,RmljYSBtdWl0byBjaGF0ZWFkbyBzZSDDqSB0cmHDrWRvIHBvciBhbGd1w6ltPw==,,wr9EZWZlbmRlcsOtYXMgYSB1biBhbWlnbyBhdW5xdWUgc3VwaWVyYXMgcXVlIHNlIGVxdWl2b2NhPw==
m+P3Ag,,V291bGQgeW91IHRyeSB0byBjb252aW5jZSBhbiBlbmVteSBub3QgdG8gZmlnaHQgeW91IHdpdGggbG9naWM/,,,,,U2UgYWxndcOpbSBleHBsaWNhIGFsZ28gbWFsLCB2b2PDqiBjb250aW51YSB0ZW50YW5kbyBhcHJlbmRlcj8=,,wr9JbnRlbnRhcsOtYXMgY29udmVuY2VyIGNvbiBsw7NnaWNhIGEgdW4gZW5lbWlnbyBwYXJhIHF1ZSBubyBsdWNoZSBjb250cmEgdGk/
nOP3Ag,,Q2FuIHlvdSBzaXQgc3RpbGwgaW4gdGhlIHNhbWUgcGxhY2UgZm9yIGEgbG9uZyB0aW1lPw==,,,,,UHJvY3VyYSBtYW50ZXIgc2V1IHF1YXJ0byBvcmdhbml6YWRvPw==,,wr9QdWVkZXMgc2VudGFydGUgZW4gZWwgbWlzbW8gbHVnYXIgc2luIG1vdmVydGUgZHVyYW50ZSBtdWNobyB0aWVtcG8/
neP3Ag,,RG8geW91IHRoaW5rIHRoYXQgeW91IGNhbiB0YWtlIGEgcHVuY2ggc3RyYWlnaHQgdG8gdGhlIGd1dCBmcm9tIGFuIE9yYz8=,,,,,UXVhbmRvIHRyYWJhbGhhIGVtIGdydXBvLCBwcm9jdXJhIGFqdWRhciBvcyBjb2xlZ2FzPw==,,wr9DcmVlcyBxdWUgcHVlZGVzIGFndWFudGFyIHVuIGdvbHBlIGRlIHVuIG9yY28gZGlyZWN0byBhbCBhYmRvbWVuPw==
nuP3Ag,,RG8geW91IG1ha2UgdXAgbmlja25hbWVzIGZvciB5b3VyIGZyaWVuZHM/,,,,,QXBlbGlkYSB0dWRvIGUgdG9kb3MgZSBwb3NzdWkgbXVpdG9zIGFwZWxpZG9zPw==,,wr9JbnZlbnRhcyBhcG9kb3MgcGFyYSB0dXMgYW1pZ29zPw==
n+P3Ag,,RG8geW91IGFsd2F5cyBoYXZlIGEgcGxhbiBCIGZvciB2YXJpb3VzIHNpdHVhdGlvbnM/,,,,,Vm9jw6ogc2VtcHJlIGNvbnNlZ3VlIG8gcXVlIHF1ZXI/,,wr9UaWVuZXMgc2llbXByZSB1biBwbGFuIEIgcGFyYSB2YXJpYXMgc2l0dWFjaW9uZXM/
oOP3Ag,,SSB0aGluayBhYm91dCBzb21ldGhpbmcgZWxzZSB3aGlsZSB0YWxraW5nIHRvIG90aGVycy4=,,,,,VGVtIGRpZmljdWxkYWRlIGVtIHByZXN0YXIgYXRlbsOnw6NvIG5vIHF1ZSBhcyBwZXNzb2FzIGZhbGFtPw==,,wr9QaWVuc2FzIGVuIG90cmFzIGNvc2FzIG1pZW50cmFzIGhhYmxhcyBjb24gbG9zIGRlbcOhcz8=
oeP3Ag,,W0NyZWFtIFB1ZmZdCkNsYXNzIGFwdGl0dWRlIHRlc3QgaXMgZmluaXNoZWQgd2l0aCAxLDIgYW5kIDNyZCB0ZXN0LiBQbGVhc2Ugd2FpdCBmb3IgYSBtb21lbnQu,,,,,W1rDqSBCb2xpbmhvXQpEZXBvaXMgZGUgdG9kYXMgZXNzYXMgYXRpdmlkYWRlcywgbyBUZXN0ZSBkZSBDbGFzc2VzIGZvaSBmaW5hbG1lbnRlIGNvbmNsdcOtZG8uIEVzcGVyZSB1bSBpbnN0YW50ZS4=,,W051YmUgZGUgY3JlbWFdClNlIGNvbXBsZXRhcm9uIGxhcyB0cmVzIHBhcnRlcyBkZSBsYSBwcnVlYmEgZGUgYXB0aXR1ZCBkZSBjbGFzZS4gRXNwZXJhIHVuIG1vbWVudG8u
ouP3Ag,,W0NyZWFtIFB1ZmZdCiBJdCByZXF1aXJlcyB0byBtYW51YWxseSBjYWxjdWxhdGUJYXMgeW91IGtub3c=,,,,,W1rDqSBCb2xpbmhvXQpFbnRlbmRhLCB0ZW5obyBxdWUgY2FsY3VsYXIgbWFudWFsbWVudGUuLi4=,,W051YmUgZGUgY3JlbWFdCkFob3JhIHNlIGhhY2VuIHRvZG9zIGxvcyBjw6FsY3Vsb3MgYSBtYW5vLCBjb21vIHlhIHNhYmVzLg==
o+P3Ag,,W0NyZWFtIFB1ZmZdCkFsbCByaWdodCEhISEgSXQncyBkb25lISEhISEhISE=,,,,,W1rDqSBCb2xpbmhvXQpQcm9udG8gb3UgbsOjby4uLiBFdSBhY2FiZWkh,,W051YmUgZGUgY3JlbWFdCsKhwqHCocKhTXV5IGJpZW4hISEhIMKhwqHCocKhwqHCocKhwqFUb2RvIHRlcm1pbmFkbyEhISEhISEh
pOP3Ag,,W0NyZWFtIFB1ZmZdCkZpbmlzaGVkIGNhbGN1bGF0aW5nLiBNYXRoIGlzIGFsd2F5cyBkaWZmaWN1bHQu,,,,,W1rDqSBCb2xpbmhvXQpOw6NvIGxlbWJyYXZhIHF1ZSBhIG1hdGVtw6F0aWNhIGVyYSB0w6NvIGNvbXBsaWNhZGEuLi4=,,W051YmUgZGUgY3JlbWFdCkPDoWxjdWxvcyB0ZXJtaW5hZG9zLiBMYXMgbWF0ZW3DoXRpY2FzIHNpZW1wcmUgc29uIGRpZsOtY2lsZXMu
peP3Ag,,W0NyZWFtIFB1ZmZdCkFjY29yZGluZyB0byB0aGUgQ2xhc3MgYXB0aXR1ZGUgdGVzdCE=,,,,,W1rDqSBCb2xpbmhvXQpWYW1vcyB2ZXIgb3MgcmVzdWx0YWRvcyE=,,W051YmUgZGUgY3JlbWFdCsKhVGVuZ28gZWwgcmVzdWx0YWRvIGRlIGxhIHBydWViYSBkZSBhcHRpdHVkIGRlIGNsYXNlIQ==
puP3Ag,,U3dvcmRtYW4=,,,,,RXNwYWRhY2hpbQ==,,RXNwYWRhY2jDrW4=
p+P3Ag,,W0NyZWFtIFB1ZmZdCnRoZSBvbmUgd2hvIHdhbnRzIHRvIGJlIGEgaGVybyB3aXRoIHN0b25nIGJlbGllZiBhbmQgd2FudHMgdG8gaW5mbHVlbmNlIG9uIHRoZSB3b3JsZA==,,,,,W1rDqSBCb2xpbmhvXQpWb2PDqiDDqSBkbyB0aXBvIHF1ZSBxdWVyIGluZmx1ZW5jaWFyIG8gbXVuZG8gZGUgZm9ybWEgaW1wYWN0YW50ZSwgc2VtIHNlIGltcG9ydGFyIGNvbSBhIHNpbXBsaWNpZGFkZS4=,,W051YmUgZGUgY3JlbWFdCkFxdWVsbG9zIHF1ZSBxdWllcmVuIHNlciBow6lyb2VzLCB0aWVuZW4gY29udmljY2lvbmVzIGZ1ZXJ0ZXMgeSBxdWllcmVuIGluZmx1aXIgZW4gZWwgbXVuZG8u
qOP3Ag,,W0NyZWFtIFB1ZmZdCnRoZSBvbmUgd2hvIHdhbnRzIHRvIHByb3RlY3QgdGhlIHdlYWs=,,,,,W1rDqSBCb2xpbmhvXQpQYXJhIHZvY8OqLCBsZWFsIGUgZmllbCBxdWUgcHJvdGVnZSBvcyBmcmFjb3MuLi4=,,W051YmUgZGUgY3JlbWFdCkFxdWVsbG9zIHF1ZSBxdWllcmVuIHByb3RlZ2VyIGEgbG9zIGTDqWJpbGVzLg==
qeP3Ag,,W0NyZWFtIFB1ZmZdCl44MDE0RUJTd29yZG1hbl4wMDAwMDAgaXMgYSBnb29kIG1hdGNoaW5nIGpvYiBmb3IgeW91Lg==,,,,,W1rDqSBCb2xpbmhvXQpeODAxNEVCRXNwYWRhY2hpbV4wMDAwMDAgw6kgdW1hIENsYXNzZSBkbyBiYWxhY29iYWNvIQ==,,W051YmUgZGUgY3JlbWFdCl44MDE0RUJFc3BhZGFjaMOtbl4wMDAwMDAgZXMgdW5hIGNsYXNlIGFkZWN1YWRhIHBhcmEgdGku
quP3Ag,,TWFnZQ==,,,,,TWFnbw==,,TWFnbw==
q+P3Ag,,W0NyZWFtIFB1ZmZdClRoZSBvbmUgd2hvIGlzIGN1cmlvdXMgYWJvdXQga25vd2luZyBldmVyeXRoaW5nIGFuZCBpbmRlcGVuZGVudGx5IHdvcmsgYWxvbmUu,,,,,W1rDqSBCb2xpbmhvXQpWb2PDqiDDqSBkbyB0aXBvIHF1ZSB0ZW50YSBlbnRlbmRlciB0dWRvLCBtZXNtbyBxdWUgdGVuaGEgZGUgdHJhYmFsaGFyIHNlbSBjb21wYW5oaWEu,,W051YmUgZGUgY3JlbWFdCkFxdWVsbG9zIHF1ZSBxdWllcmVuIHNhYmVybG8gdG9kbyB5IHRyYWJhamFyIHNvbG9zLCBkZSBmb3JtYSBpbmRlcGVuZGllbnRlLg==
rOP3Ag,,W0NyZWFtIFB1ZmZdCnRoZSBvbmUgd2hvIGhhcyBnb29kIGp1ZGdlbWVudCwgbm90IG91dC1nb2luZywgYW5hbHl6aW5nIGFuZCBpbnNpZ2h0ZnVsIGFuZCBsaWtlcyB0byBvYnNlcnZlLi4u,,,,,W1rDqSBCb2xpbmhvXQpQYXJhIHZvY8OqLCBhbmFsw610aWNvIGUgb2JzZXJ2YWRvci4uLg==,,W051YmUgZGUgY3JlbWFdCkFxdWVsbG9zIHF1ZSB0aWVuZW4gYnVlbiBqdWljaW8sIG5vIHNvbiBleHRyb3ZlcnRpZG9zLCBwZXJvIHPDrSBhbmFsw610aWNvcyB5IHBlcnNwaWNhY2VzLCB5IGxlcyBndXN0YSBvYnNlcnZhci4=
reP3Ag,,W0NyZWFtIFB1ZmZdCl44MDE0RUJNYWdlXjAwMDAwMCBpcyBhIGdvb2QgbWF0Y2hpbmcgam9iIGZvciB5b3Uu,,,,,W1rDqSBCb2xpbmhvXQpTZXIgdW0gXjgwMTRFQk1hZ29eMDAwMDAwIHZhaSBwcm92YXIgc2V1IHZhbG9yIQ==,,W051YmUgZGUgY3JlbWFdCl44MDE0RUJNYWdvXjAwMDAwMCBlcyB1bmEgY2xhc2UgYWRlY3VhZGEgcGFyYSB0aS4=
ruP3Ag,,QXJjaGVy,,,,,QXJxdWVpcm8=,,QXJxdWVybw==
r+P3Ag,,W0NyZWFtIFB1ZmZdClRoZSBvbmUgd2hvIGlzIHJvbWFudGljIGFuZCB1bmRlcnN0YW5kcyB0aGUgZmVlbGluZyBvZiBvdGhlcnMgYW5kIHRyaWVzIHRvIGJlIHVuZGVyc3Rvb2QgYnkgb3RoZXJzIGFzIHdlbGwu,,,,,W1rDqSBCb2xpbmhvXQpWb2PDqiDDqSBkbyB0aXBvIHNlbnPDrXZlbCwgcXVlIHJlY29uaGVjZSBvcyBhcnJlZG9yZXMgZSBhcyBkaWZlcmVudGVzIHNpdHVhw6fDtWVzLg==,,W051YmUgZGUgY3JlbWFdCkFxdWVsbG9zIHJvbcOhbnRpY29zIHkgZW1ww6F0aWNvcywgcXVlIHRyYXRhbiB0YW1iacOpbiBkZSBxdWUgbG9zIGRlbcOhcyBsb3MgY29tcHJlbmRhbi4=
sOP3Ag,,W0NyZWFtIFB1ZmZdCnRoZSBvbmUgd2hvIHdhbnRzIHRvIHNwZW5kIHRpbWUgZmluZGluZyBvdXQgd2hvIHRoZXkgYXJlLi4=,,,,,W1rDqSBCb2xpbmhvXQpQYXJhIHZvY8OqLCBkZXRlcm1pbmFkbyBlIGNvbnNlbnRpZG8uLi4=,,W051YmUgZGUgY3JlbWFdCkFxdWVsbG9zIHF1ZSBxdWllcmVuIGRlZGljYXIgdGllbXBvIGRlIHN1IHZpZGEgYSBkZXNjdWJyaXIgcXVpw6luZXMgc29uLg==
seP3Ag,,W0NyZWFtIFB1ZmZdCl44MDE0RUJBcmNoZXJeMDAwMDAwIGlzIGEgZ29vZCBtYXRjaGluZyBqb2IgZm9yIHlvdS4=,,,,,W1rDqSBCb2xpbmhvXQpeODAxNEVCQXJxdWVpcm9eMDAwMDAwIMOpIG8gw7puaWNvIGRlc3Rpbm8gcGVybWl0aWRvIQ==,,W051YmUgZGUgY3JlbWFdCl44MDE0RUJBcnF1ZXJvXjAwMDAwMCBlcyB1bmEgY2xhc2UgYWRlY3VhZGEgcGFyYSB0aS4=
suP3Ag,,TWVyY2hhbnQ=,,,,,TWVyY2Fkb3I=,,Q29tZXJjaWFudGU=
s+P3Ag,,W0NyZWFtIFB1ZmZdCnRoZSBvbmUgd2hvIGlzIGdvb2QgYXQgcmVhZGluZyB0aGUgbWluZCBvZiBvdGhlcnMgYW5kIGlzIGRlY2lzaXZl,,,,,W1rDqSBCb2xpbmhvXQpWb2PDqiDDqSBkbyB0aXBvIHF1ZSBuw6NvIGRlc2lzdGUgZGFzIHBlc3NvYXMgZSBwcm9jdXJhIHNlbXByZSB1bWEgdHJvY2Eu,,W051YmUgZGUgY3JlbWFdCkFxdWVsbG9zIHF1ZSBzYWJlbiBsZWVyIGxhIG1lbnRlIGRlIGxvcyBkZW3DoXMgeSBzb24gcmVzb2x1dGl2b3Mu
tOP3Ag,,W0NyZWFtIFB1ZmZdCnRoZSBvbmUgd2hvIGlzIHN0cm9uZ2x5IGludGVyZXN0ZWQgaW4gYWNoaWV2aW5nIGFuZCB0YXJnZXQtZHJpdmluZyBhbmQgcmVzcG9uc2libGUu,,,,,W1rDqSBCb2xpbmhvXQpQYXJhIHZvY8OqLCBxdWUgZGVzZWphIHR1ZG8gdmVuZGVyLi4u,,W051YmUgZGUgY3JlbWFdCkFxdWVsbG9zIGEgbG9zIHF1ZSBsZXMgaW50ZXJlc2EgY3VtcGxpciBzdXMgb2JqZXRpdm9zIHkgc29uIHJlc3BvbnNhYmxlcy4=
teP3Ag,,W0NyZWFtIFB1ZmZdCl44MDE0RUJNZXJjaGFudF4wMDAwMDAgaXMgYSBnb29kIG1hdGNoaW5nIGpvYiBmb3IgeW91Li4=,,,,,W1rDqSBCb2xpbmhvXQpeODAxNEVCTWVyY2Fkb3JeMDAwMDAwIMOpIG8gbWVsaG9yIGNhbWluaG8gcGFyYSBlbnJpcXVlY2VyIQ==,,W051YmUgZGUgY3JlbWFdCl44MDE0RUJDb21lcmNpYW50ZV4wMDAwMDAgZXMgdW5hIGNsYXNlIGFkZWN1YWRhIHBhcmEgdGku
tuP3Ag,,VGhpZWY=,,,,,R2F0dW5v,,TGFkcsOzbg==
t+P3Ag,,W0NyZWFtIFB1ZmZdClRoZSBvbmUgd2hvIHdhbnRzIHRvIGhhdmUgZnVuIGlzIG9wdGltaXN0aWMgd2hvIGxvdmVzIGFkdmVudHVyZQ==,,,,,W1rDqSBCb2xpbmhvXQpWb2PDqiDDqSBkbyB0aXBvIHF1ZSBhbnNlaWEgcG9yIG1haXMgZSBtYWlzLCBjb25zZWd1aW5kbyB0dWRvIG8gcXVlIHF1ZXIu,,W051YmUgZGUgY3JlbWFdCkFxdWVsbG9zIHF1ZSBxdWllcmVuIGRpdmVydGlyc2UsIHNvbiBvcHRpbWlzdGFzIHkgbGVzIGd1c3RhIGxhIGF2ZW50dXJhLg==
uOP3Ag,,W0NyZWFtIFB1ZmZdCnRoZSBvbmUgd2hvIHdhbnRzIHRvIGZpbmQgb3V0IHNvbWV0aGluZyBleGNpdGluZyBhbmQgd2FudHMgdG8gZG9uYXRlIHRvIHRoZSB3b3JsZCBpbiBoaXMgb3duIHdheQ==,,,,,W1rDqSBCb2xpbmhvXQpQYXJhIHZvY8OqLCBxdWUgcHJvY3VyYSBjb25xdWlzdGFzIGUgZ2zDs3JpYS4uLg==,,W051YmUgZGUgY3JlbWFdCkFxdWVsbG9zIHF1ZSBxdWllcmVuIGRlc2N1YnJpciBhbGdvIGVtb2Npb25hbnRlIHkgYXBvcnRhciBhbCBtdW5kbyBhIHN1IG1hbmVyYS4=
ueP3Ag,,W0NyZWFtIFB1ZmZdCl44MDE0RUJUaGllZl4wMDAwMDAgaXMgYSBnb29kIG1hdGNoaW5nIGpvYiBmb3IgeW91Li4=,,,,,W1rDqSBCb2xpbmhvXQpeODAxNEVCR2F0dW5vXjAwMDAwMCDDqSBhIGVzdHJhZGEgcGFyYSB0ZSBsZXZhciDDoCB2aXTDs3JpYSE=,,W051YmUgZGUgY3JlbWFdCl44MDE0RUJMYWRyw7NuXjAwMDAwMCBlcyB1bmEgY2xhc2UgYWRlY3VhZGEgcGFyYSB0aS4=
uuP3Ag,,QWNvbHl0ZQ==,,,,,Tm92acOnbw==,,QWPDs2xpdG8=
u+P3Ag,,W0NyZWFtIFB1ZmZdClRoZSBvbmUgd2hvIGhhcyBhIGdyZWF0IGhlYXJ0IHRvIGhlbHAgb3RoZXJzIGFuZCB1bmRlcnN0YW5kLg==,,,,,W1rDqSBCb2xpbmhvXQpWb2PDqiDDqSBkbyB0aXBvIHF1ZSB0ZW0gdW0gY29yYcOnw6NvIHF1ZW50ZSBlIHNlbXByZSBxdWVyIGFqdWRhci4=,,W051YmUgZGUgY3JlbWFdCkFxdWVsbG9zIHF1ZSB0aWVuZW4gdW4gZ3JhbiBjb3JhesOzbiwgYXl1ZGFuIGEgbG9zIGRlbcOhcyB5IGxlcyBicmluZGFuIGNvbXByZW5zacOzbi4=
vOP3Ag,,W0NyZWFtIFB1ZmZdCnRoZSBvbmUgd2hvIHdhbnRzIHRvIGJlIGxvdmVkIGFuZCB3YW50cyB0byBjYXJlIGZvciBvdGhlcnMu,,,,,W1rDqSBCb2xpbmhvXQpQYXJhIHZvY8OqLCBhbWFkbyBlIHJlc3BlaXRhZG8gcGVsYXMgcGVzc29hcy4uLg==,,W051YmUgZGUgY3JlbWFdCkFxdWVsbG9zIHF1ZSBxdWllcmVuIHNlciBhbWFkb3MgeSBjdWlkYXIgZGUgbG9zIGRlbcOhcy4=
veP3Ag,,W0NyZWFtIFB1ZmZdCl44MDE0RUJBY29seXRlXjAwMDAwMCBpcyBhIGdvb2QgbWF0Y2hpbmcgam9iIGZvciB5b3UuLg==,,,,,W1rDqSBCb2xpbmhvXQpBIENsYXNzZSBkZSBeODAxNEVCTm92acOnb14wMDAwMDAgc8OzIHRyYXLDoSBjb2lzYXMgYm9hcy4=,,W051YmUgZGUgY3JlbWFdCl44MDE0RUJBY8OzbGl0b14wMDAwMDAgZXMgdW5hIGNsYXNlIGFkZWN1YWRhIHBhcmEgdGku
vuP3Ag,,VGFla3dvbiBib3kvZ2lybA==,,,,,VGFla3dvbg==,,Q2hpY28gbyBjaGljYSBUYWVrd29u
v+P3Ag,,W0NyZWFtIFB1ZmZdCnRoZSBvbmUgd2hvIGhhcyBzb3VuZCBtaW5kIGZyb20gcmlnaHQgdHJhaW5pbmcu,,,,,W1rDqSBCb2xpbmhvXQpWb2PDqiDDqSBkbyB0aXBvIHF1ZSBhY3JlZGl0YSBubyB0cmVpbmFtZW50byBwZXNhZG8gZSBub3MgcGVuc2FtZW50b3MgbGV2ZXMu,,W051YmUgZGUgY3JlbWFdCkFxdWVsbG9zIHF1ZSB0aWVuZW4gdW5hIG1lbnRlIHNhbmEgZ3JhY2lhcyBhIHVuIGVudHJlbmFtaWVudG8gYWRlY3VhZG8u
wOP3Ag,,W0NyZWFtIFB1ZmZdClRoZSBvbmUgd2hvIHRyaWVzIGhhcmQgZXZlcnlkYXkgd2l0aCBjZXJ0YWluIGJlbGllZiBhbmQgdHJpZXMgdG8gbWFrZSBwZW9wbGUgdW5kZXJzdGFuZC4=,,,,,W1rDqSBCb2xpbmhvXQpQYXJhIHZvY8OqLCBjb21iYXRlbnRlIHNhZ2F6IGUgZm9jYWRvLi4u,,W051YmUgZGUgY3JlbWFdCkFxdWVsbG9zIHF1ZSBzZSBlc2Z1ZXJ6YW4gY2FkYSBkw61hIHBvciBzdXMgY29udmljY2lvbmVzIGUgaW50ZW50YW4gcXVlIGxhIGdlbnRlIGxvIGVudGllbmRhLg==
weP3Ag,,W0NyZWFtIFB1ZmZdCl44MDE0RUJUYWVrd29uIGJveS9naXJsXjAwMDAwMCBpcyBhIGdvb2QgbWF0Y2hpbmcgam9iIGZvciB5b3UuLg==,,,,,W1rDqSBCb2xpbmhvXQpeODAxNEVCVGFla3dvbl4wMDAwMDAgw6kgdW1hIENsYXNzZSBxdWUgbnVuY2EgZGFyw6EgZXJyYWRvLg==,,W051YmUgZGUgY3JlbWFdCl44MDE0RUJDaGljbyBvIGNoaWNhIFRhZWt3b25eMDAwMDAwIGVzIHVuYSBjbGFzZSBhZGVjdWFkYSBwYXJhIHRpLg==
wuP3Ag,,Z3Vuc2xpbmdlcg==,,,,,SnVzdGljZWlybw==,,UGlzdG9sZXJv
w+P3Ag,,W0NyZWFtIFB1ZmZdCnRoZSBvbmUgd2hvIGlzIGNhbGxlZCBhcyBhIGp1c3RpY2UgZ2l2ZXIgYnV0IGFsc28gZ2l2ZXMgY2hhb3MgYW5kIGZlYXIu,,,,,W1rDqSBCb2xpbmhvXQpWb2PDqiDDqSBkbyB0aXBvIHF1ZSBuw6NvIGFicmUgbcOjbyBkYSBqdXN0acOnYSBlIGRvcyB2YWxvcmVzIG1vcmFpcy4=,,W051YmUgZGUgY3JlbWFdCkFxdWVsbG9zIGRlIHF1aWVuZXMgc2UgZGljZSBxdWUgaW1wYXJ0ZW4ganVzdGljaWEgcGVybyB0YW1iacOpbiBjYW9zIHkgbWllZG8u
xOP3Ag,,W0NyZWFtIFB1ZmZdCnRoZSBvbmUgd2hvIHRyaWVzIHRvIGJhbGFuY2UgYmV0d2VlbiBqdXN0aWNlIGFuZCBjaGFvcw==,,,,,W1rDqSBCb2xpbmhvXQpQYXJhIHZvY8OqLCBhdmVudHVyZWlybyBqdXN0byBlIGNvcmFqb3NvLi4u,,W051YmUgZGUgY3JlbWFdCkFxdWVsbG9zIHF1ZSBpbnRlbnRhbiBtYW50ZW5lciBlbCBlcXVpbGlicmlvIGVudHJlIGxhIGp1c3RpY2lhIHkgZWwgY2Fvcy4=
xeP3Ag,,W0NyZWFtIFB1ZmZdCl44MDE0RUJHdW5zbGluZ2VyXjAwMDAwMCBpcyBhIGdvb2QgbWF0Y2hpbmcgam9iIGZvciB5b3Uu,,,,,W1rDqSBCb2xpbmhvXQpBIENsYXNzZSBkZSBeODAxNEVCSnVzdGljZWlyb14wMDAwMDAgcHJvbWV0ZSB1bSBmdXR1cm8gZXN0cm9uZG9zby4=,,W051YmUgZGUgY3JlbWFdCl44MDE0RUJQaXN0b2xlcm9eMDAwMDAwIGVzIHVuYSBjbGFzZSBhZGVjdWFkYSBwYXJhIHRpLg==
xuP3Ag,,bmluamE=,,,,,TmluamE=,,TmluamE=
x+P3Ag,,W0NyZWFtIFB1ZmZdClRoZSBvbmUgd2hvIGRvZXMgbm90IHdhbnQgdG8gZ2V0IGF0dGVudGlvbg==,,,,,W1rDqSBCb2xpbmhvXQpWb2PDqiDDqSBkbyB0aXBvIHF1ZSBldml0YSBhdGVuw6fDo28uLi4=,,W051YmUgZGUgY3JlbWFdCkFxdWVsbG9zIHF1ZSBubyBxdWllcmVuIGxsYW1hciBsYSBhdGVuY2nDs24u
yOP3Ag,,W0NyZWFtIFB1ZmZdCmFuZCB3aG8gaXMgcGVyc2lzdGFudCB3aXRob3V0IGdpdmluZyB1cCB1bnRpbCByZWFjaGluZyB0aGUgdGFyZ2V0Li4=,,,,,W1rDqSBCb2xpbmhvXQpQYXJhIHZvY8OqLCBzb21icmlvIGUgc2lsZW5jaW9zby4uLg==,,W051YmUgZGUgY3JlbWFdClNvbiBwZXJzZXZlcmFudGVzIHkgbm8gc2UgcmluZGVuIGhhc3RhIGxvZ3JhciBzdSBvYmpldGl2by4=
yeP3Ag,,W0NyZWFtIFB1ZmZdCl44MDE0RUJOaW5qYV4wMDAwMDAgaXMgYSBnb29kIG1hdGNoaW5nIGpvYiBmb3IgeW91Lg==,,,,,W1rDqSBCb2xpbmhvXQpeODAxNEVCTmluamFeMDAwMDAwIMOpIGEgQ2xhc3NlIHBhcmEgc2VyIGNhdXRlbG9zby4=,,W051YmUgZGUgY3JlbWFdCl44MDE0RUJOaW5qYV4wMDAwMDAgZXMgdW5hIGNsYXNlIGFkZWN1YWRhIHBhcmEgdGku
yuP3Ag,,W0NyZWFtIFB1ZmZdCmVycm9y,,,,,W1rDqSBCb2xpbmhvXQpPcGEsIGFjaG8gcXVlIGJ1Z3VlaS4=,,W051YmUgZGUgY3JlbWFdCkVycm9y
y+P3Ag,,W0NyZWFtIFB1ZmZdCkhtbSwgaXQgc2F5cy4=,,,,,W1rDqSBCb2xpbmhvXQouLi4=,,W051YmUgZGUgY3JlbWFdCk1tbS4uLiBlc28gZGljZS4=
zOP3Ag,,W0NyZWFtIFB1ZmZdCllvdSBkbyBub3QgaGF2ZSB0byBjaG9vc2UgdGhlIGpvYiBmcm9tIENsYXNzIGFwdGl0dWRlIHRlc3QuIFRoYXQgaXMgb25seSBqdXN0IGZvciBmdW4u,,,,,W1rDqSBCb2xpbmhvXQpWb2PDqiBuw6NvIHByZWNpc2EgZXNjb2xoZXIgYSBDbGFzc2UgZG8gVGVzdGUsIGlzc28gw6kgcGFyYSB0ZSBkYXIgdW1hIG5vw6fDo28gZG8gcXXDo28gZGl2ZXJ0aWRvIHRvZGFzIHPDo28h,,W051YmUgZGUgY3JlbWFdCk5vIHRpZW5lcyBxdWUgZWxlZ2lyIGxhIGNsYXNlIHNlZ8O6biBsYSBwcnVlYmEgZGUgYXB0aXR1ZCBkZSBjbGFzZS4gTGEgcHJ1ZWJhIGVzIHNvbG8gcG9yIGRpdmVyc2nDs24u
zeP3Ag,,W0NyZWFtIFB1ZmZdCklmIHlvdSB3YW50LCBJIHdpbGwgc2VuZCBpdCB0byB0aGUgY2xhc3MgdGhhdCB3YXMgcmVjb21tZW5kZWQgYnkgdGhlIGFwdGl0dWRlIHJlc3VsdC4=,,,,,W1rDqSBCb2xpbmhvXQpTZSBxdWlzZXIsIHBvc3NvIHRlIG1hbmRhciBwYXJhIG8gbG9jYWwgZGEgQ2xhc3NlIHF1ZSB0aXJvdSBubyBUZXN0ZSBkZSBDbGFzc2VzLg==,,W051YmUgZGUgY3JlbWFdClNpIHF1aWVyZXMsIHRlIGVudmlhcsOpIGEgbGEgY2xhc2UgcmVjb21lbmRhZGEgc2Vnw7puIGVsIHJlc3VsdGFkby4=
zuP3Ag,,U2VuZCBtZSBub3cu,,,,,UG9yIGZhdm9yLCBtZSBtYW5kZSBwYXJhIGzDoS4=,,RW52w61hbWUgYWhvcmEu
z+P3Ag,,SXQncyBva2F5LCBJJ20gc3RpbGwgZGVjaWRpbmcu,,,,,UG9kZSBkZWl4YXIgcXVlIGV1IG1lIHZpcm8uLi4=,,Tm8gaGF5IGFwdXJvLCB0b2RhdsOtYSBlc3RveSBkZWNpZGllbmRvLg==
0OP3Ag,,W0NyZWFtIFB1ZmZdCk9rLCB5b3Uga25vdyB3aGF0IHlvdSB3YW50IEkgZ3Vlc3Mu,,,,,W1rDqSBCb2xpbmhvXQpWb2PDqiDDqSBtdWl0byBjb25maWFudGUuLi4=,,W051YmUgZGUgY3JlbWFdCkJpZW4sIHN1cG9uZ28gcXVlIHlhIHNhYmVzIGxvIHF1ZSBxdWllcmVzLg==
0eP3Ag,,W0NyZWFtIFB1ZmZdCllvdSByZWNvbW1lbmRlZCBqb2IgaXMgezB9LiBJIHdpbGwgc2VuZCB5b3UgdG8gd2hlcmUgeW91IGNhbiB0YWxrIHRvIHRoYXQgam9iIHByb2Zlc3Npb25hbC4=,,,,,W1rDqSBCb2xpbmhvXQp7MH0sIHRlIG1hbmRhcmVpIHBhcmEgbyBsdWdhciBjZXJ0bywgcHJvbWV0byE=,,W051YmUgZGUgY3JlbWFdCkxhIGNsYXNlIHJlY29tZW5kYWRhIHBhcmEgdGkgZXMgezB9LiBUZSBlbnZpYXLDqSBhIHVuIGx1Z2FyIGRvbmRlIHB1ZWRlcyBoYWJsYXIgY29uIHVuIHByb2Zlc2lvbmFsIGRlIGVzYSBjbGFzZS4=
