wFvoCg,7KG064uk6riw7ZqNIO2MjOqyrOyCrOybkA==,Wm9uZGEgUGxhbm5pbmcgZGlzcGF0Y2hlZCBlbXBsb3llZQ==,,,,,RnVuY2lvbsOhcmlhIFpvbmRh,,RW1wbGVhZGEgWm9uZGE=
wVvoCg,LSDshozsp4DtlZjqs6Ag6rOE7IugIOyVhOydtO2FnOydtCDrp47slYQg7KeE7ZaJ7ZWgIOyImCDsl4bsirXri4jri6QuIC0=,LSBZb3UgY2Fubm90IHByb2NlZWQgYmVjYXVzZSB5b3UgaGF2ZSB0b28gbWFueSBpdGVtcy4gLQ==,,,,,LSBWb2PDqiBuw6NvIHBvZGUgcHJvc3NlZ3VpciBwb3JxdWUgcG9zc3VpIG11aXRvcyBpdGVucy4gLQ==,,LSBObyBwdWVkZXMgY29udGludWFyIHBvcnF1ZSB0aWVuZXMgZGVtYXNpYWRvcyBlbGVtZW50b3MuIC0=
wlvoCg,7Juo7J2067iMIOuqqOuTnCAtIOyIsg==,V2F2ZSBNb2RlIC0gRm9yZXN0,,,,,T25kYSAtIEJvc3F1ZQ==,,TW9kbyBPbGEgLSBCb3NxdWU=
w1voCg,7Juo7J2067iMIOuqqOuTnCAtIO2VmOuKmA==,V2F2ZSBNb2RlIC0gU2t5,,,,,T25kYSAtIEPDqXU=,,TW9kbyBPbmRhIC0gQ2llbG8=
xFvoCg,W+uyqOy5tF0KXjQyNkJFNzzsm6jsnbTruIzrqqjrk5wt7IiyPl4wMDAwMDAg7J207Jqp7JeQIOusuOygnOqwgCDrsJzqsqzrkJjslrQg7KGw7LmY66W8IOy3qO2VtOuTnOuguOyWtOyalC4g64uk7IucIF40MjZCRTc87Juo7J2067iM66qo65OcLeyIsj5eMDAwMDAw7J2EIOydtOyaqe2VmOyLpCDsiJgg7J6I7J2EIOqxsOyXkOyalC4=,W0JlbGthXQpeNDI2QkU3QSBwcm9ibGVtIHdhcyBkaXNjb3ZlcmVkIGluIHRoZSB1c2Ugb2YgPFdhdmUgTW9kZS1Gb3Jlc3Q+XjAwMDAwMCwgc28gd2UgdG9vayBhY3Rpb24uIFlvdSB3aWxsIGJlIGFibGUgdG8gdXNlIF40MjZCRTc8V2F2ZSBNb2RlLUZvcmVzdD5eMDAwMDAwIGFnYWluLg==,,,,,W0JlbGthXQpeNDI2QkU3Rm9pIGRlc2NvYmVydG8gdW0gcHJvYmxlbWEgbm8gdXNvIGRlIDxPbmRhIC0gQm9zcXVlPl4wMDAwMDAsIGVudMOjbyB0b21hbW9zIG1lZGlkYXMuIFZvY8OqIHBvZGVyw6EgdXNhciBeNDI2QkU3PE9uZGEgLSBCb3NxdWU+XjAwMDAwMCBub3ZhbWVudGUu,,W0JlbGthXQpeNDI2QkU3U2UgZGVzY3VicmnDsyB1biBwcm9ibGVtYSBlbiBlbCB1c28gZGUgPFdhdmUgTW9kZS1Gb3Jlc3Q+XjAwMDAwMCwgcG9yIGxvIHF1ZSB0b21hbW9zIG1lZGlkYXMuIFBvZHLDoXMgdXRpbGl6YXIgXjQyNkJFNzxXYXZlIE1vZGUtRm9yZXN0Pl4wMDAwMDAgbnVldmFtZW50ZS4=
xVvoCg,W+uyqOy5tF0K7Ja066i4PyDsoIDrsoggXjQyNkJFNzzsm6jsnbTruIzrqqjrk5wt7IiyPl4wMDAwMDDsnYQg7J207Jqp7ZWc7KeAIO2VmOujqOqwgCDsp4DrgpjshajqtbDsmpQ/IOyngOq4iOu2gO2EsCDri6Tsi5wgXjQyNkJFNzzsm6jsnbTruIzrqqjrk5wt7IiyPl4wMDAwMDDsnYQg7J207Jqp7ZWY7IukIOyImCDsnojsirXri4jri6Qu,W0JlbGthXQpvaD8gSGFzIGl0IGJlZW4gYSBkYXkgc2luY2UgeW91IGxhc3QgdXNlZCBeNDI2QkU3PFdhdmUgTW9kZS1Gb3Jlc3Q+XjAwMDAwMD8gRnJvbSBub3cgb24sIHlvdSBjYW4gdXNlIF40MjZCRTc8V2F2ZSBNb2RlLUZvcmVzdD5eMDAwMDAwIGFnYWluLg==,,,,,W0JlbGthXQpPaD8gSsOhIHNlIHBhc3NvdSB1bSBkaWEgZGVzZGUgYSDDumx0aW1hIHZleiBxdWUgdm9jw6ogdXNvdSBeNDI2QkU3PE9uZGEgLSBCb3NxdWU+XjAwMDAwMD8gQWdvcmEsIHZvY8OqIHBvZGVyw6EgdXNhciBeNDI2QkU3PE9uZGEgLSBCb3NxdWU+XjAwMDAwMCBub3ZhbWVudGUu,,W0JlbGthXQrCv1ZheWE/IMK/SGEgcGFzYWRvIHVuIGTDrWEgZGVzZGUgbGEgw7psdGltYSB2ZXogcXVlIHVzYXN0ZSBeNDI2QkU3PFdhdmUgTW9kZS1Gb3Jlc3Q+XjAwMDAwMD8gQSBwYXJ0aXIgZGUgYWhvcmEsIHB1ZWRlcyB2b2x2ZXIgYSB1dGlsaXphciBeNDI2QkU3PFdhdmUgTW9kZS1Gb3Jlc3Q+XjAwMDAwMC4=
xlvoCg,W+uyqOy5tF0KXjQyNkJFNzzsm6jsnbTruIzrqqjrk5wt7ZWY64qYPl4wMDAwMDAg7J207Jqp7JeQIOusuOygnOqwgCDrsJzqsqzrkJjslrQg7KGw7LmY66W8IOy3qO2VtOuTnOuguOyWtOyalC4g64uk7IucIF40MjZCRTc87Juo7J2067iM66qo65OcLe2VmOuKmD5eMDAwMDAw7J2EIOydtOyaqe2VmOyLpCDsiJgg7J6I7J2EIOqxsOyXkOyalC4=,W0JlbGthXQpeNDI2QkU3QSBwcm9ibGVtIHdhcyBkaXNjb3ZlcmVkIGluIHRoZSB1c2Ugb2YgPFdhdmUgTW9kZS1Ta3k+XjAwMDAwMCBhbmQgd2UgaGF2ZSB0YWtlbiBhY3Rpb24uIFlvdSB3aWxsIGJlIGFibGUgdG8gdXNlIF40MjZCRTc8V2F2ZSBNb2RlLVNreT5eMDAwMDAwIGFnYWluLg==,,,,,W0JlbGthXQpeNDI2QkU3Rm9pIGRlc2NvYmVydG8gdW0gcHJvYmxlbWEgbm8gdXNvIGRvIDxPbmRhIC0gQ8OpdT5eMDAwMDAwIGUgdG9tYW1vcyBtZWRpZGFzLiBWb2PDqiBwb2RlcsOhIHVzYXIgXjQyNkJFNzxPbmRhIC0gQ8OpdT5eMDAwMDAwIG5vdmFtZW50ZS4=,,W0JlbGthXQpeNDI2QkU3U2UgZGVzY3VicmnDsyB1biBwcm9ibGVtYSBlbiBlbCB1c28gZGUgPFdhdmUgTW9kZS1Ta3k+XjAwMDAwMCB5IGhlbW9zIHRvbWFkbyBtZWRpZGFzLiBQb2Ryw6FzIHV0aWxpemFyIF40MjZCRTc8V2F2ZSBNb2RlLVNreT5eMDAwMDAwIG51ZXZhbWVudGUu
x1voCg,W+uyqOy5tF0K7Ja066i4PyDsoIDrsoggXjQyNkJFNzzsm6jsnbTruIzrqqjrk5wt7ZWY64qYPl4wMDAwMDDsnYQg7J207Jqp7ZWc7KeAIO2VmOujqOqwgCDsp4DrgpjshajqtbDsmpQ/IOyngOq4iOu2gO2EsCDri6Tsi5wgXjQyNkJFNzzsm6jsnbTruIzrqqjrk5wt7ZWY64qYPl4wMDAwMDDsnYQg7J207Jqp7ZWY7IukIOyImCDsnojsirXri4jri6Qu,W0JlbGthXQpvaD8gSGFzIGl0IGJlZW4gYSBkYXkgc2luY2UgeW91IGxhc3QgdXNlZCBeNDI2QkU3PFdhdmUgTW9kZS1Ta3k+XjAwMDAwMD8gRnJvbSBub3cgb24sIHlvdSBjYW4gdXNlIF40MjZCRTc8V2F2ZSBNb2RlLVNreT5eMDAwMDAwIGFnYWluLg==,,,,,W0JlbGthXQpPaD8gSsOhIHNlIHBhc3NvdSB1bSBkaWEgZGVzZGUgYSDDumx0aW1hIHZleiBxdWUgdm9jw6ogdXNvdSBvIF40MjZCRTc8T25kYSAtIEPDqXU+XjAwMDAwMD8gQWdvcmEsIHZvY8OqIHBvZGVyw6EgdXNhciBeNDI2QkU3PE9uZGEgLSBDw6l1Pl4wMDAwMDAgbm92YW1lbnRlLg==,,W0JlbGthXQrCv1ZheWE/IMK/SGEgcGFzYWRvIHVuIGTDrWEgZGVzZGUgbGEgw7psdGltYSB2ZXogcXVlIHVzYXN0ZSBeNDI2QkU3PFdhdmUgTW9kZS1Ta3k+XjAwMDAwMD8gQSBwYXJ0aXIgZGUgYWhvcmEsIHB1ZWRlcyB2b2x2ZXIgYSB1dGlsaXphciBeNDI2QkU3PFdhdmUgTW9kZS1Ta3k+XjAwMDAwMC4=
yFvoCg,W+uyqOy5tF0K7JWI64WV7ZWY7IS47JqUPyDsg4jroZzsm4DsnYQg7LC97KGw7ZWY64qUIOq4sOyXhSDsobTri6Qg6riw7ZqN7J6F64uI64ukLiDrrLTsl4fsnYQg64+E7JmA65Oc66a06rmM7JqUPw==,W0JlbGthXQpoZWxsbz8gVGhpcyBpcyBab25kYSBQbGFubmluZywgYSBjb21wYW55IHRoYXQgY3JlYXRlcyBuZXcgdGhpbmdzLiBIb3cgY2FuIHdlIGhlbHAgeW91Pw==,,,,,W0JlbGthXQpPbMOhPyBFdSBzb3UgZnVuY2lvbsOhcmlhIGRhIFpvbmRhLCB1bWEgY29ycG9yYcOnw6NvIGRlIGV2ZW50b3MgaW5jcsOtdmVpcyEgQ29tbyBwb2RlbW9zIGFqdWRhcj8=,,W0JlbGthXQrCv0hvbGE/IEFzw60gZXMgWm9uZGEgUGxhbmlmaWNhY2nDs24sIHVuYSBlbXByZXNhIHF1ZSBjcmVhIGNvc2FzIG51ZXZhcy4gwr9Dw7NtbyBwb2RlbW9zIGF5dWRhcnRlPw==
yVvoCg,7Jes6riw7JeQ64qUIOustOyKqCDsnbzroZw/,V2hhdCdzIGdvaW5nIG9uIGhlcmU/,,,,,TyBxdWUgdm9jw6ogZmF6Pw==,,wr9RdcOpIGVzdMOhIHBhc2FuZG8gYXF1w60/
ylvoCg,7J6F7J6l7Iug7LKt7IScIOyekeyEsQ==,RmlsbCBvdXQgdGhlIGFkbWlzc2lvbiBhcHBsaWNhdGlvbiBmb3Jt,,,,,UHJlZW5jaGVyIEZvcm11bMOhcmlvIGRlIEVudHJhZGE=,,TGxlbmUgZWwgZm9ybXVsYXJpbyBkZSBzb2xpY2l0dWQgZGUgYWRtaXNpw7Nu
y1voCg,XjZCOTkwMDzsm6jsnbTruIzrqqjrk5wt7IiyPl4wMDAwMDDsnoXsnqXtlZjquLAu,XjZCOTkwMEVudGVyIDxXYXZlIE1vZGUtRm9yZXN0Pl4wMDAwMDAu,,,,,XjZCOTkwMEVudHJhciBlbSA8T25kYSAtIEJvc3F1ZT5eMDAwMDAwLg==,,XjZCOTkwMEluZ3Jlc2UgPE1vZG8gT25kYS1Cb3NxdWU+XjAwMDAwMC4=
zFvoCg,XjQyNkJFNzzsm6jsnbTruIzrqqjrk5wt7ZWY64qYPl4wMDAwMDDsnoXsnqXtlZjquLAu,XjQyNkJFN0VudGVyIDxXYXZlIE1vZGUtU2t5Pl4wMDAwMDAu,,,,,XjQyNkJFN0VudHJhciBlbSA8T25kYSAtIEPDqXU+XjAwMDAwMC4=,,XjQyNkJFN0luZ3Jlc2UgIDxNb2RvIE9uZGEtQ2llbG8+XjAwMDAwMC4=
zVvoCg,7Leo7IaM7ZWp64uI64ukLg==,Q2FuY2VsLg==,,,,,Q2FuY2VsYXIu,,Q2FuY2VsYXIu
zlvoCg,W+uyqOy5tF0K7ZiE7J6sIOyIsuqzvCDtlZjripgg65GQIOqwgOyngOydmCDsm6jsnbTruIzrqqjrk5zrpbwg7ISc67mE7Iqk7ZWY6rOgIOyeiOyKteuLiOuLpC4g7Ja065akIOybqOydtOu4jOuqqOuTnOydmCDsnoXsnqXsi6Dssq3shJzrpbwg7J6R7ISx7ZWY7Iuc6rKg7Ja07JqUPw==,W0JlbGthXQpXZSBjdXJyZW50bHkgcHJvdmlkZSB0d28gd2F2ZSBtb2RlczogZm9yZXN0IGFuZCBza3kuIFdoaWNoIHdhdmUgbW9kZSB3b3VsZCB5b3UgbGlrZSB0byBmaWxsIG91dCB0aGUgYWRtaXNzaW9uIGFwcGxpY2F0aW9uIGZvcm0/,,,,,W0JlbGthXQpBdHVhbG1lbnRlIG9mZXJlY2Vtb3MgMSBpbnN0w6JuY2lhIGVtIDIgZm9ybWF0b3MgZGlmZXJlbnRlczogQm9zcXVlIGUgQ8OpdS4gRW0gcXVhbCBtb2RhbGlkYWRlIHZvY8OqIGdvc3RhcmlhIGRlIGVudHJhcj8=,,W0JlbGthXQpBY3R1YWxtZW50ZSBvZnJlY2Vtb3MgZG9zIG1vZG9zIGRlIG9uZGE6IGJvc3F1ZSB5IGNpZWxvLiDCv0VuIHF1w6kgbW9kYWxpZGFkIGRlIG9uZGEgdGUgZ3VzdGFyw61hIGxsZW5hciBlbCBmb3JtdWxhcmlvIGRlIHNvbGljaXR1ZCBkZSBhZG1pc2nDs24/
z1voCg,XjZCOTkwMDzsm6jsnbTruIzrqqjrk5wt7IiyPl4wMDAwMDDsnoXsnqXsi6Dssq3shJwg7J6R7ISxLg==,XjZCOTkwMDxXYXZlIE1vZGUtRm9yZXN0Pl4wMDAwMDAgRmlsbCBvdXQgdGhlIGFkbWlzc2lvbiBhcHBsaWNhdGlvbiBmb3JtLg==,,,,,UG9yIGZhdm9yLCBwcmVlbmNoYSBvIEZvcm11bMOhcmlvIGRlIEVudHJhZGEgcGFyYSBhIF42Qjk5MDA8T25kYSAtIEJvc3F1ZT5eMDAwMDAwLg==,,XjZCOTkwMDxXYXZlIE1vZGUtRm9yZXN0Pl4wMDAwMDAgQ29tcGxldGUgZWwgZm9ybXVsYXJpbyBkZSBzb2xpY2l0dWQgZGUgaW5zY3JpcGNpw7NuLg==
0FvoCg,XjQyNkJFNzzsm6jsnbTruIzrqqjrk5wt7ZWY64qYPl4wMDAwMDDsnoXsnqXsi6Dssq3shJwg7J6R7ISxLg==,XjQyNkJFNzxXYXZlIE1vZGUtU2t5Pl4wMDAwMDBDb21wbGV0ZSB0aGUgYWRtaXNzaW9uIGFwcGxpY2F0aW9uIGZvcm0u,,,,,UG9yIGZhdm9yLCBwcmVlbmNoYSBvIEZvcm11bMOhcmlvIGRlIEVudHJhZGEgcGFyYSBhIF40MjZCRTc8T25kYSAtIEPDqXU+XjAwMDAwMC4=,,XjQyNkJFNzxXYXZlIE1vZGUtU2t5Pl4wMDAwMDBDb21wbGV0YSBlbCBmb3JtdWxhcmlvIGRlIHNvbGljaXR1ZCBkZSBhZG1pc2nDs24u
0VvoCg,W+uyqOy5tF0K7JWE7KeBIOyggOuyiCBeNDI2QkU3POybqOydtOu4jOuqqOuTnC3siLI+XjAwMDAwMOydhCDsnbTsmqkg7ZWY7Iug7KeAIO2VmOujqOqwgCDrkJjsp4Ag7JWK7JWY7Iq164uI64ukLiDrgrTsnbwg64uk7IucIOyZgOyjvOyLnOqyoOyWtOyalD8=,W0JlbGthXQpJdCBoYXNuJ3QgZXZlbiBiZWVuIGEgZGF5IHNpbmNlIHlvdSBsYXN0IHVzZWQgXjQyNkJFNzxXYXZlIE1vZGUtRm9yZXN0Pl4wMDAwMDAuIENvdWxkIHlvdSBjb21lIGJhY2sgdG9tb3Jyb3c/,,,,,W0JlbGthXQpBaW5kYSBuw6NvIHNlIHBhc3NvdSB1bSBkaWEgZGVzZGUgYSDDumx0aW1hIHZleiBxdWUgdm9jw6ogdXNvdSBeNDI2QkU3PE9uZGEgLSBCb3NxdWU+XjAwMDAwMC4gVm9jw6ogcG9kZXJpYSB2b2x0YXIgYW1hbmjDoz8=,,W0JlbGthXQpOaSBzaXF1aWVyYSBoYSBwYXNhZG8gdW4gZMOtYSBkZXNkZSBsYSDDumx0aW1hIHZleiBxdWUgdXNhc3RlIF40MjZCRTc8V2F2ZSBNb2RlLUZvcmVzdD5eMDAwMDAwLiDCv1BvZHLDrWFzIHZvbHZlciBtYcOxYW5hPw==
0lvoCg,W+uyqOy5tF0Ke33tjIzti7DsnZgge33ri5gg7J207Iuc7KOgPyBeNkI5OTAwPOybqOydtOu4jOuqqOuTnC3siLI+XjAwMDAwMOyXkCDsnoXsnqXtlZjsi5zroKTrqbQg7J206rOz7JeQIOyEnOuqhe2VtOyjvOyEuOyalC4=,W0JlbGthXQpBcmUgeW91IHt9IGZyb20gdGhlIHt9IHBhcnR5PyBeNkI5OTAwUGxlYXNlIHNpZ24gaGVyZSB0byBlbnRlciA8V2F2ZSBNb2RlLUZvcmVzdD5eMDAwMDAwLg==,,,,,W0JlbGthXQpWb2PDqiDDqSB7fSBkbyBncnVwbyB7fT8gXjZCOTkwMEFzc2luZSBhcXVpIHBhcmEgZW50cmFyIGVtIDxPbmRhIC0gQm9zcXVlPl4wMDAwMDAu,,W0JlbGthXQrCv0VyZXMge30gZGVsIGdydXBvIHt9PyBeNkI5OTAwSW5pY2llIHNlc2nDs24gYXF1w60gcGFyYSBpbmdyZXNhciBhIDxXYXZlIE1vZGUtRm9yZXN0Pl4wMDAwMDAu
01voCg,7ISc66qF7ZWc64ukLg==,U2lnbi4=,,,,,QXNzaW5hcg==,,RmlybWFyLg==
1FvoCg,W+uyqOy5tF0K7JWE7KeBIOyggOuyiCBeNDI2QkU3POybqOydtOu4jOuqqOuTnC3tlZjripg+XjAwMDAwMOydhCDsnbTsmqkg7ZWY7Iug7KeAIO2VmOujqOqwgCDrkJjsp4Ag7JWK7JWY7Iq164uI64ukLiDrgrTsnbwg64uk7IucIOyZgOyjvOyLnOqyoOyWtOyalD8=,W0JlbGthXQpJdCBoYXNuJ3QgZXZlbiBiZWVuIGEgZGF5IHNpbmNlIHlvdSBsYXN0IHVzZWQgXjQyNkJFNzxXYXZlIE1vZGUtU2t5Pl4wMDAwMDAuIENvdWxkIHlvdSBjb21lIGJhY2sgdG9tb3Jyb3c/,,,,,W0JlbGthXQpBaW5kYSBuw6NvIHNlIHBhc3NvdSB1bSBkaWEgZGVzZGUgYSDDumx0aW1hIHZleiBxdWUgdm9jw6ogdXNvdSBvIF40MjZCRTc8T25kYSAtIEPDqXU+XjAwMDAwMC4gVm9jw6ogcG9kZXJpYSB2b2x0YXIgYW1hbmjDoz8=,,W0JlbGthXQpOaSBzaXF1aWVyYSBoYSBwYXNhZG8gdW4gZMOtYSBkZXNkZSBsYSDDumx0aW1hIHZleiBxdWUgdXNhc3RlIF40MjZCRTc8V2F2ZSBNb2RlLVNreT5eMDAwMDAwLiDCv1BvZHLDrWFzIHZvbHZlciBtYcOxYW5hPw==
1VvoCg,W+uyqOy5tF0Ke33tjIzti7DsnZgge33ri5gg7J207Iuc7KOgPyBeNDI2QkU3POybqOydtOu4jOuqqOuTnC3tlZjripg+XjAwMDAwMOyXkCDsnoXsnqXtlZjsi5zroKTrqbQg7J206rOz7JeQIOyEnOuqhe2VtOyjvOyEuOyalC4=,W0JlbGthXQpBcmUgeW91IHt9IGZyb20gdGhlIHt9IHBhcnR5PyBeNDI2QkU3UGxlYXNlIHNpZ24gaGVyZSB0byBlbnRlciA8V2F2ZSBNb2RlLVNreT5eMDAwMDAwLg==,,,,,W0JlbGthXQpWb2PDqiDDqSB7fSBkbyBncnVwbyB7fT8gXjQyNkJFN0Fzc2luZSBhcXVpIHBhcmEgZW50cmFyIGVtIDxPbmRhIC0gQ8OpdT5eMDAwMDAwLg==,,W0JlbGthXQrCv0VyZXMge30gZGVsIGdydXBvIHt9PyBeNDI2QkU3SW5pY2llIHNlc2nDs24gYXF1w60gcGFyYSBpbmdyZXNhciBhIDxNb2RvIE9uZGEtQ2llbG8+XjAwMDAwMC4=
1lvoCg,W+uyqOy5tF0K6rCQ7IKs7ZWp64uI64ukLiDsg4jroZzsm4DsnYQg7LC97KGw7ZWY64qUIOq4sOyXhSDsobTri6Qg6riw7ZqN7J207JeI7Iq164uI64ukLg==,W0JlbGthXQpUaGFuayB5b3UuIEl0IHdhcyBhIHByb2plY3QgZm9yIFpvbmRhLCBhIGNvbXBhbnkgdGhhdCBjcmVhdGVzIG5ldyB0aGluZ3Mu,,,,,W0JlbGthXQpPYnJpZ2FkYSBwb3IgZGVtb25zdHJhciBpbnRlcmVzc2Ugbm9zIGV2ZW50b3MgaW5jcsOtdmVpcyBxdWUgYSBDb3Jwb3Jhw6fDo28gWm9uZGEgY3JpYSBwYXJhIHZvY8OqIQ==,,W0JlbGthXQpHcmFjaWFzLiBGdWUgdW4gcHJveWVjdG8gcGFyYSBab25kYSwgdW5hIGVtcHJlc2EgcXVlIGNyZWEgY29zYXMgbnVldmFzLg==
11voCg,W+uyqOy5tF0K7IOI66Gc7Jq0IOyEnOu5hOyKpOulvCDsoJzqs7XtlbQg65Oc66as6riwIOychO2VtCDsmZTri7Xri4jri6QuIO2YueyLnCDssKjsm5DsnZgg6reg7Je07JeQIOuMgO2VtCDslYzqs6Ag6rOE7Iug6rCA7JqUPw==,W0JlbGthXQpXZSBhcmUgaGVyZSB0byBwcm92aWRlIHlvdSB3aXRoIGEgbmV3IHNlcnZpY2UuIERvIHlvdSBrbm93IGFib3V0IGRpbWVuc2lvbmFsIHJpZnRzPw==,,,,,W0JlbGthXQpFc3RhbW9zIGFxdWkgcGFyYSBsaGUgb2ZlcmVjZXIgdW0gbm92byBzZXJ2acOnby4gVm9jw6ogY29uaGVjZSBmZW5kYXMgZGltZW5zaW9uYWlzPw==,,W0JlbGthXQpFc3RhbW9zIGFxdcOtIHBhcmEgYnJpbmRhcmxlIHVuIG51ZXZvIHNlcnZpY2lvLiDCv0Nvbm9jZXMgbGFzIGZpc3VyYXMgZGltZW5zaW9uYWxlcz8=
2FvoCg,W+uyqOy5tF0K7LCo7JuQ7J2YIOq3oOyXtOydtOuegCDri6jslrTrpbwg7LKY7J2MIOuTpOyWtOuztOyLnOuKlCDrtoTrj4Qg6rOE7Iuc6rKg7KeA66eMLCDsnZjsmbjroZwg66eO7J2AIOuLqOyytOyZgCDsgqzrnozrk6TsnbQg7LCo7JuQ7J2YIOq3oOyXtOydhCDsl7Dqtazrpbwg7ZWY6rOgIOyeiOuLteuLiOuLpC4=,W0JlbGthXQpTb21lIG9mIHlvdSBtYXkgYmUgaGVhcmluZyB0aGUgdGVybSBkaW1lbnNpb25hbCByaWZ0IGZvciB0aGUgZmlyc3QgdGltZSwgYnV0IHN1cnByaXNpbmdseSwgbWFueSBvcmdhbml6YXRpb25zIGFuZCBwZW9wbGUgYXJlIHJlc2VhcmNoaW5nIGRpbWVuc2lvbmFsIHJpZnQu,,,,,W0JlbGthXQpBbGd1bnMgZGUgdm9jw6pzIHBvZGVtIGVzdGFyIG91dmluZG8gbyB0ZXJtbyBmZW5kYSBkaW1lbnNpb25hbCBwZWxhIHByaW1laXJhIHZleiwgbWFzIHN1cnByZWVuZGVudGVtZW50ZSwgbXVpdGFzIG9yZ2FuaXphw6fDtWVzIGUgcGVzc29hcyBlc3TDo28gcGVzcXVpc2FuZG8gYSBmZW5kYSBkaW1lbnNpb25hbC4=,,W0JlbGthXQpFcyBwb3NpYmxlIHF1ZSBhbGd1bm9zIGRlIHVzdGVkZXMgZXN0w6luIGVzY3VjaGFuZG8gZWwgdMOpcm1pbm8gZ3JpZXRhIGRpbWVuc2lvbmFsIHBvciBwcmltZXJhIHZleiwgcGVybywgc29ycHJlbmRlbnRlbWVudGUsIG11Y2hhcyBvcmdhbml6YWNpb25lcyB5IHBlcnNvbmFzIGVzdMOhbiBpbnZlc3RpZ2FuZG8gbGEgZ3JpZXRhIGRpbWVuc2lvbmFsLg==
2VvoCg,W+uyqOy5tF0K66y866GgIOyhtOuLpCDquLDtmo3rj4Qg7IOI66Gc7Jq0IOyEnOu5hOyKpOulvCDqs6DqsJ3ri5jrk6Tqu5gg7KCc6rO17ZWY6riwIOychO2VtCDsnpDsm5DsnZgg6reg7Je07J2EIOyXsOq1rO2VmOyYgOqzoCDslrzrp4gg7KCEISE=,W0JlbGthXQpPZiBjb3Vyc2UsIFpvbmRhIFBsYW5uaW5nIGFsc28gc3R1ZGllZCB0aGUgY3JhY2tzIGluIHJlc291cmNlcyB0byBwcm92aWRlIG5ldyBzZXJ2aWNlcyB0byBjdXN0b21lcnMsIGFuZCBub3QgbG9uZyBhZ28hIQ==,,,,,W0JlbGthXQpDbGFybywgYSBDb3Jwb3Jhw6fDo28gWm9uZGEgdGFtYsOpbSBlc3R1ZGEgYXMgZmVuZGFzIHBhcmEgcHJlc3RhciBub3ZvcyBzZXJ2acOnb3MgYW9zIGNsaWVudGVzISE=,,W0JlbGthXQpQb3Igc3VwdWVzdG8sIFpvbmRhIFBsYW5uaW5nIHRhbWJpw6luIGVzdHVkacOzIGxhcyBncmlldGFzIGVuIGxvcyByZWN1cnNvcyBwYXJhIGJyaW5kYXIgbnVldm9zIHNlcnZpY2lvcyBhIGxvcyBjbGllbnRlcywgwqHCoXkgbm8gaGFjZSBtdWNobyEh
2lvoCg,W+uyqOy5tF0K6re4IOuPmeyViCDsjJPslYTsmKgg64W47ZWY7Jqw7JmAIOuPheyekOyggeyduCDquLDsiKDroKXsnLzroZwg6rOg6rCd64uY65Ok6ruYIOybqOydtOu4jOuqqOuTnCDsiLLqs7wg7ZWY64qY7J2EIOyEnOu5hOyKpO2VoCDsiJgg7J6I6rKMIOuQmOyXiOuLteuLiOuLpC4=,W0JlbGthXQpXaXRoIHRoZSBrbm93LWhvdyBhbmQgdW5pcXVlIHRlY2hub2xvZ3kgd2UgaGF2ZSBhY2N1bXVsYXRlZCBvdmVyIHRoZSB5ZWFycywgd2UgaGF2ZSBiZWVuIGFibGUgdG8gcHJvdmlkZSB3YXZlIG1vZGUgZm9yZXN0IGFuZCBza3kgc2VydmljZXMgdG8gb3VyIGN1c3RvbWVycy4=,,,,,W0JlbGthXQpDb20gbyBrbm93LWhvdyBlIGEgdGVjbm9sb2dpYSBleGNsdXNpdmEgcXVlIGFjdW11bGFtb3MgYW8gbG9uZ28gZG9zIGFub3MsIHRlbW9zIHNpZG8gY2FwYXplcyBkZSBmb3JuZWNlciBzZXJ2acOnb3MgQm9zcXVlaXMgZSBhw6lyZW9zIGVtIG1vZG8gZGUgb25kYSBhb3Mgbm9zc29zIGNsaWVudGVzLg==,,W0JlbGthXQpDb24gZWwgY29ub2NpbWllbnRvIHkgbGEgdGVjbm9sb2fDrWEgw7puaWNhIHF1ZSBoZW1vcyBhY3VtdWxhZG8gYSBsbyBsYXJnbyBkZSBsb3MgYcOxb3MsIGhlbW9zIHBvZGlkbyBicmluZGFyIHNlcnZpY2lvcyBkZSBjaWVsbyB5IGJvc3F1ZSBlbiBtb2RvIGRlIG9sYXMgYSBudWVzdHJvcyBjbGllbnRlcy4=
21voCg,W+uyqOy5tF0K7KCA7Z2sIOyhtOuLpCDquLDtmo3sl5DshJwg7JW87IusIOywqOqyjCDspIDruYTtlZwg7Juo7J2067iM66qo65OcIOyEnOu5hOyKpOyXkCDrjIDtlbQg6raB6riI7ZWcIOygkOydtCDsnojsnLzsi6DqsIDsmpQ/,W0JlbGthXQpEbyB5b3UgaGF2ZSBhbnkgcXVlc3Rpb25zIGFib3V0IHRoZSBXYXZlIE1vZGUgc2VydmljZSB0aGF0IHdlIGF0IFpvbmRhIFBsYW5uaW5nIGhhdmUgYW1iaXRpb3VzbHkgcHJlcGFyZWQ/,,,,,W0JlbGthXQpWb2PDqiB0ZW0gYWxndW1hIGTDunZpZGEgc29icmUgYSBJbnN0w6JuY2lhIE9uZGEgZGUgTW9uc3Ryb3MgcXVlIG7Ds3MgZGEgWm9uZGEgcHJlcGFyYW1vcz8=,,W0JlbGthXQrCv1RpZW5lcyBhbGd1bmEgZHVkYSBzb2JyZSBlbCBzZXJ2aWNpbyBNb2RvIE9uZGEgcXVlIGRlc2RlIFpvbmRhIFBsYW5pZmljYWNpw7NuIGhlbW9zIHByZXBhcmFkbyBhbWJpY2lvc2FtZW50ZT8=
3FvoCg,XjZCOTkwMDzsm6jsnbTruIzrqqjrk5wt7IiyPl4wMDAwMDDsl5Ag64yA7ZW07ISc,XjZCOTkwMEFib3V0IDxXYXZlIE1vZGUtRm9yZXN0Pl4wMDAwMDA=,,,,,XjZCOTkwMFNvYnJlIDxPbmRhIC0gQm9zcXVlPl4wMDAwMDA=,,XjZCOTkwMEFjZXJjYSBkZSA8TW9kbyBPbmRhLUJvc3F1ZT5eMDAwMDAw
3VvoCg,XjQyNkJFNzzsm6jsnbTruIzrqqjrk5wt7ZWY64qYPl4wMDAwMDDsl5Ag64yA7ZW07ISc,XjQyNkJFN0Fib3V0IDxXYXZlIE1vZGUtU2t5Pl4wMDAwMDA=,,,,,XjQyNkJFN1NvYnJlIDxPbmRhIC0gQ8OpdT5eMDAwMDAw,,XjQyNkJFN0FjZXJjYSBkZSA8TW9kbyBPbmRhLUNpZWxvPl4wMDAwMDA=
3lvoCg,6raB6riI7ZWcIOygkOydtCDsl4bri6Qu,SSBoYXZlIG5vIHF1ZXN0aW9ucy4=,,,,,RXUgbsOjbyB0ZW5obyBwZXJndW50YXMu,,Tm8gdGVuZ28gcHJlZ3VudGFzLg==
31voCg,W+uyqOy5tF0KXjZCOTkwMDzsm6jsnbTruIzrqqjrk5wt7IiyPl4wMDAwMDDsnYAK7KCA7Z2sIOyhtOuLpCDquLDtmo3sl5DshJwg6rCA7J6lIOyymOydjOycvOuhnCDshJzruYTsiqTtlZwg7Juo7J2067iM66qo65Oc7J2066mwLCDsj5/slYTsoLgg64KY7Jik64qUIOuqrOyKpO2EsOulvCDtjIzti7Ag7JuQ65Ok6rO8IO2VqOq7mCDri6Trpqwg67CY64yA7Y647Jy866GcIOuEmOyWtOqwgOyngCDrqrvtlZjrj4TroZ0g66eJ64qUIOqyjOyehOyeheuLiOuLpC4=,W0JlbGthXQpeNkI5OTAwPFdhdmUgTW9kZS1Gb3Jlc3Q+XjAwMDAwMCBpcwpUaGlzIGlzIHRoZSBmaXJzdCB3YXZlIG1vZGUgb2ZmZXJlZCBieSBvdXIgWm9uZGEgcHJvamVjdCwgYW5kIGl0IGlzIGEgZ2FtZSB3aGVyZSB5b3UgYW5kIHlvdXIgcGFydHkgbWVtYmVycyBwcmV2ZW50IHRoZSBtb25zdGVycyB0aGF0IGFyZSBwb3VyaW5nIGluIGZyb20gY3Jvc3Npbmcgb3ZlciB0byB0aGUgb3RoZXIgc2lkZSBvZiB0aGUgYnJpZGdlLg==,,,,,W0JlbGthXQpeNkI5OTAwPE9uZGEgLSBCb3NxdWU+XjAwMDAwMApFc3RlIMOpIG8gcHJpbWVpcm8gbW9kbyBPbmRhIG9mZXJlY2lkbyBwZWxvIHByb2pldG8gWm9uZGEsIGUgw6kgdW0gam9nbyBvbmRlIHZvY8OqIGUgb3MgbWVtYnJvcyBkbyBzZXUgZ3J1cG8gZXZpdGFtIHF1ZSBvcyBtb25zdHJvcyBhdHJhdmVzc2VtIHBhcmEgbyBvdXRybyBsYWRvIGRhIHBvbnRlLg==,,W0JlbGthXQpeNkI5OTAwPFdhdmUgTW9kZS1Cb3NxdWU+XjAwMDAwMCBlcwpFc3RlIGVzIGVsIHByaW1lciBtb2RvIGRlIG9sZWFkYSBxdWUgb2ZyZWNlIG51ZXN0cm8gcHJveWVjdG8gWm9uZGEsIHkgZXMgdW4ganVlZ28gZW4gZWwgcXVlIHTDuiB5IGxvcyBtaWVtYnJvcyBkZSB0dSBncnVwbyBldml0YW4gcXVlIGxvcyBtb25zdHJ1b3MgcXVlIGVzdMOhbiBsbGVnYW5kbyBjcnVjZW4gYWwgb3RybyBsYWRvIGRlbCBwdWVudGUu
4FvoCg,W+uyqOy5tF0K66qs7Iqk7YSw6rCAIOqzteqyqeydhCDtlZjsp4Qg7JWK7KeA66eMLCAyMOuniOumrOydmCDrqqzsiqTthLDrpbwg64aT7LmY66m0IOqyjOyehOyXkCDtjKjrsLDtlZjqsowg65CY64uIIOuniOydjOydtCDrp57ripQg64+Z66OM7JmAIO2MjO2LsOulvCDrqajqs6Ag6rytIOuPhOyghO2VtOyjvOyEuOyalC4=,W0JlbGthXQpNb25zdGVycyBkbyBub3QgYXR0YWNrLCBidXQgaWYgeW91IG1pc3MgMjAgbW9uc3RlcnMsIHlvdSB3aWxsIGxvc2UgdGhlIGdhbWUsIHNvIG1ha2Ugc3VyZSB0byB0YWtlIG9uIHRoZSBjaGFsbGVuZ2Ugd2l0aCBsaWtlLW1pbmRlZCBjb2xsZWFndWVzLg==,,,,,W0JlbGthXQpNb25zdHJvcyBuw6NvIGF0YWNhbSwgbWFzIHNlIHZvY8OqIGVycmFyIDIwIG1vbnN0cm9zLCB2b2PDqiBwZXJkZXLDoSBvIGpvZ28sIGVudMOjbyBhY2VpdGUgbyBkZXNhZmlvLg==,,W0JlbGthXQpMb3MgbW9uc3RydW9zIG5vIGF0YWNhbiwgcGVybyBzaSBwaWVyZGVzIDIwIG1vbnN0cnVvcywgcGVyZGVyw6FzIGVsIGp1ZWdvLCBhc8OtIHF1ZSBhc2Vnw7pyYXRlIGRlIGFjZXB0YXIgZWwgZGVzYWbDrW8gY29uIGNvbGVnYXMgZGUgaWRlYXMgYWZpbmVzLg==
4VvoCg,W+uyqOy5tF0KXjQyNkJFNzzsm6jsnbTruIzrqqjrk5wt7ZWY64qYPl4wMDAwMDDsnYAK7YyM7YuwIOybkOuTpOqzvCDtlZjro6jsl5Ag7ZWcIOuyiCDrj4TsoITtlaAg7IiYIOyeiOuKlCDsm6jsnbTruIzrqqjrk5zrno3ri4jri6QuIOuLpOuluCDsm6jsnbTruIzrqqjrk5zsmYAg66eI7LCs6rCA7KeA66GcIOyPn+yVhOyguCDrgpjsmKTripQg66qs7Iqk7YSw65Ok7J20IOuwmOuMgO2OuOycvOuhnCDrhJjslrTqsIDsp4Ag66q77ZWY64+E66GdIOunieuKlCDqsozsnoTsnoXri4jri6Qu,W0JlbGthXQpeNDI2QkU3PFdhdmUgTW9kZS1Ta3k+XjAwMDAwMCBpcwpUaGlzIGlzIGEgd2F2ZSBtb2RlIHRoYXQgeW91IGNhbiBjaGFsbGVuZ2Ugb25jZSBhIGRheSB3aXRoIHlvdXIgcGFydHkgbWVtYmVycy4gTGlrZSBvdGhlciB3YXZlIG1vZGVzLCB0aGlzIGlzIGEgZ2FtZSB3aGVyZSB5b3UgcHJldmVudCB0aGUgcG91cmluZyBtb25zdGVycyBmcm9tIGNyb3NzaW5nIHRvIHRoZSBvdGhlciBzaWRlLg==,,,,,W0JlbGthXQpeNDI2QkU3PE9uZGEgLSBDw6l1Pl4wMDAwMDAKRXN0ZSDDqSB1bSBtb2RvIHF1ZSB2b2PDqiBwb2RlIGRlc2FmaWFyIHVtYSB2ZXogcG9yIGRpYS4gQ29tbyBvdXRyb3MgbW9kb3MsIGVzdGUgw6kgdW0gam9nbyBvbmRlIHZvY8OqIGV2aXRhIHF1ZSBvcyBtb25zdHJvcyBjcnV6ZW0gcGFyYSBvIG91dHJvIGxhZG8u,,W0JlbGthXQpeNDI2QkU3PE1vZG8gT25kYS1DaWVsbz5eMDAwMDAwIGVzCkVzdGUgZXMgdW4gbW9kbyBkZSBvbGEgcXVlIHB1ZWRlcyBkZXNhZmlhciB1bmEgdmV6IGFsIGTDrWEgY29uIGxvcyBtaWVtYnJvcyBkZSB0dSBncnVwby4gQWwgaWd1YWwgcXVlIG90cm9zIG1vZG9zIGRlIG9sYXMsIGVzdGUgZXMgdW4ganVlZ28gZW4gZWwgcXVlIGV2aXRhcyBxdWUgbG9zIG1vbnN0cnVvcyBjcnVjZW4gYWwgb3RybyBsYWRvLg==
4lvoCg,W+uyqOy5tF0K66eI7J2M7J20IOunnuuKlCDrj5nro4zsmYAg7ZWo6ruYIOyWuOygnOuToCDrj4TsoITtlbTso7zshLjsmpQu,W0JlbGthXQpQbGVhc2UgY2hhbGxlbmdlIHlvdXJzZWxmIGF0IGFueSB0aW1lIHdpdGggbGlrZS1taW5kZWQgY29sbGVhZ3Vlcy4=,,,,,W0JlbGthXQpEZXNhZmllLXNlIGEgcXVhbHF1ZXIgbW9tZW50byE=,,W0JlbGthXQpQb250ZSBhIHBydWViYSBlbiBjdWFscXVpZXIgbW9tZW50byBjb24gY29sZWdhcyBkZSBpZGVhcyBhZmluZXMu
41voCg,W+uyqOy5tF0K65iQIOq2geq4iO2VnCDsoJDsnYAg7JeG7Jy87Iug6rCA7JqUPw==,W0JlbGthXQpEbyB5b3UgaGF2ZSBhbnkgb3RoZXIgcXVlc3Rpb25zPw==,,,,,W0JlbGthXQpWb2PDqiB0ZW0gYWxndW1hIG91dHJhIGTDunZpZGE/,,W0JlbGthXQrCv1RpZW5lIGFsZ3VuYSBvdHJhIHByZWd1bnRhPw==
5FvoCg,W+uyqOy5tF0K7JWXISDsp4DquIjsnYAgXjZCOTkwMDzsm6jsnbTruIzrqqjrk5wt7IiyPl4wMDAwMDDsnZgg7J6F7J6l7Iug7LKt7J2EIOuwm+qzoCDsnojsp4Ag7JWK64Sk7JqULiDquLDsiKDtjIDsl5Ag66y07Ja46rCAIOusuOygnOqwgCDsg53quLQg6rG46rmM7JqUPw==,W0JlbGthXQpvaCEgV2UgYXJlIG5vdCBjdXJyZW50bHkgYWNjZXB0aW5nIGVudHJ5IHJlcXVlc3RzIGZvciBeNkI5OTAwPFdhdmUgTW9kZS1Gb3Jlc3Q+XjAwMDAwMC4gSXMgdGhlcmUgc29tZXRoaW5nIHdyb25nIHdpdGggdGhlIHRlY2huaWNhbCB0ZWFtPw==,,,,,W0JlbGthXQpBaCEgTm8gbW9tZW50bywgbsOjbyBlc3RhbW9zIGFjZWl0YW5kbyBzb2xpY2l0YcOnw7VlcyBkZSBlbnRyYWRhIHBhcmEgXjZCOTkwMDxPbmRhIC0gQm9zcXVlPl4wMDAwMDAuIEjDoSBhbGdvIGRlIGVycmFkbz8=,,W0JlbGthXQrCoVZheWEhIEFjdHVhbG1lbnRlIG5vIGFjZXB0YW1vcyBzb2xpY2l0dWRlcyBkZSBlbnRyYWRhIHBhcmEgXjZCOTkwMDxXYXZlIE1vZGUtRm9yZXN0Pl4wMDAwMDAuIMK/TGUgcGFzYSBhbGdvIGFsIGVxdWlwbyB0w6ljbmljbz8=
5VvoCg,W+uyqOy5tF0Ke33ri5jsnZgg7J2066aE7Jy866GcIF42Qjk5MDA87Juo7J2067iM66qo65OcLeyIsj5eMDAwMDAw7J6F7J6l7J20IOyLoOyyreuQmOyXiOyKteuLiOuLpC4g7LCo66GA6rCAIOuQmOuptCDsnoXsnqXsnYQg7JqU7LKt7ZW07KO87IS47JqULg==,W0JlbGthXQpFbnRyeSB0byBeNkI5OTAwPFdhdmUgTW9kZS1Gb3Jlc3Q+XjAwMDAwMCBoYXMgYmVlbiByZXF1ZXN0ZWQgaW4gdGhlIG5hbWUgb2Yge30uIFdoZW4gaXQgaXMgeW91ciB0dXJuLCBwbGVhc2UgcmVxdWVzdCBlbnRyeS4=,,,,,W0JlbGthXQpBIGVudHJhZGEgZW0gXjZCOTkwMDxPbmRhIC0gQm9zcXVlPl4wMDAwMDAgZm9pIHNvbGljaXRhZGEgZW0gbm9tZSBkZSB7fS4gUXVhbmRvIGNoZWdhciBhIHN1YSB2ZXosIHNvbGljaXRlIGEgZW50cmFkYS4=,,W0JlbGthXQpTZSBoYSBzb2xpY2l0YWRvIGxhIGVudHJhZGEgYSBeNkI5OTAwPFdhdmUgTW9kZS1Gb3Jlc3Q+XjAwMDAwMCBhIG5vbWJyZSBkZSB7fS4gQ3VhbmRvIHNlYSB0dSB0dXJubywgcG9yIGZhdm9yIHNvbGljaXRhIGxhIGVudHJhZGEu
5lvoCg,W+uyqOy5tF0K7JWE7KeBIOyggOuyiCBeNkI5OTAwPOybqOydtOu4jOuqqOuTnC3siLI+XjAwMDAwMOydhCDsnbTsmqkg7ZWY7Iug7KeAIO2VmOujqOqwgCDrkJjsp4Ag7JWK7JWY7Iq164uI64ukLiDrgrTsnbwg64uk7IucIOyZgOyjvOyLnOqyoOyWtOyalD8=,W0JlbGthXQpJdCBoYXNuJ3QgZXZlbiBiZWVuIGEgZGF5IHNpbmNlIHlvdSBsYXN0IHVzZWQgXjZCOTkwMDxXYXZlIE1vZGUtRm9yZXN0Pl4wMDAwMDAuIENvdWxkIHlvdSBjb21lIGJhY2sgdG9tb3Jyb3c/,,,,,W0JlbGthXQpBaW5kYSBuw6NvIHNlIHBhc3NvdSB1bSBkaWEgZGVzZGUgYSDDumx0aW1hIHZleiBxdWUgdm9jw6ogdXNvdSBeNkI5OTAwPE9uZGEgLSBCb3NxdWU+XjAwMDAwMC4gVm9jw6ogcG9kZXJpYSB2b2x0YXIgYW1hbmjDoz8=,,W0JlbGthXQpOaSBzaXF1aWVyYSBoYSBwYXNhZG8gdW4gZMOtYSBkZXNkZSBsYSDDumx0aW1hIHZleiBxdWUgdXNhc3RlIF42Qjk5MDA8V2F2ZSBNb2RlLUZvcmVzdD5eMDAwMDAwLiDCv1BvZHLDrWFzIHZvbHZlciBtYcOxYW5hPw==
51voCg,W+uyqOy5tF0K7YyM7Yuw7JeQIOqwgOyehe2VmOyLoCDrtoTrp4wgXjQyNkJFNzzsm6jsnbTruIzrqqjrk5wt7ZWY64qYPl4wMDAwMDDsnYQg7J207Jqp7ZWY7IukIOyImCDsnojri7Xri4jri6QuIOyasOyEoCDtjIzti7Dsl5Ag6rCA7J6F7ZWY7Iuc6rKg7Ja07JqUPw==,W0JlbGthXQpPbmx5IHRob3NlIHdobyBoYXZlIGpvaW5lZCB0aGUgcGFydHkgY2FuIHVzZSBeNDI2QkU3PFdhdmUgTW9kZS1Ta3k+XjAwMDAwMC4gV291bGQgeW91IGxpa2UgdG8gam9pbiB0aGUgcGFydHkgZmlyc3Q/,,,,,W0JlbGthXQpTb21lbnRlIGFxdWVsZXMgZW0gdW0gZ3J1cG8gcG9kZW0gdXNhciBvIF40MjZCRTc8T25kYSAtIEPDqXU+XjAwMDAwMC4gVm9jw6ogZ29zdGFyaWEgZGUgZW50cmFyIGVtIHVtIGdydXBvIHByaW1laXJvPw==,,W0JlbGthXQpTb2xvIGFxdWVsbG9zIHF1ZSBzZSBoYXlhbiB1bmlkbyBhbCBncnVwbyBwdWVkZW4gdXNhciBeNDI2QkU3PFdhdmUgTW9kZS1Ta3k+XjAwMDAwMC4gwr9UZSBndXN0YXLDrWEgdW5pcnRlIGEgbGEgZmllc3RhIHByaW1lcm8/
6FvoCg,W+uyqOy5tF0K7LCo7JuQ7J2YIOq3oOyXtOyXkCDrsJzsg53tlZwg7J207IOB7ZiE7IOB7Jy866GcIOyduO2VtCDsp4DquIjsnYAgXjZCOTkwMDzsm6jsnbTruIzrqqjrk5wt7IiyPl4wMDAwMDDsnYQg7J207Jqp7ZWY7IukIOyImCDsl4bri6Tqs6Ag7ZWY64Sk7JqULiDso4TshqHtlanri4jri6Qu,W0JlbGthXQpJdCBpcyBzYWlkIHRoYXQgXjZCOTkwMDxXYXZlIE1vZGUtRm9yZXN0Pl4wMDAwMDAgY2Fubm90IGJlIHVzZWQgYXQgdGhpcyB0aW1lIGR1ZSB0byBhbiBhYm5vcm1hbCBwaGVub21lbm9uIHRoYXQgb2NjdXJyZWQgaW4gdGhlIGRpbWVuc2lvbmFsIGNyYWNrLiBzb3JyeS4=,,,,,W0JlbGthXQpEaXotc2UgcXVlIF42Qjk5MDA8T25kYSAtIEJvc3F1ZT5eMDAwMDAwIG7Do28gcG9kZSBzZXIgdXNhZG8gbmVzdGUgbW9tZW50byBkZXZpZG8gYSB1bSBmZW7DtG1lbm8gYW5vcm1hbCBxdWUgb2NvcnJldSBuYSBmZW5kYSBkaW1lbnNpb25hbC4gRGVzY3VscGUu,,W0JlbGthXQpTZSBkaWNlIHF1ZSBeNkI5OTAwPFdhdmUgTW9kZS1Gb3Jlc3Q+XjAwMDAwMCBubyBzZSBwdWVkZSB1dGlsaXphciBlbiBlc3RlIG1vbWVudG8gZGViaWRvIGEgdW4gZmVuw7NtZW5vIGFub3JtYWwgcXVlIG9jdXJyacOzIGVuIGxhIGdyaWV0YSBkaW1lbnNpb25hbC4gTG8gc2llbnRvLg==
6VvoCg,W+uyqOy5tF0K7J6g7Iuc66eMIOq4sOuLpOugpOyjvOyEuOyalC4gXjZCOTkwMDzsm6jsnbTruIzrqqjrk5wt7IiyPl4wMDAwMDDsnYQg7ISc67mE7Iqk7ZWY6riwIOychO2VtCDssKjsm5DsnZgg6reg7Je07J2EIOyViOygle2ZlO2VmOuKlCDsnpHsl4XsnYQg7KeE7ZaJIOykkeyeheuLiOuLpC4=,W0JlbGthXQpwbGVhc2Ugd2FpdCBmb3IgYSBtb21lbnQuIF42Qjk5MDBXZSBhcmUgd29ya2luZyBvbiBzdGFiaWxpemluZyB0aGUgZGltZW5zaW9uYWwgcmlmdCB0byBzZXJ2aWNlIDxXYXZlIE1vZGUtRm9yZXN0Pl4wMDAwMDAu,,,,,W0JlbGthXQpQb3IgZmF2b3IsIGVzcGVyZSB1bSBtb21lbnRvLiBeNkI5OTAwRXN0YW1vcyB0cmFiYWxoYW5kbyBuYSBlc3RhYmlsaXphw6fDo28gZGEgZmVuZGEgZGltZW5zaW9uYWwgcGFyYSBhYnJpciBhIDxPbmRhIC0gQm9zcXVlPl4wMDAwMDAu,,W0JlbGthXQpwb3IgZmF2b3IgZXNwZXJhIHVuIG1vbWVudG8uIF42Qjk5MDBFc3RhbW9zIHRyYWJhamFuZG8gcGFyYSBlc3RhYmlsaXphciBsYSBncmlldGEgZGltZW5zaW9uYWwgcGFyYSBkYXIgc2VydmljaW8gYSA8V2F2ZSBNb2RlLUZvcmVzdD5eMDAwMDAwLg==
6lvoCg,W+uyqOy5tF0K7KCALSDslYTsp4Eg7YyM7Yuw7J6l64uY6ruY7IScIF42Qjk5MDA87Juo7J2067iM66qo65OcLeyIsj5eMDAwMDAw7J6F7J6l7Iug7LKt7ISc66W8IOyekeyEse2VmOyngCDslYrsnLzshajslrTsmpQu,W0JlbGthXQpNZS0gVGhlIHBhcnR5IGxlYWRlciBoYXMgbm90IGZpbGxlZCBvdXQgdGhlIF42Qjk5MDA8V2F2ZSBNb2RlLUZvcmVzdD5eMDAwMDAwIGVudHJ5IGFwcGxpY2F0aW9uIGZvcm0geWV0Lg==,,,,,W0JlbGthXQpPIGzDrWRlciBkbyBncnVwbyBhaW5kYSBuw6NvIHByZWVuY2hldSBvIGZvcm11bMOhcmlvIGRlIGluc2NyacOnw6NvIHBhcmEgXjZCOTkwMDxPbmRhIC0gQm9zcXVlPl4wMDAwMDAu,,W0JlbGthXQpZbzogRWwgbMOtZGVyIGRlbCBncnVwbyBhw7puIG5vIGhhIGNvbXBsZXRhZG8gZWwgZm9ybXVsYXJpbyBkZSBzb2xpY2l0dWQgZGUgZW50cmFkYSBeNkI5OTAwPFdhdmUgTW9kZS1Gb3Jlc3Q+XjAwMDAwMC4=
61voCg,e33tjIzti7DsnZgge33ri5jsnbQgPOybqOydtOu4jOuqqOuTnC3siLI+7JeQIOyeheyepe2VqeuLiOuLpC4=,e30gZnJvbSB0aGUge30gcGFydHkgZW50ZXJzIDxXYXZlIE1vZGUtRm9yZXN0Pi4=,,,,,e30gZG8gZ3J1cG8ge30gZW50cm91IGVtIDxPbmRhIC0gQm9zcXVlPi4=,,e30gZGVsIGdydXBvIHt9IGluZ3Jlc2EgYSA8V2F2ZSBNb2RlLUZvcmVzdD4u
7FvoCg,W+uyqOy5tF0K7JWXISDsp4DquIjsnYAgXjQyNkJFNzzsm6jsnbTruIzrqqjrk5wt7ZWY64qYPl4wMDAwMDDsnZgg7J6F7J6l7Iug7LKt7J2EIOuwm+qzoCDsnojsp4Ag7JWK64Sk7JqULiDquLDsiKDtjIDsl5Ag66y07Ja46rCAIOusuOygnOqwgCDsg53quLQg6rG46rmM7JqUPw==,W0JlbGthXQpvaCEgV2UgYXJlIG5vdCBjdXJyZW50bHkgYWNjZXB0aW5nIGVudHJ5IHJlcXVlc3RzIGZvciBeNDI2QkU3PFdhdmUgTW9kZSAtIFNreT5eMDAwMDAwLiBJcyB0aGVyZSBzb21ldGhpbmcgd3Jvbmcgd2l0aCB0aGUgdGVjaG5pY2FsIHRlYW0/,,,,,W0JlbGthXQpBaCEgTm8gbW9tZW50bywgbsOjbyBlc3RhbW9zIGFjZWl0YW5kbyBzb2xpY2l0YcOnw7VlcyBkZSBlbnRyYWRhIHBhcmEgXjQyNkJFNzxPbmRhIC0gQ8OpdT5eMDAwMDAwLiBIw6EgYWxnbyBkZSBlcnJhZG8/,,W0JlbGthXQrCoVZheWEhIEFjdHVhbG1lbnRlIG5vIGFjZXB0YW1vcyBzb2xpY2l0dWRlcyBkZSBpbnNjcmlwY2nDs24gcGFyYSBeNDI2QkU3PFdhdmUgTW9kZSAtIFNreT5eMDAwMDAwLiDCv0xlIHBhc2EgYWxnbyBhbCBlcXVpcG8gdMOpY25pY28/
7VvoCg,W+uyqOy5tF0Ke33ri5jsnZgg7J2066aE7Jy866GcIF40MjZCRTc87Juo7J2067iM66qo65OcLe2VmOuKmD5eMDAwMDAw7J6F7J6l7J20IOyLoOyyreuQmOyXiOyKteuLiOuLpC4g7LCo66GA6rCAIOuQmOuptCDsnoXsnqXsnYQg7JqU7LKt7ZW07KO87IS47JqULg==,W0JlbGthXQpFbnRyeSB0byBeNDI2QkU3PFdhdmUgTW9kZS1Ta3k+XjAwMDAwMCBoYXMgYmVlbiByZXF1ZXN0ZWQgaW4gdGhlIG5hbWUgb2Yge30uIFdoZW4gaXQgaXMgeW91ciB0dXJuLCBwbGVhc2UgcmVxdWVzdCBlbnRyeS4=,,,,,W0JlbGthXQpBIGVudHJhZGEgZW0gXjQyNkJFNzxPbmRhIC0gQ8OpdT5eMDAwMDAwIGZvaSBzb2xpY2l0YWRhIGVtIG5vbWUgZGUge30uIFF1YW5kbyBjaGVnYXIgYSBzdWEgdmV6LCBzb2xpY2l0ZSBhIGVudHJhZGEu,,W0JlbGthXQpTZSBoYSBzb2xpY2l0YWRvIGxhIGVudHJhZGEgYSBeNDI2QkU3PFdhdmUgTW9kZS1Ta3k+XjAwMDAwMCBhIG5vbWJyZSBkZSB7fS4gQ3VhbmRvIHNlYSB0dSB0dXJubywgcG9yIGZhdm9yIHNvbGljaXRhIGxhIGVudHJhZGEu
7lvoCg,W+uyqOy5tF0K7LCo7JuQ7J2YIOq3oOyXtOyXkCDrsJzsg53tlZwg7J207IOB7ZiE7IOB7Jy866GcIOyduO2VtCDsp4DquIjsnYAgXjQyNkJFNzzsm6jsnbTruIzrqqjrk5wt7ZWY64qYPl4wMDAwMDDsnYQg7J207Jqp7ZWY7IukIOyImCDsl4bri6Tqs6Ag7ZWY64Sk7JqULiDso4TshqHtlanri4jri6Qu,W0JlbGthXQpJdCBpcyBzYWlkIHRoYXQgXjQyNkJFNzxXYXZlIE1vZGUtU2t5Pl4wMDAwMDAgY2Fubm90IGJlIHVzZWQgYXQgdGhpcyB0aW1lIGR1ZSB0byBhbiBhYm5vcm1hbCBwaGVub21lbm9uIHRoYXQgb2NjdXJyZWQgaW4gdGhlIGRpbWVuc2lvbmFsIGNyYWNrLiBzb3JyeS4=,,,,,W0JlbGthXQpEaXotc2UgcXVlIF40MjZCRTc8T25kYSAtIEPDqXU+XjAwMDAwMCBuw6NvIHBvZGUgc2VyIHVzYWRvIG5lc3RlIG1vbWVudG8gZGV2aWRvIGEgdW0gZmVuw7RtZW5vIGFub3JtYWwgcXVlIG9jb3JyZXUgbmEgZmlzc3VyYSBkaW1lbnNpb25hbC4gRGVzY3VscGUu,,W0JlbGthXQpTZSBkaWNlIHF1ZSBeNDI2QkU3PFdhdmUgTW9kZS1Ta3k+XjAwMDAwMCBubyBzZSBwdWVkZSB1dGlsaXphciBlbiBlc3RlIG1vbWVudG8gZGViaWRvIGEgdW4gZmVuw7NtZW5vIGFub3JtYWwgcXVlIG9jdXJyacOzIGVuIGxhIGdyaWV0YSBkaW1lbnNpb25hbC4gTG8gc2llbnRvLg==
71voCg,W+uyqOy5tF0K7J6g7Iuc66eMIOq4sOuLpOugpOyjvOyEuOyalC4gXjQyNkJFNzzsm6jsnbTruIzrqqjrk5wt7ZWY64qYPl4wMDAwMDDsnYQg7ISc67mE7Iqk7ZWY6riwIOychO2VtCDssKjsm5DsnZgg6reg7Je07J2EIOyViOygle2ZlO2VmOuKlCDsnpHsl4XsnYQg7KeE7ZaJIOykkeyeheuLiOuLpC4=,W0JlbGthXQpwbGVhc2Ugd2FpdCBmb3IgYSBtb21lbnQuIF40MjZCRTdXZSBhcmUgd29ya2luZyBvbiBzdGFiaWxpemluZyB0aGUgZGltZW5zaW9uYWwgcmlmdCB0byBzZXJ2aWNlIF4wMDAwMDA8V2F2ZSBNb2RlLVNreT4u,,,,,W0JlbGthXQpQb3IgZmF2b3IsIGVzcGVyZSB1bSBtb21lbnRvLiBeNDI2QkU3RXN0YW1vcyB0cmFiYWxoYW5kbyBuYSBlc3RhYmlsaXphw6fDo28gZGEgZmVuZGEgZGltZW5zaW9uYWwgcGFyYSBhYnJpciBhIF4wMDAwMDA8T25kYSAtIEPDqXU+Lg==,,W0JlbGthXQpwb3IgZmF2b3IgZXNwZXJhIHVuIG1vbWVudG8uIF40MjZCRTdFc3RhbW9zIHRyYWJhamFuZG8gcGFyYSBlc3RhYmlsaXphciBsYSBncmlldGEgZGltZW5zaW9uYWwgcGFyYSBkYXIgc2VydmljaW8gYSBeMDAwMDAwPFdhdmUgTW9kZS1Ta3k+Lg==
8FvoCg,W+uyqOy5tF0K7KCALSDslYTsp4Eg7YyM7Yuw7J6l64uY6ruY7IScIF40MjZCRTc87Juo7J2067iM66qo65OcLe2VmOuKmD5eMDAwMDAw7J6F7J6l7Iug7LKt7ISc66W8IOyekeyEse2VmOyngCDslYrsnLzshajslrTsmpQu,W0JlbGthXQpNZS0gVGhlIHBhcnR5IGxlYWRlciBoYXMgbm90IGZpbGxlZCBvdXQgdGhlIF40MjZCRTc8V2F2ZSBNb2RlLVNreT5eMDAwMDAwIGVudHJ5IGFwcGxpY2F0aW9uIGZvcm0geWV0Lg==,,,,,W0JlbGthXQpPIGzDrWRlciBkbyBncnVwbyBhaW5kYSBuw6NvIHByZWVuY2hldSBvIGZvcm11bMOhcmlvIGRlIGluc2NyacOnw6NvIGRhIF40MjZCRTc8T25kYSAtIEPDqXU+XjAwMDAwMC4=,,W0JlbGthXQpZbzogRWwgbMOtZGVyIGRlbCBncnVwbyBhw7puIG5vIGhhIGNvbXBsZXRhZG8gZWwgZm9ybXVsYXJpbyBkZSBzb2xpY2l0dWQgZGUgZW50cmFkYSBeNDI2QkU3PFdhdmUgTW9kZS1Ta3k+XjAwMDAwMC4=
8VvoCg,e33tjIzti7DsnZgge33ri5jsnbQgPOybqOydtOu4jOuqqOuTnC3tlZjripg+7JeQIOyeheyepe2VqeuLiOuLpC4=,e30gZnJvbSB7fSBwYXJ0eSBlbnRlcnMgPFdhdmUgTW9kZS1Ta3k+Lg==,,,,,e30gZG8gZ3J1cG8ge30gZW50cmEgZW0gPE9uZGEgLSBDw6l1Pi4=,,e30gZGVsIGdydXBvIHt9IGluZ3Jlc2EgYSA8V2F2ZSBNb2RlLVNreT4u
8lvoCg,W+uyqOy5tF0K7Ja066i4PyEg7Jmg7KeAIOusuOygnOqwgCDsg53quLQg6rKDIOqwmeuEpOyalC4g64uk7IucIOyLnOuPhO2VtOuPhCDsoJzqsIAg6rCZ7J2AIOunkOydhCDtlZzri6TrqbQsIOyKpO2BrOumsOyDt+ydhCDssI3slrQg7Jq07JiB7YyA7JeQIOusuOydmO2VtCDso7zsi5zqsqDslrTsmpQ/,W0JlbGthXQpvaD8hIEl0IHNlZW1zIGxpa2UgdGhlcmUncyBzb21lIHByb2JsZW0uIElmIEkgdHJ5IGFnYWluIGFuZCBpdCBzYXlzIHRoZSBzYW1lIHRoaW5nLCBjb3VsZCB5b3UgcGxlYXNlIHRha2UgYSBzY3JlZW5zaG90IGFuZCBjb250YWN0IHRoZSBvcGVyYXRpb25zIHRlYW0/,,,,,W0JlbGthXQpPaT8hIFBhcmVjZSBxdWUgaMOhIGFsZ3VtIHByb2JsZW1hLiBTZSBldSB0ZW50YXIgbm92YW1lbnRlIGUgYXBhcmVjZXIgYSBtZXNtYSBjb2lzYSwgdm9jw6ogcG9kZXJpYSBmYXplciB1bWEgY2FwdHVyYSBkZSB0ZWxhIGUgZW50cmFyIGVtIGNvbnRhdG8gY29tIGEgY2VudHJhbCBkZSBzdXBvcnRlPw==,,W0JlbGthXQrCocK/VmF5YT8hIFBhcmVjZSBxdWUgaGF5IGFsZ8O6biBwcm9ibGVtYS4gU2kgbG8gaW50ZW50byBudWV2YW1lbnRlIHkgZGljZSBsbyBtaXNtbywgwr9wb2Ryw61hcyB0b21hciB1bmEgY2FwdHVyYSBkZSBwYW50YWxsYSB5IGNvbXVuaWNhcnRlIGNvbiBlbCBlcXVpcG8gZGUgb3BlcmFjaW9uZXM/
