YCGVDA,TWlzc2lvbiBCb2FyZA==,TWlzc2lvbiBCb2FyZA==,,,,,UXVhZHJvIGRlIE1pc3PDtWVz,,VGFibGVybyBkZSBNaXNpb25lcw==
YSGVDA,LSDsp4TtlontlaAg7IiYIOyXhuyKteuLiOuLpCAt,LSBDYW5ub3QgcHJvY2VlZCAt,,,,,LSBOw6NvIMOpIHBvc3PDrXZlbCBwcm9zc2VndWlyIC0=,,LSBObyBzZSBwdWVkZSBwcm9jZWRlciAt
YiGVDA,W01pc3Npb24gQm9hcmRdCuydtCBNaXNzaW9uIEJvYXJk66W8IOyCrOyaqe2VmOugpOuptCDslYjrgrTshJzqsIAg7ZWE7JqU7ZWp64uI64ukLg==,W01pc3Npb24gQm9hcmRdCkEgZ3VpZGUgaXMgbmVlZGVkIHRvIHVzZSB0aGlzIE1pc3Npb24gQm9hcmQu,,,,,W1F1YWRybyBkZSBNaXNzw7Vlc10Kw4kgbmVjZXNzw6FyaW8gdW0gUGFzc2UgcGFyYSB1c2FyIGVzdGUgUXVhZHJvIGRlIE1pc3PDtWVzLg==,,W1RhYmxlcm8gZGUgTWlzaW9uZXNdClNlIG5lY2VzaXRhIHVuYSBHdcOtYSBwYXJhIHVzYXIgZXN0ZSBUYWJsZXJvIGRlIE1pc2lvbmVzLg==
YyGVDA,W01pc3Npb24gQm9hcmRdCuyCrOyaqSDsoIQgTWlzc2lvbiBCb2FyZCDsnbTsmqkg6rec7LmZ7J2EIOyekOyEuO2eiCDsnb3slrQg7KO87IS47JqULg==,W01pc3Npb24gQm9hcmRdClBsZWFzZSByZWFkIHRoZSBNaXNzaW9uIEJvYXJkIHVzYWdlIHJ1bGVzIGNhcmVmdWxseSBiZWZvcmUgdXNlLg==,,,,,W1F1YWRybyBkZSBNaXNzw7Vlc10KUG9yIGZhdm9yLCBsZWlhIGFzIHJlZ3JhcyBkZSB1c28gZG8gUXVhZHJvIGRlIE1pc3PDtWVzIGNvbSBhdGVuw6fDo28gYW50ZXMgZGUgdXNhci4=,,W1RhYmxlcm8gZGUgTWlzaW9uZXNdClBvciBmYXZvciwgbGVhIGxhcyByZWdsYXMgZGUgdXNvIGRlbCBUYWJsZXJvIGRlIE1pc2lvbmVzIGNvbiBhdGVuY2nDs24gYW50ZXMgZGUgdXNhci4=
ZCGVDA,W01pc3Npb24gQm9hcmRdCuyCrOyaqSDrsKnrspUKMS4gTWlzc2lvbiBCb2FyZOyXkOuKlCBEYWlseSwgV2Vla2x5LCBGdWxsIFRpbWUgRXZlbnQg7LSdIDPsooXrpZjsnZgg7YCY7Iqk7Yq46rCAIOyeiOyKteuLiOuLpC4KMi4gRGFpbHkg67CPIFdlZWtseSDtgJjsiqTtirjripQg66ek7KO8IOuzgOqyveuQqeuLiOuLpC4KMy4gRGFpbHkg7YCY7Iqk7Yq464qUIOunpOydvCDsg4jrsr0gNOyLnOyXkCDstIjquLDtmZTrkKnri4jri6QuCjQuIOqwgSDtgJjsiqTtirjrp4jri6Qg7ZqN65OdIOqwgOuKpe2VnCBCYXR0bGUgUGFzcyBFWFDqsIAg64uk66W064uIIO2AmOyKpO2KuCDssL3sl5DshJwg7IOB7IS4IOuCtOyaqeydhCDtmZXsnbjtlbQg7KO87IS47JqULg==,W01pc3Npb24gQm9hcmRdCkhvdyB0byBVc2UKMS4gVGhlIE1pc3Npb24gQm9hcmQgaGFzIHRocmVlIHR5cGVzIG9mIHF1ZXN0czogRGFpbHksIFdlZWtseSwgYW5kIEZ1bGwgVGltZSBFdmVudC4KMi4gRGFpbHkgYW5kIFdlZWtseSBxdWVzdHMgY2hhbmdlIGV2ZXJ5IHdlZWsuCjMuIERhaWx5IHF1ZXN0cyByZXNldCBhdCA0OjAwIEFNIGV2ZXJ5IGRheS4KNC4gRWFjaCBxdWVzdCBwcm92aWRlcyBhIGRpZmZlcmVudCBhbW91bnQgb2Ygb2J0YWluYWJsZSBCYXR0bGUgUGFzcyBFWFAuIFBsZWFzZSBjaGVjayB0aGUgZGV0YWlscyBpbiB0aGUgcXVlc3Qgd2luZG93Lg==,,,,,W1F1YWRybyBkZSBNaXNzw7Vlc10KQ29tbyBVc2FyCjEuIE8gUXVhZHJvIGRlIE1pc3PDtWVzIHRlbSB0csOqcyB0aXBvcyBkZSBtaXNzw7VlczogRGnDoXJpYXMsIFNlbWFuYWlzIGUgSW50ZWdyYWwuCjIuIEFzIG1pc3PDtWVzIERpw6FyaWFzIGUgU2VtYW5haXMgbXVkYW0gdG9kYSBzZW1hbmEuCjMuIEFzIG1pc3PDtWVzIERpw6FyaWFzIHJlc2V0YW0gw6BzIDRoIGRhIG1hbmjDoyB0b2RvcyBvcyBkaWFzLgo0LiBDYWRhIG1pc3PDo28gZm9ybmVjZSB1bWEgcXVhbnRpZGFkZSBkaWZlcmVudGUgZGUgRVhQIGRvIFBhc3NlIGRlIEJhdGFsaGEuIFBvciBmYXZvciwgdmVyaWZpcXVlIG9zIGRldGFsaGVzIG5hIGphbmVsYSBkYSBtaXNzw6NvLg==,,W1RhYmxlcm8gZGUgTWlzaW9uZXNdCkPDs21vIFVzYXIKMS4gRWwgVGFibGVybyBkZSBNaXNpb25lcyB0aWVuZSB0cmVzIHRpcG9zIGRlIG1pc2lvbmVzOiBEaWFyaWFzLCBTZW1hbmFsZXMgeSBkZSBFdmVudG8gQ29tcGxldG8uCjIuIExhcyBtaXNpb25lcyBEaWFyaWFzIHkgU2VtYW5hbGVzIGNhbWJpYW4gY2FkYSBzZW1hbmEuCjMuIExhcyBtaXNpb25lcyBEaWFyaWFzIHNlIHJlaW5pY2lhbiBhIGxhcyA0OjAwIEFNIHRvZG9zIGxvcyBkw61hcy4KNC4gQ2FkYSBtaXNpw7NuIHByb3BvcmNpb25hIHVuYSBjYW50aWRhZCBkaWZlcmVudGUgZGUgRVhQIGRlbCBQYXNlIGRlIEJhdGFsbGEuIFBvciBmYXZvciwgdmVyaWZpcXVlIGxvcyBkZXRhbGxlcyBlbiBsYSB2ZW50YW5hIGRlIGxhIG1pc2nDs24u
ZSGVDA,W01pc3Npb24gQm9hcmRdCuynhO2Wie2VoCDtla3rqqnsnYQg7ISg7YOd7ZW0IOyjvOyEuOyalC4=,W01pc3Npb24gQm9hcmRdClBsZWFzZSBzZWxlY3QgdGhlIGl0ZW0gdG8gcHJvY2VlZCB3aXRoLg==,,,,,W1F1YWRybyBkZSBNaXNzw7Vlc10KUG9yIGZhdm9yLCBzZWxlY2lvbmUgdW1hIG9ww6fDo28u,,W1RhYmxlcm8gZGUgTWlzaW9uZXNdClBvciBmYXZvciwgc2VsZWNjaW9uZSB1bmEgb3BjacOzbi4=
ZiGVDA,7J6E66y0IOyImOudvQ==,QWNjZXB0IE1pc3Npb24=,,,,,QWNlaXRhciBNaXNzw6Nv,,QWNlcHRhciBNaXNpw7Nu
ZyGVDA,7J6E66y0IOuztOqzoA==,UmVwb3J0IE1pc3Npb24=,,,,,UmVwb3J0YXIgTWlzc8Ojbw==,,UmVwb3J0YXIgTWlzacOzbg==
aCGVDA,7Leo7IaM,Q2FuY2Vs,,,,,Q2FuY2VsYXI=,,Q2FuY2VsYXI=
aSGVDA,7J287J28IO2AmOyKpO2KuCDtmZXsnbg=,Q2hlY2sgRGFpbHkgUXVlc3Q=,,,,,VmVyIE1pc3PDo28gRGnDoXJpYQ==,,VmVyIE1pc2nDs24gRGlhcmlh
aiGVDA,7KO86rCEIO2AmOyKpO2KuCDtmZXsnbg=,Q2hlY2sgV2Vla2x5IFF1ZXN0,,,,,VmVyIE1pc3PDo28gU2VtYW5hbA==,,VmVyIE1pc2nDs24gU2VtYW5hbA==
ayGVDA,RnVsbCBUaW1lIEV2ZW50IO2AmOyKpO2KuCDtmZXsnbg=,Q2hlY2sgRnVsbCBUaW1lIEV2ZW50IFF1ZXN0,,,,,VmVyIE1pc3PDo28gSW50ZWdyYWw=,,VmVyIE1pc2nDs24gZGUgRXZlbnRvIENvbXBsZXRv
bCGVDA,6rWz7J2AIOyngOyDgSDrlJzrpqzthLAg7LKY7LmY,RGVmZWF0IFNvbGlkIEdyb3VuZCBEZWxldGVy,,,,,RGVycm90YXIgRGVsZXRlcg==,,RGVycm90YXIgRGVsZXRlcg==
bSGVDA,7JWE7J207IqkIOqzoOyKpO2KuCDsspjsuZg=,RGVmZWF0IEljZSBHaG9zdA==,,,,,RGVycm90YXIgWGFtw6MgZG8gR2Vsbw==,,RGVycm90YXIgQ2hhbcOhbiBkZSBIaWVsbw==
biGVDA,7ZSM66CI7J6EIOqzoOyKpO2KuCDsspjsuZg=,RGVmZWF0IEZsYW1lIEdob3N0,,,,,RGVycm90YXIgWGFtw6MgZG8gRm9nbw==,,RGVycm90YXIgQ2hhbcOhbiBkZSBGdWVnbw==
byGVDA,W01pc3Npb24gQm9hcmRdCu2VtOuLuSDtgJjsiqTtirjripQg7ZWY66Oo7JeQIDHtmozrp4wg7IiY7ZaJ7ZWgIOyImCDsnojsirXri4jri6Qu,W01pc3Npb24gQm9hcmRdClRoaXMgcXVlc3QgY2FuIG9ubHkgYmUgY29tcGxldGVkIG9uY2UgcGVyIGRheS4=,,,,,W1F1YWRybyBkZSBNaXNzw7Vlc10KRXN0YSBtaXNzw6NvIHPDsyBwb2RlIHNlciBjb25jbHXDrWRhIHVtYSB2ZXogcG9yIGRpYS4=,,W1RhYmxlcm8gZGUgTWlzaW9uZXNdCkVzdGEgbWlzacOzbiBzb2xvIHNlIHB1ZWRlIGNvbXBsZXRhciB1bmEgdmV6IGFsIGTDrWEu
cCGVDA,W01pc3Npb24gQm9hcmRdCuq1s+ydgCDsp4Dsg4Eg65Sc66as7YSwIDXrp4jrpqwg7LKY7LmYCkVYUCBCYXR0bGUgUGFzcyAz,W01pc3Npb24gQm9hcmRdCkRlZmVhdCA1IFNvbGlkIEdyb3VuZCBEZWxldGVycwpFWFAgQmF0dGxlIFBhc3MgMw==,,,,,W1F1YWRybyBkZSBNaXNzw7Vlc10KRGVycm90ZSA1IERlbGV0ZXIKRVhQIGRvIFBhc3NlOiAz,,W1RhYmxlcm8gZGUgTWlzaW9uZXNdCkRlcnJvdGEgNSBEZWxldGVyCkVYUCBkZWwgUGFzZTogMw==
cSGVDA,W01pc3Npb24gQm9hcmRdCuydtOuvuCDsp4Ttlokg7KSR7J24IO2AmOyKpO2KuOyeheuLiOuLpC4=,W01pc3Npb24gQm9hcmRdCllvdSBhcmUgYWxyZWFkeSBwcm9ncmVzc2luZyBvbiB0aGlzIHF1ZXN0Lg==,,,,,W1F1YWRybyBkZSBNaXNzw7Vlc10KVm9jw6ogasOhIGVzdMOhIGZhemVuZG8gZXN0YSBtaXNzw6NvLg==,,W1RhYmxlcm8gZGUgTWlzaW9uZXNdCllhIGVzdMOhcyByZWFsaXphbmRvIGVzdGEgbWlzacOzbi4=
ciGVDA,W01pc3Npb24gQm9hcmRdCuyVhOydtOyKpCDqs6DsiqTtirggNeuniOumrCDsspjsuZgKRVhQIEJhdHRsZSBQYXNzIDQ=,W01pc3Npb24gQm9hcmRdCkRlZmVhdCA1IEljZSBHaG9zdHMKRVhQIEJhdHRsZSBQYXNzIDQ=,,,,,W1F1YWRybyBkZSBNaXNzw7Vlc10KRGVycm90ZSA1IFhhbcOjIGRvIEdlbG8KRVhQIGRvIFBhc3NlOiA0,,W1RhYmxlcm8gZGUgTWlzaW9uZXNdCkRlcnJvdGEgNSBDaGFtw6FuIGRlIEhpZWxvCkVYUCBkZWwgUGFzZTogNA==
cyGVDA,W01pc3Npb24gQm9hcmRdCu2UjOugiOyehCDqs6DsiqTtirggNeuniOumrCDsspjsuZgKRVhQIEJhdHRsZSBQYXNzIDQ=,W01pc3Npb24gQm9hcmRdCkRlZmVhdCA1IEZsYW1lIEdob3N0cwpFWFAgQmF0dGxlIFBhc3MgNA==,,,,,W1F1YWRybyBkZSBNaXNzw7Vlc10KRGVycm90ZSA1IFhhbcOjIGRvIEZvZ28KRVhQIGRvIFBhc3NlOiA0,,W1RhYmxlcm8gZGUgTWlzaW9uZXNdCkRlcnJvdGEgNSBDaGFtw6FuIGRlIEZ1ZWdvCkVYUCBkZWwgUGFzZTogNA==
dCGVDA,64KY7Z2Q7Yq4IOyngOqxsCDsspjsuZg=,RGVmZWF0IE5hZ2h0IFNpZWdlcg==,,,,,RGVycm90YXIgTmFnaHQgU2llZ2Vy,,RGVycm90YXIgTmFnaHQgU2llZ2Vy
dSGVDA,7J6Q6riwIOqzhOuwnA==,U2VsZi1pbXByb3ZlbWVudA==,,,,,QXV0b2FwZXJmZWnDp29hbWVudG8=,,QXV0b3N1cGVyYWNpw7Nu
diGVDA,W01pc3Npb24gQm9hcmRdCu2VtOuLuSDtgJjsiqTtirjripQg7KO8IDHtmozrp4wg7IiY7ZaJ7ZWgIOyImCDsnojsirXri4jri6Qu,W01pc3Npb24gQm9hcmRdClRoaXMgcXVlc3QgY2FuIG9ubHkgYmUgY29tcGxldGVkIG9uY2UgcGVyIHdlZWsu,,,,,W1F1YWRybyBkZSBNaXNzw7Vlc10KRXN0YSBtaXNzw6NvIHPDsyBwb2RlIHNlciBjb25jbHXDrWRhIHVtYSB2ZXogcG9yIHNlbWFuYS4=,,W1RhYmxlcm8gZGUgTWlzaW9uZXNdCkVzdGEgbWlzacOzbiBzb2xvIHNlIHB1ZWRlIGNvbXBsZXRhciB1bmEgdmV6IHBvciBzZW1hbmEu
dyGVDA,W01pc3Npb24gQm9hcmRdCuuCmO2dkO2KuCDsp4DqsbAgMeuniOumrCDsspjsuZgKRVhQIEJhdHRsZSBQYXNzIDIw,W01pc3Npb24gQm9hcmRdCkRlZmVhdCAxIE5hZ2h0IFNpZWdlcgpFWFAgQmF0dGxlIFBhc3MgMjA=,,,,,W1F1YWRybyBkZSBNaXNzw7Vlc10KRGVycm90ZSAxIE5hZ2h0IFNpZWdlcgpFWFAgZG8gUGFzc2U6IDIw,,W1RhYmxlcm8gZGUgTWlzaW9uZXNdCkRlcnJvdGEgMSBOYWdodCBTaWVnZXIKRVhQIGRlbCBQYXNlOiAyMA==
eCGVDA,W01pc3Npb24gQm9hcmRdCuydtOuvuCDsp4Ttlokg7KSR7J24IO2AmOyKpO2KuOyeheuLiOuLpC4K7J2067KIIOyjvOyXkOuKlCAx7ZqM66eMIOynhO2Wie2VoCDsiJgg7J6I7Iq164uI64ukIQ==,W01pc3Npb24gQm9hcmRdCllvdSBhcmUgYWxyZWFkeSBwcm9ncmVzc2luZyBvbiB0aGlzIHF1ZXN0LgpZb3UgY2FuIG9ubHkgcHJvY2VlZCBvbmNlIHRoaXMgd2VlayE=,,,,,W1F1YWRybyBkZSBNaXNzw7Vlc10KVm9jw6ogasOhIGVzdMOhIGZhemVuZG8gZXN0YSBtaXNzw6NvLgpWb2PDqiBzw7MgcG9kZSBwcm9zc2VndWlyIHVtYSB2ZXogZXN0YSBzZW1hbmEh,,W1RhYmxlcm8gZGUgTWlzaW9uZXNdCllhIGVzdMOhcyByZWFsaXphbmRvIGVzdGEgbWlzacOzbi4KwqFTb2xvIHB1ZWRlcyBwcm9jZWRlciB1bmEgdmV6IGVzdGEgc2VtYW5hIQ==
eSGVDA,W01pc3Npb24gQm9hcmRdCuy6kOumre2EsCDroIjrsqjsl4UgMe2ajApFWFAgQmF0dGxlIFBhc3MgMTU=,W01pc3Npb24gQm9hcmRdCkxldmVsIHVwIGEgY2hhcmFjdGVyIG9uY2UKRVhQIEJhdHRsZSBQYXNzIDE1,,,,,W1F1YWRybyBkZSBNaXNzw7Vlc10KU3ViYSBkZSBuw612ZWwgdW0gcGVyc29uYWdlbSB1bWEgdmV6LgpFWFAgZG8gUGFzc2U6IDE1,,W1RhYmxlcm8gZGUgTWlzaW9uZXNdClN1YmUgZGUgbml2ZWwgdW4gcGVyc29uYWplIHVuYSB2ZXouCkVYUCBkZWwgUGFzZTogMTU=
eiGVDA,W01pc3Npb24gQm9hcmRdCuydtOuvuCDsp4Ttlokg7KSR7J24IO2AmOyKpO2KuOyeheuLiOuLpC4K7J2067KIIOyjvOyXkOuKlCAx7ZqM66eMIOynhO2Wie2VoCDsiJgg7J6I7Iq164uI64ukLg==,W01pc3Npb24gQm9hcmRdCllvdSBhcmUgYWxyZWFkeSBwcm9ncmVzc2luZyBvbiB0aGlzIHF1ZXN0LgpZb3UgY2FuIG9ubHkgcHJvY2VlZCBvbmNlIHRoaXMgd2Vlay4=,,,,,W1F1YWRybyBkZSBNaXNzw7Vlc10KVm9jw6ogasOhIGVzdMOhIGZhemVuZG8gZXN0YSBtaXNzw6NvLgpWb2PDqiBzw7MgcG9kZSBwcm9zc2VndWlyIHVtYSB2ZXogZXN0YSBzZW1hbmEu,,W1RhYmxlcm8gZGUgTWlzaW9uZXNdCllhIGVzdMOhcyByZWFsaXphbmRvIGVzdGEgbWlzacOzbi4KU29sbyBwdWVkZXMgcHJvY2VkZXIgdW5hIHZleiBlc3RhIHNlbWFuYS4=
eyGVDA,W01pc3Npb24gQm9hcmRdCuydtOuvuCDsnoTrrLTrpbwg7JmE66OM7ZWY7JesIOuNlCDsnbTsg4Eg7KeE7ZaJ7ZWgIOyImCDsl4bsirXri4jri6Qu,W01pc3Npb24gQm9hcmRdCllvdSBoYXZlIGFscmVhZHkgY29tcGxldGVkIHRoZSBtaXNzaW9uIGFuZCBjYW5ub3QgcHJvY2VlZCBmdXJ0aGVyLg==,,,,,W1F1YWRybyBkZSBNaXNzw7Vlc10KVm9jw6ogasOhIGNvbXBsZXRvdSBhIG1pc3PDo28gZSBuw6NvIHBvZGUgcHJvc3NlZ3VpciBtYWlzLg==,,W1RhYmxlcm8gZGUgTWlzaW9uZXNdCllhIGhhcyBjb21wbGV0YWRvIGxhIG1pc2nDs24geSBubyBwdWVkZXMgcHJvY2VkZXIgbcOhcy4=
fCGVDA,W01pc3Npb24gQm9hcmRdCuugiOuyqCAxODUg64us7ISxCkVYUCBCYXR0bGUgUGFzcyAxNTA=,W01pc3Npb24gQm9hcmRdCkFjaGlldmUgTGV2ZWwgMTg1CkVYUCBCYXR0bGUgUGFzcyAxNTA=,,,,,W1F1YWRybyBkZSBNaXNzw7Vlc10KQXRpbmphIG8gTsOtdmVsIDE4NQpFWFAgZG8gUGFzc2U6IDE1MA==,,W1RhYmxlcm8gZGUgTWlzaW9uZXNdCkFsY2FuemEgZWwgTml2ZWwgMTg1CkVYUCBkZWwgUGFzZTogMTUw
fSGVDA,W01pc3Npb24gQm9hcmRdCuydtOuvuCDsp4Ttlokg7KSR7J24IO2AmOyKpO2KuOyeheuLiOuLpC4K7J2067KIIOydtOuypO2KuOyXkOyEnOuKlCAx7ZqM66eMIOynhO2Wie2VoCDsiJgg7J6I7Iq164uI64ukLg==,W01pc3Npb24gQm9hcmRdCllvdSBhcmUgYWxyZWFkeSBwcm9ncmVzc2luZyBvbiB0aGlzIHF1ZXN0LgpZb3UgY2FuIG9ubHkgcHJvY2VlZCBvbmNlIGR1cmluZyB0aGlzIGV2ZW50Lg==,,,,,W1F1YWRybyBkZSBNaXNzw7Vlc10KVm9jw6ogasOhIGVzdMOhIGZhemVuZG8gZXN0YSBtaXNzw6NvLgpWb2PDqiBzw7MgcG9kZSBwcm9zc2VndWlyIHVtYSB2ZXogZHVyYW50ZSBlc3RlIGV2ZW50by4=,,W1RhYmxlcm8gZGUgTWlzaW9uZXNdCllhIGVzdMOhcyByZWFsaXphbmRvIGVzdGEgbWlzacOzbi4KU29sbyBwdWVkZXMgcHJvY2VkZXIgdW5hIHZleiBkdXJhbnRlIGVzdGUgZXZlbnRvLg==
fiGVDA,7J287J28IO2AmOyKpO2KuCDrs7Tqs6A=,UmVwb3J0IERhaWx5IFF1ZXN0,,,,,UmVwb3J0YXIgTWlzc8OjbyBEacOhcmlh,,UmVwb3J0YXIgTWlzacOzbiBEaWFyaWE=
fyGVDA,7KO86rCEIO2AmOyKpO2KuCDrs7Tqs6A=,UmVwb3J0IFdlZWtseSBRdWVzdA==,,,,,UmVwb3J0YXIgTWlzc8OjbyBTZW1hbmFs,,UmVwb3J0YXIgTWlzacOzbiBTZW1hbmFs
gCGVDA,RnVsbCBUaW1lIEV2ZW50IO2AmOyKpO2KuCDrs7Tqs6A=,UmVwb3J0IEZ1bGwgVGltZSBFdmVudCBRdWVzdA==,,,,,UmVwb3J0YXIgTWlzc8OjbyBJbnRlZ3JhbA==,,UmVwb3J0YXIgTWlzacOzbiBkZSBFdmVudG8gQ29tcGxldG8=
gSGVDA,6rWz7J2AIOyngOyDgSDrlJzrpqzthLAg7LKY7LmYIOydmOuisA==,U29saWQgR3JvdW5kIERlbGV0ZXIgRXh0ZXJtaW5hdGlvbiBSZXF1ZXN0,,,,,Q2HDp2FyIERlbGV0ZXI=,,Q2F6YXIgRGVsZXRlcg==
giGVDA,7JWE7J207IqkIOqzoOyKpO2KuCDsspjsuZgg7J2Y66Kw,SWNlIEdob3N0IEV4dGVybWluYXRpb24gUmVxdWVzdA==,,,,,Q2HDp2FyIFhhbcOjIGRvIEdlbG8=,,Q2F6YXIgQ2hhbcOhbiBkZSBIaWVsbw==
gyGVDA,7ZSM66CI7J6EIOqzoOyKpO2KuCDsspjsuZgg7J2Y66Kw,RmxhbWUgR2hvc3QgRXh0ZXJtaW5hdGlvbiBSZXF1ZXN0,,,,,Q2HDp2FyIFhhbcOjIGRvIEZvZ28=,,Q2F6YXIgQ2hhbcOhbiBkZSBGdWVnbw==
hCGVDA,W01pc3Npb24gQm9hcmRdCu2AmOyKpO2KuCDsmYTro4wKQmF0dGxlIFBhc3MgRVhQIDMg7KeA6riJ,W01pc3Npb24gQm9hcmRdClF1ZXN0IENvbXBsZXRlCkJhdHRsZSBQYXNzIEVYUCAzIGdyYW50ZWQ=,,,,,W1F1YWRybyBkZSBNaXNzw7Vlc10KTWlzc8OjbyBDb25jbHXDrWRhClZvY8OqIHJlY2ViZXUgMyBkZSBFWFAgZG8gUGFzc2UgZGUgQmF0YWxoYQ==,,W1RhYmxlcm8gZGUgTWlzaW9uZXNdCk1pc2nDs24gQ29tcGxldGFkYQpIYXMgcmVjaWJpZG8gMyBkZSBFWFAgZGVsIFBhc2UgZGUgQmF0YWxsYQ==
hSGVDA,W01pc3Npb24gQm9hcmRdCuyhsOqxtOydtCDrp57sp4Ag7JWK7Iq164uI64ukLiDri6Tsi5wg7ZmV7J247ZW0IOyjvOyEuOyalC4=,W01pc3Npb24gQm9hcmRdCkNvbmRpdGlvbnMgZG8gbm90IG1hdGNoLiBQbGVhc2UgY2hlY2sgYWdhaW4u,,,,,W1F1YWRybyBkZSBNaXNzw7Vlc10KQXMgY29uZGnDp8O1ZXMgbsOjbyBjb3JyZXNwb25kZW0uIFBvciBmYXZvciwgdmVyaWZpcXVlIG5vdmFtZW50ZS4=,,W1RhYmxlcm8gZGUgTWlzaW9uZXNdCkxhcyBjb25kaWNpb25lcyBubyBjb2luY2lkZW4uIFBvciBmYXZvciwgdmVyaWZpcXVlIG51ZXZhbWVudGUu
hiGVDA,W01pc3Npb24gQm9hcmRdCu2AmOyKpO2KuCDsmYTro4wKQmF0dGxlIFBhc3MgRVhQIDQg7KeA6riJ,W01pc3Npb24gQm9hcmRdClF1ZXN0IENvbXBsZXRlCkJhdHRsZSBQYXNzIEVYUCA0IGdyYW50ZWQ=,,,,,W1F1YWRybyBkZSBNaXNzw7Vlc10KTWlzc8OjbyBDb25jbHXDrWRhClZvY8OqIHJlY2ViZXUgNCBkZSBFWFAgZG8gUGFzc2UgZGUgQmF0YWxoYQ==,,W1RhYmxlcm8gZGUgTWlzaW9uZXNdCk1pc2nDs24gQ29tcGxldGFkYQpIYXMgcmVjaWJpZG8gNCBkZSBFWFAgZGVsIFBhc2UgZGUgQmF0YWxsYQ==
hyGVDA,64KY7Z2Q7Yq4IOyngOqxsCDsspjsuZgg7J2Y66Kw,TmFnaHQgU2llZ2VyIEV4dGVybWluYXRpb24gUmVxdWVzdA==,,,,,Q2HDp2FyIE5hZ2h0IFNpZWdlcg==,,Q2F6YXIgTmFnaHQgU2llZ2Vy
iCGVDA,W01pc3Npb24gQm9hcmRdCu2AmOyKpO2KuCDsmYTro4wKQmF0dGxlIFBhc3MgRVhQIDIwIOyngOq4iQ==,W01pc3Npb24gQm9hcmRdClF1ZXN0IENvbXBsZXRlCkJhdHRsZSBQYXNzIEVYUCAyMCBncmFudGVk,,,,,W1F1YWRybyBkZSBNaXNzw7Vlc10KTWlzc8OjbyBDb25jbHXDrWRhClZvY8OqIHJlY2ViZXUgMjAgZGUgRVhQIGRvIFBhc3NlIGRlIEJhdGFsaGE=,,W1RhYmxlcm8gZGUgTWlzaW9uZXNdCk1pc2nDs24gQ29tcGxldGFkYQpIYXMgcmVjaWJpZG8gMjAgZGUgRVhQIGRlbCBQYXNlIGRlIEJhdGFsbGE=
iSGVDA,W01pc3Npb24gQm9hcmRdCu2AmOyKpO2KuCDsmYTro4wKQmF0dGxlIFBhc3MgRVhQIDE1IOyngOq4iQ==,W01pc3Npb24gQm9hcmRdClF1ZXN0IENvbXBsZXRlCkJhdHRsZSBQYXNzIEVYUCAxNSBncmFudGVk,,,,,W1F1YWRybyBkZSBNaXNzw7Vlc10KTWlzc8OjbyBDb25jbHXDrWRhClZvY8OqIHJlY2ViZXUgMTUgZGUgRVhQIGRvIFBhc3NlIGRlIEJhdGFsaGE=,,W1RhYmxlcm8gZGUgTWlzaW9uZXNdCk1pc2nDs24gQ29tcGxldGFkYQpIYXMgcmVjaWJpZG8gMTUgZGUgRVhQIGRlbCBQYXNlIGRlIEJhdGFsbGE=
iiGVDA,W01pc3Npb24gQm9hcmRdCu2AmOyKpO2KuCDsmYTro4wKQmF0dGxlIFBhc3MgRVhQIDE1MCDsp4DquIk=,W01pc3Npb24gQm9hcmRdClF1ZXN0IENvbXBsZXRlCkJhdHRsZSBQYXNzIEVYUCAxNTAgZ3JhbnRlZA==,,,,,W1F1YWRybyBkZSBNaXNzw7Vlc10KTWlzc8OjbyBDb25jbHXDrWRhClZvY8OqIHJlY2ViZXUgMTUwIGRlIEVYUCBkbyBQYXNzZSBkZSBCYXRhbGhh,,W1RhYmxlcm8gZGUgTWlzaW9uZXNdCk1pc2nDs24gQ29tcGxldGFkYQpIYXMgcmVjaWJpZG8gMTUwIGRlIEVYUCBkZWwgUGFzZSBkZSBCYXRhbGxh
