YKLcBw,,RXBzaWxvbg==,,,,,RXBzaWxvbg==,,w4lwc2lsb24=
YaLcBw,,W0Vwc2lsb25dClRvIHVzZSBWYXJtZWFsIFRpY2tldCwgY3VzdG9tZXIgcmVnaXN0cmF0aW9uIGlzIHJlcXVpcmVkLgpXZSBwcm92aWRlIGNvbWJhdC1zcGVjaWFsaXplZCBjb21wYW5pb25zLg==,,,,,W0Vwc2lsb25dClBhcmEgdXNhciBvIFZhbGUgVmFybWlkYSwgw6kgbmVjZXNzw6FyaW8gcmVnaXN0cmFyLXNlIHByaW1laXJvLgpGb3JuZcOnbyBlcXVpcGFtZW50b3MgZXNwZWNpYWxpemFkb3MgZW0gY29tYmF0ZS4=,,W8OJcHNpbG9uXQpQYXJhIHVzYXIgVmFsZSBWYXJtaWRhLCBlcyBuZWNlc2FyaW8gcmVnaXN0cmFyIGFsIGNsaWVudGUuClRlIGFzaWduYXJlbW9zIGNvbXBhw7Flcm9zIGVzcGVjaWFsaXphZG9zIGVuIGNvbWJhdGUu
YqLcBw,,IC0gVGhlcmUgaXMgYSBwcmVyZXF1aXNpdGUgcXVlc3QuIC0=,,,,,LSBIw6EgdW1hIG1pc3PDo28gcHLDqS1yZXF1aXNpdG8uIC0=,,IC0gSGF5IHVuYSBtaXNpw7NuIHByZXZpYS4gLQ==
Y6LcBw,,W0Vwc2lsb25dCllvdXIgYmFnIGlzIGZ1bGwuIFBsZWFzZSBjaGVjayB5b3VyIHdlaWdodCBsaW1pdCBhbmQgaXRlbSBjb3VudCwgdGhlbiB0YWxrIHRvIG1lIGFnYWluLg==,,,,,W0Vwc2lsb25dClNldSBpbnZlbnTDoXJpbyBlc3TDoSBjaGVpby4gVmVyaWZpcXVlIG8gcGVzbyBlIGEgcXVhbnRpZGFkZSBkZSBpdGVucyBxdWUgZXN0w6EgY2FycmVnYW5kbyBlIGZhbGUgY29taWdvIG5vdmFtZW50ZS4=,,W8OJcHNpbG9uXQpMYSBib2xzYSBlc3TDoSBsbGVuYS4gUmV2aXNhIGVsIHBlc28gcXVlIGxsZXZhcyB5IGxhIGNhbnRpZGFkIGRlIG9iamV0b3MsIHkgbHVlZ28gdnVlbHZlIGEgaGFibGFyIGNvbm1pZ28u
ZKLcBw,,W0Vwc2lsb25dCldlIHdpbGwgZXhjaGFuZ2UgQXV0b21hdHJvbiBlcXVpcG1lbnQgdXNpbmcgVmFybWVhbCBUaWNrZXQuCldlIHByb3ZpZGUgY29tYmF0LXNwZWNpYWxpemVkIGNvbXBhbmlvbnMu,,,,,W0Vwc2lsb25dClRyb3F1ZSBzZXUgVmFsZSBWYXJtaWRhIHBvciB1bSBBdXRvbWF0cm9uLgpGb3JuZcOnbyBlcXVpcGFtZW50b3MgZXNwZWNpYWxpemFkb3MgZW0gY29tYmF0ZS4=,,W8OJcHNpbG9uXQpVc2FuZG8gVmFsZSBWYXJtaWRhLCB0ZSBjYW1iaWFyZW1vcyBwb3IgZXF1aXBvIEF1dG9tYXRyb24uClRlIGFzaWduYXJlbW9zIGNvbXBhw7Flcm9zIGVzcGVjaWFsaXphZG9zIGVuIGNvbWJhdGUu
ZaLcBw,,RXhjaGFuZ2UgR3VpZGU=,,,,,QXZpc29z,,R3XDrWEgZGUgaW50ZXJjYW1iaW8=
ZqLcBw,,QXJtb3IsIEVuZ2luZSwgTGVnIEV4Y2hhbmdl,,,,,VHJvY2FyIEVxdWlwYW1lbnRvcw==,,SW50ZXJjYW1iaW8gZGUgQXJtYWR1cmEsIE1vdG9yIHkgUGllcm5hcw==
Z6LcBw,,QWNjZXNzb3JpZXMgRXhjaGFuZ2U=,,,,,VHJvY2FyIEFjZXNzw7NyaW9z,,SW50ZXJjYW1iaW8gZGUgQWNjZXNvcmlvcw==
aKLcBw,,Q2FuY2Vs,,,,,Q2FuY2VsYXI=,,Q2FuY2VsYXI=
aaLcBw,,W0Vwc2lsb25dCl5GRjAwMDBBdXRvbWF0cm9uIEFybW9yLCBFbmdpbmUsIExlZ14wMDAwMDAgY2FuIGJlIGV4Y2hhbmdlZCBpZiB5b3UgZ2l2ZSBeMDAwMENEKzkgcmVmaW5lZCBJbGx1c2lvbiBBcm1vciwgRW5naW5lLCBMZWcgYW5kIFZhcm1lYWwgVGlja2V0c14wMDAwMDAu,,,,,W0Vwc2lsb25dCk9zIEVxdWlwYW1lbnRvcyBBdXRvbWF0cm9uIHPDo28gdmVyc8O1ZXMgYXByaW1vcmFkYXMgZG9zIF4wMDAwQ0RJbHVzacOzbl4wMDAwMDAuIFBvcnRhbnRvLCBlbGVzIHByZWNpc2FtIGVzdGFyIF5GRjAwMDByZWZpbmFkb3Mgbm8gKzleMDAwMDAwLg==,,W8OJcHNpbG9uXQpeRkYwMDAwTGEgQXJtYWR1cmEgQXV0b23DoXRpY2EsIEVuZ2luZSBXaW5nIHkgUGllcm5hc14wMDAwMDAgc2UgaW50ZXJjYW1iaWFuIHNpIGVudHJlZ2FzIF4wMDAwQ0R1bmEgQXJtYWR1cmEsIEVuZ2luZSBXaW5nIHkgUGllcm5hcyBJbGx1c2lvbiByZWZpbmFkYXMgYSArOSB5IFZhbGVzIFZhcm1pZGFeMDAwMDAwLg==
aqLcBw,,W0Vwc2lsb25dCl5GRjAwMDBBdXRvbWF0cm9uIEJvb3N0ZXIsIEJhdHRsZSBDaGlwXjAwMDAwMCBjYW4gYmUgZXhjaGFuZ2VkIGlmIHlvdSBnaXZlIF4wMDAwQ0RJbGx1c2lvbiBCb29zdGVyLCBCYXR0bGUgQ2hpcCBhbmQgVmFybWVhbCBUaWNrZXRzXjAwMDAwMC4=,,,,,W0Vwc2lsb25dCkFsw6ltIGRvIF4wMDAwQ0RyZWZpbmFtZW50b14wMDAwMDAsIHNlcsOjbyBuZWNlc3PDoXJpb3MgXkZGMDAwMFZhbGUgVmFybWlkYV4wMDAwMDAgcGFyYSByZWFsaXphciBhIHRyb2NhLiBWZXJpZmlxdWUgYXMgcXVhbnRpZGFkZXMgbm8gc2V1IGludmVudMOhcmlvLg==,,W8OJcHNpbG9uXQpeRkYwMDAwRWwgQm9vc3RlciBBdXRvbcOhdGljbyB5IEJhdHRsZSBDaGlwXjAwMDAwMCBzZSBpbnRlcmNhbWJpYW4gc2kgZW50cmVnYXMgXjAwMDBDRHVuIEJvb3N0ZXIgeSBCYXR0bGUgQ2hpcCBJbGx1c2lvbiB5IFZhbGVzIFZhcm1pZGFeMDAwMDAwLg==
a6LcBw,,W0Vwc2lsb25dCl5GRjAwMDBQbGVhc2UgcHJvY2VlZCB3aXRoIG9ubHkgb25lIHBpZWNlIG9mIHRoZSBlcXVpcG1lbnQgeW91IHdhbnQgdG8gZXhjaGFuZ2UgaW4geW91ciBpbnZlbnRvcnkuXjAwMDAwMA==,,,,,W0Vwc2lsb25dCk1hbnRlbmhhIG5vIGludmVudMOhcmlvIF5GRjAwMDBhcGVuYXMgbyBlcXVpcGFtZW50byBxdWUgZGVzZWphIHRyb2Nhcl4wMDAwMDAuIElzc28gZXZpdGFyw6EgcXVlIHZvY8OqIHRyb3F1ZSB1bSBlcXVpcGFtZW50byBpbXBvcnRhbnRlIGluZGV2aWRhbWVudGUu,,W8OJcHNpbG9uXQpeRkYwMDAwUGFyYSBlbCBpbnRlcmNhbWJpbywgY29udGluw7phIGNvbiBzb2xvIHVuIGVxdWlwbyBlbiBlbCBpbnZlbnRhcmlvOiBlbCBxdWUgZGVzZWFzIGludGVyY2FtYmlhci5eMDAwMDAw
bKLcBw,,W0Vwc2lsb25dCklmIHRoZXJlIGFyZSBzZXZlcmFsIGVxdWlwbWVudHMgaW4gdGhlIGludmVudG9yeSB0aGF0IGNvbXBseSB3aXRoIHRoZSBleGNoYW5nZSBjb25kaXRpb25zLCBeRkYwMDAwb25lIG9mIHRoZW0gd2lsbCBiZSBleGNoYW5nZWQgYXQgcmFuZG9tXjAwMDAwMC4=,,,,,W0Vwc2lsb25dClNlIGhvdXZlciB2w6FyaW9zIGVxdWlwYW1lbnRvcyBubyBpbnZlbnTDoXJpbyBxdWUgYXRlbmRhbSDDoHMgY29uZGnDp8O1ZXMgZGUgdHJvY2EsIF5GRjAwMDB1bSBkZWxlcyBzZXLDoSB0cm9jYWRvIGFsZWF0b3JpYW1lbnRlXjAwMDAwMC4=,,W8OJcHNpbG9uXQpTaSBoYXkgdmFyaW9zIGVxdWlwb3MgZW4gZWwgaW52ZW50YXJpbyBxdWUgY3VtcGxlbiBsYXMgY29uZGljaW9uZXMgZGUgaW50ZXJjYW1iaW8sIF5GRjAwMDB1bm8gZGUgZWxsb3Mgc2UgaW50ZXJjYW1iaWFyw6EgYWwgYXphcl4wMDAwMDAu
baLcBw,,W0Vwc2lsb25dClJlbWVtYmVyOiBDYXJkcywgUmVmaW5lbWVudHMsIGFuZCBFbmNoYW50bWVudHMgZnJvbSB0aGUgZXF1aXBtZW50IF5GRjAwMDB3aWxsIGJlIGxvc3ReMDAwMDAwLgpFeGNoYW5nZWQgZXF1aXBtZW50IHdpbGwgbm90IHJlY2VpdmUgY2FyZHMgYW5kIHJlZmluZW1lbnRzIGZyb20gdGhlIHByZXZpb3VzIGVxdWlwbWVudC4=,,,,,W0Vwc2lsb25dCkxlbWJyZS1zZTogQ2FydGFzLCBSZWZpbm9zIGUgRW5jYW50b3MgZG8gZXF1aXBhbWVudG8gXkZGMDAwMHNlcsOjbyBwZXJkaWRvc14wMDAwMDAuCk9zIGVxdWlwYW1lbnRvcyB0cm9jYWRvcyBuw6NvIHJlY2ViZXLDo28gY2FydGFzIGUgcmVmaW5vcyBkbyBlcXVpcGFtZW50byBhbnRlcmlvci4=,,W8OJcHNpbG9uXQpBdGVuY2nDs246IExhcyBjYXJ0YXMsIG1lam9yYXMgeSBlbmNhbnRhbWllbnRvcyBkZWwgZXF1aXBvIF5GRjAwMDBzZSBwZXJkZXLDoW4gXjAwMDAwMC4KRWwgZXF1aXBvIGludGVyY2FtYmlhZG8gbm8gcmVjaWJpcsOhIGNhcnRhcyBuaSBtZWpvcmFzIGRlbCBlcXVpcG8gYW50ZXJpb3Iu
bqLcBw,,W0Vwc2lsb25dCllvdSBoYXZlIGNhbmNlbGVkLg==,,,,,W0Vwc2lsb25dCkNhbmNlbGFkby4=,,W8OJcHNpbG9uXQpIYXMgY2FuY2VsYWRvLg==
b6LcBw,,VXBzaWxvbg==,,,,,VXBzaWxvbg==,,VXBzaWxvbg==
cKLcBw,,W1Vwc2lsb25dClRvIHVzZSBWYXJtZWFsIFRpY2tldCwgY3VzdG9tZXIgcmVnaXN0cmF0aW9uIGlzIHJlcXVpcmVkLgpXZSBlbmhhbmNlIHRoZSBhYmlsaXRpZXMgb2YgY29tYmF0LXNwZWNpYWxpemVkIGNvbXBhbmlvbnMu,,,,,W1Vwc2lsb25dClBhcmEgdXNhciBWYWxlIFZhcm1pZGEsIMOpIG5lY2Vzc8OhcmlvIHJlZ2lzdHJhci1zZSBjb21vIGNsaWVudGUuCkZvcm5lw6dvIEF1dG9tw7NkdWxvcyBhbGVhdMOzcmlvcyBwYXJhIGVuY2FudGFyIHNldSBBdXRvbWF0cm9uLg==,,W1Vwc2lsb25dClBhcmEgdXNhciBWYWxlIFZhcm1pZGEsIGVzIG5lY2VzYXJpbyByZWdpc3RyYXIgYWwgY2xpZW50ZS4KTWVqb3JhcmVtb3MgbGFzIGhhYmlsaWRhZGVzIGRlIGxvcyBjb21wYcOxZXJvcyBlc3BlY2lhbGl6YWRvcyBlbiBjb21iYXRlLg==
caLcBw,,W1Vwc2lsb25dCllvdXIgYmFnIGlzIGZ1bGwuIFBsZWFzZSBjaGVjayB5b3VyIHdlaWdodCBsaW1pdCBhbmQgaXRlbSBjb3VudCwgdGhlbiB0YWxrIHRvIG1lIGFnYWluLg==,,,,,W1Vwc2lsb25dClNldSBpbnZlbnTDoXJpbyBlc3TDoSBjaGVpby4gVmVyaWZpcXVlIG8gcGVzbyBlIGEgcXVhbnRpZGFkZSBkZSBpdGVucyBxdWUgZXN0w6EgY2FycmVnYW5kbyBlIGZhbGUgY29taWdvIG5vdmFtZW50ZS4=,,W1Vwc2lsb25dCkxhIGJvbHNhIGVzdMOhIGxsZW5hLiBSZXZpc2EgZWwgcGVzbyBxdWUgbGxldmFzIHkgbGEgY2FudGlkYWQgZGUgb2JqZXRvcywgeSBsdWVnbyB2dWVsdmUgYSBoYWJsYXIgY29ubWlnby4=
cqLcBw,,W1Vwc2lsb25dCldlIHdpbGwgcHJvdmlkZSBBdXRvbW9kdWxlLCBvciBhIFBoeXNpY2FsIEF1dG8gVXBncmFkZSBEZXZpY2UsIG9yIGEgTWFnaWNhbCBBdXRvIFVwZ3JhZGUgRGV2aWNlLgpXZSBlbmhhbmNlIHRoZSBhYmlsaXRpZXMgb2YgeW91ciBBdXRvbWF0cm9uLg==,,,,,W1Vwc2lsb25dClRyb3F1ZSBzZXUgVmFsZSBWYXJtaWRhIHBvciB1bSBBcHJpbW9yYWRvciBGw61zaWNvIG91IE3DoWdpY28uCkZvcm5lw6dvIEF1dG9tw7NkdWxvcyBhbGVhdMOzcmlvcyBwYXJhIGVuY2FudGFyIHNldSBBdXRvbWF0cm9uLg==,,W1Vwc2lsb25dClRlIGVudHJlZ2FyZW1vcyBNw7NkdWxvIEF1dG9tw6F0aWNvLCBvIHVuIGRpc3Bvc2l0aXZvIGRlIG1lam9yYSBhdXRvbcOhdGljYSBmw61zaWNhLCBvIHVuIGRpc3Bvc2l0aXZvIGRlIG1lam9yYSBhdXRvbcOhdGljYSBtw6FnaWNhLgpNZWpvcmFyZW1vcyBsYXMgaGFiaWxpZGFkZXMgZGUgbG9zIEF1dG9tYXRyb24u
c6LcBw,,RGVzY3JpcHRpb24=,,,,,SW5mb3JtYcOnw7Vlcw==,,RGVzY3JpcGNpw7Nu
dKLcBw,,T2J0YWluIEF1dG9tb2R1bGU=,,,,,T2J0ZXIgQXV0b23Ds2R1bG8gYWxlYXTDs3Jpbw==,,T2J0dXZpc3RlIE3Ds2R1bG8gQXV0b23DoXRpY28u
daLcBw,,T2J0YWluIFBoeXNpY2FsIEF1dG8gVXBncmFkZSBEZXZpY2U=,,,,,T2J0ZXIgQXByaW1vcmFkb3IgRsOtc2ljbw==,,T2J0dXZpc3RlIGVsIGRpc3Bvc2l0aXZvIGRlIG1lam9yYSBhdXRvbcOhdGljYSBmw61zaWNhLg==
dqLcBw,,T2J0YWluIE1hZ2ljYWwgQXV0byBVcGdyYWRlIERldmljZQ==,,,,,T2J0ZXIgQXByaW1vcmFkb3IgTcOhZ2ljbw==,,T2J0dXZpc3RlIGVsIGRpc3Bvc2l0aXZvIGRlIG1lam9yYSBhdXRvbcOhdGljYSBtw6FnaWNhLg==
d6LcBw,,W1Vwc2lsb25dCllvdSBjYW4gb2J0YWluIF5GRjAwMDBBdXRvbW9kdWxlXjAwMDAwMCB3aXRoIF4wMDAwQ0Q5MCBWYXJtZWFsIFRpY2tldF4wMDAwMDAuCldlIHdpbGwgZXhjaGFuZ2UgaXQgZm9yIF5GRjAwMDAxIHJhbmRvbSBBdXRvbW9kdWxlIGV4Y2x1ZGluZyBFcGljIE1vZHVsZXNeMDAwMDAwLg==,,,,,W1Vwc2lsb25dClBvciBeMDAwMENEOTB4IFZhbGUgVmFybWlkYV4wMDAwMDAsIGxoZSBkYXJlaSAxeCBeRkYwMDAwQXV0b23Ds2R1bG8gYWxlYXTDs3Jpb14wMDAwMDAuClBvciBlc3RlIG3DqXRvZG8sIHZvY8OqIG7Do28gY29uc2VndWUgdW0gXkZGMDAwMEF1dG9tw7NkdWxvIEgtIChIYWJpbGlkYWRlKV4wMDAwMDAu,,W1Vwc2lsb25dClB1ZWRlIG9idGVuZXIgTcOzZHVsbyBBdXRvbcOhdGljbyBjb24gXjAwMDBDRDkwIFZhbGUgVmFybWlkYV4wMDAwMDAuClNlIGxvIGNhbWJpYXLDqSBwb3IgXkZGMDAwMDEgTcOzZHVsbyBBdXRvbcOhdGljbyBhbGVhdG9yaW8sIGV4Y2x1eWVuZG8gbG9zIG3Ds2R1bG9zIMOpcGljb3NeMDAwMDAwLg==
eKLcBw,,W1Vwc2lsb25dCl5GRjAwMDBQaHlzaWNhbCBBdXRvIFVwZ3JhZGUgRGV2aWNlIGFuZCBNYWdpY2FsIEF1dG8gVXBncmFkZSBEZXZpY2VeMDAwMDAwIGNhbiBiZSBleGNoYW5nZWQgd2l0aCBvbmUgb2YgdHdvIGN1cnJlbmNpZXMuCllvdSBjYW4gZXhjaGFuZ2UgXjAwMDBDRDQ1IFZhcm1lYWwgVGlja2V0LCBvciAxLDUwMCwwMDAgWmVueSBmb3IgMSByYW5kb20gaXRlbV4wMDAwMDAu,,,,,W1Vwc2lsb25dClBhcmEgb2J0ZXIgMXggXkZGMDAwMEFwcmltb3JhZG9yIEbDrXNpY28gb3UgTcOhZ2ljb14wMDAwMDAsIGjDoSBkdWFzIG9ww6fDtWVzOgpeMDAwMENENDV4IFZhbGUgVmFybWlkYV4wMDAwMDAgb3UgXjAwMDBDRDEuNTAwLjAwMCB6ZW55XjAwMDAwMC4=,,W1Vwc2lsb25dCkVsIF5GRjAwMDBkaXNwb3NpdGl2byBkZSBtZWpvcmEgYXV0b23DoXRpY2EgZsOtc2ljYSB5IGVsIGRpc3Bvc2l0aXZvIGRlIG1lam9yYSBhdXRvbcOhdGljYSBtw6FnaWNhXjAwMDAwMCBzZSBwdWVkZW4gY2FuamVhciBjb24gdW5hIGRlIGRvcyBtb25lZGFzLgpQdWVkZSBjYW5qZWFyIF4wMDAwQ0Q0NSBWYWxlIFZhcm1pZGEgbyAxLjUwMC4wMDAgemVueSBwb3IgXjAwMDAwMDEgYWxlYXRvcmlvXjAwMDAwMC4=
eaLcBw,,W1Vwc2lsb25dClRoZW4sIGJhdHRsZS1zcGVjaWFsaXplZCBjb21yYWRlcywgc2FmZWx5IGVuaGFuY2UgeW91ciBhYmlsaXRpZXMu,,,,,W1Vwc2lsb25dCsOJIHNlbXByZSB1bSBwcmF6ZXIgZmF6ZXIgbmVnw7NjaW9zIGNvbSB2b2PDqi4=,,W1Vwc2lsb25dCkVudG9uY2VzLCBjb21wYcOxZXJvcyBlc3BlY2lhbGl6YWRvcyBlbiBjb21iYXRlLCBtZWpvcmVuIHN1cyBoYWJpbGlkYWRlcyBhIHNhbHZvLg==
eqLcBw,,W1Vwc2lsb25dCldlIHdpbGwgZXhjaGFuZ2UgOTAgPElURU0+W1Zhcm1lYWwgVGlja2V0XTxJTkZPPjEwMDAxMDM8L0lORk8+PC9JVEVNPiBmb3IgXkZGMDAwMDEgcmFuZG9tIEF1dG9tb2R1bGUgZXhjbHVkaW5nIEVwaWMgTW9kdWxlc14wMDAwMDAu,,,,,W1Vwc2lsb25dClZvY8OqIHJlY2ViZXLDoSBeRkYwMDAwMXggQXV0b23Ds2R1bG8gYWxlYXTDs3JpbyAoZXhjZXRvIEgtKV4wMDAwMDAgYW8gY3VzdG8gZGUgOTB4IDxJVEVNPltWYWxlIFZhcm1pZGFdPElORk8+MTAwMDEwMzwvSU5GTz48L0lURU0+Lg==,,W1Vwc2lsb25dCkNhbWJpYXLDqSA5MCA8SVRFTT5bVmFsZSBWYXJtaWRhXTxJTkZPPjEwMDAxMDM8L0lORk8+PC9JVEVNPiBwb3IgXkZGMDAwMDEgTcOzZHVsbyBBdXRvbcOhdGljbyBhbGVhdG9yaW8sIGV4Y2x1eWVuZG8gbG9zIG3Ds2R1bG9zIMOpcGljb3NeMDAwMDAwLg==
e6LcBw,,RXhjaGFuZ2Uu,,,,,VHJvY2Fy,,Q2FuamVhci4=
fKLcBw,,RG8gbm90IGV4Y2hhbmdlLg==,,,,,TsOjbyB0cm9jYXI=,,Tm8gbG8gY2FtYmlvLg==
faLcBw,,W1Vwc2lsb25dCllvdSBkbyBub3QgaGF2ZSBlbm91Z2ggPElURU0+W1Zhcm1lYWwgVGlja2V0XTxJTkZPPjEwMDAxMDM8L0lORk8+PC9JVEVNPi4gUGxlYXNlIGNoZWNrIGFnYWluLg==,,,,,W1Vwc2lsb25dClBvciBmYXZvciwgdmVyaWZpcXVlIG5vdmFtZW50ZSBhIHF1YW50aWRhZGUgZGUgPElURU0+W1ZhbGUgVmFybWlkYV08SU5GTz4xMDAwMTAzPC9JTkZPPjwvSVRFTT4u,,W1Vwc2lsb25dCk5vIHRpZW5lIHN1ZmljaWVudGVzIDxJVEVNPltWYWxlIFZhcm1pZGFdPElORk8+MTAwMDEwMzwvSU5GTz48L0lURU0+LiBQb3IgZmF2b3IsIHZ1ZWx2YSBhIGNvbXByb2JhcmxvLg==
fqLcBw,,W1Vwc2lsb25dCldlIGhhdmUgZXhjaGFuZ2VkIGl0IGZvciBeRkYwMDAwMSByYW5kb20gQXV0b21vZHVsZSBleGNsdWRpbmcgRXBpYyBNb2R1bGVzXjAwMDAwMC4=,,,,,W1Vwc2lsb25dClRyb2NhIHJlYWxpemFkYSBjb20gc3VjZXNzby4gVm9jw6ogcmVjZWJldSAxIEF1dG9tw7NkdWxvIGFsZWF0w7NyaW8gKGV4Y2V0byBILSku,,W1Vwc2lsb25dClNlIGxvIGNhbWJpw6kgcG9yIDEgTcOzZHVsbyBBdXRvbcOhdGljbyBhbGVhdG9yaW8sIGV4Y2x1eWVuZG8gbG9zIG3Ds2R1bG9zIMOpcGljb3Mu
f6LcBw,,W1Vwc2lsb25dCkEgcHJvYmxlbSBoYXMgb2NjdXJyZWQuIFBsZWFzZSBjaGVjayBhZ2Fpbi4=,,,,,W1Vwc2lsb25dCk9jb3JyZXUgdW0gcHJvYmxlbWEuIFBvciBmYXZvciwgdmVyaWZpcXVlIG5vdmFtZW50ZS4=,,W1Vwc2lsb25dClNlIHByb2R1am8gdW4gcHJvYmxlbWEuIFBvciBmYXZvciwgdnVlbHZhIGEgY29tcHJvYmFybG8u
gKLcBw,,W1Vwc2lsb25dCllvdSBoYXZlIGNhbmNlbGVkLg==,,,,,W1Vwc2lsb25dCkNhbmNlbGFkby4=,,W1Vwc2lsb25dCkhhIGNhbmNlbGFkby4=
gaLcBw,,W1Vwc2lsb25dCldlIHdpbGwgZXhjaGFuZ2UgNDUgPElURU0+W1Zhcm1lYWwgVGlja2V0XTxJTkZPPjEwMDAxMDM8L0lORk8+PC9JVEVNPiBvciAxLDUwMCwwMDAgWmVueSBmb3IgXkZGMDAwMDEgcmFuZG9tIFBoeXNpY2FsIEF1dG8gVXBncmFkZSBEZXZpY2VeMDAwMDAwLg==,,,,,W1Vwc2lsb25dClZvY8OqIHJlY2ViZXLDoSBeRkYwMDAwMXggQXByaW1vcmFkb3IgRsOtc2ljbyBhbGVhdMOzcmlvXjAwMDAwMCBhbyBjdXN0byBkZSAxLjUwMC4wMDAgemVueSBvdSA0NXggPElURU0+W1ZhbGUgVmFybWlkYV08SU5GTz4xMDAwMTAzPC9JTkZPPjwvSVRFTT4=,,W1Vwc2lsb25dCkNhbWJpYXLDqSA0NSA8SVRFTT5bVmFsZSBWYXJtaWRhXTxJTkZPPjEwMDAxMDM8L0lORk8+PC9JVEVNPiBvIDEuNTAwLjAwMCB6ZW55IHBvciBeRkYwMDAwMSBkaXNwb3NpdGl2byBkZSBtZWpvcmEgYXV0b23DoXRpY2EgZsOtc2ljYSBhbGVhdG9yaW9eMDAwMDAwLg==
gqLcBw,,RXhjaGFuZ2Ugd2l0aCBWYXJtZWFsIFRpY2tldC4=,,,,,VHJvY2FyIHBvciBWYWxlIFZhcm1pZGE=,,Q2FuamVhciBwb3IgVmFsZSBWYXJtaWRhLg==
g6LcBw,,RXhjaGFuZ2Ugd2l0aCAxLDUwMCwwMDAgWmVueS4=,,,,,VHJvY2FyIHBvciAxLjUwMC4wMDAgemVueQ==,,Q2FuamVhciBwb3IgMS41MDAuMDAwIHplbnku
hKLcBw,,W1Vwc2lsb25dCllvdSBkbyBub3QgaGF2ZSBlbm91Z2ggWmVueS4gUGxlYXNlIGNoZWNrIGFnYWluLg==,,,,,W1Vwc2lsb25dClZvY8OqIG7Do28gdGVtIHplbnkgc3VmaWNpZW50ZS4gUG9yIGZhdm9yLCB2ZXJpZmlxdWUgbm92YW1lbnRlLg==,,W1Vwc2lsb25dCk5vIHRpZW5lIHN1ZmljaWVudGUgemVueS4gUG9yIGZhdm9yLCB2dWVsdmEgYSBjb21wcm9iYXJsby4=
haLcBw,,W1Vwc2lsb25dCldlIGhhdmUgZXhjaGFuZ2VkIGl0IGZvciAxIHJhbmRvbSBQaHlzaWNhbCBBdXRvIFVwZ3JhZGUgRGV2aWNlLg==,,,,,W1Vwc2lsb25dClRyb2NhIHJlYWxpemFkYSBjb20gc3VjZXNzby4gVm9jw6ogcmVjZWJldSAxIEFwcmltb3JhZG9yIEbDrXNpY28gYWxlYXTDs3Jpby4=,,W1Vwc2lsb25dClNlIGxvIGNhbWJpw6kgcG9yIDEgZGlzcG9zaXRpdm8gZGUgbWVqb3JhIGF1dG9tw6F0aWNhIGbDrXNpY2EgYWxlYXRvcmlvLg==
hqLcBw,,W1Vwc2lsb25dCldlIHdpbGwgZXhjaGFuZ2UgNDUgPElURU0+W1Zhcm1lYWwgVGlja2V0XTxJTkZPPjEwMDAxMDM8L0lORk8+PC9JVEVNPiBvciAxLDUwMCwwMDAgWmVueSBmb3IgXkZGMDAwMDEgcmFuZG9tIE1hZ2ljYWwgQXV0byBVcGdyYWRlIERldmljZV4wMDAwMDAu,,,,,W1Vwc2lsb25dClZvY8OqIHJlY2ViZXLDoSBeRkYwMDAwMXggQXByaW1vcmFkb3IgTcOhZ2ljbyBhbGVhdMOzcmlvXjAwMDAwMCBhbyBjdXN0byBkZSAxLjUwMC4wMDAgemVueSBvdSA0NXggPElURU0+W1ZhbGUgVmFybWlkYV08SU5GTz4xMDAwMTAzPC9JTkZPPjwvSVRFTT4=,,W1Vwc2lsb25dCkNhbWJpYXLDqSA0NSA8SVRFTT5bVmFsZSBWYXJtaWRhXTxJTkZPPjEwMDAxMDM8L0lORk8+PC9JVEVNPiBvIDEuNTAwLjAwMCB6ZW55IHBvciBeRkYwMDAwMSBkaXNwb3NpdGl2byBkZSBtZWpvcmEgYXV0b23DoXRpY2EgbcOhZ2ljYSBhbGVhdG9yaW9eMDAwMDAwLg==
h6LcBw,,W1Vwc2lsb25dCldlIGhhdmUgZXhjaGFuZ2VkIGl0IGZvciAxIHJhbmRvbSBNYWdpY2FsIEF1dG8gVXBncmFkZSBEZXZpY2Uu,,,,,W1Vwc2lsb25dClRyb2NhIHJlYWxpemFkYSBjb20gc3VjZXNzby4gVm9jw6ogcmVjZWJldSAxIEFwcmltb3JhZG9yIE3DoWdpY28gYWxlYXTDs3Jpby4=,,W1Vwc2lsb25dClNlIGxvIGNhbWJpw6kgcG9yIDEgZGlzcG9zaXRpdm8gZGUgbWVqb3JhIGF1dG9tw6F0aWNhIG3DoWdpY2EgYWxlYXRvcmlvLg==
iKLcBw,,Q3ViZXJhaW4=,,,,,Q2h1dnVibw==,,TGx1dnVibw==
iaLcBw,,W0N1YmVyYWluXQpXZSBzZWxsIGFuIEVuY2hhbnQgQ3ViZSB0aGF0IGluc3RhbnRseSB1cGdyYWRlcyBJbGx1c2lvbiBBcm1vciBhbmQgQXV0b21hdHJvbiBBcm1vciBvZiBeMDAwMENEUmVmaW5lICs0XjAwMDAwMCBvciBoaWdoZXIgdG8gXkZGMDAwMFJlZmluZSArN14wMDAwMDAuClRoZSB0ZWNobm9sb2d5IG9mIHRoZSBWYXJtdW50IE1hbnNpb24gaXMgdGhlIGJlc3QgaW4gdGhlIHdvcmxkIQ==,,,,,W0NodXZ1Ym9dCkZvcm5lw6dvIEN1Ym9zIHBhcmEgcmVmaW5hciB1bSBlcXVpcGFtZW50byBeRkYwMDAwSWx1c2nDs25eMDAwMDAwIG91IF5GRjAwMDBBdXRvbWF0cm9uXjAwMDAwMCBkaXJldG8gcGFyYSBvIF4wMDAwQ0QrN14wMDAwMDAhCkEgdGVjbm9sb2dpYSBkYSBtYW5zw6NvIFZhcm11bnQgw6kgYSBtZWxob3IgZG8gbXVuZG8h,,W0xsdXZ1Ym9dClZlbmRlbW9zIGN1Ym9zIGRlIHJlZmluYW1pZW50byBxdWUgcmVmdWVyemFuIGFsIGluc3RhbnRlIGEgXkZGMDAwMDcgZGUgcmVmaW5hbWllbnRvXjAwMDAwMCBsYXMgYXJtYWR1cmFzIElsbHVzaW9uIHkgbGFzIGFybWFkdXJhcyBhdXRvbcOhdGljYXMgY29uIF4wMDAwQ0Q0IGRlIHJlZmluYW1pZW50b14wMDAwMDAgbyBtw6FzLgrCoUxhIHRlY25vbG9nw61hIGRlIGxhIG1hbnNpw7NuIFZhcm11bnQgZXMgbGEgbWVqb3IgZGVsIG11bmRvIQ==
