oIxNCA,,QmFwaG9tZXQgOiBIdW1hbnMuLi4gIGludGVyZmVyaW5nIGFnYWluLi4u,,,,,R3JpdG8gZGUgQmFmb23DqTogSHVtYW5vcy4uLiBWw6NvIG1lIGF0cmFwYWxoYXIgZGUgbm92by4uLg==,,QmFwaG9tZXQ6IEh1bWFub3MuLi4gaW50ZXJmaXJpZW5kbyBkZSBudWV2by4uLg==
oYxNCA,,QXBvc3RsZSBvZiBCYXBob21ldCA6IEh1bWFucyEgSHVtYW5zIGhhdmUgaW52YWRlZCBvdXIgc2FuY3R1bSE=,,,,,QXDDs3N0b2xvIGRlIEJhZm9tw6k6IEh1bWFub3MhIEh1bWFub3MgaW52YWRpcmFtIG5vc3NvIHNhbnR1w6FyaW8gcGFyYSBub3MgZGV0ZXIh,,QXDDs3N0b2wgZGUgQmFwaG9tZXQ6IMKhSHVtYW5vcyEgwqFMb3MgaHVtYW5vcyBpbnZhZGllcm9uIG51ZXN0cm8gc2FudHVhcmlvIQ==
ooxNCA,,QXBvc3RsZSBvZiBCYXBob21ldCA6IEtpbGwgdGhlIGh1bWFucyEgRG8gbm90IHN0b3AgdGhlIHJldml2YWwgb2Ygb3VyIE1hc3RlciE=,,,,,QXDDs3N0b2xvIGRlIEJhZm9tw6k6IE1hdGVtIG9zIGh1bWFub3MhIE7Do28gZGVpeGVtIHF1ZSBwYXJlbSBvIHJlbmFzY2ltZW50byBkbyBub3NzbyBtZXN0cmUh,,QXDDs3N0b2wgZGUgQmFwaG9tZXQ6IMKhSGF5IHF1ZSBtYXRhciBhIGxvcyBodW1hbm9zISDCoU5vIGRldGVuZ2FuIGxhIHJlc3VycmVjY2nDs24gZGUgbnVlc3RybyBNYWVzdHJvIQ==
o4xNCA,,QXBvc3RsZSBvZiBCYXBob21ldCA6IEh1cnJ5IHVwIHJlbGVhc2UgdGhlIHNlYWxzIG9mIHRoZSBhbHRhcnMhIE91ciBNYXN0ZXIncyByZXR1cm4gaXMgdXBvbiB1cy4=,,,,,QXDDs3N0b2xvIGRlIEJhZm9tw6k6IERlcHJlc3NhLCBkZXNmYcOnYW0gb3Mgc2Vsb3MhIE5vc3NvIG1lc3RyZSB2b2x0YXLDoSBsb2dvLg==,,QXDDs3N0b2wgZGUgQmFwaG9tZXQ6IMKhUsOhcGlkbywgaGF5IHF1ZSBsaWJlcmFyIGxvcyBzZWxsb3MgZGUgbG9zIGFsdGFyZXMhIEVsIHJlZ3Jlc28gZGUgbnVlc3RybyBNYWVzdHJvIGVzdMOhIGNlcmNhLg==
pIxNCA,,QXBvc3RsZSBvZiBCYXBob21ldCA6IEtpbGwgdGhlIGh1bWFucyEgRG9uJ3QgbGV0IHRoZW0gaW50ZXJydXB0IHRoZSByZXZpdmFsIG9mIG91ciBNYXN0ZXIh,,,,,QXDDs3N0b2xvIGRlIEJhZm9tw6k6IE1hdGVtIG9zIGh1bWFub3MhIE7Do28gZGVpeGVtIHF1ZSBpbnRlcnJvbXBhbSBvIHJlbmFzY2ltZW50byBkbyBub3NzbyBtZXN0cmUh,,QXDDs3N0b2wgZGUgQmFwaG9tZXQ6IMKhSGF5IHF1ZSBtYXRhciBhIGxvcyBodW1hbm9zISDCoU5vIGhheSBxdWUgZGVqYXIgcXVlIGludGVycnVtcGFuIGxhIHJlc3VycmVjY2nDs24gZGUgbnVlc3RybyBNYWVzdHJvIQ==
pYxNCA,,TWFnaWNhbCBGb3JtYXRpb24=,,,,,Rm9ybWHDp8OjbyBNw6FnaWNh,,Rm9ybWFjacOzbiBtw6FnaWNh
poxNCA,,VGhlIE1haW4gQWx0YXIncyBzZWFsIGhhcyBiZWVuIGFjdGl2YXRlZC4=,,,,,TyBzZWxvIGZvaSBhdGl2YWRvIGNvbG9jYW5kby1zZSBwb2RlciBtw6FnaWNvIG5vIGFsdGFyLg==,,U2UgYWN0aXbDsyBlbCBzZWxsbyBkZWwgQWx0YXIgUHJpbmNpcGFsLg==
p4xNCA,,VGhlIHBvd2VyIG9mIHRoZSBhbHRhciBoYXMgcmV0dXJuZWQuIEJhcGhvbWV0IHdpbGwgYmUgaW52dWxuZXJhYmxlIGlmIGhlIHdhcyBuZWFyIHRoZSBzZWFsLg==,,,,,w4kgcG9zc8OtdmVsIHNlbnRpciBvIHBvZGVyIGRvIGFsdGFyIHZvbHRhbmRvLCBncmHDp2FzIGFvIHBvZGVyIG3DoWdpY28gaW5zZXJpZG8u,,Vm9sdmnDsyBlbCBwb2RlciBkZWwgYWx0YXIuIEJhcGhvbWV0IHNlcsOhIGluZGVzdHJ1Y3RpYmxlIHNpIGVzdMOhIGNlcmNhIGRlbCBzZWxsby4=
qIxNCA,,WW91IGNhbid0IGFjdGl2YXRlIGFub3RoZXIgc2VhbCB1bnRpbCA1IG1pbnV0ZXMgaGF2ZSBwYXNzZWQu,,,,,TWFzIHZvY8OqIG7Do28gcG9kZXLDoSB1c2FyIHNldXMgcG9kZXJlcyBkdXJhbnRlIDUgbWludXRvcywgcG9pcyBnYXN0b3Ugc2V1IFNQIG5vIGFsdGFyLg==,,Tm8gcHVlZGVzIGFjdGl2YXIgb3RybyBzZWxsbyBoYXN0YSBxdWUgaGF5YW4gcGFzYWRvIDUgbWludXRvcy4=
qYxNCA,,WW91ciBTUCBoYXMgbm90IHlldCByZWNvdmVyZWQgZnJvbSBhY3RpdmF0aW5nIGFub3RoZXIgc2VhbC4=,,,,,U2V1IFNQIGFpbmRhIG7Do28gc2UgcmVjdXBlcm91LiBWb2PDqiBwZXJkZXUgc2V1IFNQIG5vIGFsdGFyLCBtYXMgcGFyZWNlIHF1ZSBvIHBvZGVyIGRvIHNlbG8gYWluZGEgbsOjbyB2b2x0b3Uu,,VHUgU1AgYcO6biBubyBzZSByZWN1cGVyw7MgZGUgbGEgYWN0aXZhY2nDs24gZGUgb3RybyBzZWxsby4=
qoxNCA,,SSBzZW5zZSB0aGF0IHRoZSBwb3dlciBvZiB0aGUgYWx0YXIgaGFzIHJldHVybmVkLg==,,,,,U2ludG8gcXVlIG8gcG9kZXIgZG8gYWx0YXIgcmV0b3Jub3Uu,,U2llbnRvIHF1ZSByZWdyZXPDsyBlbCBwb2RlciBkZWwgYWx0YXIu
q4xNCA,,VW5zZWFsZWQgQmFwaG9tZXQ=,,,,,QmFmb23DqSBTZWxhZG8j,,QmFwaG9tZXQgU2VsbGFkby4=
rIxNCA,,VGhlIE5vcnRoZWFzdCBzZWFsIGhhcyBiZWVuIGFjdGl2YXRlZC4=,,,,,TyBzZWxvIGEgTm9yZGVzdGUgZm9pIGF0aXZhZG8u,,U2UgYWN0aXbDsyBlbCBzZWxsbyBkZWwgbm9yZXN0ZS4=
rYxNCA,,VGhlIFNvdXRoZWFzdCBzZWFsIGhhcyBiZWVuIGFjdGl2YXRlZC4=,,,,,TyBzZWxvIGEgU3VkZXN0ZSBmb2kgYXRpdmFkby4=,,U2UgYWN0aXbDsyBlbCBzZWxsbyBkZWwgc3VyZXN0ZS4=
roxNCA,,VGhlIFNvdXRod2VzdCBzZWFsIGhhcyBiZWVuIGFjdGl2YXRlZC4=,,,,,TyBzZWxvIGEgU3Vkb2VzdGUgZm9pIGF0aXZhZG8u,,U2UgYWN0aXbDsyBlbCBzZWxsbyBkZWwgc3Vyb2VzdGUu
r4xNCA,,SSBzZW5zZSB0aGF0IHRoZSBwb3dlciBvZiB0aGUgYWx0YXIgaGFzIHJldHVybmVkLi4=,,,,,U2ludG8gcXVlIG8gcG9kZXIgZG8gYWx0YXIgcmV0b3Jub3Uu,,U2llbnRvIHF1ZSBlbCBwb2RlciBkZWwgYWx0YXIgcmVncmVzw7MuLi4=
sIxNCA,,VGhlIE5vcnRod2VzdCBzZWFsIGhhcyBiZWVuIGFjdGl2YXRlZC4=,,,,,TyBzZWxvIGEgTm9yb2VzdGUgZm9pIGF0aXZhZG8u,,U2UgYWN0aXbDsyBlbCBzZWxsbyBkZWwgbm9yb2VzdGUu
sYxNCA,,VGhlIE1haW4gQWx0YXIj,,,,,QWx0YXIgUHJpbmNpcGFsIw==,,RWwgQWx0YXIgUHJpbmNpcGFsIw==
soxNCA,,QW4gZXZpbCBwb3dlciwgdG9vIHRlcnJpYmxlIHRvIGRlc2NyaWJlLCBsaWVzIHVuZGVyIHRoZSBncmVhdCBhbHRhciByYWRpYXRpbmcgYSB2aW9sZXQgY29sb3Iu,,,,,VW0gZ3JhbmRlIHBvZGVyIGRlbW9uw61hY28sIHBvZGVyb3NvIGRlbWFpcyBwYXJhIGRlc2NyZXZlciwgZXN0w6Egc29iIG8gZ3JhbmRlIGFsdGFyIHF1ZSBpcnJhZGlhIGEgY29yIHZpb2xldGEu,,VW4gcG9kZXIgbWFsaWdubywgZGVtYXNpYWRvIHRlcnJpYmxlIHBhcmEgZGVzY3JpYmlybG8sIHlhY2UgYmFqbyBlbCBncmFuIGFsdGFyIGUgaXJyYWRpYSB1biBjb2xvciB2aW9sZXRhLg==
s4xNCA,,Q29tcGxpY2F0ZWQgTWFnaWNhbCBSdW5lIGxldHRlcnMgYmxpbmsgcmFwaWRseSwgYXR0ZW1wdGluZyB0byBzdXBwcmVzcyB0aGUgZHJlYWRmdWwgcG93ZXIgd2l0aGluLg==,,,,,UnVuYXMgY29tcGxpY2FkYXMgcGlzY2FtIG11aXRvIHJhcGlkYW1lbnRlLCB0ZW50YW5kbyBjb250cm9sYXIgbyB0ZXJyw612ZWwgcG9kZXIsIG1hcyBwYXJlY2VtIGZyYWNhcy4=,,TGFzIGNvbXBsaWNhZGFzIGxldHJhcyBkZSBsYXMgUnVuYXMgTcOhZ2ljYXMgcGFycGFkZWFuIHLDoXBpZGFtZW50ZSwgdHJhdGFuZG8gZGUgcmVwcmltaXIgZWwgdGVycmlibGUgcG9kZXIgZW4gc3UgaW50ZXJpb3Iu
tIxNCA,,VGhlIGJvdHRvbSBvZiB0aGUgTWFpbiBBbHRhciB0cmVtYmxlcyBmdXJpb3VzbHku,,,,,U29iIG8gYWx0YXIgcHJpbmNpcGFsLCB1bWEgZXhwbG9zaXZhIGUgZGVtb27DrWFjYSBlbmVyZ2lhIHRyZW1lIGZ1cmlvc2FtZW50ZS4=,,TGEgcGFydGUgaW5mZXJpb3IgZGVsIEFsdGFyIFByaW5jaXBhbCB0aWVtYmxhIGZ1cmlvc2FtZW50ZS4=
tYxNCA,,W3swfV0KV2F0Y2ggb3V0ISBTb21ldGhpbmcuLi4gU29tZXRoaW5nIGlzIGNvbWluZy4=,,,,,W3swfV0KQ3VpZGFkbyEgVGVtIHVtYSBjb2lzYS4uLiBUZW0gYWxndW1hIGNvaXNhIHZpbmRvLg==,,W3swfV0KwqFDdWlkYWRvISBBbGdvLi4uIEFsZ28gc2UgYWNlcmNhLg==
toxNCA,,U291bCBvZiBBbmNpZW50IEhlcm8=,,,,,QWxtYSBkbyBIZXLDs2k=,,QWxtYSBkZSBIw6lyb2UgQW50aWd1bw==
t4xNCA,,W1NvdWwgb2YgQW5jaWVudCBIZXJvXQpHb29kIGpvYiwgbXkgZGVzY2VuZGFudHMuLi4gWW91J3ZlIHNhdGlzZmllZCBvdXIgbG9uZy1jaGVyaXNoZWQgZGVzaXJlIHRoYXQgbXkgY29tcGFuaW9ucyBhbmQgSSBjb3VsZCBub3QgYWNjb21wbGlzaC4=,,,,,W0FsbWEgZG8gSGVyw7NpXQpCb20gdHJhYmFsaG8sIG1ldXMgc3VjZXNzb3Jlcy4uLiBWb2PDqnMgY3VtcHJpcmFtIG8gYW50aWdvIGRlc2VqbyBxdWUgbsOjbyBkZWl4YXZhIHF1ZSBtZXVzIGNvbXBhbmhlaXJvcyBlIGV1IG7Do28gY29uc2VndWltb3Mu,,W0FsbWEgZGUgYW50aWd1byBow6lyb2VdCkJ1ZW4gdHJhYmFqbywgbWlzIGRlc2NlbmRpZW50ZXMuLi4gTG9ncmFyb24gc2F0aXNmYWNlciBlbCB0YW4gYW5zaWFkbyBkZXNlbyBxdWUgbWlzIGNvbXBhw7Flcm9zIHkgeW8gbm8gcHVkaW1vcyBjdW1wbGlyLg==
uIxNCA,,W1NvdWwgb2YgQW5jaWVudCBIZXJvXQpJIHJlYWxseSBhcHByZWNpYXRlIHlvdXIgaGVscC4KT3VyIHNvdWxzIGNhbiBmaW5hbGx5IHJlc3QgaW4gcGVhY2Uu,,,,,W0FsbWEgZG8gSGVyw7NpXQpBZ3JhZGXDp28gbXVpdG8gcG9yIHN1YSBhanVkYS4KTm9zc2FzIGFsbWFzIGZpbmFsbWVudGUgcG9kZW0gZGVzY2Fuc2FyIGVtIHBhei4=,,W0FsbWEgZGUgYW50aWd1byBow6lyb2VdCk11Y2hhcyBncmFjaWFzIHBvciBsYSBheXVkYS4KUG9yIGZpbiBudWVzdHJhcyBhbG1hcyBwdWVkZW4gZGVzY2Fuc2FyIGVuIHBhei4=
uYxNCA,,W1NvdWwgb2YgQW5jaWVudCBIZXJvXQpUaGUgc3RydWdnbGUgZm9yIHBlYWNlIG9uIHRoaXMgd29ybGQgd2lsbCBuZXZlciBlbmQuIEJ1dC4uLiBteSByb2xlIGhlcmUgaXMgZmluYWxseSBvdmVyIGJlY2F1c2UgdGhlcmUgYXJlIGJyYXZlIGhlcm9lcyBsaWtlIHlvdS4uLg==,,,,,W0FsbWEgZG8gSGVyw7NpXQpObyBlbnRhbnRvLi4uIEVzdGUgbsOjbyDDqSBvIGZpbSBkYSBiYXRhbGhhLiBNYXMgYWNobyBxdWUgbWluaGEgbWlzc8OjbyBlc3TDoSBjdW1wcmlkYSwgZW5xdWFudG8gaG91dmVyIGhlcsOzaXMgdmFsZW50ZXMgY29tbyB2b2PDqnMuLi4=,,W0FsbWEgZGUgYW50aWd1byBow6lyb2VdCkxhIGx1Y2hhIHBvciBsYSBwYXogZW4gZXN0ZSBtdW5kbyBudW5jYSB0ZXJtaW5hcsOhLiBQZXJvLi4uIHBvciBmaW4gbWkgcm9sIGFxdcOtIHRlcm1pbsOzLCBncmFjaWFzIGEgbG9zIHZhbGllbnRlcyBow6lyb2VzIGNvbW8gdMO6Li4u
uoxNCA,,TGV0IG1lIGxlYXZlIHRoZSBtb25hc3Rlcnku,,,,,RGVpeGUtbm9zIHNhaXIgZG8gbW9uYXN0w6lyaW8u,,RMOpamFtZSBzYWxpciBkZWwgbW9uYXN0ZXJpby4=
u4xNCA,,U3RvcCB0YWxraW5nLg==,,,,,UGFyZSBkZSBmYWxhci4=,,RGVqYSBkZSBoYWJsYXIu
vIxNCA,,W1NvdWwgb2YgQW5jaWVudCBIZXJvXQpPa2F5LiBJJ2xsIGxldCB5b3UgYW5kIHlvdXIgY29tcGFueSBsZWF2ZSBoZXJlIHNhZmVseS4=,,,,,W0FsbWEgZG8gSGVyw7NpXQpDZXJ0by4gVm91IGRlaXhhciB2b2PDqnMgc2HDrXJlbSBkYXF1aSBhIHNhbHZvLg==,,W0FsbWEgZGUgYW50aWd1byBow6lyb2VdCkJ1ZW5vLiBEZWphcsOpIHF1ZSB0w7ogeSB0dSBjb21wYcOxw61hIHNlIHZheWFuIGRlIGFxdcOtIHNhbm9zIHkgc2Fsdm9zLg==
vYxNCA,,W1NvdWwgb2YgQW5jaWVudCBIZXJvXQpJZiB5b3UgbGVhdmUsIHBsZWFzZSBzYXkgaGVsbG8gdG8gUGF0cmljayBmb3IgbWUu,,,,,W0FsbWEgZG8gSGVyw7NpXQpRdWFuZG8gc2HDrXJlbSwgZGlnYW0gb2zDoSBhIFBhdHJpY2suIE1ldXMgc3VjZXNzb3Jlcy4uLiBTaWdhbSBzZXUgY2FtaW5obyBlbSBwYXou,,W0FsbWEgZGUgYW50aWd1byBow6lyb2VdClNpIHRlIHZhcywgc2FsdWRhIGEgUGF0cmljayBkZSBtaSBwYXJ0ZS4=
voxNCA,,W1NvdWwgb2YgQW5jaWVudCBIZXJvXQpEbyB5b3Ugc3RpbGwgaGF2ZSBzb21ldGhpbmcgdG8gZG8gaGVyZT8gSWYgeW91J3JlIGRvbmUgSSdsbCBsZXQgeW91IGxlYXZlIGhlcmUgc2FmZWx5Li4u,,,,,W0FsbWEgZG8gSGVyw7NpXQpBaW5kYSB0w6ptIGFsZ28gYSBmYXplciBhcXVpPz8gU2UgdGl2ZXJlbSB0ZXJtaW5hZG8sIGRlaXhlLW1lIGxldsOhLWxvcyBlbSBzZWd1cmFuw6dhLi4u,,W0FsbWEgZGUgYW50aWd1byBow6lyb2VdCsK/VG9kYXbDrWEgdGllbmVzIGFsZ28gcXVlIGhhY2VyIGFxdcOtPyBTaSB0ZXJtaW5hc3RlLCB0ZSBkZWphcsOpIHNhbGlyIGRlIGFxdcOtIHNhbm8geSBzYWx2by4uLg==
v4xNCA,,U291bCBvZiBBbmNpZW50IEhlcm8gOiBNeSBHb2QhIFRoZSBzZWFsIG9mIHRoZSBNYWluIEFsdGFyIGlzIHdlYWtlbmluZy4=,,,,,QWxtYSBkbyBBbnRpZ28gSGVyw7NpOiBNZXUgRGV1cyEgTyBwb2RlciBkbyBhbHRhciBwcmluY2lwYWwgZXN0w6EgZW5mcmFxdWVjZW5kby4gU2UgaXNzbyBjb250aW51YXIsIGEgcmVzc3VycmVpw6fDo28gZGUgQmFmb23DqSBzZXLDoSBhcGVuYXMgcXVlc3TDo28gZGUgdGVtcG8u,,QWxtYSBkZSBhbnRpZ3VvIGjDqXJvZTogwqFEaW9zIG3DrW8hIEVsIHNlbGxvIGRlbCBBbHRhciBQcmluY2lwYWwgc2UgZXN0w6EgZGViaWxpdGFuZG8u
wIxNCA,,U291bCBvZiBBbmNpZW50IEhlcm8gOiBNeSBkZXNjZW5kYW50cy4uLiBMaXN0ZW4gY2FyZWZ1bGx5IHRvIHdoYXQgSSdtIGdvaW5nIHRvIHNheS4=,,,,,QWxtYSBkbyBBbnRpZ28gSGVyw7NpOiBNZXVzIHN1Y2Vzc29yZXMuLi4gRXNjdXRlbSBhdGVuY2lvc2FtZW50ZSBvIHF1ZSBpcmVpIGRpemVyLg==,,QWxtYSBkZSBhbnRpZ3VvIGjDqXJvZTogTWlzIGRlc2NlbmRpZW50ZXMuLi4gRXNjdWNoYSBhdGVudGFtZW50ZSBsbyBxdWUgdm95IGEgZGVjaXIu
wYxNCA,,U291bCBvZiBBbmNpZW50IEhlcm8gOiAgVGhlIGFsdGFycywgdGhhdCBjb250cm9sIHRoZSBNYWluIEFsdGFyJ3MgcG93ZXIsIGFyZSBsb2NhdGVkIGluIHRoZSBOb3J0aGVhc3QsIFNvdXRoZWFzdCwgU291dGh3ZXN0IGFuZCBOb3J0aHdlc3QgY29ybmVycyBvZiB0aGlzIHJvb20u,,,,,QWxtYSBkbyBBbnRpZ28gSGVyw7NpOiBOYXMgZGlyZcOnw7VlcyBkZSAyLCA0LCA4IGUgMTAgaG9yYXMsIGUgbm8gY2VudHJvIGRpcmVpdG8gZGVzdGUgbHVnYXIsIGVzdMOjbyBvcyBhbHRhcmVzIHF1ZSBzdXN0ZW50YW0gbyBwb2RlciBkZSBjb250ZW7Dp8OjbyBkbyBhbHRhciBwcmluY2lwYWwu,,QWxtYSBkZSBhbnRpZ3VvIGjDqXJvZTogIExvcyBhbHRhcmVzIHF1ZSBjb250cm9sYW4gZWwgcG9kZXIgZGVsIEFsdGFyIFByaW5jaXBhbCBlc3TDoW4gZW4gbGFzIGVzcXVpbmFzIG5vcmVzdGUsIHN1cmVzdGUsIHN1cm9lc3RlIHkgbm9yb2VzdGUgZGUgZXN0YSBzYWxhLg==
woxNCA,,U291bCBvZiBBbmNpZW50IEhlcm8gOiAgRmluZCB0aGVzZSBhbHRhcnMgYW5kIGx1cmUgdGhlIFVuc2VhbGVkIEJhcGhvbWV0IHRvIHRoZW0gYmVmb3JlIGFjdGl2YXRpbmcgdGhlbSB0byBtYWtlIGhpbSB2dWxuZXJhYmxlLg==,,,,,QWxtYSBkbyBBbnRpZ28gSGVyw7NpOiBFbmNvbnRyZSBlc3RlcyBhbHRhcmVzIGUgYXRyYWlhIG8gQmFmb23DqSBTZWxhZG8gcGFyYSBlbGVzIGFudGVzIGRlIGF0aXbDoS1sb3MgcGFyYSB0b3Juw6EtbG8gdnVsbmVyw6F2ZWwgbm92YW1lbnRlLg==,,QWxtYSBkZSBhbnRpZ3VvIGjDqXJvZTogIEVuY3VlbnRyYSBlc3RvcyBhbHRhcmVzIHkgYXRyYWUgYWwgQmFwaG9tZXQgU2VsbGFkbyBoYWNpYSBlbGxvcyBhbnRlcyBkZSBhY3RpdmFybG9zIHBhcmEgaGFjZXJsbyB2dWxuZXJhYmxlLg==
w4xNCA,,QmFwaG9tZXQgOiBJdCdzIHRvbyBsYXRlLCB3ZWFrbGluZ3MuLi4gTm93LCB5b3UnbGwgZmVlbCB0aGUgZGVzcGFpciBvZiBkZWF0aC4=,,,,,R3JpdG8gZGUgQmFmb23DqTogw4kgdGFyZGUgZGVtYWlzLCBjcmlhbsOnYXMuLi4gQWdvcmEsIHRvZG9zIHZvY8OqcyBzZW50aXLDo28gbyBkZXNlc3Blcm8gZGEgbW9ydGUu,,QmFwaG9tZXQ6IEVzIGRlbWFzaWFkbyB0YXJkZSwgZGViaWx1Y2hvcy4uLiBBaG9yYSwgc2VudGlyw6FzIGxhIGRlc2VzcGVyYWNpw7NuIGRlIGxhIG11ZXJ0ZS4=
xIxNCA,,QmFwaG9tZXQgOiBObyBvbmUgY2FuIGhhcm0gbWUgaGVyZS4gWW91IHdpbGwgYmUgbXkgZmlyc3Qgc2FjcmlmaWNlLg==,,,,,R3JpdG8gZGUgQmFmb23DqTogQXF1aSBuZXN0ZSBsdWdhciwgdm9jw6pzIHNlcXVlciBwb2RlbSBtZSBhcnJhbmhhci4gUXVlIHNlamFtIG1ldSBwcmltZWlybyBzYWNyaWbDrWNpby4=,,QmFwaG9tZXQ6IE5hZGllIHB1ZWRlIGhhY2VybWUgZGHDsW8gYXF1w60uIFNlcsOhcyBtaSBwcmltZXIgc2FjcmlmaWNpby4=
xYxNCA,,VW5zZWFsZWQgQmFwaG9tZXQ=,,,,,QmFmb23DqSBTZWxhZG8=,,QmFwaG9tZXQgU2VsbGFkbw==
xoxNCA,,QmFwaG9tZXQgOiBObyEgTm9ub25vISBZb3Ugd29ydGhsZXNzIGluc2VjdHMuLi4uIE5vb29vby4uLg==,,,,,R3JpdG8gZGUgQmFmb23DqTogTsOjbyEgTsOjbywgbsOjbyEgTsOjbyB2b3UgYWNlaXRhciBpc3NvIGRlIG5vdm8sIG7Do28gZGVzc2VzIGluc2V0b3MuLi4gTsOjby4u,,QmFwaG9tZXQ6IMKhTm8hIMKhTm8sIG5vLCBubyEgVXN0ZWRlcywgaW5zZWN0b3MgaW7DunRpbGVzLi4uIE5vb29vby4uLg==
x4xNCA,,U291bCBvZiBBbmNpZW50IEhlcm8gOiBEb24ndCBiZSBkaXNjb3VyYWdlZCwgQmFwaG9tZXQgY2FuIHN0aWxsIGJlIGRlZmVhdGVkLg==,,,,,QWxtYSBkbyBBbnRpZ28gSGVyw7NpOiBOw6NvIHNlIGRlc2VzcGVyZSwgbyBCYWZvbcOpIGFpbmRhIHBvZGUgc2VyIGRlcnJvdGFkby4=,,QWxtYSBkZSBhbnRpZ3VvIGjDqXJvZTogTm8gdGUgZGVzYW5pbWVzLCBCYXBob21ldCBhw7puIHB1ZWRlIHNlciBkZXJyb3RhZG8u
yIxNCA,,U291bCBvZiBBbmNpZW50IEhlcm8gOiBHbyB0byB0aGUgYWx0YXJzIGFuZCBhY3RpdmF0ZSB0aGVpciBzZWFscy4=,,,,,QWxtYSBkbyBBbnRpZ28gSGVyw7NpOiBBZ29yYSwgdm91IGRpemVyIGEgdm9jw6pzIGNvbW8gaW5zZXJpciBwb2RlciBtw6FnaWNvIG5vcyBhbHRhcmVzLiBWw6NvIGF0w6kgb3MgYWx0YXJlcyBlIGNvbG9xdWVtIHNldSBwb2RlciBtw6FnaWNvIG5lbGVzLg==,,QWxtYSBkZSBhbnRpZ3VvIGjDqXJvZTogVmUgYSBsb3MgYWx0YXJlcyB5IGFjdGl2YSBzdXMgc2VsbG9zLg==
yYxNCA,,U291bCBvZiBBbmNpZW50IEhlcm8gOiBPbmNlIHRoZSBzZWFscyByZWNvdmVyIHRoZWlyIHBvd2VyLCBCYXBob21ldCB3aWxsIGJlIHZ1bG5lcmFibGUgaWYgaGUgaXMgbmVhciB0aGVtLg==,,,,,QWxtYSBkbyBBbnRpZ28gSGVyw7NpOiBBc3NpbSBxdWUgbyBwb2RlciBtw6FnaWNvIGZvciBpbnNlcmlkbyBlIG8gc2VsbyByZWN1cGVyYXIgc2V1IHBvZGVyLCBCYWZvbcOpIGZpY2Fyw6EgZW5mcmFxdWVjaWRvLg==,,QWxtYSBkZSBhbnRpZ3VvIGjDqXJvZTogVW5hIHZleiBxdWUgbG9zIHNlbGxvcyByZWN1cGVyZW4gc3UgcG9kZXIsIEJhcGhvbWV0IHNlcsOhIHZ1bG5lcmFibGUgc2kgZXN0w6EgY2VyY2EgZGUgZWxsb3Mu
yoxNCA,,U291bCBvZiBBbmNpZW50IEhlcm8gOiBZb3Ugc2hvdWxkIGx1cmUgQmFwaG9tZXQgdG8gdGhlIHVuc2VhbGVkIEFsdGFycy4gT3RoZXJ3aXNlLCB5b3VyIGVmZm9ydCB3aWxsIGJlIGZ1dGlsZS4=,,,,,QWxtYSBkbyBBbnRpZ28gSGVyw7NpOiBNYXMgdm9jw6pzIHByZWNpc2FtIGxldmFyIEJhZm9tw6kgYXTDqSBvIHNlbG8uIENhc28gY29udHLDoXJpbywgc2Vyw6EgaW7DunRpbC4=,,QWxtYSBkZSBhbnRpZ3VvIGjDqXJvZTogRGViZXMgYXRyYWVyIGEgQmFwaG9tZXQgaGFjaWEgbG9zIGFsdGFyZXMgZGVzYmxvcXVlYWRvcy4gRGUgbG8gY29udHJhcmlvLCB0dSBlc2Z1ZXJ6byBzZXLDoSBpbsO6dGlsLg==
y4xNCA,,U291bCBvZiBBbmNpZW50IEhlcm8gOiBXZSBoYXZlIG9ubHkgMSBob3VyIHRvIHN0b3AgQmFwaG9tZXQuIElmIHRoZSB0aW1lIHBhc3NlcywgdGhlIHBvd2VyIG9mIHRoZSBzZWFscyB3aWxsIGJlIHVzZWxlc3Mu,,,,,QWxtYSBkbyBBbnRpZ28gSGVyw7NpOiBFIHPDsyB0ZW1vcyAxIGhvcmEgcGFyYSBkZXRlciBCYWZvbcOpLiBTZSBlc3NlIHRlbXBvIGFjYWJhciwgb3MgYWx0YXJlcyBzZXLDo28gaW7DunRlaXMu,,QWxtYSBkZSBhbnRpZ3VvIGjDqXJvZTogU29sbyB0ZW5lbW9zIDFob3JhIHBhcmEgZGV0ZW5lciBhIEJhcGhvbWV0LiBTaSBwYXNhIGVsIHRpZW1wbywgZWwgcG9kZXIgZGUgbG9zIHNlbGxvcyBzZXLDoSBpbsO6dGlsLg==
zIxNCA,,QmFwaG9tZXQgOiBJdCdzIHVzZWxlc3MuIE1ha2UgbW9yZSBzZWFscy4gSSdsbCBjcnVzaCB0aGVtIGFsbC4gTm9uZSBvZiB5b3UnbGwgc3Vydml2ZS4=,,,,,R3JpdG8gZGUgQmFmb23DqTogR3JycnIuLi4gVm9jw6pzIG7Do28gcG9kZW0gbWUgZGV0ZXIgY29tIHVtIHNlbG8gYXNzaW0uIFBvZGVtIGFndWFyZGFyIHBvciBzdWEgbW9ydGUu,,QmFwaG9tZXQ6IEVzIGluw7p0aWwuIEhheiBtw6FzIHNlbGxvcy4gTG9zIGFwbGFzdGFyw6kgYSB0b2Rvcy4gTmluZ3VubyBkZSB1c3RlZGVzIHNvYnJldml2aXLDoS4=
zYxNCA,,U291bCBvZiBBbmNpZW50IEhlcm8gOiBUaGUgc2VhbCBvZiB0aGUgTWFpbiBBbHRhciBpcyBydW5uaW5nIG91dC4gU3RyZW5ndGhlbiB0aGUgTWFpbiBBbHRhcidzIHNlYWwh,,,,,QWxtYSBkbyBBbnRpZ28gSGVyw7NpOiBPIHNlbG8gZG8gQWx0YXIgUHJpbmNpcGFsIGVzdMOhIHNlIGVzZ290YW5kby4gRm9ydGFsZcOnYSBvIHNlbG8gZG8gQWx0YXIgUHJpbmNpcGFsIQ==,,QWxtYSBkZSBhbnRpZ3VvIGjDqXJvZTogRWwgc2VsbG8gZGVsIEFsdGFyIFByaW5jaXBhbCBzZSBlc3TDoSBhZ290YW5kby4gwqFSZWZ1ZXJ6YSBlbCBzZWxsbyBkZWwgQWx0YXIgUHJpbmNpcGFsIQ==
zoxNCA,,QmFwaG9tZXQgOiBrcnJyci4uLiBZb3UgdGhpbmsgeW91ciBzZWFscyBjYW4gc3RvcCBtZT8=,,,,,QmFmb23DqToga3JycnIuLi4gQWNoYSBxdWUgc2V1cyBzZWxvcyBwb2RlbSBtZSBkZXRlcj8=,,QmFwaG9tZXQ6ICprcnJyci4uLiogwr9DcmVlcyBxdWUgdHVzIHNlbGxvcyBwdWVkZW4gZGV0ZW5lcm1lPw==
z4xNCA,,U291bCBvZiBBbmNpZW50IEhlcm8gOiBXZSBjYW4ndCBzdG9wIEJhcGhvbWV0IGJ5IHRoZSBtYWdpY2FsIHBvd2VyIG9mIHRoZSBzZWFscyBhbnltb3JlLiBPZGluIGhlbHAgdXMuLi4=,,,,,QWxtYSBkbyBBbnRpZ28gSGVyw7NpOiBOw6NvIHBvZGVtb3MgbWFpcyBkZXRlciBCYWZvbcOpIGNvbSBvIHBvZGVyIG3DoWdpY28gZG9zIHNlbG9zLiBPZGluIG5vcyBhanVkZS4uLg==,,QWxtYSBkZSBhbnRpZ3VvIGjDqXJvZTogWWEgbm8gcG9kZW1vcyBkZXRlbmVyIGEgQmFwaG9tZXQgY29uIGVsIHBvZGVyIG3DoWdpY28gZGUgbG9zIHNlbGxvcy4gUXVlIE9kw61uIG5vcyBheXVkZS4uLg==
0IxNCA,,U291bCBvZiBBbmNpZW50IEhlcm8gOiBUaGUgbWFnaWNhbCBwb3dlciBvZiB0aGUgTm9ydGhlYXN0IHNlYWwgaXMgcnVubmluZyBvdXQuIEdvIHRvIHRoYXQgYWx0YXIgYW5kIHN0cmVuZ3RoZW4gdGhlIHNlYWwu,,,,,QWxtYSBkbyBBbnRpZ28gSGVyw7NpOiBPIHBvZGVyIG3DoWdpY28gZG8gc2VsbyBkbyBub3JkZXN0ZSBlc3TDoSBzZSBlc2dvdGFuZG8uIFbDoSBhdMOpIGVzc2UgYWx0YXIgZSBmb3J0YWxlw6dhIG8gc2Vsby4=,,QWxtYSBkZSBhbnRpZ3VvIGjDqXJvZTogRWwgcG9kZXIgbcOhZ2ljbyBkZWwgc2VsbG8gZGVsIG5vcmVzdGUgc2UgZXN0w6EgYWdvdGFuZG8uIFZlIGEgZXNlIGFsdGFyIHkgcmVmdWVyemEgZWwgc2VsbG8u
0YxNCA,,U291bCBvZiBBbmNpZW50IEhlcm8gOiBUaGUgbWFnaWNhbCBwb3dlciBvZiB0aGUgU291dGhlYXN0IHNlYWwgaXMgcnVubmluZyBvdXQuIEdvIHRvIHRoYXQgYWx0YXIgYW5kIHN0cmVuZ3RoZW4gdGhlIHNlYWwu,,,,,QWxtYSBkbyBBbnRpZ28gSGVyw7NpOiBPIHBvZGVyIG3DoWdpY28gZG8gc2VsbyBkbyBzdWRlc3RlIGVzdMOhIHNlIGVzZ290YW5kby4gVsOhIGF0w6kgZXNzZSBhbHRhciBlIGZvcnRhbGXDp2EgbyBzZWxvLg==,,QWxtYSBkZSBhbnRpZ3VvIGjDqXJvZTogRWwgcG9kZXIgbcOhZ2ljbyBkZWwgc2VsbG8gZGVsIHN1ZGVzdGUgc2UgZXN0w6EgYWdvdGFuZG8uIFZlIGEgZXNlIGFsdGFyIHkgcmVmdWVyemEgZWwgc2VsbG8u
0oxNCA,,U291bCBvZiBBbmNpZW50IEhlcm8gOiBUaGUgbWFnaWNhbCBwb3dlciBvZiB0aGUgU291dGh3ZXN0IHNlYWwgaXMgcnVubmluZyBvdXQuIEdvIHRvIHRoYXQgYWx0YXIgYW5kIHN0cmVuZ3RoZW4gdGhlIHNlYWwu,,,,,QWxtYSBkbyBBbnRpZ28gSGVyw7NpOiBPIHBvZGVyIG3DoWdpY28gZG8gc2VsbyBkbyBzdWRvZXN0ZSBlc3TDoSBzZSBlc2dvdGFuZG8uIFbDoSBhdMOpIGVzc2UgYWx0YXIgZSBmb3J0YWxlw6dhIG8gc2Vsby4=,,QWxtYSBkZSBhbnRpZ3VvIGjDqXJvZTogRWwgcG9kZXIgbcOhZ2ljbyBkZWwgc2VsbG8gZGVsIHN1cm9lc3RlIHNlIGVzdMOhIGFnb3RhbmRvLiBWZSBhIGVzZSBhbHRhciB5IHJlZnVlcnphIGVsIHNlbGxvLg==
04xNCA,,U291bCBvZiBBbmNpZW50IEhlcm8gOiBUaGUgbWFnaWNhbCBwb3dlciBvZiB0aGUgTm9ydGh3ZXN0IHNlYWwgaXMgcnVubmluZyBvdXQuIEdvIHRvIHRoYXQgYWx0YXIgYW5kIHN0cmVuZ3RoZW4gdGhlIHNlYWwu,,,,,QWxtYSBkbyBBbnRpZ28gSGVyw7NpOiBPIHBvZGVyIG3DoWdpY28gZG8gc2VsbyBkbyBub3JvZXN0ZSBlc3TDoSBzZSBlc2dvdGFuZG8uIFbDoSBhdMOpIGVzc2UgYWx0YXIgZSBmb3J0YWxlw6dhIG8gc2Vsby4=,,QWxtYSBkZSBhbnRpZ3VvIGjDqXJvZTogRWwgcG9kZXIgbcOhZ2ljbyBkZWwgc2VsbG8gZGVsIG5vcm9lc3RlIHNlIGVzdMOhIGFnb3RhbmRvLiBWZSBhIGVzZSBhbHRhciB5IHJlZnVlcnphIGVsIHNlbGxvLg==
