wASsDA,,UmVtb3ZlIEZsYW1lIFNldE1vbnN0ZXJTdGF0IDIzLjEwLjEy,,,,,MjMuMTAuMTIgUmVtb8Onw6NvIGRvIFNldE1vbnN0ZXJTdGF0IGRlIEZvZ28=,,MjMuMTAuMTIgRWxpbWluYWNpw7NuIGRlIFNldE1vbnN0ZXJTdGF0IGRlIEZ1ZWdv
wQSsDA,,VHVybiBvZmY=,,,,,RGVzbGlnYXI=,,QXBhZ2Fy
wgSsDA,,VHVybiBvbg==,,,,,TGlnYXI=,,RW5jZW5kZXI=
wwSsDA,,QnJvYWRjYXN0,,,,,QW7Dum5jaW8=,,QW51bmNpbw==
xASsDA,,U3Vydml2aW5nIEtuaWdodA==,,,,,U29icmV2aXZlbnRl,,U29icmV2aXZlbnRl
xQSsDA,,Qnkgcm95YWwgZGVjcmVlISBIdXJyeSBhbmQgZXZhY3VhdGUgb3V0c2lkZS4=,,,,,RW0gbm9tZSBkbyBSZWksIHBvciBmYXZvciwgZXZhY3VlIG8gY2FzdGVsby4=,,RW4gbm9tYnJlIGRlbCBSZXksIHBvciBmYXZvciwgZXZhY8O6YSBlbCBjYXN0aWxsby4=
xgSsDA,,QSBLbmlnaHQgV2hvIEhhcyBMb3N0IEhpcyBSZWFzb24=,,,,,Q2F2YWxlaXJhIERlc2NvbnRyb2xhZGE=,,Q2FiYWxsZXJhIERlc2NvbnRyb2xhZGE=
xwSsDA,,RG9uJ3QgY29tZSBhbnkgY2xvc2VyIQ==,,,,,TsOjbyBjaGVndWUgcGVydG8h,,wqFObyB0ZSBhY2VycXVlcyE=
yASsDA,,U3RlcCBhc2lkZT8gT2gsIFlvdXIgTWFqZXN0eSwgeW91IG11c3Qgbm90IGdvIGluc2lkZS4gUGxlYXNlLCBzdGVwIGJhY2sgYXQgb25jZS4=,,,,,RXZhY3Vhcj8gVm9zc2EgbWFqZXN0YWRlLCBuw6NvIHNlIGFwcm94aW1lISE=,,wr9FdmFjdWFyPyDCocKhU3UgbWFqZXN0YWQsIG5vIHNlIGFjZXJxdWUhIQ==
yQSsDA,,VGhpcyBpcyBhIHJveWFsIG9yZGVyLiBFdmFjdWF0ZSBvdXRzaWRlIGF0IG9uY2Uu,,,,,RW0gbm9tZSBkbyBSZWksIHBvciBmYXZvciwgZXZhY3VlIG8gY2FzdGVsby4=,,RW4gbm9tYnJlIGRlbCBSZXksIHBvciBmYXZvciwgZXZhY8O6YSBlbCBjYXN0aWxsby4=
ygSsDA,,TGVhdmUgbWUgYWxvbmUhIERvbuKAmXQgY29tZSBhbnkgY2xvc2VyISE=,,,,,TWUgZGVpeGUgZW0gcGF6ISE=,,wqHCoUTDqWphbWUgZW4gcGF6ISE=
ywSsDA,,QSBzdHJhbmdlIG9yYiBpbnNpZGUgdGhlIGNhc3RsZSBpcyBhYnNvcmJpbmcgbGl2aW5nIGJlaW5ncy4gRXZlcnlvbmUgd2hvIHdhcyBuZWFyIHRoZSBvcmIgaXMgdHVybmluZyBpbnRvIHVuZGVhZC4=,,,,,VG9kYSBhIGVuZXJnaWEgdml0YWwgZXN0w6Egc2VuZG8gc3VnYWRhIHBvciB1bSBPcmJlIG5vIGNhc3RlbG8u,,VG9kYSBsYSBlbmVyZ8OtYSB2aXRhbCBlc3TDoSBzaWVuZG8gYWJzb3JiaWRhIHBvciB1biBPcmJlIGVuIGVsIGNhc3RpbGxvLg==
zASsDA,,VWdoLi4uIEkga2VlcCBoZWFyaW5nIGEgdm9pY2UgaW4gbXkgaGVhZC4=,,,,,T3XDp28gdm96ZXMgbmEgbWluaGEgY2FiZcOnYS4=,,RXNjdWNobyB2b2NlcyBlbiBtaSBjYWJlemEu
zQSsDA,,WW91IG11c3QgZ2V0IGF3YXkuIFRoZSBLbmlnaHRzIGFyZSBob2xkaW5nIHRoZSBvdXRlciBjYXN0bGUsIGJ1dCB0aGV5IGhhdmUgdGhlaXIgbGltaXRzLiBUaGUgbGl2aW5nIGFyZSB0dXJuaW5nIGludG8gdW5kZWFkLg==,,,,,UXVlbSBzZSBhcHJveGltYXIgZG8gT3JiZSB2aXJhIG1vcnRvLXZpdm8uIEV2aXRlIGFkZW50cmFyIG5vIGNhc3RlbG8h,,wqFRdWllbiBzZSBhY2VycXVlIGFsIE9yYmUgc2UgY29udmllcnRlIGVuIG5vLW11ZXJ0byEgwqFFdml0ZW4gZW50cmFyIGFsIGNhc3RpbGxvIQ==
zgSsDA,,SSBvbmx5IHRha2Ugb3JkZXJzIGZyb20gSGlzIE1hamVzdHkgU2NobWlkdCE=,,,,,QXBlbmFzIGFjZWl0byBvcmRlbnMgZG8gUmVpIFNjaG1pZHQh,,wqFTb2xvIGFjZXB0byDDs3JkZW5lcyBkZWwgUmV5IFNjaG1pZHQh
zwSsDA,,Tm5naC4uLiBUaGUgc291bmQgZmxvd2luZyBmcm9tIHRoZSBvcmIgZmVlbHMgbGlrZSBpdOKAmXMgZWF0aW5nIGF3YXkgYXQgbXkgc291bC4gU3RlcCBhd2F5IGZyb20gbWUu,,,,,VXJnaC4uLiBzaW50byBxdWUgbWluaGEgYWxtYSBlc3TDoSBzZW5kbyBjb3Jyb21waWRhLg==,,VXJnaC4uLiBzaWVudG8gcXVlIG1pIGFsbWEgZXN0w6Egc2llbmRvIGNvcnJvbXBpZGEu
0ASsDA,,VGhleSBzYXkgdGhlIHRyb29wcyBndWFyZGluZyBpbnNpZGUgdGhlIGNhc3RsZSBoYXZlIHR1cm5lZCBpbnRvIG1vbnN0ZXJzLi4uIFRoYXQgY2FuJ3QgYmUgdHJ1ZSwgcmlnaHQ/IEknbGwgaGVhZCBvdXQu,,,,,w4kgdmVyZGFkZSBxdWUgYSB0cm9wYSB2aXJvdSB6dW1iaT8gRXUgZXN0b3UgY2FpbmRvIGZvcmEh,,wr9FcyBjaWVydG8gcXVlIGxvcyBzb2xkYWRvcyBzZSBoYW4gY29udmVydGlkbyBlbiB6b21iaXM/IMKhWW8gbWUgbGFyZ28gZGUgYXF1w60h
0QSsDA,,WW91IG11c3Qgbm90IGdvIGluc2lkZS4gWW91IG5lZWQgdG8gcnVuIG91dHNpZGUuIEknbSBsZWF2aW5nIG5vdywgdG9vIQ==,,,,,Vm9jw6ogbsOjbyBwb2RlIGlyIG1haXMgYSBmdW5kbyEgRXUgZXN0b3UgZnVnaW5kbyE=,,wqFObyBwdWVkZXMgaXIgbcOhcyBhbGzDoSEgwqFFc3RveSBodXllbmRvIQ==
0gSsDA,,RG8gbm90IGdvIGFueSBmYXJ0aGVyLCBZb3VyIE1hamVzdHkhIEl0IGlzIGRhbmdlcm91cyEgUGxlYXNlIGxlYXZlIHdpdGggbWUh,,,,,TsOjbyBjaGVndWUgbXVpdG8gcGVydG8gZG8gT3JiZSE=,,wqFObyB0ZSBhY2VycXVlcyBkZW1hc2lhZG8gYWwgT3JiZSE=
0wSsDA,,SSBzaG91bGQgZ2V0IG91dCBvZiBoZXJlLiBJIGNhbid0IGhvbGQgb24gYW55IGxvbmdlci4=,,,,,RXUgcHJlY2lzbyBlc2NhcGFyIGRhcXVpLg==,,TmVjZXNpdG8gZXNjYXBhciBkZSBhcXXDrS4=
1ASsDA,,VmljdGlt,,,,,VsOtdGltYQ==,,VsOtY3RpbWE=
1QSsDA,,TWFnZ290,,,,,TGFydmE=,,TGFydmE=
1gSsDA,,I2ZpcmV7MH0=,,,,,I2ZpcmV7MH0=,,I2ZpcmV7MH0=
