AKHoAg,,S2luZyBDcmFi,,,,,U2lyaSBSZWk=,,Q2FuZ3Jlam8gUmV5
AaHoAg,,PT0gTW9ua3MgY2FuJ3QgYWR2YW5jZSBkaXJlY3RseSB0byB0aGlzIDNyZCBqb2IuID09Cj09IFBsZWFzZSBiZWNvbWUgYSBDaGFtcGlvbiBmaXJzdC4gPT0=,,,,,PT0gT3MgTW9uZ2VzIG7Do28gcG9kZW0gYXZhbsOnYXIgZGlyZXRhbWVudGUgcGFyYSBlc3RhIHRlcmNlaXJhIGNsYXNzZS4gPT0KPT0gVG9ybmUtc2UgdW0gTWVzdHJlIHByaW1laXJvLiA9PScn,,PT0gTG9zIE1vbmplcyBubyBwdWVkZW4gYXZhbnphciBkaXJlY3RhbWVudGUgYSBlc3RlIDPCuiBDbGFzZS4gPT0KPT0gUG9yIGZhdm9yLCBjb252acOpcnRldGUgcHJpbWVybyBlbiBDYW1wZcOzbi4gPT0=
AqHoAg,,W0tpbmcgQ3JhYl0KTXdhIGhhaCBoYWggaGFoIQpUaGF0IHJvb2tpZSBnb3Qga25vY2tlZCBvdXQgYWZ0ZXIgYSBzaW5nbGUgcHVuY2ggdG8gdGhlIGZhY2Uh,,,,,W1NpcmkgUmVpXQpBaGggaGEgaGEgaGEgaGEgaGEgaGEuCkFxdWVsZSBwZXF1ZW5vIG5vdmF0byBmb2kgZGVycnViYWRvIHBlbG8gbWV1IMO6bmljbyBnb2xwZSE=,,W0NhbmdyZWpvIFJleV0KwqFKYSwgamEsIGphLCBqYSEKwqFFc2UgcHJpbmNpcGlhbnRlIHNlIGRlc21hecOzIHRyYXMgdW4gcHXDsWV0YXpvIGVuIGVsIHJvc3RybyE=
A6HoAg,,W1NsdWRnZSBXb3JtXQpIZSBoYWQgaXQgY29taW5nLCB0aGF0IGFycm9nYW50IHByaWNrLgpIZSBkYXJlZCBjaGFsbGVuZ2UgeW91IQ==,,,,,W1Zlcm1lIEFzcXVlcm9zb10KRXNzZXMgY2FyYXMgYXJyb2dhbnRlcyBtZXJlY2VtIHVtYSBsacOnw6NvIGFtYXJnYS4KQ29tbyB1bSBwZXF1ZW5vIG5vdmF0byBvdXNhIGF0YWNhciB2b2PDqiwgbWV1IGNoZWZlIQ==,,W0d1c2FubyBkZWwgTG9kb10KU2UgbG8gbWVyZWPDrWEgcG9yIGFycm9nYW50ZS4KwqFTZSBhdHJldmnDsyBhIGRlc2FmaWFydGUh
BKHoAg,,W0tpbmcgQ3JhYl0KTXdhIGhhaCBoYWggaGFoIQ==,,,,,W1NpcmkgUmVpXQpIYSBoYSBoYSBoYSBoYSBoYSBoYSEhISE=,,W0NhbmdyZWpvIFJleV0KwqFKYSwgamEsIGphLCBqYSE=
BaHoAg,,W1NsdWRnZSBXb3JtXQpIZXksIGJyaW5nIHVzIG1vcmUgYmVlciEKVGhlIGJvc3MncyBqdWcgaXMgZW1wdHkuIFdoYXQncyB0YWtpbmcgeW91IHNvIGxvbmc/,,,,,W1Zlcm1lIEFzcXVlcm9zb10KRWkhIEJlbSBhcXVpISBNYWlzIHVtIGNvcG8hISEKTyBxdWUgZXN0w6EgZmF6ZW5kbz8gTyBjb3BvIGRvIG1ldSBjaGVmZSBqw6EgZXN0w6EgdmF6aW8hIFZlbmhhIHLDoXBpZG8h,,W0d1c2FubyBkZWwgTG9kb10KwqFPeWUsIHRyw6Flbm9zIG3DoXMgY2VydmV6YSEKTGEgamFycmEgZGVsIGplZmUgZXN0w6EgdmFjw61hLiDCv1BvciBxdcOpIHRhcmRhcyB0YW50bz8=
BqHoAg,,W1dhaXRyZXNzXQpTb3JyeSwgSSdsbCBicmluZyBpdCB0byB5b3UgcmlnaHQgbm93Lg==,,,,,W0dhcsOnb25ldGVdClNpbSwgdm91IHRyYXplciBhZ29yYSBtZXNtby4=,,W01lc2VyYV0KTG8gc2llbnRvLCBsZXMgdHJhaWdvIGFob3JhIG1pc21vLg==
B6HoAg,,W1NsdWRnZSBXb3JtXQpXaHkgYXJlIHlvdSBzbyBzbG93LCBnaXJsPyBEbyB5b3UgZXZlbiBrbm93IHdobyB0aGlzIGlzPw==,,,,,W1Zlcm1lIEFzcXVlcm9zb10KTXVpdG8gZGV2YWdhciEhISBRdWVtIHZvY8OqIGFjaGEgcXVlIG1ldSBjaGVmZSDDqT8gSGVpbiE/,,W0d1c2FubyBkZWwgTG9kb10Kwr9Qb3IgcXXDqSBlcmVzIHRhbiBsZW50YSwgY2hpY2E/IMK/U2FiZXMgc2lxdWllcmEgcXVpw6luIGVzPw==
CKHoAg,,W1dhaXRyZXNzXQpJLUknbSBzb3JyeS4uLg==,,,,,W0dhcsOnb25ldGVdCkV1Li4uIEV1IHNpbnRvIG11aXRvLCBzZW5ob3IuLi4=,,W01lc2VyYV0KTG8gc2llbnRvLi4u
CaHoAg,,W0tpbmcgQ3JhYl0KSGFoIGhhaC4gU3RvcC4KWW91J3JlIHNjYXJpbmcgaGVyLgpIZXksIGdpcmxpZS4gV2UncmUgbm90IGRhbmdlcm91cyBtZW4u,,,,,W1NpcmkgUmVpXQpIYWhhaGFhaGEuIEJhc3RhLgpQYXJlY2UgcXVlIGFxdWVsYSBsaW5kYSBnYXJvdGEgdGVtIG1lZG8gZGUgdm9jw6ohCkVpLCBzZW5ob3JpdGF+IE7Ds3MgbsOjbyBzb21vcyBwZXNzb2FzIGFzc3VzdGFkb3Jhc34=,,W0NhbmdyZWpvIFJleV0KSmEsIGphLiBBbHRvLgpMYSBlc3TDoXMgYXN1c3RhbmRvLgpPeWUsIGNoaWNhLCBubyBzb21vcyBob21icmVzIHBlbGlncm9zb3Mu
CqHoAg,,W1dhaXRyZXNzXQoqU2hyaWVrISogV2hhdCBhcmUgeW91IGRvaW5nPw==,,,,,W0dhcsOnb25ldGVdCkFhYWFhYWFhYWFhaCEgTsOjbyBmYcOnYSBpc3NvISE=,,W01lc2VyYV0KKkdyaXRvKiDCv1F1w6kgaGFjZW4/
C6HoAg,,LSBTTEFNISAt,,,,,LSBCYW5nIC0=,,LSrCoVBMQUMhKi0=
DKHoAg,,Wz8/P10KRW5vdWdoIGlzIGVub3VnaC4KV2h5IGFyZSB5b3UgYmVpbmcgc28gbG91ZD8gWW91J3JlIG5vdCB0aGUgb25seSBvbmVzIGluIGhlcmUu,,,,,Wz8/P10KRWksIHZvY8OqIGHDrS4KRXUgZXN0YXZhIG9saGFuZG8gcGFyYSB2b2PDqiBlIHZvY8OqIGZheiB1bSBiYWRlcm5laXJvIGNvbW8gdm9jw6ogZmljYXIgbm8gc2V1IHByw7NwcmlvIGx1Z2FyLg==,,W8K/wr/Cvz8/P10KU3VmaWNpZW50ZS4Kwr9Qb3IgcXXDqSBoYWNlbiB0YW50byBydWlkbz8gTm8gc29uIGxvcyDDum5pY29zIGFxdcOtLg==
DaHoAg,,Wz8/P10KSWYgeW91J3JlIGRydW5rLCBnbyBob21lLg==,,,,,Wz8/P10KIMOJIGJhcnVsaGVudG8gZGVtYWlzLiBFbnTDo28sIHNlIHZvY8OqIHF1ZXIgZmFsYXIgY29pc2FzIHNlbSBzZW50aWRvIG5vdmFtZW50ZSwgdsOhIHBhcmEgY2FzYSBlIGZhw6dhIGlzc28u,,W8K/wr/Cvz8/P10KU2kgZXN0w6FuIGJvcnJhY2hvcywgdmF5YW4gYSBjYXNhLg==
DqHoAg,,W1NsdWRnZSBXb3JtXQpTYXkgd2hhdD8KV2hvIHRoZSBoZWxsIGFyZSB5b3U/IERvIHlvdSBoYXZlIGEgZGVhdGggd2lzaD8KRG8geW91IGV2ZW4ga25vdyB3aG8gdGhpcyBpcz8=,,,,,W1Zlcm1lIEFzcXVlcm9zb10KTyBxdcOqPz8KTsOjbyBzZWkgcXVlbSB2b2PDqiDDqSwgbWFzIHZvY8OqIGRldmUgdGVyIGVubG91cXVlY2lkbyEKVm9jw6ogdGVtIGlkZWlhIGRlIHF1ZW0gc2VqYSBtZXUgY2hlZmU/ISEg,,W0d1c2FubyBkZWwgTG9kb10Kwr9RdcOpIGRpamlzdGU/CsK/UXVpw6luIGRlbW9uaW9zIGVyZXM/IMK/VGllbmVzIGdhbmFzIGRlIG1vcmlyPwrCv1NhYmVzIHNpcXVpZXJhIHF1acOpbiBlcz8=
D6HoAg,,W1NsdWRnZSBXb3JtXQpIZSdzIEtpbmcgQ3JhYiwgdGhlIExlZ2VuZGFyeSBCYW5kaXQhCkhlJ3Mgc28gZmFtb3VzLCBldmVuIGEgdGhyZWUteWVhci1vbGQga25vd3MgaGlzIG5hbWUh,,,,,W1Zlcm1lIEFzcXVlcm9zb10KRXNzZSDDqSBvIGZhbW9zbyBTaXJpIFJlaSEhIQpRdWVtIHBvZGUgcGFyYXIgbyBjaG9ybyBkbyBiZWLDqiBkZSB1bWEgdmV6IHBvciB0b2RhcyEhIQ==,,W0d1c2FubyBkZWwgTG9kb10KwqFFcyBDYW5ncmVqbyBSZXksIGVsIGJhbmRpZG8gbGVnZW5kYXJpbyEKRXMgdGFuIGZhbW9zbyBxdWUgaGFzdGEgbG9zIGJlYsOpcyBjb25vY2VuIHN1IG5vbWJyZS4=
EKHoAg,,Wz8/P10KU3VjaCBhbiB1Z2x5IG5hbWUgZm9yIGFuIHVnbHkgZmFjZS4KVGhlIHdvcmxkIGlzIGluIGNoYW9zIGFzIGl0IGlzLiBJdCBkb2Vzbid0IG5lZWQgc2VsZmlzaCB0aGlldmVzIGxpa2UgeW91Lg==,,,,,Wz8/P10KRmHDp2EgdG9kYXMgYXMgY29pc2FzIHN1amFzIGNvbW8gYSBzdWEgY2FyYSBzdWphLgpOZXNzZSBtb21lbnRvIGNhw7N0aWNvLCB2b2PDqiBlc3TDoSByb3ViYW5kbyBzw7MgcGFyYSBzYXRpc2ZhemVyIG8gc2V1IGRlc2Vqby4=,,W8K/wr/Cvz8/P10KVW4gbm9tYnJlIGZlbyBwYXJhIHVuIHJvc3RybyBmZW8uCkVsIG11bmRvIHlhIGVzIHVuIGNhb3MuIE5vIG5lY2VzaXRhIGxhZHJvbmVzIGVnb8Otc3RhcyBjb21vIHTDui4=
EaHoAg,,Wz8/P10KQnV0IHlvdSdyZSB0b28gc3R1cGlkIHRvIGtub3cgdGhhdCwgYXJlbid0IHlvdT8gT3RoZXJ3aXNlLCB5b3Ugd291bGRuJ3QgYmUgaGVyZSwgc2hhbWVsZXNzbHkgYm9hc3Rpbmcgd2hvIHlvdSBhcmUu,,,,,Wz8/P10KQmVtLCBzZSB2b2PDqiBqw6EgZW50ZW5kZSBvIHF1ZSBlc3RvdSBkaXplbmRvLCB2b2PDqiBkZXZlIGVzdGFyIG5vIG91dHJvIGx1Z2FyIHNlbSBmYWxhciBjb2lzYXMgaWRpb3Rhcy4=,,W8K/wr/Cvz8/P10KUGVybyBlcmVzIGRlbWFzaWFkbyBlc3TDunBpZG8gcGFyYSBzYWJlciBlc28sIMK/bm8/IFNpIG5vLCBubyBlc3RhcsOtYXMgYXF1w60gcHJlc3VtaWVuZG8gZGVzY2FyYWRhbWVudGUgZGUgcXVpw6luIGVyZXMu
EqHoAg,,W0tpbmcgQ3JhYl0KV2hhdCB0aGUuLi4/CkdpcmwsIHlvdSdkIGJldHRlciBzdG9wIHJ1bm5pbmcgeW91ciBtb3V0aCBsaWtlIHRoYXQuCkknbSBhIGdlbnRsZW1hbiwgYnV0IHRoZXJlJ3Mgb25seSBzbyBtdWNoIEkgY2FuIHRha2Uu,,,,,W1NpcmkgUmVpXQpIZWluPwpDb21vIG91c2EgZGl6ZXIgdW1hIGNvaXNhIGRlc3Nhcywgc3VhIGdhcm90YSBpbnNvbGVudGU/ClPDsyBwb3IgcXVlIHZvY8OqIMOpIHVtYSBnYXJvdGEsIG7Do28gc2lnbmlmaWNhIHF1ZSB2b3UgZGVpeGFyIHBhc3Nhci4=,,W0NhbmdyZWpvIFJleV0Kwr9QZXJvIHF1w6kuLi4/CkNoaWNhLCBzZXLDoSBtZWpvciBxdWUgY2llcnJlcyBsYSBib2NhLgpTb3kgdW4gY2FiYWxsZXJvLCBwZXJvIG1pIHBhY2llbmNpYSB0aWVuZSB1biBsw61taXRlLg==
E6HoAg,,W1NsdWRnZSBXb3JtXQpVaC1vaCwgeW91J3ZlIG1hZGUgdGhlIEJvc3MgYW5ncnkuCkhlIGNvdWxkIHRha2Ugb3V0IGEgZ2lybCBsaWtlIHlvdSB3aXRoIGEgc2luZ2xlIHB1bmNoIHRvIHRoZSBmYWNlIQ==,,,,,W1Zlcm1lIEFzcXVlcm9zb10KSMOjPyBPIGNoZWZlIGVzdMOhIGZ1cmlvc28hClBvc3NvIGFjYWJhciBjb20gdm9jw6ogY29tIHVtIGdvbHBlLi4u,,W0d1c2FubyBkZWwgTG9kb10KT2gsIG5vLCBoaWNpc3RlIGVuZmFkYXIgYWwgamVmZS4KwqFFcyBjYXBheiBkZSBlbGltaW5hciBhIHVuYSBjaGljYSBjb21vIHTDuiBkZSB1biBwdcOxZXRhem8gZW4gZWwgcm9zdHJvIQ==
FKHoAg,,W3swfV0KSGV5ISBMZWF2ZSBoZXIgYWxvbmUh,,,,,W3swfV0KRWkhIENvbW8gb3VzYSB1c2FyIHZpb2zDqm5jaWEgY29udHJhIHVtYSBkYW1hIT8=,,W3swfV0KwqFPeWUhIMKhRMOpamFsYSBlbiBwYXoh
FaHoAg,,Wz8/P10KWW91IHN0YXkgb3V0IG9mIHRoaXMu,,,,,Wz8/P10KVsOhIHBhcmEgdHLDoXMsIHNldSBwZXF1ZW5vLi4u,,W8K/wr/Cvz8/P10KTm8gdGUgbWV0YXMu
FqHoAg,,Wz8/P10KU3VyZSwgaGUgY2FuIHRyeS4KSSBjYW4ndCBjb21lIGF0IGhpbSBldmVuIHRob3VnaCBJJ2QgbG92ZSB0byBiZWNhdXNlIEknbSBpbiB0cmFpbmluZy4=,,,,,Wz8/P10KT2gsIGZpY28gZmVsaXogZW0gb3V2aXIgaXNzby4KTsOjbyBhdGFjYXJlaSBwcmltZWlybyBwb3JxdWUgZXN0b3Ugbm8gbWVpbyBkbyB0cmVpbmFtZW50by4=,,W8K/wr/Cvz8/P10KQ2xhcm8sIHB1ZWRlIGludGVudGFybG8uCkF1bnF1ZSBtZSBlbmNhbnRhcsOtYSwgbm8gcHVlZG8gYXRhY2FybG8gcG9ycXVlIGVzdG95IGVudHJlbmFuZG8u
F6HoAg,,W0tpbmcgQ3JhYiBhbmQgU2x1ZGdlIFdvcm1dCkh1aD8=,,,,,W1NpcmkgUmVpICYgVmVybWUgQXNxdWVyb3NvXQpIZWluPw==,,W0NhbmcuUmV5L0d1cy4gZGVsIGxvZG9dCsK/RWg/
GKHoAg,,W0tpbmcgQ3JhYiBhbmQgU2x1ZGdlIFdvcm1dCkVycj8=,,,,,W1NpcmkgUmVpICYgVmVybWUgQXNxdWVyb3NvXQpBaG5ubj8h,,W0NhbmcuUmV5L0d1cy4gZGVsIGxvZG9dCsK/RWg/
GaHoAg,,W0tpbmcgQ3JhYiBhbmQgU2x1ZGdlIFdvcm1dCldBQUFBQUhISCE=,,,,,W1NpcmkgUmVpICYgVmVybWUgQXNxdWVyb3NvXQpBYWFhYWFoaGhoaGhoaCEhISEhISEh,,W0NhbmcuUmV5L0d1cy4gZGVsIGxvZG9dCsKhQUFBQUhISEhIIQ==
GqHoAg,,LSBILWhvdyBkaWQgc2hlIGRvIHRoYXQ/IC0KLSBTaGUgYmxldyBhd2F5IHRob3NlIGJyYWdnYXJ0cyBhdCBvbmNlISAtCi0gSSd2ZSBuZXZlciBzZWVuIGEgdGVjaG5pcXVlIC0KLSBsaWtlIHRoYXQgYmVmb3JlISAt,,,,,LSBPIHF1ZSDDqSBhcXVlbGUgcG9kZXIgaW5jcsOtdmVsPyAtCi0gRXUgbnVuY2EgdmkKLSBlc3NlIHRpcG8gZGUgaGFiaWxpZGFkZSBhbnRlcy4uLiAt,,KMK/Qy1jw7NtbyBsbyBoaXpvPwrCoUFjYWLDsyBjb24gZXNvcyBmYW5mYXJyb25lcyBjb24gZmFjaWxpZGFkIQrCoU51bmNhIHZpIHVuYSB0w6ljbmljYQpjb21vIGVzYSBhbnRlcyEpLg==
G6HoAg,,Wz8/P10KVGhpcyB0b3RhbGx5IHJ1aW5lZCBteSBtb29kLg==,,,,,Wz8/P10KQmVtLCBlc3RyYWdvdSBvIGNsaW1hLi4u,,W8K/wr/Cvz8/P10KRXN0byBhcnJ1aW7DsyBtaSBodW1vci4=
HKHoAg,,W1dhaXRyZXNzXQpUaC10aGFuayB5b3UuCkkgZG9uJ3Qga25vdyBob3cgdG8gcmVwYXkgeW91Lg==,,,,,W0dhcsOnb25ldGVdCk9icmkuLi4gTXVpdG8gb2JyaWdhZGEuLi4KQ29tbyBwb3NzbyByZXRyaWJ1aXI/,,W01lc2VyYV0KRy1ncmFjaWFzLgpObyBzw6kgY8OzbW8gYWdyYWRlY2VydGUu
HaHoAg,,Wz8/P10KRG9uJ3Qgd29ycnkgYWJvdXQgaXQu,,,,,Wz8/P10KTsOjbyBmb2kgbmFkYSBkZW1haXMuIFR1ZG8gYmVtLg==,,W8K/wr/Cvz8/P10KTm8gdGUgcHJlb2N1cGVzLg==
HqHoAg,,W1dhaXRyZXNzXQpBcmUgeW91IGdvaW5nIGJhY2sgdG8geW91ciByb29tPwpIb3cgYWJvdXQgSSBicmluZyB5b3Ugc29tZSBmcmVlIGRpbm5lcj8=,,,,,W0dhcsOnb25ldGVdClZvY8OqIHZhaSB2b2x0YXIgcGFyYSBvIHNldSBhYnJpZ28/ClNlIHZvY8OqIGNvbmNvcmRhciwgcG9zc28gbGhlIGRhciB1bWEgcmVmZWnDp8Ojbz8=,,W01lc2VyYV0Kwr9WYXMgYSB2b2x2ZXIgYSB0dSBoYWJpdGFjacOzbj8Kwr9RdcOpIHRhbCBzaSB0ZSB0cmFpZ28gYWxnbyBkZSBjb21pZGEgZ3JhdGlzPw==
H6HoAg,,Wz8/P10KT2gsIHlvdSBkb24ndCBoYXZlIHRvLgpCdXQgaWYgeW91IHdhbnQsIEknZCBsb3ZlIGEgbG9hZiBvZiBicmVhZCBhbmQgYSBob3QgYm93bCBvZiBzb3VwLgpOb3csIGlmIHlvdSdsbCBleGN1c2UgbWUuLi4=,,,,,Wz8/P10KT2gsIHZvY8OqIG7Do28gcHJlY2lzYSBmYXplciBpc3NvLgpBcGVuYXMgdW1hIGZhdGlhIGRlIHDDo28gZSBzb3BhIHF1ZW50ZSBzZXLDo28gbyBiYXN0YW50ZSBwYXJhIG1pbS4KRW50w6NvLCB0ZW5obyBxdWUgZGl6ZXIgYWRldXMuIFRjaGF1Lg==,,W8K/wr/Cvz8/P10KTm8gaGFjZSBmYWx0YS4KUGVybywgc2kgcXVpZXJlcywgbWUgZ3VzdGFyw61hIHVuYSBob2dhemEgZGUgcGFuIHkgc29wYSBjYWxpZW50ZS4KQWhvcmEsIHNpIG1lIGRpc2N1bHBhcy4uLg==
IKHoAg,,W1dhaXRyZXNzXQpTdXJlIQouLi4KLi4uCi4uLiAuLi4gLi4uICpCbHVzaCo=,,,,,W0dhcsOnb25ldGVdCkFkZXVzLi4uCi4uLgouLi4uLgouLi4uLi4uLihib2NoZWNoYXMgYXJkZW5kbyk=,,W01lc2VyYV0KwqFDbGFybyEKLi4uCi4uLgouLi4uLi4uLi4qU2UgcnVib3JpemEq
IaHoAg,,W0tpbmcgQ3JhYl0KTXdhIGhhaCBoYWggaGFoIQpIZXksIGJyaW5nIHVzIG1vcmUgYmVlciEKVG9uaWdodCwgSSB3YW50IHRvIGRyaW5rIHVudGlsIGRhd24h,,,,,W1NpcmkgUmVpXQpBaGhoYSBoYSBoYSBoYSBoYSBoYSEhISEKTWFpcyB1bSBjb3BvIGFxdWkhISEKQmViZXJlaSBob2plISEh,,W0NhbmdyZWpvIFJleV0KwqFKYSwgamEsIGphLCBqYSEKwqFPeWUsIHRyw6Flbm9zIG3DoXMgY2VydmV6YSEKwqFFc3RhIG5vY2hlIHF1aWVybyBiZWJlciBoYXN0YSBlbCBhbWFuZWNlciE=
IqHoAg,,W1NsdWRnZSBXb3JtXQpLaW5nIENyYWIsIHNpciEgSSdsbCBmb2xsb3cgeW91IGZvciB0aGUgcmVzdCBvZiBteSBsaWZlIQ==,,,,,W1Zlcm1lIEFzcXVlcm9zb10KU2lyaSBSZWkhISEgU2VndWlyZWkgdm9jw6ogcGFyYSBzZW1wcmUhISE=,,W0d1c2FubyBkZWwgTG9kb10KwqFDYW5ncmVqbyBSZXksIHNlw7FvciEgwqFUZSBzZWd1aXLDqSBlbCByZXN0byBkZSBtaSB2aWRhIQ==
I6HoAg,,W0tpbmcgQ3JhYl0KSG93IGRpZCBzaGUganVzdCBibG93IG1lIGF3YXkgbGlrZSB0aGF0Pw==,,,,,W1NpcmkgUmVpXQpDb21vIHVtIHBlcXVlbm8gbm92YXRvIGNvbnNlZ3VpdSBtZSBkZXJydWJhciEgRXUhIE8gZ3JhbmRlIFNpcmkgUmVpLi4u,,W0NhbmdyZWpvIFJleV0Kwr9Dw7NtbyBtZSBoaXpvIHZvbGFyIGFzw60/
JKHoAg,,W0tpbmcgQ3JhYl0KSSB0aGluayBJJ20gaW4gbG92ZS4uLg==,,,,,VmVybWUgQXNxdWVyb3Nv,,W0NhbmdyZWpvIFJleV0KQ3JlbyBxdWUgbWUgZW5hbW9yw6kuLi4=
JaHoAg,,U2x1ZGdlIFdvcm0=,,,,,W1Zlcm1lIEFzcXVlcm9zb10gU2lyaSBSZWkhISEgU2VndWlyZWkgdm9jw6ogcGFyYSBzZW1wcmUhIQ==,,R3VzYW5vIGRlbCBmYW5nbw==
JqHoAg,,W1NsdWRnZSBXb3JtXQpCb3NzLi4uIElzIHRoaXMgdGhlIGVuZCBvZiBvdXIgZ2xvcnk/CipTbmlmZmxlKg==,,,,,W1Zlcm1lIEFzcXVlcm9zb10KQ2hlZmUuLi4gSsOhIHBhc3NhbW9zIG1lc21vIGRvIG5vc3NvIGF1Z2U/CipjaG9ybyouLi4=,,W0d1c2FubyBkZWwgTG9kb10KSmVmZS4uLiDCv0VzIGVzdGUgZWwgZmluIGRlIG51ZXN0cmEgZ2xvcmlhPwoqU29sbG96YSo=
J6HoAg,,V2FpdHJlc3M=,,,,,R2Fyw6dvbmV0ZQ==,,TWVzZXJh
KKHoAg,,W1dhaXRyZXNzXQpVZ2gsCkkgaGF0ZSBzdWNoIGxvdWQsIGluY29uc2lkZXJhdGUgY3VzdG9tZXJzIQpJIHdpc2ggc29tZW9uZSB0YXVnaHQgdGhlbSBhIGxlc3Nvbi4=,,,,,W0dhcsOnb25ldGVdCkFoLCBuw6NvLi4uCkV1IG9kZWlvIGVzc2VzIGNsaWVudGVzIGJhcnVsaGVudG9zIGUgbWFsIGVkdWNhZG9zIQpFc3Blcm8gcXVlIGhhamEgYWxndcOpbSBxdWUgcG9zc2EgcmVwcmVlbmTDqi1sb3Mu,,W01lc2VyYV0KVWYsCsKhb2RpbyBhIGxvcyBjbGllbnRlcyBydWlkb3NvcyB5IGRlc2NvbnNpZGVyYWRvcyEKT2phbMOhIGFsZ3VpZW4gbGVzIGRpZXJhIHVuYSBsZWNjacOzbi4=
KaHoAg,,W1dhaXRyZXNzXQpPaCwKQ2hhbXBpb24uIFRoYW5rIHlvdQpmb3IgeW91ciBoZWxwIGVhcmxpZXIu,,,,,W0dhcsOnb25ldGVdCk9oLCBtaW5oYSBub3NzYX4KRmljbyBtdWl0byBhZ3JhZGVjaWRhIHBvciB2b2PDqiB0ZXIgbWUgYWp1ZGFkbyBow6EgdW0gdGVtcG8gYXRyw6FzLCBDYW1wZcOjby4=,,W01lc2VyYV0KT2gsCkNhbXBlw7NuLiBHcmFjaWFzLApwb3IgYXl1ZGFybWUgYW50ZXMu
KqHoAg,,W1dhaXRyZXNzXQpPaCwgdGhhdCBsYWR5LgpTaGUncyBiZWVuIGhlcmUgZm9yIGEgZmV3IGRheXMgbm93LgpTaGUncyBzbyBhbWF6aW5nLCBpc24ndCBzaGU/,,,,,W0dhcsOnb25ldGVdCkFoLCBhIHBlc3NvYSBxdWUgdmltb3MgYW50ZXM/CkVsYSBlc3TDoSBob3NwZWRhZGEgbmVzdGEgdmlsYSBow6EgZGlhcywKRWxhIG7Do28gw6kgZGVtYWlzPw==,,W01lc2VyYV0KT2gsIGVzYSBkYW1hLgpMbGV2YSBhcXXDrSB1bm9zIGTDrWFzLgpFcyBpbmNyZcOtYmxlLCDCv3ZlcmRhZD8=
K6HoAg,,W1dhaXRyZXNzXQpJIGRpZG4ndCBrbm93IEkgY291bGQgZmFsbCBpbiBsb3ZlIHdpdGggYW5vdGhlciB3b21hbi4gCkF3d3cuLi4gU2hlJ3Mgc28gYmVhdXRpZnVsIGFuZCBzdHJvbmcuLi4g,,,,,W0dhcsOnb25ldGVdCkFwZXNhciBkZSBlbGEgc2VyIHVtYSBtdWxoZXIgY29tbyBldSwgZWxhIGZvaSB0w6NvIGJhY2FuYSEKQWhoaGh+IEFxdWVsYSBiZWxhIGUgaW1wb25lbnRlIGZpZ3VyYS4uLg==,,W01lc2VyYV0KTm8gc2Fiw61hIHF1ZSBwb2TDrWEgZW5hbW9yYXJtZSBkZSBvdHJhIG11amVyLiAKQXl5eS4uLiBFcyB0YW4gaGVybW9zYSB5IGZ1ZXJ0ZS4uLiA=
LKHoAg,,W1dhaXRyZXNzXQpBaCEKV2hhdCBhbSBJIGRvaW5nPwpTaGUncyB3YWl0aW5nIGZvciBoZXIgZGlubmVyLiBIbyBobyE=,,,,,W0dhcsOnb25ldGVdCk9oLCBtaW5oYSBub3NzYSEhCkV1IG1lIGVzcXVlY2kgZGUgZmF6ZXIgdW1hIGNvaXNhIQpFdSBkZXZlcmlhIGNvemluaGFyIGFnb3JhIG1lc21vIGUgZGVwb2lzIGxldmFyIGEgcmVmZWnDp8OjbyDDoCBlc3RhbGFnZW0uIEFhYWhofg==,,W01lc2VyYV0KwqFBaCEKwr9RdcOpIGhhZ28/CkVzdMOhIGVzcGVyYW5kbyBzdSBjZW5hLiBKbywgam8u
LaHoAg,,W1dhaXRyZXNzXQpDdXN0b21lciwgaWYgeW91IGhhdmVuJ3QgZGVjaWRlZCB3aGVyZSB0byBzdGF5LCB5b3UgY2FuIGFsd2F5cyBzdGF5IHdpdGggdXMuIFdlJ3ZlIGdvdCBeRjU3RDdEZ3Vlc3Qgcm9vbXMgdXBzdGFpcnNeMDAwMDAwLg==,,,,,W0dhcsOnb25ldGVdClNlIHZvY8OqIGFpbmRhIG7Do28gZGVjaWRpdSBvbmRlIGZpY2FyLCBwb3IgZmF2b3IsIHVzZSBeRjU3RDdEYSBlc3RhbGFnZW0gbmEgcGFydGUgZGUgY2ltYSBkZXN0ZSBwcsOpZGlvXjAwMDAwMC4=,,W01lc2VyYV0KQ2xpZW50ZSwgc2kgYcO6biBubyBkZWNpZGlzdGUgZMOzbmRlIGFsb2phcnRlLCBwdWVkZXMgcXVlZGFydGUgYXF1w60uIFRlbmVtb3MgXkY1N0Q3RGhhYml0YWNpb25lcyBwYXJhIGh1w6lzcGVkZXMgYXJyaWJhXjAwMDAwMC4=
LqHoAg,,W1dhaXRyZXNzXQpGaW5hbGx5LCB0aGV5J3ZlIHNodXQgdXAuCkhhaCEgVGhhdCBzZXJ2ZWQgdGhlbSByaWdodCE=,,,,,W0dhcsOnb25ldGVdCkFnb3JhIHF1ZSBvcyBjbGllbnRlcyBmaWNhcmFtIHF1aWV0b3MgdW0gcG91Y28uCkFoaGgsIGFnb3JhIG1lIHNpbnRvIG1lbGhvciE=,,W01lc2VyYV0KUG9yIGZpbiBzZSBjYWxsYXJvbi4KwqFKYSEgwqFTZSBsbyBtZXJlY8OtYW4h
L6HoAg,,Pz8/,,,,,Pz8/,,Pz8/
MKHoAg,,Wz8/P10KV2hvJ3MgdGhlcmU/,,,,,Wz8/P10KUXVlbSDDqT8h,,W8K/wr/Cvz8/P10Kwr9RdWnDqW4gZXN0w6EgYWjDrT8=
MaHoAg,,W3swfV0KSSBtZXQgeW91IGF0IHRoZSB0YXZlcm4gZG93bnN0YWlycy4KSSdkIGxpa2UgdG8gYXNrIHlvdSBzb21ldGhpbmcu,,,,,W3swfV0KU291IGEgcGVzc29hIHF1ZSBlc3RhdmEgbm8gYmFyIGjDoSBhbGd1bSB0ZW1wby4KVGVuaG8gYWxnbyBwYXJhIHBlcmd1bnRhci4=,,W3swfV0KTm9zIGNvbm9jaW1vcyBlbiBsYSB0YWJlcm5hIGRlIGFiYWpvLgpNZSBndXN0YXLDrWEgcHJlZ3VudGFydGUgYWxnby4=
MqHoAg,,Wz8/P10KSnVzdCBnbyBhd2F5Lg==,,,,,Wz8/P10KTsOjbyBtZSBpbXBvcnR1bmUsIHbDoSBlbWJvcmEh,,W8K/wr/Cvz8/P10KVmV0ZS4=
M6HoAg,,W3swfV0KT2gsIHBsZWFzZS4uLiAqR3JpdHRpbmcgdGVldGgq,,,,,W3swfV0KUG9yIGZhdm9yLCBldSBzw7MgcXVlcm8gY29udmVyc2FyLg==,,W3swfV0KUG9yIGZhdm9yLi4uICpBcHJpZXRhIGxvcyBkaWVudGVzKi4=
NKHoAg,,Wz8/P10KLi4u,,,,,Wz8/P10KLi4u,,W8K/wr/Cvz8/P10KLi4u
NaHoAg,,W3swfV0KQ29tZSBvbiwgc3RvcCBpZ25vcmluZyBtZS4=,,,,,W3swfV0KTsOjbyBtZSBpZ25vcmUsIGFwZW5hcyBmYWxlIGNvbWlnby4=,,W3swfV0KVmFtb3MsIGRlamEgZGUgaWdub3Jhcm1lLg==
NqHoAg,,W3swfV0KQ2FuJ3QgeW91IGp1c3QgdGFsayB0byBtZSBmb3IgYSBzZWNvbmQ/,,,,,W3swfV0KQXBlbmFzIHBvciB1bSBpbnN0YW50ZSwgbsOjbyB0ZW0gcHJvYmxlbWE/,,W3swfV0Kwr9ObyBwdWVkZXMgaGFibGFyIGNvbm1pZ28gdW4gc2VndW5kbz8=
N6HoAg,,W3swfV0KSXQncyBub3QgbGlrZSBJIGNhbWUgdG8gaHVydCB5b3Ugb3IgYW55dGhpbmcu,,,,,W3swfV0KTsOjbyBlc3RvdSBhcXVpIHBhcmEgbGhlIG1hY2h1Y2FyLg==,,W3swfV0KTm8gdmluZSBhIGhhY2VydGUgZGHDsW8gbmkgbmFkYSBkZSBlc28u
OKHoAg,,W3swfV0KSSBqdXN0IHdhbnQgdG8gdGFsayB0byB5b3Uu,,,,,W3swfV0KQ29tbyB2b2PDqiBwb2RlIHRyYXRhciB0w6NvIG1hbCBhbGd1w6ltIHF1ZSB2ZWlvIMOgIHN1YSBwb3J0YT8=,,W3swfV0KU29sbyBxdWllcm8gaGFibGFyIGNvbnRpZ28u
OaHoAg,,W3swfV0KLi4uSSBjYW4ndCBiZWxpZXZlIGhvdyBoZWFydGxlc3MgeW91IGFyZS4=,,,,,W3swfV0KVm9jw6ogZXN0w6EgaW5kbyBsb25nZSBkZW1haXMu,,W3swfV0KLi4uIG5vIHB1ZWRvIGNyZWVyIHF1ZSBzZWFzIHRhbiBpbnNpc3RlbnRlLg==
OqHoAg,,W3swfV0KSSB0aG91Z2h0IHlvdSB3ZXJlIGFuIGhvbm9yYWJsZSB3YXJyaW9y,,,,,W3swfV0KRGVwb2lzIHF1ZSB2aSB2b2PDqiBsdXRhbmRvLi4u,,W3swfV0KUGVuc8OpIHF1ZSB0ZW7DrWFzIGhvbm9yLi4uIA==
O6HoAg,,W3swfV0Kd2hlbiBJIHNhdyB5b3UgZmlnaHQu,,,,,W3swfV0KUGVuc2VpIHF1ZSB2b2PDqiBkZXZlIHRlciBwcmF0aWNhZG8gYXJ0ZXMgbWFyY2lhaXMgZSB2aW0gbWUgZW5jb250cmFyIGNvbSB2b2PDqi4=,,W3swfV0KLi4uIGN1YW5kbyB0ZSB2aSBsdWNoYXIu
PKHoAg,,W3swfV0KT2J2aW91c2x5LCB5b3UncmUgbm90LiBPciB5b3Ugd291bGRuJ3QgaGF2ZSBrZXB0IHNvbWVvbmUgd2FpdGluZyBvdXRzaWRlIHRoZSBkb29y,,,,,W3swfV0KTWFzIHZlbmRvIHF1ZSB2b2PDqiBtZSBkZWl4b3UgcGFyYSBmb3JhIGRlc3NlIGplaXRvLi4u,,W3swfV0KT2J2aWFtZW50ZSwgbm8gZXMgYXPDrS4gTyBubyBoYWJyw61hcyBoZWNobyBlc3BlcmFyIGVuIGxhIHB1ZXJ0YSBhIGFsZ3VpZW4uLi4g
PaHoAg,,W3swfV0Kd2hlbiBhbGwgdGhleSB3YW50ZWQgd2FzIHRvIHNob3cgeW91IHJlc3BlY3Qu,,,,,W3swfV0KVm9jw6ogZGV2ZSB0ZXIgdW0gbsOtdmVsIGF2YW7Dp2FkbyBkZSBhcnRlcyBtYXJjaWFpcy4uLg==,,W3swfV0KLi4uIHF1ZSBxdWVyw61hIG1vc3RyYXJ0ZSByZXNwZXRvLg==
PqHoAg,,Wz8/P10KR29vZCBnb2RzLCB5b3UncmUgcGVyc2lzdGVudC4=,,,,,Wz8/P10KUXVlIHBlcnNpc3RlbnRlLi4u,,W8K/wr/Cvz8/P10KU2FudG8gY2llbG8sIHPDrSBxdWUgZXJlcyBwZXJzaXN0ZW50ZS4=
P6HoAg,,Wz8/P10KV2hhdCB0aGUgaGVsbCBkbyB5b3Ugd2FudD8=,,,,,Wz8/P10KTWFzIHF1ZSByYWlvcyB2b2PDqiBxdWVyPw==,,W8K/wr/Cvz8/P10Kwr9RdcOpIGRlbW9uaW9zIHF1aWVyZXM/
QKHoAg,,RmlnaHRlcg==,,,,,THV0YWRvcg==,,Q2F6YQ==
QaHoAg,,W0ZpZ2h0ZXJdCkFoLCBJJ20gZXhoYXVzdGVkLgpUaGUgcGF0aCBvZiB0cmFpbmluZyBpcyBsb25nIGFuZCBwZXJpbG91cy4=,,,,,W0ZpZ2h0ZXJdCkFoaGhofiBFc3RvdSB0w6NvIGNhbnNhZG8uLi4KTyB0cmVpbmFtZW50byDDqSBkaWbDrWNpbCBlIHRlbmhvIHVtIGxvbmdvIGNhbWluaG8gYSBwZXJjb3JyZXIh,,W0x1Y2hhZG9yXQpBaCwgZXN0b3kgYWdvdGFkby4KRWwgY2FtaW5vIGRlbCBlbnRyZW5hbWllbnRvIGVzIGxhcmdvIHkgcGVsaWdyb3NvLg==
QqHoAg,,W3swfV0KSSB3YW50IHRvIGFzayB5b3UgYWJvdXQgeW91ciB0ZWNobmlxdWUgZWFybGllci4=,,,,,W3swfV0KUXVlcm8gc2FiZXIgc29icmUgYSBoYWJpbGlkYWRlIHF1ZSB2b2PDqiB1c291IGjDoSBhbGd1bSB0ZW1wby4=,,W3swfV0KUXVpZXJvIHByZWd1bnRhcnRlIHBvciB0dSB0w6ljbmljYSBkZSBhbnRlcy4=
Q6HoAg,,Wz8/P10KLi4uCi4uLgouLi4KLi4uCkl0J3Mgbm90IGZvciBhIGZsZWRnZWxpbmcgbGlrZSB5b3Uu,,,,,Wz8/P10KLi4uCi4uLi4uLgouLi4uLi4uLi4KLi4uLi4uLi4uLi4uIFVtIG5vdmF0byBjb21vIHZvY8OqIG7Do28gcHJlY2lzYSBzYWJlci4=,,W8K/wr/Cvz8/P10KLi4uCi4uLgouLi4KLi4uCk5vIGVzIHBhcmEgcHJpbmNpcGlhbnRlcyBjb21vIHTDui4=
RKHoAg,,W3swfV0KSSdtIG5vdCBhIGZsZWRnZWxpbmchCkknbSBhIHdhcnJpb3IsIGp1c3QgbGlrZSB5b3UuCkkgY2FuIGJlYXQgYW55b25lLg==,,,,,W3swfV0KTm92YXRvPyEKRXUgcHJhdGljbyBhcnRlcyBtYXJjaWFpcyBjb25zdGFudGVtZW50ZS4KVGVuaG8gY29uZmlhbsOnYSBxdWUgamFtYWlzIHBlcmRlcmVpLg==,,W3swfV0KwqFObyBzb3kgcHJpbmNpcGlhbnRlIQpTw6kgbHVjaGFyIHRhbiBiaWVuIGNvbW8gdMO6LgpQdWVkbyBkZXJyb3RhciBhIGN1YWxxdWllcmEu
RaHoAg,,Wz8/P10KRXZlbiBtZT8=,,,,,Wz8/P10KRW50w6NvLCB2b2PDqiB0YW1iw6ltIHBvZGUgbWUgdmVuY2VyPw==,,W8K/wr/Cvz8/P10Kwr9JbmNsdXNvIGEgbcOtPw==
RqHoAg,,W3swfV0KLi4uTm8uClRoYXQncyBwcm9iYWJseSBiZXlvbmQgbXkgYWJpbGl0eS4KSSd2ZSBnb3QgdG8gc2F5LCBJJ20gc3VycHJpc2VkLg==,,,,,W3swfV0KTsOjby4uLgpFdSBhY2hvIHF1ZSBpc3NvIMOpIGRlbWFpcy4uLiAKUGFyYSBzZXIgc2luY2VybywgZmlxdWVpIGltcHJlc3Npb25hZG8gY29tIHZvY8OqLg==,,W3swfV0KLi4uIG5vLgpDcmVvIHF1ZSBlc28gc3VwZXJhIG1pIGhhYmlsaWRhZC4KRGVibyBhZG1pdGlyIHF1ZSBtZSBzb3JwcmVuZGlzdGUu
R6HoAg,,W3swfV0KV2F0Y2hpbmcgeW91IGZpZ2h0IGhhcyBodW1ibGVkIG1lLiBJJ20gbm90IGFzIHN0cm9uZyBhcyBJIHRob3VnaHQgSSB3YXMu,,,,,W3swfV0KUGVuc2VpIHF1ZSBldSBlcmEgZm9ydGUgbyBzdWZpY2llbnRlLCBtYXMgZGVwb2lzIGRlIHZlciB2b2PDqiBsdXRhciwgcGVyY2ViaSBxdWUgZXN0YXZhIG11aXRvIGNvbnZlbmNpZG8u,,W3swfV0KVmVydGUgbHVjaGFyIG1lIGhpem8gbcOhcyBodW1pbGRlLiBObyBzb3kgdGFuIGZ1ZXJ0ZSBjb21vIGNyZcOtYS4=
SKHoAg,,Wz8/P10KSGVoIGhlaC4gRXZlbiBpZiB5b3UncmUgc3Ryb25nLAp5b3UncmUgb25seSBzdHJvbmcgd2l0aGluIHlvdXIgbGltaXRzLg==,,,,,Wz8/P10KVXV1dWh+IE7Do28gaW1wb3J0YSBxdcOjbyBmb3J0ZSB2b2PDqiBzZWphLAp2b2PDqiBuw6NvIHBvZGUgZXZpdGFyIGFsY2Fuw6dhciBvIHNldSB2ZXJkYWRlaXJvIGxpbWl0ZS4=,,W8K/wr/Cvz8/P10KSmUsIGplLiBBdW5xdWUgc2VhcyBmdWVydGUsCnNvbG8gbG8gZXJlcyBkZW50cm8gZGUgdHVzIGzDrW1pdGVzLg==
SaHoAg,,W3swfV0KSSB3YXMgcmlnaHQu,,,,,W3swfV0KVm9jw6ogw6kgZXhhdGFtZW50ZSBxdWVtIGV1IGVzdGF2YSBlc3BlcmFuZG8u,,W3swfV0KVGVuw61hIHJhesOzbi4=
SqHoAg,,W3swfV0KSSB0aG91Z2h0IHlvdSdkIGtub3cKaG93IHRvIGJyZWFrIHBhc3QgdGhlIGxpbWl0cy4=,,,,,W3swfV0KQWNoZWkgcXVlIHZvY8OqIHNhYmVyaWEKY29tbyBzdXBlcmFyIGVzc2EgbGltaXRhw6fDo28u,,W3swfV0KUGVuc8OpIHF1ZSBzYWJyw61hcwpjw7NtbyBzdXBlcmFybG9zLg==
S6HoAg,,Wz8/P10KU3RvcCBpdC4=,,,,,Wz8/P10KUGFyZS4=,,W8K/wr/Cvz8/P10KRGV0ZW50ZS4=
TKHoAg,,W3swfV0KV2hhdD8gV2h5Pw==,,,,,W3swfV0KSGVpbj8gUG9yIHF1w6o/,,W3swfV0Kwr9RdcOpPyDCv1BvciBxdcOpPw==
TaHoAg,,Wz8/P10KQXJlIHlvdSBhIGh1bWFuPw==,,,,,Wz8/P10KVm9jw6ogw6kgaHVtYW5vPw==,,W8K/wr/Cvz8/P10Kwr9QZXJ0ZW5lY2VzIGEgbGEgcmF6YSBodW1hbmE/
TqHoAg,,W3swfV0KUGFyZG9uPwpXaGF0IGRvIHlvdSBtZWFuPwpPZiBjb3Vyc2UsIEkgYW0u,,,,,W3swfV0KSGVpbj8KIMOJIGNsYXJvLCBzb3UgaHVtYW5vIGNvbW8gdm9jw6ogZXN0w6EgdmVuZG8gYWdvcmEu,,W3swfV0Kwr9Dw7Ntbz8Kwr9RdcOpIHF1aWVyZXMgZGVjaXI/CkNsYXJvIHF1ZSBzw60u
T6HoAg,,Wz8/P10KVGhlbiwgeW91IGNhbid0IGJlY29tZSBzdHJvbmdlciB0aGFuIHlvdSBhcmUgcmlnaHQgbm93LgpKdXN0IGdvIGdyYWIgYSBmZXcgYmV0dGVyIHBpZWNlcyBvZiBlcXVpcG1lbnQuIFRoYXQnbGwgdGFrZSBjYXJlIG9mIHlhLg==,,,,,Wz8/P10KIMOJIGRpZsOtY2lsIGRlbWFpcyBwYXJhIHVtIG1lcm8gaHVtYW5vIGZpY2FyIG1haXMgZm9ydGUuClNlIHZvY8OqIHF1aXNlciwgY29tcHJlIGVxdWlwYW1lbnRvcyBtZWxob3Jlcy4=,,W8K/wr/Cvz8/P10KRW50b25jZXMgbm8gcHVlZGVzIGhhY2VydGUgbcOhcyBmdWVydGUuCkJ1c2NhIG1lam9yIGVxdWlwYW1pZW50by4gRXNvIHRlIGF5dWRhcsOhLg==
UKHoAg,,W3swfV0KVGhlbiwgd2hhdCBhcmUgeW91PwpBcmUgeW91IG5vdCBhIGh1bWFuPw==,,,,,W3swfV0KRW50w6NvLCBvIHF1ZSDDqSB2b2PDqj8KUXVlciBkaXplciBxdWUgdm9jw6ogbsOjbyDDqSB1bSBzZXIgaHVtYW5vPw==,,W3swfV0KWSB0w7osIMK/cXXDqSBlcmVzPwrCv05vIGVyZXMgaHVtYW5hPw==
UaHoAg,,Wz8/P10KQnJlYWtpbmcgdGhyb3VnaCB0aGUgbGltaXRzCmlzbid0IHNvbWV0aGluZyBhIGh1bWFuIGNhbiBkby4KT25seSBhIGZpZW5kIGNhbiBkbyBpdC4=,,,,,Wz8/P10KU3VwZXJhciBvIGxpbWl0ZS4uLgogw6kgaW1wb3Nzw612ZWwgcGFyYSB1bSBodW1hbm8uCiDDiSBhIG1hbmVpcmEgZGUgdW0gZmFudGFzbWEuLi4=,,W8K/wr/Cvz8/P10KU3VwZXJhciBsb3MgbMOtbWl0ZXMKbm8gZXMgYWxnbyBwb3NpYmxlIHBhcmEgbG9zIGh1bWFub3MuClNvbG8gdW4gZGVtb25pbyBwdWVkZSBoYWNlcmxvLg==
UqHoAg,,W3swfV0KQSBmaWVuZD8=,,,,,W3swfV0KRmFudGFzbWE/,,W3swfV0Kwr9VbiBkZW1vbmlvPw==
U6HoAg,,Wz8/P10KV2hlbiBJIGNob3NlIHRoaXMgcGF0aCwgSSBnYXZlIHVwIG9uIGJlaW5nIGEgaHVtYW4uCkkgdHVybmVkIGF3YXkgZnJvbSBPZGluJ3MgcHJvdGVjdGlvbiB0byBiZWNvbWUgYSBTdXJhLg==,,,,,Wz8/P10KQWJyaSBtw6NvIGRlIHNlciBodW1hbm8gZGVwb2lzIHF1ZSBlc2NvbGhpIGVzdGUgY2FtaW5oby4KTyBjYW1pbmhvIHBhcmEgc2UgdG9ybmFyIHVtIFN1cmEgYWJhbmRvbmFuZG8gYSBwcm90ZcOnw6NvIGRpdmluYS4=,,W8K/wr/Cvz8/P10KQ3VhbmRvIGVsZWfDrSBlc3RlIGNhbWlubywgcmVudW5jacOpIGEgbWkgaHVtYW5pZGFkLgpNZSBhbGVqw6kgZGUgbGEgcHJvdGVjY2nDs24gZGUgT2TDrW4gcGFyYSBjb252ZXJ0aXJtZSBlbiBTdXJhLg==
VKHoAg,,Wz8/P10KV2hlbiB5b3UncmUgb24gdGhpcyBwYXRoLCB5b3UgY2FuIG5ldmVyIHJlc3QuCllvdSBkb24ndCBnZXQgdG8gcmVzdDsgeW91J3JlIGp1c3QgYSBwdXBwZXQgZm9yIHdhci4=,,,,,Wz8/P10KVm9jw6ogbsOjbyB0ZXLDoSB0ZW1wbyBwYXJhIGRlc2NhbnNhciBzZSBlc2NvbGhlciBlc3RlIGNhbWluaG8uClZvY8OqIHNlIHRvcm5hcsOhIHVtIGZhbnRvY2hlIHBhcmEgYSBndWVycmEuLi4=,,W8K/wr/Cvz8/P10KRW4gZXN0ZSBjYW1pbm8sIG51bmNhIHB1ZWRlcyBkZXNjYW5zYXIuCk5vIGhheSByZXBvc28sIHNvbG8gZXJlcyB1bmEgbWFyaW9uZXRhIHBhcmEgbGEgZ3VlcnJhLg==
VaHoAg,,SSBzdGlsbCB3YW50IHRvIGtub3cu,,,,,TWFzIGV1IGFpbmRhIHF1ZXJvIHNhYmVyIG1haXMu,,QcO6biBxdWllcm8gc2FiZXIgbcOhcy4=
VqHoAg,,T2theSwgdGhlbiBmb3JnZXQgaXQu,,,,,QmVtLCB2b3UgZGVzaXN0aXIu,,RW50b25jZXMgb2x2w61kYWxvLg==
V6HoAg,,Wz8/P10KQXJlIHlvdSBzZXJpb3VzPwpXaHkgd291bGQgeW91IHdhbnQgdG8gZ2l2ZSB1cCB5b3VyIGh1bWFuaXR5Pw==,,,,,Wz8/P10KVm9jw6ogw6kgdW0gaWRpb3RhLCBuw6NvIMOpPwpQb3IgcXVlIGVzdMOhIHTDo28gZmVsaXogcG9yIHNlciB1bSBmYW50YXNtYT8=,,W8K/wr/Cvz8/P10Kwr9MbyBkaWNlcyBlbiBzZXJpbz8Kwr9Qb3IgcXXDqSBxdWVycsOtYXMgcmVudW5jaWFyIGEgdHUgaHVtYW5pZGFkPw==
WKHoAg,,Wz8/P10KSnVzdCBsaXN0ZW4gdG8gbWUgYW5kIGZvcmdldCBhYm91dCBpdC4gT3IgeW91J2xsIHJlZ3JldCBmb3IgdGhlIHJlc3Qgb2YgeW91ciBsaWZlLg==,,,,,Wz8/P10KVm9jw6ogdmFpIHNlIGFycmVwZW5kZXIsIGVudMOjbyBzZSBjb250ZW50ZSBjb20gYSBzdWEgdmlkYSBwcmVzZW50ZS4=,,W8K/wr/Cvz8/P10KRXNjw7pjaGFtZSB5IGx1ZWdvIG9sdsOtZGFsbywgbyB0ZSBhcnJlcGVudGlyw6FzIHBvciBlbCByZXN0byBkZSB0dSB2aWRhLg==
WaHoAg,,W3swfV0KVG9vIGxhdGUuIFRoZSBtb21lbnQgSSBzYXcgeW91IGZpZ2h0LCB0aGUgZGVjaXNpb24gd2FzIG1hZGUh,,,,,W3swfV0KQmVtLCBhZ29yYSBxdWUgZXUgY29uaGXDp28gdm9jw6osIG7Do28gdml2ZXJlaSBtYWlzIGRlc3NlIGplaXRvIQ==,,W3swfV0KWWEgZXMgdGFyZGUuIEVuIGN1YW50byB0ZSB2aSBsdWNoYXIsIMKhbGEgZGVjaXNpw7NuIGVzdGFiYSB0b21hZGEh
WqHoAg,,Wz8/P10KT2gsIGdvZHMuIFlvdSdyZSBzbyB0aXJpbmcu,,,,,Wz8/P10KSGFoLi4uIHZvY8OqIHJlYWxtZW50ZSBlc3TDoSBtZSBjYW5zYW5kby4=,,W8K/wr/Cvz8/P10KT2gsIHZheWEuIE1lIGFnb3Rhcy4=
W6HoAg,,Wz8/P10KQWxyaWdodCwgdGhlbiBnbyBeRjU3RDdEaHVudCAxMDAgRGVzZXJ0IFdvbHZlc14wMDAwMDAuCklmIHlvdSBkbyB0aGlzLCBJJ2xsIHRoaW5rIGFib3V0IGl0Lg==,,,,,Wz8/P10KQ2VydG8sIGVudMOjbyBeRjU3RDdEIHbDoSBlIG1hdGUgMTAwIExvYm9zIGRvIERlc2VydG8uXjAwMDAwMApEZXBvaXMgZGlzc28sIHBlbnNhcmVpIG5pc3NvIG5vdmFtZW50ZS4=,,W8K/wr/Cvz8/P10KTXV5IGJpZW4sIGVudG9uY2VzIHZlIGEgXkY1N0Q3RGNhemFyIDEwMCBMb2JvcyBkZWwgZGVzaWVydG9eMDAwMDAwLgpTaSBsbyBsb2dyYXMsIGxvIHBlbnNhcsOpLg==
XKHoAg,,Wz8/P10KR29vZCB0aGlua2luZyEKV2h5IHdvdWxkIHlvdSB3YW50IHRvIHZvbHVudGVlciBmb3IgdHJvdWJsZSwgcmlnaHQ/,,,,,Wz8/P10KQmVtLCBib2EgcGVkaWRhLgpWb2PDqiBuw6NvIHByZWNpc2EgcHJvY3VyYXIgY29uZnVzw6NvLg==,,W8K/wr/Cvz8/P10KwqFCaWVuIHBlbnNhZG8hCsK/UG9yIHF1w6kgcXVlcnLDrWFzIG1ldGVydGUgZW4gcHJvYmxlbWFzPw==
XaHoAg,,Wz8/P10KR2VleiEKRGlkIHlvdSByZWFsbHkgaHVudCB0aGVtIGFsbD8KSSBvbmx5IHdhbnRlZCB0byBzY2FyZSB5b3UgYXdheS4=,,,,,Wz8/P10KVWF1IQpWb2PDqiByZWFsbWVudGUgbWF0b3UgdG9kb3MgYXF1ZWxlcyBsb2Jvcz8KRXUgYWNoZWkgcXVlIHZvY8OqIHRpbmhhIGRlc2lzdGlkby4=,,W8K/wr/Cvz8/P10KwqFDaWVsb3MhCsK/RGUgdmVyZGFkIGNhemFzdGUgdGFudG9zPwpTb2xvIHF1ZXLDrWEgYXN1c3RhcnRlLg==
XqHoAg,,Wz8/P10KQnV0IEknbSBhIHdvbWFuIG9mIGhlciB3b3JkLgpFdmVuIHRob3VnaCBJIGRpZG4ndCB0aGluayB5b3UgY291bGQgZG8gaXQsIGEgcHJvbWlzZSBpcyBhIHByb21pc2Uu,,,,,Wz8/P10KQSBwYWxhdnJhIGRlIHVtYSBtdWxoZXIgw6kgYSBzdWEgZ2FyYW50aWEhIQpVbWEgcHJvbWVzc2Egw6kgdW1hIHByb21lc3NhLg==,,W8K/wr/Cvz8/P10KUGVybyBzb3kgdW5hIG11amVyIGRlIHBhbGFicmEuCkF1bnF1ZSBubyBjcmXDrWEgcXVlIHB1ZGllcmFzIGhhY2VybG8sIHVuYSBwcm9tZXNhIGVzIHVuYSBwcm9tZXNhLg==
X6HoAg,,Wz8/P10KR28gdG8gXkY1N0Q3RHRoZSBWYWxsZXkgb2YgQWJ5c3MgaW4gdGhlIEVsIE1lcyBHb3JnZSB0byB0aGUgc291dGhlYXN0IGZyb20gSnVub14wMDAwMDAuCk9uZSBvZiBteSBicm90aGVycywgXkY1N0Q3REJ1ZGR5XjAwMDAwMCwgaXMgdHJhaW5pbmcgc29tZXdoZXJlIGFyb3VuZCBpdC4=,,,,,Wz8/P10KVsOhIGFvIF5GNTdEN0RWYWxlIGRvIEFiaXNtbyBubyBQbGFuYWx0byBkZSBFbCBNZXMgYW8gc3VkZXN0ZSBkZSBKdW5vXjAwMDAwMC4KTWV1IGNvbGVnYSBeRjU3RDdEQnVkZHleMDAwMDAwIGVzdGFyw6EgdHJlaW5hbmRvIHBvciBsw6Eu,,W8K/wr/Cvz8/P10KVmUgYWwgXkY1N0Q3RFZhbGxlIGRlbCBhYmlzbW8sIGVuIGVsIENhw7HDs24gRWwgTWVzLCBhbCBzdXJlc3RlIGRlIEp1bm9eMDAwMDAwLgpVbm8gZGUgbWlzIGhlcm1hbm9zLCBeRjU3RDdEQnVkZHleMDAwMDAwLCBlc3TDoSBlbnRyZW5hbmRvIHBvciBhbGzDrS4=
YKHoAg,,W0JydW5vXQpUZWxsIGhpbSBCcnVubyBzZW50IHlvdS4gRXZlcnl0aGluZyBlbHNlIGlzIHVwIHRvIHlvdS4=,,,,,W0JydW5vXQpEaWdhIGEgZWxlIHF1ZSAnQnJ1bm8nIG1hbmRvdSB2b2PDqiBsw6EgZSBkZXBvaXMgZmlxdWUgw6Agdm9udGFkZS4=,,W0JydW5hXQpEaWxlIHF1ZSB0ZSBlbnbDrWEgQnJ1bmEuIFRvZG8gbG8gZGVtw6FzIGRlcGVuZGUgZGUgdGku
YaHoAg,,W0JydW5vXQpHbyB0byBeRjU3RDdEdGhlIFZhbGxleSBvZiBBYnlzcyBpbiB0aGUgRWwgTWVzIEdvcmdlIHRvIHRoZSBzb3V0aGVhc3QgZnJvbSBKdW5vXjAwMDAwMC4KT25lIG9mIG15IGJyb3RoZXJzLCBeRjU3RDdEQnVkZHleMDAwMDAwLCBpcyB0cmFpbmluZyBzb21ld2hlcmUgYXJvdW5kIGl0Lg==,,,,,Wz8/P10KQ2VydG8sIGVudMOjbyBeN0QwNzgxIHbDoSBlIG1hdGUgMTAwIExvYm9zIGRvIERlc2VydG8uXjAwMDAwMApEZXBvaXMsIHBlbnNhcmVpIG5pc3NvIG5vdmFtZW50ZS4=,,W0JydW5hXQpWZSBhbCBeRjU3RDdEVmFsbGUgZGVsIGFiaXNtbywgZW4gZWwgQ2HDscOzbiBFbCBNZXMsIGFsIHN1cmVzdGUgZGUgSnVub14wMDAwMDAuClVubyBkZSBtaXMgaGVybWFub3MsIF5GNTdEN0RCdWRkeV4wMDAwMDAsIGVzdMOhIGVudHJlbmFuZG8gcG9yIGFsbMOtLg==
YqHoAg,,W0JydW5vXQpIZXksIGJyb3RoZXIhCkhvdyBhcmUgeW91IGRvaW5nPw==,,,,,W0JydW5vXQpFaSEKQ29tbyB0ZW0gcGFzc2Fkbz8=,,W0JydW5hXQrCoU95ZSwgaGVybWFubyEKwr9Dw7NtbyBlc3TDoXM/
Y6HoAg,,W0JydW5vXQpHb3QgYW55dGhpbmcgZm9yIHlvdXIgc2lzdGVyIGhlcmU/,,,,,W0JydW5vXQpWb2PDqiBuw6NvIHRlbSBuZW5odW0gcHJlc2VudGUgcGFyYSBvIHNldSBwcm9mZXNzb3I/,,W0JydW5hXQrCv1RpZW5lcyBhbGdvIHBhcmEgdHUgaGVybWFuYT8=
ZKHoAg,,W0JydW5vXQpObyBwcm9ibGVtLiBZb3UgY2FuJ3QgYmUgdG9vIGNhcmVmdWwuCkJlaW5nIGEgU3VyYSBpcyBtb3JlIHRoYW4ganVzdCBsb29raW5nIHN0cm9uZyBhbmQgYXdlc29tZS4=,,,,,W0JydW5vXQpSZWNvbWVuZG8gcXVlIHZvY8OqIHBlbnNlIG1lbGhvciBzb2JyZSBzZXIgdW0gU3VyYS4KTyBzdXJhIMOpIGZvcnRlIGUgZnJpbywgbWFzIG7Do28gw6kgc8OzIGlzc28u,,W0JydW5hXQpObyBoYXkgcHJvYmxlbWEuIE51bmNhIHNlIGVzIGRlbWFzaWFkbyBjdWlkYWRvc28uClNlciB1biBTdXJhIGVzIG3DoXMgcXVlIHBhcmVjZXIgZnVlcnRlIGUgaW1wcmVzaW9uYW50ZS4=
ZaHoAg,,W0JydW5vXQpNZT8KSSB3b3VsZG4ndCBoYXZlIGl0IGFueSBvdGhlciB3YXku,,,,,W0JydW5vXQpFdT8KU2UgZXUgcHJlY2lzYXIgZXNjb2xoZXIgdW1hIGNsYXNzZSBub3ZhbWVudGUsIGNvbSBjZXJ0ZXphIGVzY29saGVyZWkgU3VyYS4g,,W0JydW5hXQrCv1F1w6k/Ck5vIGxvIGNhbWJpYXLDrWEgcG9yIG5hZGEu
ZqHoAg,,QnVkZHk=,,,,,Q29sZWdh,,QnVkZHk=
Z6HoAg,,W0J1ZGR5XQpIYWghIFRvaCEgSGl5YWgh,,,,,W0NvbGVnYV0KQWzDtMO0ISEhIEFsw7TDtMO0w7QhISEgVWh1dSEhIEFsw7TDtMO0w7QhISE=,,W0J1ZGR5XQrCoUphISDCoVRvaCEgwqFLaWFpIQ==
aKHoAg,,W0J1ZGR5XQpJIGRvbid0IGtub3cgd2hhdCB5b3Ugd2FudCBmcm9tIG1lLCBidXQgaWYgeW91IHZhbHVlIHlvdXIgbGlmZSwgeW91IHdvbid0IHN0YW5kIGJlaGluZCBtZS4=,,,,,W0NvbGVnYV0KTsOjbyBzZWkgcG9yIHF1ZSB2b2PDqiBlc3TDoSBhcXVpIG1hcywgcG9yIGZhdm9yLCBuw6NvIGZpcXVlIGF0csOhcyBkZSBtaW0sIGEgbsOjbyBzZXIgcXVlIHZvY8OqIHF1ZWlyYSBtb3JyZXIu,,W0J1ZGR5XQpObyBzw6kgcXXDqSBxdWllcmVzLCBwZXJvIHNpIHZhbG9yYXMgdHUgdmlkYSwgbm8gdGUgcGFyYXLDoXMgYSBtaXMgZXNwYWxkYXMu
aaHoAg,,W3swfV0KQnJ1bm8gc2VudCBtZS4=,,,,,W3swfV0KJ0JydW5vJyBtZSBtYW5kb3UgYXF1aS4=,,W3swfV0KTWUgZW52acOzIEJydW5hLg==
aqHoAg,,W0J1ZGR5XQpBaCwgU2lzdGVyIEJydW5vLgpTdXJlLCBob3cgbWF5IEkgaGVscCB5b3U/,,,,,W0NvbGVnYV0KQWghIE1ldSBjb2xlZ2EgbWUgYXByZXNlbnRvdSBwYXJhIHZvY8OqIQpEZSBxdWFscXVlciBtb2RvLCBwb3IgcXVlIHZvY8OqIGVzdMOhIGFxdWkgcGFyYSBtZSB2ZXI/,,W0J1ZGR5XQpBaCwgbGEgaGVybWFuYSBCcnVuYS4Kwr9FbiBxdcOpIHB1ZWRvIGF5dWRhcnRlPw==
a6HoAg,,W3swfV0KSSBhc2tlZCBoZXIgYWJvdXQgaGVyIHBvd2VyLCBhbmQgc2hlIHNhaWQgSSBzaG91bGQgdGFsayB0byB5b3Uu,,,,,W3swfV0KUGVyZ3VudGVpIGEgQnJ1bm8gc29icmUgYSBzdWEgZm9yw6dhIGUgZWxhIG1lIHJlY29tZW5kb3UgcGFyYSB2b2PDqi4=,,W3swfV0KTGUgcHJlZ3VudMOpIHBvciBzdSBwb2RlciB5IG1lIGRpam8gcXVlIGhhYmxhcmEgY29udGlnby4=
bKHoAg,,W0J1ZGR5XQpUaGF0IHByaWNrbHkgYnJvYWQtLWFoZW0hClNpc3RlciBCcnVubyBtdXN0IGJlIHZlcnkgaW1wcmVzc2VkIGJ5IHlvdS4gU2hlJ3Mgbm90IGFuIGVhc3kgcGVyc29uIHRvIGltcHJlc3Mu,,,,,W0NvbGVnYV0KQXF1ZWxhIGdhcm90YSBkaWbDrWNpbC4uLiBuw6NvLCBlc3RvdSBicmluY2FuZG8uCkRldmUgaGF2ZXIgdW1hIHBlc3NvYSBlc3BlY2lhbCBwYXJhIGVsYSBtYW5kYXIgdm9jw6ogYSBtaW0u,,W0J1ZGR5XQpFc2EgY2hpY2EuLi4gwqFlamVtIQpEZWJlcyBoYWJlciBpbXByZXNpb25hZG8gYSBsYSBoZXJtYW5hIEJydW5hLiBObyBlcyBhbGdvIGbDoWNpbCBkZSBsb2dyYXIu
baHoAg,,W0J1ZGR5XQpCdXQgSSdtIHRyYWluaW5nIHJpZ2h0IG5vdy4gSSBjYW4ndCBhbnN3ZXIgeW91ciBxdWVzdGlvbnMuIFdoeSBkb24ndCBJIGludHJvZHVjZSB5b3UgdG8gbXkgbWFzdGVyIGluc3RlYWQ/,,,,,W0NvbGVnYV0KQmVtLCBuw6NvIHBvc3NvIHJlc3BvbmRlciBzdWEgcGVyZ3VudGEgcG9yIHF1ZSBlc3RvdSBubyBwcm9jZXNzbyBkZSBhdXRvLXRyZWluYW1lbnRvLCBlbnTDo28gbGV2YXJlaSB2b2PDqiBwYXJhIG8gbm9zc28gbWVzdHJlLg==,,W0J1ZGR5XQpQZXJvIGVzdG95IGVudHJlbmFuZG8uIE5vIHB1ZWRvIHJlc3BvbmRlciB0dXMgcHJlZ3VudGFzLiDCv1BvciBxdcOpIG5vIHRlIHByZXNlbnRvIGEgbWkgbWFlc3Rybz8=
bqHoAg,,W0J1ZGR5XQpIZSBkb2Vzbid0IGxpa2UgYmVpbmcgbG91ZC4gUGxlYXNlIF5GNTdEN0R3YWl0IHF1aWV0bHkgZm9yIGhpbSBpbiB0aGUgbG91bmdlLl4wMDAwMDA=,,,,,W0NvbGVnYV0KTWV1IG1lc3RyZSBuw6NvIGdvc3RhIGRlIGJhcnVsaG8sIGVudMOjbyBeRjU3RDdEZXNwZXJlIG5hIHNhbGEgZGUgZXN0YXIgZW0gc2lsw6puY2lvXjAwMDAwMCwgcG9yIGZhdm9yLg==,,W0J1ZGR5XQpObyBsZSBndXN0YSBlbCBydWlkbywgYXPDrSBxdWUgXkY1N0Q3RGVzcGVyYSBlbiBzaWxlbmNpbyBlbiBlbCBzYWzDs24uXjAwMDAwMA==
b6HoAg,,W0J1ZGR5XQpQbGVhc2UgY29tZSB0aGlzIHdheS4=,,,,,W0NvbGVnYV0KUG9yIGFxdWkuLi4=,,W0J1ZGR5XQpTw61ndWVtZS4=
cKHoAg,,W0J1ZGR5XQpBaCwgezB9LiBMb25nIHRpbWUsIG5vIHNlZS4KRGlkIHlvdSBjb21lIHRvIHNlZSBNYXN0ZXI/,,,,,W0NvbGVnYV0KT2gsIGjDoSBxdWFudG8gdGVtcG8sIHswfS4KVm9jw6ogdmVpbyBhcXVpIHBhcmEgZW5jb250cmFyIG8gbWV1IG1lc3RyZT8=,,W0J1ZGR5XQpBaCwgezB9LiBDdcOhbnRvIHRpZW1wbyBzaW4gdmVybm9zLgrCv1ZpbmlzdGUgYSB2ZXIgYWwgbWFlc3Rybz8=
caHoAg,,WWVzLg==,,,,,U2lt,,U8OtLg==
cqHoAg,,Tm8u,,,,,TsOjbw==,,Tm8u
c6HoAg,,W0J1ZGR5XQpMZXQgbWUgc2VuZCB5b3UgdG8gaGltIHJpZ2h0IGF3YXku,,,,,W0NvbGVnYV0KTGV2YXJlaSB2b2PDqiBhZ29yYSBtZXNtby4=,,W0J1ZGR5XQpUZSBsbGV2YXLDqSBjb24gw6lsIGRlIGlubWVkaWF0by4=
dKHoAg,,W0J1ZGR5XQpPa2F5LCB0aGVuIHdoYXQgYnJpbmdzIHlvdT8KRXJyLCB3YWl0Li4uIE1lPw==,,,,,W0NvbGVnYV0KRW50w6NvLCBwb3IgcXVlIHZvY8OqIGVzdMOhIGFxdWk/ClZvY8OqIG7Do28gdmVpbyBhcXVpIHBhcmEgbWUgdmVyLCB2ZWlvPw==,,W0J1ZGR5XQrCv1F1w6kgdGUgdHJhZSBwb3IgYXF1w60/CkVoaCwgZXNwZXJhLi4uIMK/UXXDqT8=
daHoAg,,W0J1ZGR5XQp7MH0sIGhhdmUgeW91IHRhbGtlZCB0byBNYXN0ZXIgeWV0Pw==,,,,,W0NvbGVnYV0KezB9LCBWb2PDqiBhaW5kYSBuw6NvIGVuY29udHJvdSBvIG1lc3RyZT8=,,W0J1ZGR5XQp7MH0sIMK/eWEgaGFibGFzdGUgY29uIGVsIG1hZXN0cm8/
dqHoAg,,TG91bmdl,,,,,U2FsYSBkZSBFc3BlcmEy,,U2Fsw7Nu
d6HoAg,,TG91bmdl,,,,,U2FsYSBkZSBFc3BlcmEy,,U2Fsw7NuLg==
eKHoAg,,R28gdG8gdGhlIGxvdW5nZS4=,,,,,SXIgw6Agc2FsYSBkZSBlc3Rhci4=,,SXIgYWwgc2Fsw7NuLg==
eaHoAg,,TGVhdmUu,,,,,SXIgcGFyYSBmb3JhLg==,,SXJ0ZS4=
eqHoAg,,W0J1ZGR5XQpQbGVhc2Ugd2FpdCBpbiB0aGUgbG91bmdlIHVwc3RhaXJzLg==,,,,,W0NvbGVnYV0KUG9yIGZhdm9yLCBlc3BlcmUgbmEgc2FsYSBkZSBlc3BlcmEgbmEgcGFydGUgc3VwZXJpb3Iu,,W0J1ZGR5XQpFc3BlcmEgZW4gbGEgc2FsYSBkZSBhcnJpYmEu
e6HoAg,,W0J1ZGR5XQpTZWUgeW91IGxhdGVyLg==,,,,,W0NvbGVnYV0KQmVtLCBhdMOpIGxvZ28u,,W0J1ZGR5XQpIYXN0YSBsdWVnby4=
fKHoAg,,UGhhbnRvbQ==,,,,,QWx1Y2luYcOnw6Nv,,UGhhbnRvbQ==
faHoAg,,TWFzdGVyIGlzIHRyYWluaW5nIHJpZ2h0IG5vdy4gUGxlYXNlIHdhaXQgZm9yIGFib3V0IGZpdmUgbWludXRlcyBpbiB0aGUgbG91bmdlLg==,,,,,TyBtZXN0cmUgYWdvcmEgZXN0w6Egbm8gbWVpbyBkbyB0cmVpbm8gZSB2b2PDqiBkZXZlcsOhIGFndWFyZGFyIDUgbWludXRvcy4=,,RWwgbWFlc3RybyBlc3TDoSBlbnRyZW5hbmRvIGFob3JhLiBFc3BlcmEgdW5vcyBjaW5jbyBtaW51dG9zIGVuIGxhIHNhbGEu
fqHoAg,,T2gsIGFuZCBiZXdhcmUgb2YgdGhlIHBoYW50b21zIHRoYXQgeW91IG1pZ2h0IHNlZSBpbiB0aGVyZS4=,,,,,QWghIFZvY8OqIHBvZGUgdGVyIGFsZ3VtYXMgYWx1Y2luYcOnw7VlcyBsw6EsIGVudMOjbyB0b21lIGN1aWRhZG8h,,QWgsIHkgdGVuIGN1aWRhZG8gc2kgdmVzIGVzcGVjdHJvcyBhaMOtIGRlbnRyby4=
f6HoAg,,VGhleSdyZSB0aGVyZSB1bmRlciBNYXN0ZXIncyBvcmRlci4gSSBob3BlIHlvdSB3b24ndCBiZSB0b28gYm90aGVyZWQgYnkgdGhlbS4=,,,,,RXNzYXMgc8OjbyBhcyByZWdyYXMsIHBvciBmYXZvciBjb21wcmVlbmRhLg==,,RXN0w6FuIGFsbMOtIHBvciBvcmRlbiBkZWwgbWFlc3Ryby4gRXNwZXJvIHF1ZSBubyB0ZSBtb2xlc3RlbiBkZW1hc2lhZG8u
gKHoAg,,Tm8gV2F5,,,,,SW1wb3Nzw612ZWw=,,Tm8gV2F5
gaHoAg,,RmlnbWVudCBvZiBNeSBJbWFnaW5hdGlvbg==,,,,,SW1hZ2luYcOnw6Nv,,RmlnbWVudCBvZiBNeSBJbWFnaW5hdGlvbg==
gqHoAg,,SWxsdXNpb24=,,,,,SWx1c8Ojbw==,,SWxsdXNpb24=
g6HoAg,,QXJlIHlvdSBib3JlZD8gSG93IGFib3V0IGEgbWFnYXppbmUgb3IgdHdvPw==,,,,,RXN0w6EgZW50ZWRpYWRvPyBRdWVyIHVtYSByZXZpc3RhPyA7RA==,,wr9Fc3TDoXMgYWJ1cnJpZG8/IMK/UXXDqSB0YWwgdW5hIHJldmlzdGEgbyBkb3M/
hKHoAg,,TWFnYXppbmU=,,,,,UmV2aXN0YQ==,,TWFnYXppbmU=
haHoAg,,TmV2ZXIgTWluZA==,,,,,RGVpeGEgcHJhIGzDoQ==,,TmV2ZXIgTWluZA==
hqHoAg,,Q2FuIFlvdSBTZWUgTWU/,,,,,UG9kZSBtZSB2ZXI/,,Q2FuIFlvdSBTZWUgTWU/
h6HoAg,,TWFzdGVyIGhhcyBhcnJpdmVkLiBJJ2xsIGd1aWRlIHlvdSB0byBoaXMgcm9vbSBzaG9ydGx5Lg==,,,,,TyBtZXN0cmUgY2hlZ291LiBMZXZhcmVpIHZvY8OqIGF0w6kgbMOhIGVtIGJyZXZlLg==,,TGxlZ8OzIGVsIG1hZXN0cm8uIFRlIGd1aWFyw6kgYSBzdSBoYWJpdGFjacOzbiBlbiBicmV2ZS4=
iKHoAg,,UGxlYXNlIGNvbWUgdGhpcyB3YXku,,,,,Q29tZSBvbiBoZXJlLg==,,U8OtZ3VlbWUu
iaHoAg,,SSBkb24ndCB0aGluayB5b3UncmUgcmVhZHkgdG8gc2VlIE1hc3RlciwganVzdCB5ZXQu,,,,,QWNobyBxdWUgdm9jw6ogYWluZGEgbsOjbyBlc3TDoSBwcm9udG8gcGFyYSB2ZXIgbyBtZXN0cmUuLi4=,,Q3JlbyBxdWUgYcO6biBubyB0aWVuZXMgdG9kbyBsaXN0byBwYXJhIHZlciBhbCBtYWVzdHJvLg==
iqHoAg,,TGV0IG1lIGd1aWRlIHlvdS4gUGxlYXNlLCBjb21lIHRoaXMgd2F5Lg==,,,,,Vm91IGxoZSBtb3N0cmFyIG8gY2FtaW5oby4gUG9yIGFxdWku,,RMOpamFtZSBndWlhcnRlLiBTw61ndWVtZS4=
i6HoAg,,SG93IG1heSBJIGhlbHAgeW91Pw==,,,,,UG9yIHF1ZSB2b2PDqiBlc3TDoSBhcXVpPw==,,wr9FbiBxdcOpIHB1ZWRvIGF5dWRhcnRlPw==
jKHoAg,,QnJ1bm8=,,,,,QnJ1bm8=,,U3IuIEJydW5v
jaHoAg,,W0JydW5vXQpZbywgezB9ISBXaGF0J3MgdXA/,,,,,W0JydW5vXQpFaSEgezB9LCBFIGHDrT8=,,W0JydW5hXQrCoU95ZSwgezB9ISDCv1F1w6kgc3VjZWRlPw==
jqHoAg,,VGFsay4=,,,,,VmFtb3MgdGVyIHVtYSBjb252ZXJzYS4=,,SGFibGFyLg==
j6HoAg,,W0JydW5vXQpPdXIgbWFzdGVyPwpIZSBhbHdheXMgc2F5cyBoZSdzIGJleW9uZCB0aGUgc2VjdWxhciBzb2NpZXR5IGFuZCBoZSdzIGEgZmllbmQsIG5vdCBhIG1hbiBhbnltb3JlLCBidXQgaGUgY2FuJ3QgZm9vbCBtZS4=,,,,,W0JydW5vXQpNZXUgbWVzdHJlPwpFbGUgZGlzc2UgcXVlIGVsZSB0aXJvdSBvIG11bmRvIGRlIHN1YSBtZW50ZSBlIMOpIHVtIGZhbnRhc21hIHF1ZSBhYnJpdSBtw6NvIGRlIHNlciB1bSBodW1hbm8sIG1hcyBwYXJlY2UgcXVlIGVsZSB0ZW0gdW0gZGVzZWpvIHByb2xvbmdhZG8gcGVsbyBtdW5kby4=,,W0JydW5hXQrCv051ZXN0cm8gbWFlc3Rybz8KU2llbXByZSBkaWNlIHF1ZSBlc3TDoSBtw6FzIGFsbMOhIGRlIGxhIHNvY2llZGFkIHNlY3VsYXIgeSBxdWUgZXMgdW4gZGVtb25pbywgcXVlIHlhIG5vIGVzIHVuIGhvbWJyZSwgcGVybyBhIG3DrSBubyBtZSBlbmdhw7FhLg==
kKHoAg,,W0JydW5vXQpJJ20gYSBTdXJhLCB0b28sIGJ1dCBJIHN0aWxsIGxpa2UgdHJhdmVsaW5nIGFuZCBtZWV0aW5nIHBlb3BsZS4=,,,,,W0JydW5vXQpCZW0sIHRhbWLDqW0gc291IHVtIFN1cmEsIG1hcyBhaW5kYSBnb3N0byBkZSB2aWFqYXIgZSBjb25oZWNlciBtdWl0YXMgcGVzc29hc34=,,W0JydW5hXQpZbyB0YW1iacOpbiBzb3kgdW5hIFN1cmEsIHBlcm8gbWUgZ3VzdGEgdmlhamFyIHkgY29ub2NlciBnZW50ZS4=
kaHoAg,,W0JydW5vXQpCdXQgTWFzdGVyLCB3aGVuIGhlIGRlY2lkZWQgdG8gYmVjb21lIGEgU3VyYSwgd3JvdGUgdG8gaGlzIGJlc3QgZnJpZW5k,,,,,W0JydW5vXQpOb3MgdmVsaG9zIHRlbXBvcywgbWV1IG1lc3RyZSB0aW5oYSB1bSBib20gYW1pZ28sIG1hcyBkZXBvaXMgZGUgc2UgdG9ybmFyIHVtIFN1cmEs,,W0JydW5hXQpQZXJvIGVsIG1hZXN0cm8sIGN1YW5kbyBkZWNpZGnDsyBjb252ZXJ0aXJzZSBlbiBTdXJhLCBzZSBoaXpvIHBhc2FyIHBvciBtdWVydG8gYW50ZSBzdSBtZWpvciBhbWlnby4=
kqHoAg,,W0JydW5vXQp0aGF0IGhlIHdhcyBkZWFkLgpBbmQgeWV0IGhlIHN0aWxsIHZpc2l0cyB0aGVpciBjaGVyaXNoZWQgcGxhY2Ugc29tZXRpbWVzLg==,,,,,W0JydW5vXQpvdXZpIGRpemVyIHF1ZSBlbGUgZXNjcmV2ZXUgdW1hIGNhcnRhIGFvIGFtaWdvIGRpemVuZG8gcXVlIHRpbmhhIG1vcnJpZG8uCkVudMOjbywgYWxndW1hcyB2ZXplcyBlbGUgdmlzaXRhIG8gJ2x1Z2FyIGRhIG1lbcOzcmlhJyBlbSBzZWdyZWRvLg==,,W0JydW5hXQpZLCBzaW4gZW1iYXJnbywgYSB2ZWNlcyB2aXNpdGEgZWwgbHVnYXIgZXNwZWNpYWwgcXVlIGNvbXBhcnTDrWFuLg==
k6HoAg,,W0JydW5vXQpXaHkgY2FuJ3QgaGUganVzdCB0ZWxsIGhpcyBmcmllbmQgaGUncyBhbGl2ZT8KSGUncyBhZG1pcmFibGUgYXMgYSB0ZWFjaGVyLCBidXQgaGUncyBzbyBzdHViYm9ybiBhcyBhIHBlcnNvbi4=,,,,,W0JydW5vXQpTZXJpYSBtZWxob3IgbsOjbyBkaXplciBxdWUgZWxlIHRpbmhhIG1vcnJpZG8gZSBjb250aW51YXIgZW5jb250cmFuZG8gbyBzZXUgYW1pZ28uCkVsZSDDqSBtZWlvIGFudGlxdWFkby4=,,W0JydW5hXQrCv1BvciBxdcOpIG5vIGxlIGRpY2UgYSBzdSBhbWlnbyBxdWUgZXN0w6Egdml2bz8KQ29tbyBwcm9mZXNvciwgZXMgYWRtaXJhYmxlLCBwZXJvIGVzIG11eSB0ZXN0YXJ1ZG8gY29tbyBwZXJzb25hLg==
lKHoAg,,W0JydW5vXQpBdHRyYWN0aXZlIGFzIGEgbWFuLCB0b28sIGlmIEkgbWlnaHQgYWRkLgpTcXVlZSE=,,,,,W0JydW5vXQpNYXMgw6kgbXVpdG8gbGVnYWwgZSBpbmNyw612ZWwuCkhvIGhvLg==,,W0JydW5hXQpZIGVzIGF0cmFjdGl2byB0YW1iacOpbi4KwqFHdWF1IQ==
laHoAg,,W0JydW5vXQpUbyB0ZWxsIHlvdSB0aGUgdHJ1dGgsIEknbSBub3QgcmVhbGx5IHRyYXZlbGluZyB0byB0cmFpbi4gSSdtIHRyYXZlbGluZyB0byBmaW5kIGhpcyBiZXN0IGZyaWVuZC4=,,,,,W0JydW5vXQpBIHJhesOjbyBwZWxhIHF1YWwgZXUgY29udGludW8gdmlhamFuZG8gw6kgcGFyYSBlbmNvbnRyYXIgbyAnYW1pZ28gcHJlY2lvc28nIGRlIG1ldSBtZXN0cmUgZSBwYXJhIHBhcmFyIGRlIHRyZWluYXIu,,W0JydW5hXQpBIGRlY2lyIHZlcmRhZCwgbm8gdmlham8gcGFyYSBlbnRyZW5hci4gVmlham8gcGFyYSBlbmNvbnRyYXIgYSBzdSBtZWpvciBhbWlnby4=
lqHoAg,,W0JydW5vXQpTbywgSSBjYW4gcmV1bml0ZSB0aGVtLCB5b3Uga25vdy4KRC1kb24ndCB0aGluayBJJ20gZG9pbmcgdGhpcyBmb3IgTWFzdGVyIGJlY2F1c2UgSSBkb24ndCE=,,,,,W0JydW5vXQpOw6NvIG1lIHNpbnRvIGJlbSBxdWFuZG8gdmVqbyBtZXUgbWVzdHJlIHNlbnRpbmRvIGZhbHRhIGRlIHNldSBhbWlnby4uLgpOw6NvIMOpLi4uIG7Do28gw6kgY2VydG8gcGFyYSBvIG1ldS4uLiBtZXN0cmUh,,W0JydW5hXQpQYXJhIHJldW5pcmxvcywgwr9zYWJlcz8KwqFObyBjcmVhcyBxdWUgaGFnbyBlc3RvIHBvciBlbCBtYWVzdHJvIHBvcnF1ZSBubyBlcyBhc8OtIQ==
l6HoAg,,W0JydW5vXQpXaG9hISBJIGRpZG4ndCB0aGluayB5b3UgY291bGQgbWFrZSB0aGlzIGZhci4gR29vZCBqb2Ih,,,,,W0JydW5vXQpVYXV+IFBlbnNlaSBxdWUgdm9jw6ogc2VyaWEgZGVycnViYWRvIGFudGVzIGRlIHZlciBtZXUgbWVzdHJlLCBtYXMgdm9jw6ogZmluYWxtZW50ZSBlc3TDoSBhcXVpPw==,,W0JydW5hXQrCoVZheWEhIE5vIGNyZcOtIHF1ZSBsbGVnYXLDrWFzIHRhbiBsZWpvcy4gwqFCdWVuIHRyYWJham8h
mKHoAg,,W0JydW5vXQpTaW5jZSB5b3UncmUgaGVyZSwgeW91J3JlIG15IGJyb3RoZXIgbm93LiBDYWxsIG1lIGJpZyBzaXN0ZXIsIG9rYXk/,,,,,W0JydW5vXQpEZSBxdWFscXVlciBtb2RvLCB2b2PDqiBlc3TDoSBhcXVpIGFnb3JhLCBlbnTDo28gZXUgc291IHNldSBzdXBlcmlvciBkaXJldG8u,,W0JydW5hXQpZYSBxdWUgZXN0w6FzIGFxdcOtLCBhaG9yYSBlcmVzIG1pIGhlcm1hbm8uIExsw6FtYW1lIGhlcm1hbmEgbWF5b3IsIMK/c8OtPw==
maHoAg,,W0JydW5vXQpJbiB0aGlzIGxpbmUgb2YgYnVzaW5lc3MsIGFnZXMgYXJlIGp1c3QgbnVtYmVycy4=,,,,,W0JydW5vXQpOw6NvIG5vcyBpbXBvcnRhbW9zIGNvbSBhIHN1YSBpZGFkZSBubyBzZXUgbXVuZG8h,,W0JydW5hXQpFbiBlc3RlIG5lZ29jaW8sIGxhcyBlZGFkZXMgc29uIHNvbG8gbsO6bWVyb3Mu
mqHoAg,,W0JydW5vXQpDb21lIGJhY2sgdG8gdHJhaW4gd2l0aCBtZSBhbnl0aW1lLgpJJ2xsIG1ha2Ugb25lIGZpZXJjZSBTdXJhIG91dCBvZiB5b3Uu,,,,,W0JydW5vXQpWb2x0ZSBhcXVpIHNlbXByZSBxdWUgZGVzZWphcn4KVm91IGxoZSBtb3N0cmFyIG8gY3Vyc28gZGUgdHJlaW5hbWVudG8gZG9zIG1vcnRvc34=,,W0JydW5hXQpWdWVsdmUgYSBlbnRyZW5hciBjb25taWdvIGN1YW5kbyBxdWllcmFzLgpUZSBjb252ZXJ0aXLDqSBlbiB1biBTdXJhIGZlcm96Lg==
m6HoAg,,W0JydW5vXQpXaG8gYXJlIHlvdT8KSG93IGRpZCB5b3UgZ2V0IGluIGhlcmU/CkdldCB0aGUgaGVsbCBvdXQgb2YgaGVyZSE=,,,,,W0JydW5vXQpRdWVtIMOpIHZvY8OqPwpDb21vIHZvY8OqIGFjaG91IGVzdGUgbHVnYXIhClbDoSBlbWJvcmEhISE=,,W0JydW5hXQrCv1F1acOpbiBlcmVzPwrCv0PDs21vIGVudHJhc3RlPwrCoUxhcmdvIGRlIGFxdcOtIQ==
nKHoAg,,TWFzdGVy,,,,,TWVzdHJl,,TWFlc3Rybw==
naHoAg,,W01hc3Rlcl0KWW91J3ZlIG1hbmFnZWQgdG8gZW50ZXIgdGhpcyByb29tLiBCcnVubyB3YXMgcmlnaHQgYWJvdXQgeW91Lg==,,,,,W01lc3RyZV0KVm9jw6ogZGV2ZSB0ZXIgb2xob3MgYnJpbGhhbnRlcyBwYXJhIHZlciBwYXJhIHF1ZSB2b2PDqiBmaW5hbG1lbnRlIGNoZWdvdSBhIGVzdGEgc2FsYS4=,,W01hZXN0cm9dCkxvZ3Jhc3RlIGxsZWdhciBhIGVzdGEgaGFiaXRhY2nDs24uIEJydW5hIHRlbsOtYSByYXrDs24gc29icmUgdGku
nqHoAg,,W01hc3Rlcl0KQnV0IHlvdSBjYW50IGJlY29tZSBhIFN1cmEgdW5sZXNzIHlvdSBzcGVuZCBhbGwgeW91ciByZW1haW5pbmcgU2tpbGwgUG9pbnRzLg==,,,,,W01lc3RyZV0KUG9yw6ltLCB2b2PDqiBuw6NvIHBvZGUgc2VyIHVtIFN1cmEgc2VtIGFiYW5kb25hciB0b2RvcyBvcyBzZXVzIHBvbnRvcyBkZSBoYWJpbGlkYWRlLg==,,W01hZXN0cm9dClBlcm8gbm8gcHVlZGVzIGNvbnZlcnRpcnRlIGVuIFN1cmEgYSBtZW5vcyBxdWUgZ2FzdGVzIHRvZG9zIHR1cyBwdW50b3MgZGUgaGFiaWxpZGFkIHJlc3RhbnRlcy4=
n6HoAg,,W01hc3Rlcl0KWW91ciBtYXRlcmlhbGlzdGljIHBvc3Nlc3Npb25zIGFyZSB3ZWlnaGluZyB5b3UgZG93bi4gUGxlYXNlIGdvIGxpZ2h0ZW4geW91ciBsb2FkIGZpcnN0Lg==,,,,,W01lc3RyZV0KU3VhIGNhcmdhIHRlcnJlc3RyZSBwYXJlY2UgcGVzYWRhIGRlbWFpcywgZW50w6NvLCBwb3IgZmF2b3IsIGVzdmF6aWUgc3VhIGNhcmdhLg==,,W01hZXN0cm9dClR1cyBwb3Nlc2lvbmVzIG1hdGVyaWFsZXMgdGUgYWdvYmlhbi4gQWxpZ2VyYSB0dSBjYXJnYSBwcmltZXJvLg==
oKHoAg,,W01hc3Rlcl0KWW91IGhhdmVuJ3QgcmVhY2hlZCB5b3VyIGh1bWFubHkgbGltaXRzIHlldC4KUGxlYXNlIGdvIGJhY2sgYW5kIHRyYWluIHVudGlsIHlvdSBkby4=,,,,,W01lc3RyZV0KVm9jw6ogbsOjbyBhbGNhbsOnYSBhIGxpbWl0YcOnw6NvIGh1bWFuYSBhbnRlcyBkZSBzZSB0b3JuYXIgdW0gU3VyYS4KVHJlaW5lIG1haXMgZSBkZXBvaXMgdm9sdGUgYXF1aSBub3ZhbWVudGUu,,W01hZXN0cm9dCkHDum4gbm8gYWxjYW56YXN0ZSB0dXMgbMOtbWl0ZXMgaHVtYW5vcy4KRW50cmVuYSBoYXN0YSBxdWUgbG8gY29uc2lnYXMu
oaHoAg,,W0JydW5vXQpPZiBjb3Vyc2UuCkknbSBuZXZlciB3cm9uZy4=,,,,,W0JydW5vXQpDbGFybyEKVGVuaG8gb2xob3MgYWZpYWRvcy4=,,W0JydW5hXQpQb3Igc3VwdWVzdG8uCk51bmNhIG1lIGVxdWl2b2NvLg==
oqHoAg,,W0JydW5vXQpBbmQgTWFzdGVyLCB0aGlzIGNvYXQgaXMgbWFkZSBmcm9tIHdvbGYgZnVyLgpXZWFyIGl0IHdoZW4geW91J3JlIGNvbGQu,,,,,W0JydW5vXQpNZXN0cmUhIElzc28gw6kgdW0gY2FzYWNvIGRlIHBlbGUgZGUgbG9iby4KVmlzdGEtbyBxdWFuZG8gZXN0aXZlciBmcmlvLg==,,W0JydW5hXQpZLCBtYWVzdHJvLCBlc3RlIGFicmlnbyBlcyBkZSBwaWVsIGRlIGxvYm8uCsOac2VsbyBjdWFuZG8gdGVuZ2EgZnLDrW8u
o6HoAg,,W3swfV0KQWgsIEkgY2F1Z2h0IHRoYXQtLWtraGhoayE=,,,,,W3swfV0KQWhoaCEgw4kgbyBsb2JvIHF1ZSBldS4uLiBwZWd1ZWkuLi4gVWhoLg==,,W3swfV0KQWgsIHlvIGxvcyBjYWPDqS4uLiDCoXVmZiE=
pKHoAg,,KlRIVUQhKg==,,,,,LSBQYWYgLQ==,,KsKhUEFNISo=
paHoAg,,W0JydW5vXQpIbyBobyBoby4KV2hhdCB3YXMgdGhhdCwgezB9PwpXZSdyZSBmYW1pbHkgbm93LiBXZSBkbyBldmVyeXRoaW5nIHRvZ2V0aGVyLCByaWdodD8=,,,,,W0JydW5vXQpIb2hvaG8hClZvY8OqIHRlbSBhbGdvIGEgZGl6ZXIsIHswfT8KVm9jw6ogc2UgdG9ybm91IHVtIG1lbWJybyBkZSBub3NzYSBmYW3DrWxpYSwgZW50w6NvIHZhbW9zIG5vcyBkYXIgYmVtIH4=,,W0JydW5hXQpKbywgam8sIGpvLgrCv1F1w6kgZnVlIGVzbywgezB9PwpBaG9yYSBzb21vcyBmYW1pbGlhLiBIYWNlbW9zIHRvZG8ganVudG9zLCDCv3ZlcmRhZD8=
pqHoAg,,W01hc3Rlcl0KSSBzZWUgdGhhdCBteSBzdHVkZW50cyBoYXZlIGFja25vd2xlZGdlZCB5b3UuIE9rYXksIEkgYWNjZXB0IHlvdSBhcyBteSBzdHVkZW50Lg==,,,,,W01lc3RyZV0KQ2VydG8sIGFnb3JhIGV1IGFjZWl0byB2b2PDqiBjb21vIG1ldSBhbHVubyB0YW1iw6ltLg==,,W01hZXN0cm9dClZlbyBxdWUgbWlzIGVzdHVkaWFudGVzIHRlIGFjZXB0YXJvbi4gRGUgYWN1ZXJkbywgcHVlZGVzIHVuaXJ0ZSBhIG1pcyBhbHVtbm9zLg==
p6HoAg,,W01hc3Rlcl0KQXMgeW91IG1heSBoYXZlIG5vdGljZWQgd2hpbGUgY29taW5nIGhlcmUsIHRoZSBwYXRoIG9mIHRoZSBTdXJhIGlzIG5vdCBmb3IgdGhlIHdlYWsgb3IgZmFpbnRoZWFydGVkLg==,,,,,W01lc3RyZV0KQWNobyBxdWUgdm9jw6ogasOhIHNhYmUgZGlzc28sIG1hcyBuw6NvIHNlcsOhIGbDoWNpbCB2aXZlciBjb21vIHVtIFN1cmEu,,W01hZXN0cm9dCkNvbW8gdGUgaGFicsOhcyBkYWRvIGN1ZW50YSBhbCBsbGVnYXIgYXF1w60sIGVsIGNhbWlubyBkZSBsb3MgU3VyYXMgbm8gZXMgcGFyYSBkw6liaWxlcyBuaSBwdXNpbMOhbmltZXMu
qKHoAg,,W01hc3Rlcl0KSSBzZXZlcmVkIGFsbCB0aWVzIHdpdGggdGhlIHJlc3Qgb2YgdGhlIHdvcmxkLiBUaGUgb25seSB0aW1lIHdlJ2xsIG9ubHkgZ28gYmFjayBpcyB3aGVuIHRoZSB3b3JsZCBpcyByaWZlIHdpdGggd2FyIGFuZCBpbiBuZWVkcyBvZiBmaWVuZHMgbGlrZSB1cy4=,,,,,W01lc3RyZV0KRXUgdGFtYsOpbSBtZSBpc29sZWkgZG8gbXVuZG8uIFNlIGNoZWdhciB1bSBkaWEgZW0gcXVlIGlyZW1vcyBhbyBtdW5kbyBub3ZhbWVudGUsIHNlcsOhIG8gZGlhIGVtIHF1ZSBvIG11bmRvIHByZWNpc2Fyw6EgZGUgZmFudGFzbWFzIHBhcmEgYXMgZ3VlcnJhcy4=,,W01hZXN0cm9dCllvIGNvcnTDqSB0b2RvIGxhem8gY29uIGVsIHJlc3RvIGRlbCBtdW5kby4gU29sbyB2b2x2ZXJlbW9zIGN1YW5kbyBlbCBtdW5kbyBlc3TDqSBwbGFnYWRvIGRlIGd1ZXJyYXMgeSBuZWNlc2l0ZSBkZW1vbmlvcyBjb21vIG5vc290cm9zLg==
qaHoAg,,W01hc3Rlcl0KSSBob3BlIHRoYXQgdGltZSB3aWxsIG5ldmVyIGNvbWUsIGJ1dCBpZiBpdCBkb2VzLCBJIHdvbid0IGhlc2l0YXRlIHRvIGJhcmUgbXkgZmllbmRpc2ggZmFuZ3MgYW5kIGRlc3Ryb3kgZXZlcnl0aGluZyB0aGF0IHRocmVhdGVucyBwZWFjZS4=,,,,,W01lc3RyZV0KRXNwZXJvIHF1ZSBlc3NlcyBkaWFzIG7Do28gY2hlZ3VlbSwgbWFzLi4uIEVzdGFyZWkgZGlzcG9zdG8gYSBzZXIgbyBmYW50YXNtYSBlIG1hdGFyZWkgdG9kb3Mgb3MgaW5pbWlnb3Mu,,W01hZXN0cm9dCkVzcGVybyBxdWUgbnVuY2EgbGxlZ3VlIGVzZSBtb21lbnRvIHBlcm8sIHNpIHN1Y2VkZSwgbW9zdHJhcsOpIG1pcyBjb2xtaWxsb3MgZGlhYsOzbGljb3MgeSBkZXN0cnVpcsOpIHRvZG8gbG8gcXVlIGFtZW5hY2UgbGEgcGF6Lg==
qqHoAg,,W01hc3Rlcl0KTm93LCBwbGVhc2UgZ2V0IG9mZiB5b3VyIG1vdW50IGZpcnN0LgpZb3Ugc2hvdWxkbid0IGJlIG1vdW50ZWQgaW4gYSBzZXR0aW5nIGxpa2UgdGhpcy4=,,,,,W01lc3RyZV0KQWdvcmEsIHByaW1laXJvLCBkZXPDp2EgZGEgbW9udGFyaWEuClZvY8OqIG7Do28gZGV2ZXJpYSBlc3RhciBuYSBtb250YXJpYSBlbSB1bSBhbWJpZW50ZSBjb21vIGVzdGUu,,W01hZXN0cm9dCkFob3JhLCBiw6FqYXRlIGRlIGxhIG1vbnR1cmEgcHJpbWVyby4KTm8gZGViZXLDrWFzIG1vbnRhciBlbiB1bmEgc2l0dWFjacOzbiBjb21vIGVzdGEu
q6HoAg,,W01hc3Rlcl0KVW50aWwgdGhlbiwgcGxlYXNlIGZvY3VzIG9uIGhvbmluZyB5b3VyIHNraWxscy4=,,,,,W01lc3RyZV0KVm9jw6ogZGV2ZSBzZSB0cmVpbmFyIGFyZHVhbWVudGUgYXTDqSBxdWUgY2hlZ3VlIGVzc2UgZGlhLg==,,W01hZXN0cm9dCkhhc3RhIGVudG9uY2VzLCBwZXJmZWNjaW9uYSB0dXMgaGFiaWxpZGFkZXMu
rKHoAg,,W01hc3Rlcl0KQnkgdGhlIHdheSwgZGlkbid0IEkgYXNrIHlvdSB0byBzcGVuZCBhbGwgeW91ciByZW1haW5pbmcgU2tpbGwgUG9pbnRzPwpUc2ssIHRzay4=,,,,,W01lc3RyZV0KIEFoaGghIMOJIG8gbG9ibyBxdWUgZXUuLi4gcGVndWVpLi4uIFVoaC4=,,W01hZXN0cm9dClBvciBjaWVydG8sIMK/bm8gdGUgcGVkw60gcXVlIGdhc3RhcmFzIHRvZG9zIHR1cyBwdW50b3MgZGUgaGFiaWxpZGFkIHJlc3RhbnRlcz8KKlRzYywgdHNjKg==
raHoAg,,W01hc3Rlcl0KTW0/,,,,,W01lc3RyZV0KSHVtbT8=,,W01hZXN0cm9dCsK/TW0/
rqHoAg,,W01hc3Rlcl0KSSBvbmNlIHdhcyBhcyB5b3VuZyBhbmQgY3VyaW91cyBhcyB5b3UsIHRyYXZlbGluZyB0aGUgd29ybGQsIG1lZXRpbmcgZGlmZmVyZW50IHBlb3BsZSwgZ2FpbmluZyBleHBlcmllbmNlLg==,,,,,W01lc3RyZV0KRXUgdGFtYsOpbSBqw6EgZnVpIHVtIGpvdmVtIG5vcm1hbCBxdWUgdmlhamF2YSBtdWl0byBlIGZhemlhIG11aXRvcyBhbWlnb3Mu,,W01hZXN0cm9dCkN1YW5kbyBlcmEgam92ZW4geSB0ZW7DrWEgdGFudGEgY3VyaW9zaWRhZCBjb21vIHTDuiwgdmlhasOpIHBvciBlbCBtdW5kbywgY29ub2PDrSBnZW50ZSBkaWZlcmVudGUgeSBhZHF1aXLDrSBleHBlcmllbmNpYS4=
r6HoAg,,W01hc3Rlcl0KQnV0IGV2ZW50dWFsbHkgSSByYW4gdXAgYWdhaW5zdCBteSBsaW1pdCwganVzdCBsaWtlIHlvdSBoYXZlLg==,,,,,W01lc3RyZV0KRW50cmV0YW50bywgY29tbyB2b2PDqiBkZXZlIHRlciBzZW50aWRvLCBldSBmaW5hbG1lbnRlIGVuZnJlbnRlaSBhIG1pbmhhIGxpbWl0YcOnw6NvLg==,,W01hZXN0cm9dClBlcm8gYWwgZmluYWwgbWUgdG9ww6kgY29uIG1pIGzDrW1pdGUsIGlndWFsIHF1ZSB0w7ou
sKHoAg,,W01hc3Rlcl0KU29tZXRpbWVzIEkgY2FuJ3QgaGVscCBidXQgd29uZGVyIGlmIGl0IHdhcyB3b3J0aCBnaXZpbmcgdXAgZXZlcnl0aGluZyBmb3IgdGhlIHNha2Ugb2YgcG93ZXIu,,,,,W01lc3RyZV0KIMOAcyB2ZXplcywgbWUgcGVyZ3VudGF2YSAnZXUgZGV2ZXJpYSB0ZXIgZGVzaXN0aWRvIGRlIHR1ZG8gcGFyYSBtZSB0b3JuYXIgbWFpcyBwb2Rlcm9zby4uLj8n,,W01hZXN0cm9dCkEgdmVjZXMgbm8gcHVlZG8gZXZpdGFyIHByZWd1bnRhcm1lIHNpIHZhbGnDsyBsYSBwZW5hIHJlbnVuY2lhciBhIHRvZG8gcG9yIGVsIHBvZGVyLg==
saHoAg,,W01hc3Rlcl0KQnV0IGl0J3MgdG9vIGxhdGUgdG8gcmVncmV0IG5vdy4uLg==,,,,,W01lc3RyZV0KTWFzIG8gcXVlIGVzdMOhIGZlaXRvIGVzdMOhIGZlaXRvLi4u,,W01hZXN0cm9dClBlcm8geWEgZXMgdGFyZGUgcGFyYSBhcnJlcGVudGlybWUuLi4=
sqHoAg,,W01hc3Rlcl0KWW91J3JlIG5vdCB3ZWxjb21lIGhlcmUuClBsZWFzZSBsZWF2ZS4=,,,,,W01lc3RyZV0KQXF1aSBuw6NvIMOpIHVtIGx1Z2FyIHBhcmEgdm9jw6ogZmljYXIuClBvciBmYXZvciwgdm9sdGUuIA==,,W01hZXN0cm9dCk5vIHB1ZWRlcyBlc3RhciBhcXXDrS4KVmV0ZSwgcG9yIGZhdm9yLg==
s6HoAg,,QnV0dG9uIEdpcmw=,,,,,R2Fyb3RhIGRvIEJvdMOjbw==,,Qm90b25lcmE=
tKHoAg,,QXJlbmEgb24u,,,,,TGlnYXIgYXJlbmEu,,QXJlbmEgYWN0aXZhZGEu
taHoAg,,QXJlbmEgb2ZmLg==,,,,,RGVzbGlnYXIgYXJlbmEu,,QXJlbmEgZGVzYWN0aXZhZGEu
tqHoAg,,TG91bmdlIG9uLg==,,,,,TGlnYXIgYSBzYWxhIGRlIGVzdGFyLg==,,U2Fsw7NuIGFjdGl2YWRvLg==
t6HoAg,,QnVkZHkgb24u,,,,,TGlnYXIgbyBDb2xlZ2E=,,QnVkZHkgYWN0aXZhZG8u
uKHoAg,,R28gQXdheSBvbi4=,,,,,TGlnYXI=,,VmV0ZSBhY3RpdmFkby4=
uaHoAg,,QWxsIG9mZi4=,,,,,RGVzbGlnYXIgdHVkby4=,,VG9kbyBkZXNhY3RpdmFkby4=
uqHoAg,,Q2xvc2Uu,,,,,RmVjaGFy,,Q2VycmFyLg==
u6HoAg,,VHVybmluZyBvbiB0aGUgYXJlbmEuLi4=,,,,,TGlnYXIgYXJlbmEu,,QWN0aXZhbmRvIGxhIGFyZW5hLi4u
vKHoAg,,VHVybmluZyBvZmYgdGhlIGFyZW5hLi4u,,,,,RGVzbGlnYXIgYXJlbmEu,,RGVzYWN0aXZhbmRvIGxhIGFyZW5hLi4u
vaHoAg,,VHVybmluZyBvbiB0aGUgbG91bmdlLi4u,,,,,TGlnYXIgYSBzYWxhIGRlIGVzdGFyLg==,,QWN0aXZhbmRvIGVsIHNhbMOzbi4uLg==
vqHoAg,,VHVybmluZyBvbiBCdWRkeS4uLg==,,,,,TGlnYXIgbyBDb2xlZ2E=,,QWN0aXZhbmRvIGEgQnVkZHkuLi4=
v6HoAg,,VHVybmluZyBvbiBHbyBBd2F5Li4u,,,,,TGlnYXI=,,QWN0aXZhbmRvIFZldGUuLi4=
wKHoAg,,VHVybmluZyBhbGwgb2ZmLi4u,,,,,RGVzbGlnYXIgdHVkby4=,,RGVzYWN0aXZhbmRvIHRvZG8uLi4=
