wMZiDA,,UHJpZXN0IEplcmd1cw==,,,,,U2FjZXJkb3RlIFllcmd1cw==,,U2FjZXJkb3RlIFllcmd1cw==
wcZiDA,,W1ByaWVzdCBKZXJndXNdCllvdSBoYXZlIGNvbXBsZXRlZCBhbGwgdGhlIHRyaWFscy4=,,,,,W1NhY2VyZG90ZSBZZXJndXNdClZvY8OqIGNvbXBsZXRvdSB0b2RhcyBhcyBwcm92YcOnw7VlcywgbsOjbyDDqSBtZXNtbz8=,,W1NhY2VyZG90ZSBZZXJndXNdCllhIGhhcyBzdXBlcmFkbyB0b2RhcyBsYXMgcHJ1ZWJhcy4=
wsZiDA,,W1ByaWVzdCBKZXJndXNdClBsZWFzZSByZW1haW4gYXMgdGhlIGdvb2Qgc2VydmFudCB5b3UgYXJlLCBhcyB5b3UgYWx3YXlzIGhhdmUu,,,,,W1NhY2VyZG90ZSBZZXJndXNdCkVzcGVybyBxdWUgY29udGludWUgZXhlcmNlbmRvIHNldSBwYXBlbCBjb21vIGNhcmRlYWwgc2VtcHJlLg==,,W1NhY2VyZG90ZSBZZXJndXNdCkVzcGVybyBxdWUsIHNpZ2FzIHNpZW5kbyBjYXBheiBkZSBlamVyY2VyIHVuYSBpbmZsdWVuY2lhIHBvc2l0aXZhIGNvbW8gY2FyZGVuYWwsIHNpZW1wcmUu
w8ZiDA,,W1ByaWVzdCBKZXJndXNdCllvdSBjYW4gZ3JvdyBmdXJ0aGVyLg==,,,,,W1NhY2VyZG90ZSBZZXJndXNdClBvZGVyw6EgY3Jlc2NlciBhaW5kYSBtYWlzLg==,,W1NhY2VyZG90ZSBZZXJndXNdClB1ZWRlcyBjcmVjZXIgYcO6biBtw6FzLg==
xMZiDA,,W1ByaWVzdCBKZXJndXNdClBsZWFzZSBjaGVjayBpdCBvbiB0aGUgPEZPTlQgQ09MT1IgPSA0RDRERkY+PEZPTlQgU0laRSA9IDE2PjxCPjFzdCBmbG9vciBvZiB0aGUgUGF5b24gQ2F2ZTwvRk9OVD48L0ZPTlQ+PC9CPi4=,,,,,W1NhY2VyZG90ZSBZZXJndXNdCjxGT05UIENPTE9SID0gNEQ0REZGPjxGT05UIFNJWkUgPSAxNj48Qj4xwrogYW5kYXIgZGEgQ2F2ZXJuYSBkZSBQYXlvbjwvRk9OVD48L0ZPTlQ+PC9CPiBEw6EgdW1hIG9saGFkYSBsw6Eu,,W1NhY2VyZG90ZSBZZXJndXNdClBvciBmYXZvciwgdmVyaWZpY2EgZWwgPEZPTlQgQ09MT1IgPSA0RDRERkY+PEZPTlQgU0laRSA9IDE2PjxCPnByaW1lciBwaXNvIGRlIGxhIEN1ZXZhIGRlIFBheW9uPC9GT05UPjwvRk9OVD48L0I+Lg==
xcZiDA,,Wz8/Pz8/XQpIZXksIHN0b3AgbWVzc2luZyBhcm91bmQgb3ZlciB0aGVyZSBhbmQgbG9vayBhdCBtZS4=,,,,,Wz8/Pz8/XQpFaSwgbsOjbyBmaXF1ZSBwZXJkZW5kbyB0ZW1wbyBwb3IgYcOtIGUgb2xoZSBwYXJhIGPDoS4=,,Wz8/Pz8/XQpPeWUsIGRlamEgZGUgaGFjZXIgZWwgdG9udG8gYWjDrSB5IG3DrXJhbWUu
xsZiDA,,W1ByaWVzdCBKZXJndXNdCk9uZSB3aG9zZSBmYWl0aCBoYXMgcmVhY2hlZCB0aGUgc3RhdGUgb2YgbGlnaHQu,,,,,W1NhY2VyZG90ZSBZZXJndXNdCsOTIHR1LCBjdWphIGbDqSBhdGluZ2lzdGUgbyBuw612ZWwgZGEgbHV6Lg==,,W1NhY2VyZG90ZSBZZXJndXNdCkFxdWVsIGN1eWEgZmUgaGEgYWxjYW56YWRvIGVsIG5pdmVsIGRlIGxhIGx1ei4=
x8ZiDA,,W1ByaWVzdCBKZXJndXNdClRoZXJlIGlzIGEgdHJpYWwgdGhhdCBvbmx5IG9uZSB3aG8gaGFzIHJlYWNoZWQgdGhhdCBzdGF0ZSBjYW4gZmFjZS4=,,,,,W1NhY2VyZG90ZSBZZXJndXNdCkjDoSB1bWEgcHJvdmHDp8OjbyBjb25jZWRpZGEgYXBlbmFzIMOgcXVlbGVzIHF1ZSBhbGNhbsOnYXJhbSBlc3NlIG7DrXZlbCBzdXBlcmlvci4=,,W1NhY2VyZG90ZSBZZXJndXNdCkhheSB1bmEgcHJ1ZWJhIHF1ZSBzb2xvIHNlIGxlIGNvbmNlZGUgYSBxdWllbiBoYSBhbGNhbnphZG8gZXNlIG5pdmVsLg==
yMZiDA,,W1ByaWVzdCBKZXJndXNdCldvdWxkIHlvdSBsaWtlIHRvIHB1dCB5b3VyIGZhaXRoIHRvIHRoZSB0ZXN0Pw==,,,,,W1NhY2VyZG90ZSBZZXJndXNdCkdvc3RhcmlhIGRlIHRlc3RhciBhIHR1YSBmw6k/,,W1NhY2VyZG90ZSBZZXJndXNdCsK/UXVpZXJlcyBwb25lciBhIHBydWViYSB0dSBmZT8=
ycZiDA,,WWVzLg==,,,,,U2ltLg==,,U8OtLg==
ysZiDA,,Tm8u,,,,,TsOjby4=,,Tm8u
y8ZiDA,,W1ByaWVzdCBKZXJndXNdCllvdSBjYW5ub3QgcHJvY2VlZCB3aXRoIHRoaXMgcXVlc3Qgd2hpbGUgaGF2aW5nIHVudXNlZCBTa2lsbCBQb2ludHMu,,,,,W1NhY2VyZG90ZSBZZXJndXNdCk7Do28gw6kgcG9zc8OtdmVsIHByb3NzZWd1aXIgZW5xdWFudG8gaG91dmVyIHBvbnRvcyBkZSBoYWJpbGlkYWRlIG7Do28gZGlzdHJpYnVpZGFzLg==,,W1NhY2VyZG90ZSBZZXJndXNdCk5vIHB1ZWRlcyBjb250aW51YXIgcG9ycXVlIHRpZW5lcyBwdW50b3MgZGUgaGFiaWxpZGFkIHNpbiB1c2FyLg==
zMZiDA,,W1ByaWVzdCBKZXJndXNdClRoZSBBcmNoYmlzaG9wJ3MgcG93ZXIgY29tZXMgZnJvbSB0aGVpciBmYWl0aC4=,,,,,W1NhY2VyZG90ZSBZZXJndXNdCk8gcG9kZXIgZG8gQXJjZWJpc3BvIHZlbSBkZSBzdWEgZsOpLg==,,W1NhY2VyZG90ZSBZZXJndXNdCkVsIHBvZGVyIGRlbCBhcnpvYmlzcG8gcHJvdmllbmUgZGUgc3UgZmUu
zcZiDA,,W1ByaWVzdCBKZXJndXNdCkl0J3Mgc2FpZCB0aGF0IGJlaW5nIGFuIEFyY2hiaXNob3AgbWVhbnMgeW91J3JlIGF0IHRoZSBwaW5uYWNsZSBvZiBob2x5IHBvd2VyLCBidXQgdGhhdCdzIG5vdCByZWFsbHkgdGhlIGNhc2Uu,,,,,W1NhY2VyZG90ZSBZZXJndXNdCkRpemVtIHF1ZSBvIHBvZGVyIHNhZ3JhZG8gZG9zIEFyY2ViaXNwb3MgasOhIGF0aW5naXUgbyBzZXUgYXVnZSwgbWFzLCBuYSB2ZXJkYWRlLCBlbGVzIHBvZGVtIHNlIHRvcm5hciBhaW5kYSBtYWlzIGZvcnRlcy4=,,W1NhY2VyZG90ZSBZZXJndXNdClNlIGRpY2UgcXVlIGVsIHBvZGVyIHNhZ3JhZG8gZGUgbG9zIGFyem9iaXNwb3MgaGEgYWxjYW56YWRvIHN1IHB1bnRvIG3DoXhpbW8sIHBlcm8gZW4gcmVhbGlkYWQgcHVlZGVuIHZvbHZlcnNlIGHDum4gbcOhcyBmdWVydGVzLg==
zsZiDA,,W1ByaWVzdCBKZXJndXNdCkJlY2F1c2UgdGhlaXIgZmFpdGggc3RpbGwgaGFzIHJvb20gdG8gZ3JvdyBkZWVwZXIu,,,,,W1NhY2VyZG90ZSBZZXJndXNdCklzc28gcG9ycXVlIGFpbmRhIGjDoSBlc3Bhw6dvIHBhcmEgY3Jlc2NpbWVudG8gZW0gc3VhIGbDqS4=,,W1NhY2VyZG90ZSBZZXJndXNdClBvcnF1ZSBzdSBmZSBhw7puIHRpZW5lIG1hcmdlbiBwYXJhIHByb2Z1bmRpemFyc2Uu
z8ZiDA,,W1ByaWVzdCBKZXJndXNdCkEgc3VpdGFibGUgbG9jYXRpb24gZm9yIGdhdWdpbmcgdGhhdCBoYXMgcmVjZW50bHkgYmVlbiBkaXNjb3ZlcmVkIGJ5IGFuIEFyY2hiaXNob3Au,,,,,W1NhY2VyZG90ZSBZZXJndXNdClJlY2VudGVtZW50ZSwgdW0gbG9jYWwgY29udGVuZG8gaW5kw61jaW9zIGRlc3RhIHRlb3JpYSBmb2kgZGVzY29iZXJ0byBwb3IgdW0gQXJjZWJpc3BvLg==,,W1NhY2VyZG90ZSBZZXJndXNdClVuIGx1Z2FyIGFkZWN1YWRvIHBhcmEgZW5jb250cmFyIGluZGljaW9zIHF1ZSBjb21wcnVlYmVuIGVzdG8gZnVlIGRlc2N1YmllcnRvIHJlY2llbnRlbWVudGUgcG9yIHVuIGFyem9iaXNwby4=
0MZiDA,,W1ByaWVzdCBKZXJndXNdClRoZSA8Rk9OVCBDT0xPUiA9IDRENERGRj48Rk9OVCBTSVpFID0gMTY+PEI+Qm9vayBvZiBJbGx1c2lvbjwvRk9OVD48L0ZPTlQ+PC9CPiwgZm91bmQgaW4gdGhlIFBheW9uIENhdmUu,,,,,W1NhY2VyZG90ZSBZZXJndXNdCsOJIG8gPEZPTlQgQ09MT1IgPSA0RDRERkY+PEZPTlQgU0laRSA9IDE2PjxCPkxpdnJvIGRhcyBWaXPDtWVzPC9GT05UPjwvRk9OVD48L0I+LCBlbmNvbnRyYWRvIG5hIENhdmVybmEgZGUgUGF5b24u,,W1NhY2VyZG90ZSBZZXJndXNdCkVsIDxGT05UIENPTE9SID0gNEQ0REZGPjxGT05UIFNJWkUgPSAxNj48Qj5MaWJybyBkZSBsYXMgVmlzaW9uZXM8L0ZPTlQ+PC9GT05UPjwvQj4gcXVlIHNlIGVuY29udHLDsyBlbiBsYXMgY3VldmFzIGRlIFBheW9uLg==
0cZiDA,,W1ByaWVzdCBKZXJndXNdCkl0J3MgY2xhaW1lZCB0aGF0IHRoaXMgYm9vayBzaG93cyB0aGUgcmVsaWdpb3VzIHBhdGggdGhhdCBhbGwgQXJjaGJpc2hvcHMgbXVzdCB0YWtlLg==,,,,,W1NhY2VyZG90ZSBZZXJndXNdCkRpemVtIHF1ZSBlc3NlIExpdnJvIGRhcyBWaXPDtWVzIG1vc3RyYSBvIGNhbWluaG8gZGEgZsOpIHF1ZSBvcyBBcmNlYmlzcG9zIGRldmVtIHNlZ3Vpci4=,,W1NhY2VyZG90ZSBZZXJndXNdCkRpY2VuIHF1ZSBlc2UgbGlicm8gbGVzIG1vc3RyYWJhIGVsIGNhbWlubyByZWxpZ2lvc28gcXVlIHRvZG9zIGxvcyBhcnpvYmlzcG9zIGRlYsOtYW4gc2VndWlyLg==
0sZiDA,,W1ByaWVzdCBKZXJndXNdCkFmdGVyIHNwcmVhZGluZyB0aGUgbmV3cywgbWFueSBwcmllc3RzIHZpc2l0ZWQgUGF5b24gQ2F2ZS4gSG93ZXZlciwgbm9uZSBvZiB0aGVtIGZvdW5kIHRoZSBCb29rIG9mIElsbHVzaW9ucy4=,,,,,W1NhY2VyZG90ZSBZZXJndXNdCkRlcG9pcyBxdWUgYSBub3TDrWNpYSBzZSBlc3BhbGhvdSwgbXVpdG9zIHNhY2VyZG90ZXMgZm9yYW0gYXTDqSBhIENhdmVybmEgZGUgUGF5b24sIG1hcyBuZW5odW0gY29uc2VndWl1IGVuY29udHJhciBvIExpdnJvIGRhcyBWaXPDtWVzLg==,,W1NhY2VyZG90ZSBZZXJndXNdCkRlc3B1w6lzIGRlIHF1ZSBzZSBkaWZ1bmRpZXJhIGxhIG5vdGljaWEsIG11Y2hvcyBzYWNlcmRvdGVzIHNlIGRpcmlnaWVyb24gYSBsYSBjdWV2YSBkZSBQYXlvbiwgcGVybyBwYXJlY2UgcXVlIG5hZGllIGhhIHBvZGlkbyBlbmNvbnRyYXIgZWwgTGlicm8gZGUgbGFzIFZpc2lvbmVzLg==
08ZiDA,,W1ByaWVzdCBKZXJndXNdCkl0IGlzIHN1c3BlY3RlZCB0aGF0IHRoZSBib29rIHJlbWFpbnMgaW52aXNpYmxlIHVubGVzcyBvbmUgcG9zc2Vzc2VzIGEgY2VydGFpbiBsZXZlbCBvZiBmYWl0aC4=,,,,,W1NhY2VyZG90ZSBZZXJndXNdCkjDoSBzdXNwZWl0YXMgZGUgcXVlIG8gbGl2cm8gcGVybWFuZcOnYSBpbnZpc8OtdmVsIGEgbsOjbyBzZXIgcXVlIHZvY8OqIHBvc3N1YSB1bSBjZXJ0byBuw612ZWwgZGUgZsOpLg==,,W1NhY2VyZG90ZSBZZXJndXNdClNlIGNyZWUgcXVlIHRhbCB2ZXogZXNlIGxpYnJvIHNlYSBpbnZpc2libGUgYSBtZW5vcyBxdWUgc2UgdGVuZ2EgdW4gY2llcnRvIG5pdmVsIGRlIGZlLg==
1MZiDA,,W1ByaWVzdCBKZXJndXNdCkFyY2hiaXNob3AsIGFyZSB5b3UgY29uZmlkZW50IHRoYXQgeW91ciBmYWl0aCBoYXMgcmVhY2hlZCB0aGUgc3RhdGUgb2YgbGlnaHQ/,,,,,W1NhY2VyZG90ZSBZZXJndXNdCsOTIGZpZWwsIHF1ZSBlc3TDoXMgZGlhbnRlIGRlIG1pbSwgZXN0w6FzIGNvbmZpYW50ZSBkZSBxdWUgYSB0dWEgZsOpIGFsY2Fuw6dvdSBvIGVzdGFkbyBkZSBpbHVtaW5hw6fDo28/,,W1NhY2VyZG90ZSBZZXJndXNdCsK/UHVlZGVzIGRlY2lyIHF1ZSB0dSBmZSBoYSBhbGNhbnphZG8gdmVyZGFkZXJhbWVudGUgZWwgcmVpbm8gZGUgbGEgbHV6Pw==
1cZiDA,,W1ByaWVzdCBKZXJndXNdCklmIHNvLCBob3cnZCB5b3UgbGlrZSB0byBnbyBsb29rIGZvciB0aGUgQm9vayBvZiBJbGx1c2lvbiBpbiB0aGUgUGF5b24gQ2F2ZT8=,,,,,W1NhY2VyZG90ZSBZZXJndXNdCkNhc28gZXN0ZWphLCBxdWUgdGFsIGlyIGF0w6kgYSBDYXZlcm5hIGRlIFBheW9uIHByb2N1cmFyIG8gTGl2cm8gZGFzIFZpc8O1ZXM/,,W1NhY2VyZG90ZSBZZXJndXNdClNpIGRlIHZlcmRhZCBoYXMgYWxjYW56YWRvIGVsIG5pdmVsIGRlIGxhIGx1eiwgwr9xdcOpIHRhbCBzaSB2YXMgYSBsYSBjdWV2YSBkZSBQYXlvbiBhIGJ1c2NhciBlbCBsaWJybyBkZSBsYXMgdmlzaW9uZXM/
1sZiDA,,QWxyaWdodC4=,,,,,VHVkbyBiZW0u,,RXN0w6EgYmllbi4=
18ZiDA,,SSdtIG5vdCByZWFkeSB5ZXQu,,,,,QWluZGEgbsOjbyBlc3RvdSBwcmVwYXJhZG8u,,QcO6biBubyBtZSBwcmVwYXLDqS4=
2MZiDA,,W1ByaWVzdCBKZXJndXNdClBsZWFzZSBnbyB0byB0aGUgPEZPTlQgQ09MT1IgPSA0RDRERkY+PEZPTlQgU0laRSA9IDE2PjxCPjFzdCBmbG9vciBvZiB0aGUgUGF5b24gQ2F2ZTwvRk9OVD48L0ZPTlQ+PC9CPi4=,,,,,W1NhY2VyZG90ZSBZZXJndXNdClBvciBmYXZvciwgdsOhIGF0w6kgbyA8Rk9OVCBDT0xPUiA9IDRENERGRj48Rk9OVCBTSVpFID0gMTY+PEI+McK6IGFuZGFyIGRhIENhdmVybmEgZGUgUGF5b248L0ZPTlQ+PC9GT05UPjwvQj4u,,W1NhY2VyZG90ZSBZZXJndXNdClZlIGFsIDxGT05UIENPTE9SID0gNEQ0REZGPjxGT05UIFNJWkUgPSAxNj48Qj5wcmltZXIgcGlzbyBkZSBsYSBDdWV2YSBkZSBQYXlvbjwvRk9OVD48L0ZPTlQ+PC9CPi4=
2cZiDA,,W1ByaWVzdCBKZXJndXNdClRoYXQncyB3aGVyZSB0aGUgQm9vayBvZiBJbGx1c2lvbiB3YXMgZm91bmQu,,,,,W1NhY2VyZG90ZSBZZXJndXNdCkRpemVtIHF1ZSBvIExpdnJvIGRhcyBWaXPDtWVzIGZvaSBlbmNvbnRyYWRvIGzDoS4=,,W1NhY2VyZG90ZSBZZXJndXNdCkRpY2VuIHF1ZSBhaMOtIGZ1ZSBkb25kZSBzZSBlbmNvbnRyw7MgZWwgTGlicm8gZGUgbGFzIFZpc2lvbmVzLg==
2sZiDA,,W1ByaWVzdCBKZXJndXNdCkknbGwgcHJheSB0aGF0IHlvdSdsbCBmaW5kIHRoZSBib29rIGFuZCBnZXQgYSBjaGFuY2UgdG8gZ3JvdyBmdXJ0aGVyLg==,,,,,W1NhY2VyZG90ZSBZZXJndXNdClJlemFyZWkgcGFyYSBxdWUgdm9jw6ogZW5jb250cmUgbyBsaXZybyBlIHRlbmhhIGEgb3BvcnR1bmlkYWRlIGRlIGNyZXNjZXIgYWluZGEgbWFpcy4=,,W1NhY2VyZG90ZSBZZXJndXNdClJlemFyw6kgcGFyYSBxdWUgdMO6IHRhbWJpw6luIGVuY3VlbnRyZXMgZWwgbGlicm8geSB0ZW5nYXMgbGEgb3BvcnR1bmlkYWQgZGUgY3JlY2VyIGHDum4gbcOhcy4=
28ZiDA,,W1ByaWVzdCBKZXJndXNdCk1heSB0aGUgYWxtaWdodHkgT2RpbiBibGVzcyB5b3UuLi4=,,,,,W1NhY2VyZG90ZSBZZXJndXNdClF1ZSBhIGLDqm7Dp8OjbyBkbyBUb2RvLVBvZGVyb3NvIE9kaW4gZXN0ZWphIGNvbnRpZ28uLi4=,,W1NhY2VyZG90ZSBZZXJndXNdClF1ZSBsYSBiZW5kaWNpw7NuIGRlbCB0b2RvcG9kZXJvc28gT2TDrW4gdGUgYWNvbXBhw7FlLi4u
3MZiDA,,W1ByaWVzdCBKZXJndXNdCkxldCBtZSBrbm93IHdoZW4geW91J3JlIHJlYWR5Lg==,,,,,W1NhY2VyZG90ZSBZZXJndXNdClF1YW5kbyBlc3RpdmVyIHR1ZG8gcHJvbnRvLCB2b2x0ZSBhIGZhbGFyIGNvbWlnby4=,,W1NhY2VyZG90ZSBZZXJndXNdCkN1YW5kbyB0b2RvIGVzdMOpIGxpc3RvLCB2dWVsdmUgYSBoYWJsYXJtZS4=
3cZiDA,,W1ByaWVzdCBKZXJndXNdCkl0IHNlZW1zIHlvdSdyZSBjb250ZW50IHdpdGggeW91ciBjdXJyZW50IHBvc2l0aW9uLg==,,,,,W1NhY2VyZG90ZSBZZXJndXNdClBhcmVjZSBxdWUgdm9jw6ogZXN0w6Egc2F0aXNmZWl0byBkbyBqZWl0byBxdWUgZXN0w6Eu,,W1NhY2VyZG90ZSBZZXJndXNdClBhcmVjZSBxdWUgZXN0w6FzIGNvbmZvcm1lIGNvbiB0dSBzaXR1YWNpw7NuIGFjdHVhbC4=
3sZiDA,,W1ByaWVzdCBKZXJndXNdCkkgc3VwcG9zZSB0aGF0J3Mgbm90IGEgYmFkIHRoaW5nLi4u,,,,,W1NhY2VyZG90ZSBZZXJndXNdCk7Do28gcXVlIHNlamEgYWxnbyBydWltLi4u,,W1NhY2VyZG90ZSBZZXJndXNdCk5vIGNyZW8gcXVlIGVzbyBzZWEgbWFsbywgcGVyby4uLg==
38ZiDA,,W1ByaWVzdCBKZXJndXNdCkFyY2ggQmlzaG9wLCB3aG8ncyB0aGlyc3R5IGZvciBmYWl0aC4=,,,,,W1NhY2VyZG90ZSBZZXJndXNdCkFyY2ViaXNwbywgcXVlIGFuc2VpYSBwb3IgbWFpcyBmw6ku,,W1NhY2VyZG90ZSBZZXJndXNdCkFyem9iaXNwb3MsIHNlZGllbnRvcyBkZSBmZS4=
4MZiDA,,W1ByaWVzdCBKZXJndXNdClBsZWFzZSBiZSBncmF0ZWZ1bCB0aGF0IHlvdSBzdGlsbCBoYXZlIHJvb20gZm9yIGdyb3d0aC4=,,,,,W1NhY2VyZG90ZSBZZXJndXNdCkFncmFkZcOnYSBwb3IgYWluZGEgYWluZGEgcG9kZXIgZXZvbHVpci4=,,W1NhY2VyZG90ZSBZZXJndXNdCkFncmFkZWNlIHBvciB0ZW5lciBhw7puIG1hcmdlbiBwYXJhIG1lam9yYXIu
4cZiDA,,W1ByaWVzdCBKZXJndXNdClRoZXJlZm9yZSwgd2hlbiB5b3UgZmVlbCB5b3UgaGF2ZSByZWFjaGVkIGEgcG9pbnQgd2hlcmUgeW91IGNhbiBubyBsb25nZXIgcHJvZ3Jlc3MsIHBsZWFzZSBjb21lIGJhY2sgdG8gbWUu,,,,,W1NhY2VyZG90ZSBZZXJndXNdCkUgZW50w6NvLCBxdWFuZG8gYWNoYXIgcXVlIGNoZWdvdSBhbyBzZXUgbGltaXRlIGUgbsOjbyBjb25zZWd1aXIgbWFpcyBwcm9ncmVkaXIsIHZvbHRlIGEgbWUgcHJvY3VyYXIu,,W1NhY2VyZG90ZSBZZXJndXNdClBvciBlc28sIGN1YW5kbyBzaWVudGFzIHF1ZSBoYXMgbGxlZ2FkbyBhIHVuIHB1bnRvIGVuIGVsIHF1ZSB5YSBubyBwdWVkZXMgc2VndWlyIGF2YW56YW5kbywgdnVlbHZlIGEgdmVybWUu
4sZiDA,,W1ByaWVzdCBKZXJndXNdCkknbGwgc2hvdyB5b3UgYSBuZXcgcGF0aC4=,,,,,W1NhY2VyZG90ZSBZZXJndXNdCkV1IHRlIG1vc3RyYXJlaSB1bSBub3ZvIGNhbWluaG8u,,W1NhY2VyZG90ZSBZZXJndXNdClRlIG1vc3RyYXLDqSB1biBudWV2byBjYW1pbm8u
48ZiDA,,W1ByaWVzdCBKZXJndXNdClRoZW4gbWF5IE9kaW4gYmxlc3MgeW91Li4u,,,,,W1NhY2VyZG90ZSBZZXJndXNdClF1ZSBhIGLDqm7Dp8OjbyBkZSBPZGluIGVzdGVqYSBjb250aWdvLi4u,,W1NhY2VyZG90ZSBZZXJndXNdClF1ZSBsYSBiZW5kaWNpw7NuIGRlIE9kw61uIHRlIGFjb21wYcOxZS4uLg==
5MZiDA,,W1ByaWVzdCBKZXJndXNdClRoaXMgaXMgdGhlIHNhY3Jpc3R5IG9mIHRoZSBQcm9udGVyYSBTYW5jdHVhcnku,,,,,W1NhY2VyZG90ZSBZZXJndXNdCkVzdGEgw6kgYSBTYWNyaXN0aWEgZGEgQ2F0ZWRyYWwgZGUgUHJvbnRlcmEu,,W1NhY2VyZG90ZSBZZXJndXNdCkVzdGUgZXMgZWwgc2FncmFkbyBkZSBsYSBjYXRlZHJhbCBkZSBQcm9udGVyYS4=
5cZiDA,,W1ByaWVzdCBKZXJndXNdCklmIHlvdSB3aXNoIHRvIGVtYnJhY2UgZmFpdGgsIHBsZWFzZSBsZXQgbWUga25vdyBhbnl0aW1lLg==,,,,,W1NhY2VyZG90ZSBZZXJndXNdClNlIGRlc2VqYSBhYnJhw6dhciBhIGbDqSwgcG9yIGZhdm9yLCBmYWxlIGNvbWlnbyBhIHF1YWxxdWVyIG1vbWVudG8u,,W1NhY2VyZG90ZSBZZXJndXNdClNpIGRlc2VhcyBhYnJhemFyIGxhIGZlLCBubyBkdWRlcyBlbiBkZWPDrXJtZWxvIGVuIGN1YWxxdWllciBtb21lbnRvLg==
5sZiDA,,Qm9vayBvZiBJbGx1c2lvbiBWb2wuIDE=,,,,,TGl2cm8gZGFzIFZpc8O1ZXMsIFZvbHVtZSAx,,TGlicm8gZGUgbGFzIFZpc2lvbmVzLCBUb21vIDE=
58ZiDA,,W0Jvb2sgb2YgSWxsdXNpb24gVm9sLiAxXQpUaGUgc2Vjb25kIHZvbHVtZSBvZiB0aGUgQm9vayBvZiBJbGx1c2lvbiBpcyBzb21ld2hlcmUgb24gdGhlIDxGT05UIENPTE9SID0gNEQ0REZGPjxGT05UIFNJWkUgPSAxNj48Qj5HZWZmZW4gT3JjIENhdmUgRmxvb3IgMTwvRk9OVD48L0ZPTlQ+PC9CPi4=,,,,,W0xpdnJvIGRhcyBWaXPDtWVzLCBWb2x1bWUgMV0KTyBMaXZybyBkYXMgVmlzw7VlcywgVm9sdW1lIDIgZGV2ZSBlc3RhciBlbSBhbGd1bSBsdWdhciBkbyA8Rk9OVCBDT0xPUiA9IDRENERGRj48Rk9OVCBTSVpFID0gMTY+PEI+McK6IGFuZGFyIGRhIENhdmVybmEgZG9zIE9yY3M8L0ZPTlQ+PC9GT05UPjwvQj4u,,W0xpYnJvIGRlIGxhcyBWaXNpb25lcywgVG9tbyAxXQpFbCBMaWJybyBkZSBsYXMgVmlzaW9uZXMsIFRvbW8gMiwgc2UgZW5jdWVudHJhIGVuIGFsZ8O6biBsdWdhciBkZWwgPEZPTlQgQ09MT1IgPSA0RDRERkY+PEZPTlQgU0laRSA9IDE2PjxCPnByaW1lciBwaXNvIGRlIGxhIEN1ZXZhIGRlIE9yY29zPC9GT05UPjwvRk9OVD48L0I+Lg==
6MZiDA,,W0Jvb2sgb2YgSWxsdXNpb24gVm9sLiAxXQpSZW1lbWJlciwgaXQncyBub3QgaW1wb3J0YW50IHRoYXQgeW91IG1lZXQgR29kJ3MgZXhwZWN0YXRpb25zIG5vdy4gV2hhdCBtYXR0ZXJzIG1vc3QgaXMgdGhhdCB5b3Ugd29yayBhdCBpdCBjb25zdGFudGx5IGFuZCBkb24ndCBnZXQgbmVnbGVjdGZ1bC4=,,,,,W0xpdnJvIGRhcyBWaXPDtWVzLCBWb2x1bWUgMV0KTGVtYnJlLXNlISBPIGltcG9ydGFudGUgbsOjbyDDqSBhdGVuZGVyIGV4cGVjdGF0aXZhcyBjb20gcHJlc3NhLCBtYXMgc2ltIHRyYWJhbGhhciBkZSBmb3JtYSDDoXJkdWEgZSBjb25zdGFudGUu,,W0xpYnJvIGRlIGxhcyBWaXNpb25lcywgVG9tbyAxXQpSZWN1ZXJkYSwgYXVucXVlIGFjdHVhbG1lbnRlIHNpZ2FzIGJpZW4gZXN0YXMgaW5zdHJ1Y2Npb25lcy4gTG8gcXVlIGltcG9ydGEgZXMgcXVlIHRlIGVzZnVlcmNlcyBjb25zdGFudGVtZW50ZSB5IG5vIHRlIGRlc2N1aWRlcy4=
6cZiDA,,IC0gSSBjYW4gc2VlIHRoZSBib29rLCBidXQgSSBjYW4ndCB0b3VjaCBpdC4gLQ==,,,,,IC0gRXN0ZW5kaSBhIG3Do28gcGFyYSBvIExpdnJvIGRhcyBWaXPDtWVzLCBtYXMgbsOjbyBjb25zZWd1aSB0b2PDoS1sby4gLQ==,,IC0gRXh0ZW5kw60gbGEgbWFubyBoYWNpYSBlbCBMaWJybyBkZSBsYXMgVmlzaW9uZXMsIHBlcm8gbm8gcHVkZSB0b2NhcmxvLiAt
6sZiDA,,IC0gQXMgSSBzdG9vZCBiZWZvcmUgdGhlIEJvb2sgb2YgSWxsdXNpb25zLCBpdHMgcGFnZXMgb3BlbmVkIGF1dG9tYXRpY2FsbHkuIC0=,,,,,IC0gQXNzaW0gcXVlIG1lIGFwcm94aW1laSBkbyBMaXZybyBkYXMgVmlzw7VlcywgYXMgcMOhZ2luYXMgc2UgYWJyaXJhbSBhdXRvbWF0aWNhbWVudGUuIC0=,,IC0gQWwgY29sb2NhcnRlIGZyZW50ZSBhbCBMaWJybyBkZSBsYXMgVmlzaW9uZXMsIGxhcyBww6FnaW5hcyBzZSBhYnJpZXJvbiBhdXRvbcOhdGljYW1lbnRlLiAt
68ZiDA,,W0Jvb2sgb2YgSWxsdXNpb24gVm9sLiAxXQpJZiB5b3UgY2FuIHNlZSB0aGlzIGJvb2ssIGl0IG1lYW5zIHlvdSdyZSBzdHJvbmcgaW4gZmFpdGgu,,,,,W0xpdnJvIGRhcyBWaXPDtWVzLCBWb2x1bWUgMV0KU2UgY29uc2VndWVzIHZlciBlc3RlIGxpdnJvLCBzaWduaWZpY2EgcXVlIHR1YSBmw6kgw6kgZm9ydGUu,,W0xpYnJvIGRlIGxhcyBWaXNpb25lcywgVG9tbyAxXQpTaSB2ZXMgZXN0ZSBsaWJybywgc2lnbmlmaWNhIHF1ZSB0aWVuZXMgdW5hIGZlIGZ1ZXJ0ZS4=
7MZiDA,,W0Jvb2sgb2YgSWxsdXNpb24gVm9sLiAxXQpPbmUgd2hvIGZlZWxzIGRpc3NhdGlzZmllZCB3aXRoIHRoZWlyIGN1cnJlbnQgcG9zaXRpb24sIHlvdXIgZGVzaXJlIHRvIGFzY2VuZCBoaWdoZXIgaXMgbm90IGdyZWVkLCBidXQgZmFpdGguIEl0IHNob3dzIHlvdSdyZSBlYWdlciB0byBiZWNvbWUgY2xvc2VyIHRvIHlvdXIgbG9yZC4=,,,,,W0xpdnJvIGRhcyBWaXPDtWVzLCBWb2x1bWUgMV0KVm9jw6ogc2Ugc2VudGUgaW5zYXRpc2ZlaXRvIGNvbSBzdWFzIGF0dWFpcyBoYWJpbGlkYWRlcz8gTsOjbyB0ZW1hcywgcG9pcyBzdWEgdm9udGFkZSBkZSBjcmVzY2VyIG7Do28gw6kgZ2Fuw6JuY2lhLCBtYXMgc2ltIGbDqS4gw4kgbyBzZXUgZGVzZWpvIGRlIHNlIGFwcm94aW1hciBhaW5kYSBtYWlzIGRlIHNldSBzZW5ob3Iu,,W0xpYnJvIGRlIGxhcyBWaXNpb25lcywgVG9tbyAxXQpUw7osIHF1ZSB0ZSBzaWVudGVzIGluc2F0aXNmZWNobyBlbiB0dSBwb3NpY2nDs24gYWN0dWFsLCB0dSBkZXNlbyBkZSBhc2NlbmRlciBubyBlcyBjb2RpY2lhLCBzaW5vIGZlLCB5IGxhIGRldm9jacOzbiBwb3IgYWNlcmNhcnRlIG3DoXMgYSBsYSBwYWxhYnJhIGRlIGRpb3MuLi4=
7cZiDA,,W0Jvb2sgb2YgSWxsdXNpb24gVm9sLiAxXQpJJ2xsIGdpdmUgeW91IGEgY2hhbmNlIHRvIGNoZWNrIHlvdXIgY3VycmVudCBwb3NpdGlvbi4=,,,,,W0xpdnJvIGRhcyBWaXPDtWVzLCBWb2x1bWUgMV0KRGFyLXRlLWVpIGEgb3BvcnR1bmlkYWRlIGRlIGNvbmZpcm1hciBhIHR1YSBkZXZvw6fDo28u,,W0xpYnJvIGRlIGxhcyBWaXNpb25lcywgVG9tbyAxXQpUZSBkYXLDqSBsYSBvcG9ydHVuaWRhZCBkZSB2ZXJpZmljYXIgdHUgcG9zaWNpw7NuIGFjdHVhbC4=
7sZiDA,,W0Jvb2sgb2YgSWxsdXNpb24gVm9sLiAxXQpJIHNoYWxsIGNvbnZleSB0aGUgZmlyc3Qgb2YgdGhlIHRocmVlIG1lc3NhZ2VzIGZyb20gT2Rpbi4=,,,,,W0xpdnJvIGRhcyBWaXPDtWVzLCBWb2x1bWUgMV0KVHJhbnNtaXRpcmVpIGEgcHJpbWVpcmEgZGFzIHRyw6pzIG1lbnNhZ2VucyBlbnZpYWRhcyBwb3IgT2Rpbi4=,,W0xpYnJvIGRlIGxhcyBWaXNpb25lcywgVG9tbyAxXQpUZSB0cmFuc21pdGlyw6kgZWwgcHJpbWVybyBkZSBsb3MgdHJlcyBtZW5zYWplcyBkZSBPZMOtbi4=
78ZiDA,,W0Jvb2sgb2YgSWxsdXNpb24gVm9sLiAxXQo8Rk9OVCBDT0xPUiA9IDRENERGRj48Rk9OVCBTSVpFID0gMTY+PEI+VGhvc2Ugd2hvIG9ubHkgd29yc2hpcCBIaW0gaW4gSGlzIHBsYWNlIGFyZSBub3QgdHJ1bHkgZGV2b3RlZCB0byBIaW0uPC9GT05UPjwvRk9OVD48L0I+,,,,,W0xpdnJvIGRhcyBWaXPDtWVzLCBWb2x1bWUgMV0KPEZPTlQgQ09MT1IgPSA0RDRERkY+PEZPTlQgU0laRSA9IDE2PjxCPkFxdWVsZSBxdWUgw6kgcGllZG9zbyBhcGVuYXMgZGlhbnRlIGRvIHRlbXBsbyBuw6NvIHNlcsOhIGNvbnNpZGVyYWRvIHVtIHZlcmRhZGVpcm8gZGV2b3RvLjwvRk9OVD48L0ZPTlQ+PC9CPg==,,W0xpYnJvIGRlIGxhcyBWaXNpb25lcywgVG9tbyAxXQo8Rk9OVCBDT0xPUiA9IDRENERGRj48Rk9OVCBTSVpFID0gMTY+PEI+UXVpZW4gc29sbyBlcyBwaWFkb3NvIGFudGUgZWwgdGVtcGxvIG5vIHBvZHLDoSBzZXIgdW4gdmVyZGFkZXJvIGNyZXllbnRlLjwvRk9OVD48L0ZPTlQ+PC9CPg==
8MZiDA,,W0Jvb2sgb2YgSWxsdXNpb24gVm9sLiAxXQpNYW55IGJlbGlldmVycyBzdHJpdmUgdG8gYXBwZWFyIGFzIHRydWUgZGV2b3RlZXMgd2hlbiBnYXRoZXJlZCBiZWZvcmUgdGhlIGFsdGFyIGluIHRoZSB0ZW1wbGUgd2hlcmUgd29yc2hpcCBpcyBoZWxkLg==,,,,,W0xpdnJvIGRhcyBWaXPDtWVzLCBWb2x1bWUgMV0KTXVpdG9zIGZpw6lpcyBzZSBlc2ZvcsOnYW0gcGFyYSBzZXIgdW0gdmVyZGFkZWlybyBkZXZvdG8gZGlhbnRlIGRvIHRlbXBsbyBkZSBhZG9yYcOnw6NvLg==,,W0xpYnJvIGRlIGxhcyBWaXNpb25lcywgVG9tbyAxXQpNdWNob3MgY3JleWVudGVzIHNlIGVzZnVlcnphbiBwb3IgbW9zdHJhciBzdSBsYWRvIG3DoXMgZGV2b3RvIGN1YW5kbyBlc3TDoW4gZnJlbnRlIGFsIHRlbXBsbywgZG9uZGUgc2UgY2VsZWJyYW4gbGFzIHJldW5pb25lcy4=
8cZiDA,,W0Jvb2sgb2YgSWxsdXNpb24gVm9sLiAxXQpCdXQgdGhlIHJlYWxpdHkgaXMgdGhhdCBtYW55IGJlbGlldmVycyBuZWdsZWN0IHRoYXQgYXNwZWN0IG9uY2UgdGhleSBsZWF2ZSB0aGUgdGVtcGxlLg==,,,,,W0xpdnJvIGRhcyBWaXPDtWVzLCBWb2x1bWUgMV0KTWFzIGEgcmVhbGlkYWRlIMOpIHF1ZSwgYXNzaW0gcXVlIGRlaXhhbSBvIHRlbXBsbywgbXVpdG9zIGRlaXhhbSBhIGbDqSBkZSBsYWRvLg==,,W0xpYnJvIGRlIGxhcyBWaXNpb25lcywgVG9tbyAxXQpQZXJvIGxhIHJlYWxpZGFkIGVzIHF1ZSBtdWNob3MgY3JleWVudGVzIGRlc2N1aWRhbiBlc2UgYXNwZWN0byBlbiBjdWFudG8gc2FsZW4gZGVsIHRlbXBsbw==
8sZiDA,,W0Jvb2sgb2YgSWxsdXNpb24gVm9sLiAxXQpUaGlzIHBoZW5vbWVub24gYXJpc2VzIGJlY2F1c2Ugd2Ugb3Zlcmxvb2sgdGhhdCBPZGluIGFsd2F5cyB3YXRjaGVzIHVzLCB3aGVyZXZlciB3ZSBhcmUu,,,,,W0xpdnJvIGRhcyBWaXPDtWVzLCBWb2x1bWUgMV0KUG9kZS1zZSBkaXplciBxdWUgaXNzbyBvY29ycmUgcG9ycXVlIGVzcXVlY2Vtb3MgcXVlIE9kaW4gZXN0w6Egc2VtcHJlIG5vcyBvYnNlcnZhbmRvIGVtIHR1ZG8gbyBxdWUgZmF6ZW1vcywgYSBxdWFscXVlciBob3JhIGUgZW0gcXVhbHF1ZXIgbHVnYXIu,,W0xpYnJvIGRlIGxhcyBWaXNpb25lcywgVG9tbyAxXQpFc3RlIGZlbsOzbWVubyBzdXJnZSBwb3JxdWUgb2x2aWRhbW9zIHF1ZSBPZMOtbiBzaWVtcHJlIG5vcyBvYnNlcnZhLCBlc3RlbW9zIGRvbmRlIGVzdGVtb3Mu
88ZiDA,,W0Jvb2sgb2YgSWxsdXNpb24gVm9sLiAxXQpBcmNoYmlzaG9wIHJlYWRpbmcgdGhpcyBib29rLCBoYXZlIHlvdSBldmVyIHJlZmxlY3RlZCB1cG9uIHlvdXJzZWxmIGluIHJlbGF0aW9uIHRvIGl0cyBjb250ZW50cz8=,,,,,W0xpdnJvIGRhcyBWaXPDtWVzLCBWb2x1bWUgMV0KUGFyYSBhcXVlbGUgcXVlIGzDqiBlc3RlIGxpdnJvOiBqw6EgcGFyb3UgcGFyYSByZWZsZXRpciBzb2JyZSBpc3NvIGUgc29icmUgc2kgbWVzbW8/,,W0xpYnJvIGRlIGxhcyBWaXNpb25lcywgVG9tbyAxXQpRdcOtZW4gZXN0w6EgbGV5ZW5kbyBlc3RlIGxpYnJvLCDCv2hhIHJlZmxleGlvbmFkbyBzb2JyZSBsbyBxdWUgYWNhYmFzIGRlIGxlZXI/
9MZiDA,,W0Jvb2sgb2YgSWxsdXNpb24gVm9sLiAxXQpEbyB5b3UgbWFpbnRhaW4gYSBwaW91cyBkZW1lYW5vciBldmVuIG91dHNpZGUgdGhlIHRlbXBsZT8=,,,,,W0xpdnJvIGRhcyBWaXPDtWVzLCBWb2x1bWUgMV0KVm9jw6ogbWFudMOpbSBhIHN1YSBkZXZvw6fDo28gbWVzbW8gZm9yYSBkbyB0ZW1wbG8/,,W0xpYnJvIGRlIGxhcyBWaXNpb25lcywgVG9tbyAxXQrCv01hbnRpZW5lcyB1bmEgYWN0aXR1ZCBwaWFkb3NhIGluY2x1c28gZnVlcmEgZGVsIHRlbXBsbz8=
9cZiDA,,WWVzLg==,,,,,U2ltLg==,,U8OtLg==
9sZiDA,,Tm8u,,,,,TsOjby4=,,Tm8u
98ZiDA,,W0Jvb2sgb2YgSWxsdXNpb24gVm9sLiAxXQpZb3UncmUgZG9pbmcgc29tZXRoaW5nIHRoYXQncyBtb3JlIGRpZmZpY3VsdCB0aGFuIHlvdSB0aGluay4=,,,,,W0xpdnJvIGRhcyBWaXPDtWVzLCBWb2x1bWUgMV0KTyBxdWUgdm9jw6ogY29uc2VndWUgZmF6ZXIgw6kgbWFpcyBkaWbDrWNpbCBkbyBxdWUgc2UgaW1hZ2luYS4=,,W0xpYnJvIGRlIGxhcyBWaXNpb25lcywgVG9tbyAxXQpFc3TDoXMgaGFjaWVuZG8gYWxnbyBtw6FzIGRpZsOtY2lsIGRlIGxvIHF1ZSBjcmVlcy4=
+MZiDA,,W0Jvb2sgb2YgSWxsdXNpb24gVm9sLiAxXQpJbiBtYXR0ZXJzIG9mIGZhaXRoLCBtYW55IHBlb3BsZSBtb3ZlIGZvcndhcmQgY29uc2Npb3VzIG5vdCBvZiBPZGluLCBidXQgb2YgdGhlIGdhemUgb2Ygb3RoZXJzIHdobyBleGlzdCBpbiB0aGlzIGxhbmQu,,,,,W0xpdnJvIGRhcyBWaXPDtWVzLCBWb2x1bWUgMV0KTmEgdmlkYSBlbSBmw6ksIG11aXRhcyBzw6NvIGFzIHBlc3NvYXMgcXVlIHZpdmVtIGNvbnNjaWVudGVzIG7Do28gZGUgT2RpbiwgbWFzIGRlIG91dHJhcyBwZXNzb2FzIGFvIHNldSByZWRvci4=,,W0xpYnJvIGRlIGxhcyBWaXNpb25lcywgVG9tbyAxXQpFbiBjdWVzdGlvbmVzIGRlIGZlLCBtdWNoYXMgcGVyc29uYXMgYXZhbnphbiBjb25zY2llbnRlcyBubyBkZSBPZMOtbiwgc2lubyBkZSBsYSBtaXJhZGEgZGUgb3Ryb3MgcXVlIGV4aXN0ZW4gZW4gZXN0YSB0aWVycmEu
+cZiDA,,W0Jvb2sgb2YgSWxsdXNpb24gVm9sLiAxXQpUaGF0J3Mgd2h5IHRoZXkgZm9yZ2V0IGFib3V0IEhpbSB3aGVuIHRoZXkncmUgYXdheSBmcm9tIEhpcyBwbGFjZS4=,,,,,W0xpdnJvIGRhcyBWaXPDtWVzLCBWb2x1bWUgMV0KUG9yIGlzc28sIHF1YW5kbyBkZWl4YW0gbyB0ZW1wbG8gZSB2b2x0YW0gcGFyYSBzZXVzIGFmYXplcmVzLCBlc3F1ZWNlbS1uby4gRGVpeGFuZG8gYSBkZXZvw6fDo28gZGUgbGFkby4=,,W0xpYnJvIGRlIGxhcyBWaXNpb25lcywgVG9tbyAxXQpQb3IgZXNvLCBhbCBzYWxpciBkZWwgdGVtcGxvIHkgcmVncmVzYXIgYSB0dSBsdWdhciwgYWwgZGVqYXIgZGUgdGVuZXIgYWxnbyBlbiBxdcOpIGNvbmNlbnRyYXJ0ZSwgZXMgbmF0dXJhbCBxdWUgcGllcmRhcyBsYSBkZXZvY2nDs24u
+sZiDA,,W0Jvb2sgb2YgSWxsdXNpb24gVm9sLiAxXQpJJ20gZ2xhZCB5b3UncmUga2VlcGluZyBIaXMgdmVyeSBpbXBvcnRhbnQgZmlyc3QgY29tbWFuZG1lbnQu,,,,,W0xpdnJvIGRhcyBWaXPDtWVzLCBWb2x1bWUgMV0KQWxlZ3JhLW1lIHNhYmVyIHF1ZSBlc3TDoSBjdW1wcmluZG8gZXN0YSBwcmltZWlyYSByZWdyYSB0w6NvIGltcG9ydGFudGUu,,W0xpYnJvIGRlIGxhcyBWaXNpb25lcywgVG9tbyAxXQpNZSBhbGVncmEgcXVlIGVzdMOpcyBjdW1wbGllbmRvIGJpZW4gY29uIGVzdGEgcHJpbWVyYSBlbnNlw7FhbnphIHRhbiBpbXBvcnRhbnRlLg==
+8ZiDA,,W0Jvb2sgb2YgSWxsdXNpb24gVm9sLiAxXQpOb3csIHlvdSdyZSBhbGxvd2VkIHRvIHJlYWQgdGhlIG5leHQgdm9sdW1lLg==,,,,,W0xpdnJvIGRhcyBWaXPDtWVzLCBWb2x1bWUgMV0KQWdvcmEgdm9jw6ogcG9kZXLDoSBsZXIgbyBwcsOzeGltbyBMaXZybyBkYXMgVmlzw7Vlcy4=,,W0xpYnJvIGRlIGxhcyBWaXNpb25lcywgVG9tbyAxXQpBaG9yYSBwb2Ryw6FzIHZlciBlbCBzaWd1aWVudGUgTGlicm8gZGUgbGFzIFZpc2lvbmVzLg==
/MZiDA,,W0Jvb2sgb2YgSWxsdXNpb24gVm9sLiAxXQpGaW5kIHRoZSBuZXh0IEJvb2sgb2YgSWxsdXNpb24gYW5kIGxpc3RlbiB0byBIaXMgc2Vjb25kIG1lc3NhZ2Uu,,,,,W0xpdnJvIGRhcyBWaXPDtWVzLCBWb2x1bWUgMV0KUHJvY3VyZSBwZWxvIHByw7N4aW1vIExpdnJvIGRhcyBWaXPDtWVzIGUgY29tcHJlZW5kYSBhIHN1YSBzZWd1bmRhIG1lbnNhZ2VtLg==,,W0xpYnJvIGRlIGxhcyBWaXNpb25lcywgVG9tbyAxXQpCdXNjYSBlbCBzaWd1aWVudGUgTGlicm8gZGUgbGFzIFZpc2lvbmVzIHkgdG9tYSBjb25vY2ltaWVudG8gZGUgbGEgc2VndW5kYSBlbnNlw7FhbnphLg==
/cZiDA,,W0Jvb2sgb2YgSWxsdXNpb24gVm9sLiAxXQpJZiB5b3UgZmluZCB5b3Vyc2VsZiB1bmFibGUgdG8gZG8gaXQsIHRoZW4gdHJ5IGhhcmQgdG8gc3RyZW5ndGhlbiB5b3VyIGZhaXRoLg==,,,,,W0xpdnJvIGRhcyBWaXPDtWVzLCBWb2x1bWUgMV0KU2UgbsOjbyBmb3IgY2FwYXogZGlzc28sIGVudMOjbyB0ZXLDoSBxdWUgZm9ydGFsZWNlciBzdWEgZsOpLg==,,W0xpYnJvIGRlIGxhcyBWaXNpb25lcywgVG9tbyAxXQpTaSBubyBlcyBhc8OtLCBwcm9jdXJhIHRlbmVyIGxhIGZlIG5lY2VzYXJpYSBwYXJhIG1hbnRlbmVyIGxhIGRldm9jacOzbiBpbmNsdXNvIGZ1ZXJhIGRlbCB0ZW1wbG8u
/sZiDA,,W0Jvb2sgb2YgSWxsdXNpb24gVm9sLiAxXQpUbyBmZWVsIGluYWRlcXVhdGUgbm93IG1lYW5zIHlvdSBjYW4gZ3Jvdy4gWW91IHNob3VsZCBiZSBncmF0ZWZ1bCBmb3IgdGhhdC4=,,,,,W0xpdnJvIGRhcyBWaXPDtWVzLCBWb2x1bWUgMV0KU2UgZm9yIGluY2FwYXogZGUgcHJvc3NlZ3Vpciwgc2lnbmlmaWNhIHF1ZSBhaW5kYSBow6EgZXNwYcOnbyBwYXJhIGV2b2x1aXIuIApTaW50YS1zZSBncmF0byBwb3IgaXNzby4=,,W0xpYnJvIGRlIGxhcyBWaXNpb25lcywgVG9tbyAxXQpFbCBoZWNobyBkZSBxdWUgYWhvcmEgdGVuZ2FzIGNhcmVuY2lhcyBzaWduaWZpY2EgcXVlIHB1ZWRlcyBjcmVjZXIsIGFzw60gcXVlIGVzbyB0YW1iacOpbiBlcyBhbGdvIHF1ZSBkZWJlcsOtYXMgYWdyYWRlY2VyLi4u
/8ZiDA,,Qm9vayBvZiBJbGx1c2lvbiBWb2wuIDI=,,,,,TGl2cm8gZGFzIFZpc8O1ZXMsIFZvbHVtZSAy,,TGlicm8gZGUgbGFzIFZpc2lvbmVzLCBUb21vIDI=
AMdiDA,,W0Jvb2sgb2YgSWxsdXNpb24gVm9sLiAyXQpUaGUgZmluYWwgdm9sdW1lIG9mIHRoZSBCb29rIG9mIElsbHVzaW9uIG11c3QgYmUgc29tZXdoZXJlIGluc2lkZSA8Rk9OVCBDT0xPUiA9IDRENERGRj48Rk9OVCBTSVpFID0gMTY+PEI+R2xhc3RoZWltIE1vbmFzdGVyeTwvRk9OVD48L0ZPTlQ+PC9CPi4=,,,,,W0xpdnJvIGRhcyBWaXPDtWVzLCBWb2x1bWUgMl0KTyDDumx0aW1vIHZvbHVtZSBkbyBMaXZybyBkYXMgVmlzw7VlcyBkZXZlIGVzdGFyIGVtIGFsZ3VtIGx1Z2FyIGRhIDxGT05UIENPTE9SID0gNEQ0REZGPjxGT05UIFNJWkUgPSAxNj48Qj5BYmFkaWEgZGUgR2xhc3RoZWltPC9GT05UPjwvRk9OVD48L0I+Lg==,,W0xpYnJvIGRlIGxhcyBWaXNpb25lcywgVG9tbyAyXQpFbCDDumx0aW1vIHRvbW8gZGVsIExpYnJvIGRlIGxhcyBWaXNpb25lcywgc2UgZW5jdWVudHJhIGVuIGFsZ8O6biBsdWdhciBkZWwgPEZPTlQgQ09MT1IgPSA0RDRERkY+PEZPTlQgU0laRSA9IDE2PjxCPk1vbmFzdGVyaW8gZGUgR2xlc3RoZWltPC9GT05UPjwvRk9OVD48L0I+Lg==
AcdiDA,,W0Jvb2sgb2YgSWxsdXNpb24gVm9sLiAyXQpSZW1lbWJlciwgaXQncyBub3QgaW1wb3J0YW50IHRoYXQgeW91IG1lZXQgR29kJ3MgZXhwZWN0YXRpb25zIG5vdy4gV2hhdCBtYXR0ZXJzIGlzIHRoYXQgeW91IHdvcmsgYXQgaXQgY29uc3RhbnRseSBhbmQgZG9uJ3QgZ2V0IG5lZ2xlY3RmdWwu,,,,,W0xpdnJvIGRhcyBWaXPDtWVzLCBWb2x1bWUgMl0KTGVtYnJlLXNlISBPIGltcG9ydGFudGUgbsOjbyDDqSBhdGVuZGVyIGV4cGVjdGF0aXZhcyBjb20gcHJlc3NhLCBtYXMgc2ltIHRyYWJhbGhhciBkZSBmb3JtYSDDoXJkdWEgZSBjb25zdGFudGUu,,W0xpYnJvIGRlIGxhcyBWaXNpb25lcywgVG9tbyAyXQpSZWN1ZXJkYSwgYXVucXVlIGFjdHVhbG1lbnRlIHNpZ2FzIGJpZW4gZXN0YXMgaW5zdHJ1Y2Npb25lcy4gTG8gcXVlIGltcG9ydGEgZXMgcXVlIHRlIGVzZnVlcmNlcyBjb25zdGFudGVtZW50ZSB5IG5vIHRlIGRlc2N1aWRlcy4=
AsdiDA,,W0Jvb2sgb2YgSWxsdXNpb24gVm9sLiAyXQpPbmUgd2hvIGxpc3RlbnMgdG8gT2RpbidzIHdvcmRzLi4u,,,,,W0xpdnJvIGRhcyBWaXPDtWVzLCBWb2x1bWUgMl0KVHUgcXVlIG91dmVzIGFzIHBhbGF2cmFzIGRvIE9kaW4uLi4=,,W0xpYnJvIGRlIGxhcyBWaXNpb25lcywgVG9tbyAyXQpUw7osIHF1ZSBlc2N1Y2hhcyBsYXMgcGFsYWJyYXMgZGUgT2TDrW4uLi4=
A8diDA,,W0Jvb2sgb2YgSWxsdXNpb24gVm9sLiAyXQpPbmUgd2hvIGxpdmVzIGFjY29yZGluZyB0byBPZGluJ3Mgd29yZHMuLi4=,,,,,W0xpdnJvIGRhcyBWaXPDtWVzLCBWb2x1bWUgMl0KVHUgcXVlIHZpdmVzIGNvbmZvcm1lIGFzIHBhbGF2cmFzIGRvIE9kaW4uLi4=,,W0xpYnJvIGRlIGxhcyBWaXNpb25lcywgVG9tbyAyXQpUw7osIHF1ZSB2aXZlcyBzZWfDum4gbGFzIHBhbGFicmFzIGRlIE9kw61uLi4u
BMdiDA,,W0Jvb2sgb2YgSWxsdXNpb24gVm9sLiAyXQpZb3UndmUgYmVlbiBmb2xsb3dpbmcgSGlzIGNvbW1hbmRzLg==,,,,,W0xpdnJvIGRhcyBWaXPDtWVzLCBWb2x1bWUgMl0KVHUgY2FtaW5oYXMgZGUgYWNvcmRvIGNvbSBvcyBTZXVzIGVuc2luYW1lbnRvcy4=,,W0xpYnJvIGRlIGxhcyBWaXNpb25lcywgVG9tbyAyXQpTZWd1cmFtZW50ZSBlc3TDoXMgYWN0dWFuZG8gc2Vnw7puIGxhcyBlbnNlw7FhbnphcyBxdWUgT2TDrW4gdGUgaGEgaW1wYXJ0aWRvLi4u
BcdiDA,,W0Jvb2sgb2YgSWxsdXNpb24gVm9sLiAyXQpBcmUgeW91IGNvbmZpZGVudCBldmVyeXRoaW5nIHlvdSBkbyByZXByZXNlbnRzIEdvZD8=,,,,,W0xpdnJvIGRhcyBWaXPDtWVzLCBWb2x1bWUgMl0KVm9jw6ogZXN0w6EgY29uZmlhbnRlIGRlIHF1ZSB0dWRvIG8gcXVlIHJlYWxpemEgw6kgcGFyYSBhIGdyYcOnYSBkZSBzZXUgRGV1cz8=,,W0xpYnJvIGRlIGxhcyBWaXNpb25lcywgVG9tbyAyXQrCv0VzdMOhcyBzZWd1cm8gZGUgcXVlIGxhcyBwYWxhYnJhcyBkZSBPZMOtbiBzZSByZWZsZWphbiBlbiB0b2RvIGxvIHF1ZSBoYWNlcz8=
BsdiDA,,W0Jvb2sgb2YgSWxsdXNpb24gVm9sLiAyXQpZb3VyIHdvcnN0IGVuZW15IGlzIHlvdXIgdmVyeSBzZWxmLg==,,,,,W0xpdnJvIGRhcyBWaXPDtWVzLCBWb2x1bWUgMl0KTyBzZXUgcGlvciBpbmltaWdvIMOpIHZvY8OqIG1lc21vLg==,,W0xpYnJvIGRlIGxhcyBWaXNpb25lcywgVG9tbyAyXQpMbyBtw6FzIGF0ZXJyYWRvciBlcyBhY3R1YXIgc2luIHNhYmVyIHF1ZSBsbyBxdWUgc2UgaGFjZSBlc3TDoSBtYWwu
B8diDA,,W0Jvb2sgb2YgSWxsdXNpb24gVm9sLiAyXQo8Rk9OVCBDT0xPUiA9IDRENERGRj48Rk9OVCBTSVpFID0gMTY+PEI+VGhvc2Ugd2hvIGZhaWwgdG8gZnVsbHkgbGVhcm4gT2RpbidzIHRlYWNoaW5ncyB3aWxsIGFjdCBhZ2FpbnN0IHRoZW0gd2l0aG91dCBldmVuIHJlYWxpemluZyB0aGVpciBhY3Rpb25zIGFyZSB3cm9uZy48L0ZPTlQ+PC9GT05UPjwvQj4=,,,,,W0xpdnJvIGRhcyBWaXPDtWVzLCBWb2x1bWUgMl0KPEZPTlQgQ09MT1IgPSA0RDRERkY+PEZPTlQgU0laRSA9IDE2PjxCPkFxdWVsZSBxdWUgbsOjbyBjb21wcmVlbmRlIHBsZW5hbWVudGUgYXMgcGFsYXZyYXMgZGUgT2Rpbiwgc2VxdWVyIHBlcmNlYmVyw6EgcXVlIGNhbWluaGEgcGVsbyBjYW1pbmhvIGluZGlnbm8uPC9GT05UPjwvRk9OVD48L0I+,,W0xpYnJvIGRlIGxhcyBWaXNpb25lcywgVG9tbyAyXQo8Rk9OVCBDT0xPUiA9IDRENERGRj48Rk9OVCBTSVpFID0gMTY+PEI+UXVpZW4gbm8gaGF5YSBhcHJlbmRpZG8gcGxlbmFtZW50ZSBsYXMgcGFsYWJyYXMgZGUgT2TDrW4sIGN1YW5kbyBhY3TDumUgZW4gY29udHJhIGRlIGVsbGFzLCBuaSBzaXF1aWVyYSBzZSBkYXLDoSBjdWVudGEgZGUgcXVlIGVzdMOhIGFjdHVhbmRvIG1hbC48L0ZPTlQ+PC9GT05UPjwvQj4=
CMdiDA,,W0Jvb2sgb2YgSWxsdXNpb24gVm9sLiAyXQpXaGVuIHlvdSBjb21wbGV0ZSBsaWZlJ3Mgam91cm5leSBhbmQgc3RhbmQgYmVmb3JlIHRoZSBmaW5hbCBqdWRnbWVudCBzZWF0LCBpZiB5b3UgYXJlIGp1ZGdlZCBmb3IgeW91ciBzaW5zLCBhbmQgaWYgeW91IGFyZSBqdWRnZWQgd2l0aG91dCBldmVuIGtub3dpbmcgd2hhdCB0aG9zZSBzaW5zIGFyZSwgdGhlcmUgY291bGQgYmUgbm90aGluZyBtb3JlIHVuanVzdC4uLg==,,,,,W0xpdnJvIGRhcyBWaXPDtWVzLCBWb2x1bWUgMl0KUXVhbmRvIGNoZWdhciBhbyBmaW0gZGUgc3VhIGpvcm5hZGEgZSBlc3RpdmVyIGRpYW50ZSBkbyB0cmlidW5hbCBkbyBqdcOtem8gZmluYWwsIHBlcmNlYmVyw6EgbyBxdcOjbyB0ZXJyw612ZWwgw6kgc2VyIGp1bGdhZG8gcG9yIHBlY2Fkb3MgcXVlIG5lbSBzZXF1ZXIgc2FiaWEgcXVlIGNvbWV0aWEu,,W0xpYnJvIGRlIGxhcyBWaXNpb25lcywgVG9tbyAyXQpDdWFuZG8gdGVybWluZXMgZWwgdmlhamUgZGUgbGEgdmlkYSB5IHRlIHByZXNlbnRlcyBhbnRlIGVsIEp1aWNpbyBGaW5hbCwgc2kgdGUganV6Z2FuIHBvciB0dXMgcGVjYWRvcyBzaW4gcXVlIHNlcGFzIHNpcXVpZXJhIGN1w6FsZXMgc29uLCBubyBoYWJyw6EgbmFkYSBtw6FzIGluanVzdG8gcXVlIGVzby4uLg==
CcdiDA,,W0Jvb2sgb2YgSWxsdXNpb24gVm9sLiAyXQpUaGVuIGxldCBtZSBhc2sgeW91Lg==,,,,,W0xpdnJvIGRhcyBWaXPDtWVzLCBWb2x1bWUgMl0KRW50w6NvLCBwZXJndW50byBhIHZvY8OqLg==,,W0xpYnJvIGRlIGxhcyBWaXNpb25lcywgVG9tbyAyXQpFbnRvbmNlcywgdGUgcHJlZ3VudG8=
CsdiDA,,W0Jvb2sgb2YgSWxsdXNpb24gVm9sLiAyXQpBcmUgeW91IGNvbmZpZGVudCB5b3UgdW5kZXJzdGFuZCBhbGwgb2YgSGlzIHRlYWNoaW5ncyBhbmQgcHJhY3RpY2UgdGhlbSBhcyB5b3Ugc2hvdWxkPw==,,,,,W0xpdnJvIGRhcyBWaXPDtWVzLCBWb2x1bWUgMl0KRXN0w6FzIGNvbmZpYW50ZSBlbSB0ZXIgYXByZW5kaWRvIGUgcHJhdGljYWRvIG9zIGVuc2luYW1lbnRvcyBkZSBPZGluPw==,,W0xpYnJvIGRlIGxhcyBWaXNpb25lcywgVG9tbyAyXQrCv0hhcyBhcHJlbmRpZG8gdG9kYXMgbGFzIHBhbGFicmFzIHRyYW5zbWl0aWRhcyBwb3IgT2TDrW4geSB0ZSBtYW50aWVuZXMgZmllbCBhIGVsbGFzPw==
C8diDA,,W0Jvb2sgb2YgSWxsdXNpb24gVm9sLiAyXQpJcyBldmVyeXRoaW5nIHlvdSBkbyB3aGF0IE9kaW4gd2FudHM/IERvIHlvdSBkbyBpdCB0byBwbGVhc2UgSGltPw==,,,,,W0xpdnJvIGRhcyBWaXPDtWVzLCBWb2x1bWUgMl0KVG9kYXMgYXMgdHVhcyBhw6fDtWVzIHPDo28gZW0gZmF2b3IgZG8gcXVlIE9kaW4gZGVzZWphPw==,,W0xpYnJvIGRlIGxhcyBWaXNpb25lcywgVG9tbyAyXQrCv1RvZGFzIHR1cyBhY2Npb25lcyBzaWd1ZW4gZWwgY2FtaW5vIHF1ZSBidXNjYSBPZMOtbiB5IHNvbiBhY2Npb25lcyBxdWUgT2TDrW4gYXByZWNpYXLDrWE/
DMdiDA,,W0Jvb2sgb2YgSWxsdXNpb24gVm9sLiAyXQpUaGlzIGlzIHRoZSBkaWZmZXJlbmNlIGJldHdlZW4gYSBsYXlwZXJzb24gYW5kIGEgcHJpZXN0Lg==,,,,,W0xpdnJvIGRhcyBWaXPDtWVzLCBWb2x1bWUgMl0KRXN0YSDDqSBhIGRpZmVyZW7Dp2EgZW50cmUgdW0gY2lkYWTDo28gY29tdW0gZSB1bSB2ZXJkYWRlaXJvIHNhY2VyZG90ZS4=,,W0xpYnJvIGRlIGxhcyBWaXNpb25lcywgVG9tbyAyXQpQb2Ryw61hIGRlY2lyc2UgcXVlIGVzdGEgZXMgbGEgZGlmZXJlbmNpYSBlbnRyZSB1biBjcmV5ZW50ZSBjb23Dum4geSBhbGd1aWVuIHF1ZSBzaWd1ZSBlbCBjYW1pbm8gZGVsIHN1bW8gc2FjZXJkb3RlLg==
DcdiDA,,W0Jvb2sgb2YgSWxsdXNpb24gVm9sLiAyXQpJdCBpcyBkaWZmaWN1bHQgZm9yIGV2ZXJ5IGJlbGlldmVyIHRvIHJlbWVtYmVyIGFuZCByZWNpdGUgYWxsIHRoZSB3b3JkcyBjb252ZXllZCBieSBHb2QgYW5kIHRvIGFjdCB1cG9uIHRoZW0u,,,,,W0xpdnJvIGRhcyBWaXPDtWVzLCBWb2x1bWUgMl0KTsOjbyDDqSB0b2RvIGZpZWwgcXVlIGNvbnNlZ3VlIGxlbWJyYXIgZSByZWNpdGFyIHRvZGFzIGFzIHBhbGF2cmFzIGRvIFNlbmhvciwgbXVpdG8gbWVub3MgY29sb2PDoS1sYXMgZW0gcHLDoXRpY2Eu,,W0xpYnJvIGRlIGxhcyBWaXNpb25lcywgVG9tbyAyXQpFcyBtdXkgZGlmw61jaWwsIHkgYSBsYSB2ZXogbmF0dXJhbCwgcXVlIHRvZG8gZmllbCByZWN1ZXJkZSB5IG1lbW9yaWNlIHRvZGFzIGxhcyBwYWxhYnJhcyB0cmFuc21pdGlkYXMgcG9yIGRpb3MgeSBsYXMgcG9uZ2EgZW4gcHLDoWN0aWNh
DsdiDA,,W0Jvb2sgb2YgSWxsdXNpb24gVm9sLiAyXQpCdXQgeW91J3JlIEhpcyBzZXJ2YW50LiBZb3UgbXVzdCBkbyBpdCwgbm8gbWF0dGVyIHdoYXQsIHRvIGxlYWQgb3RoZXJzIGJ5IGV4YW1wbGUu,,,,,W0xpdnJvIGRhcyBWaXPDtWVzLCBWb2x1bWUgMl0KTWFzLCBzZSB2b2PDqiByZWFsbWVudGUgZGVzZWphIHNlciBvIFNldSBzZWd1aWRvciwgdm9jw6ogZGV2ZSByZWFsaXphciB0dWRvIGlzc28gZSBzZXIgdW0gZXhlbXBsbyBhb3MgZGVtYWlzLg==,,W0xpYnJvIGRlIGxhcyBWaXNpb25lcywgVG9tbyAyXQpQZXJvIHNpIGRlIHZlcmRhZCBxdWllcmVzIGxsZWdhciBhbCBjYW1pbm8gZGUgbGEgbHV6LCBkZWJlcyBzYWJlcmxvIHRvZG8geSBhY3R1YXIgc2luIGVsIG3DoXMgbcOtbmltbyBlcnJvci4=
D8diDA,,W0Jvb2sgb2YgSWxsdXNpb24gVm9sLiAyXQpFdmVuIGlmIHlvdSdyZSBjb25maWRlbnQgaW4gdGhlIHdheSB5b3UndmUgc2VydmVkIEhpbSB1bnRpbCBub3csIHlvdSBtdXN0IHJlbWFpbiBodW1ibGUgYW5kIGZvY3VzIG9uIHNlcnZpbmcgaGltIGFzIGJlc3QgYXMgeW91IGNhbi4=,,,,,W0xpdnJvIGRhcyBWaXPDtWVzLCBWb2x1bWUgMl0KTWVzbW8gcXVlIHNldSBjYW1pbmhvIHRlbmhhIHNpZG8gY29ycmV0byBhdMOpIGFnb3JhLCB2b2PDqiBkZXZlIGNvbnRpbnVhciBzZSBlbXBlbmhhbmRvIG5vIGNhbWluaG8gcXVlIGlyw6EgcGVyY29ycmVyIGRhcXVpIHBhcmEgZnJlbnRlLg==,,W0xpYnJvIGRlIGxhcyBWaXNpb25lcywgVG9tbyAyXQpBdW5xdWUgcHVlZGFzIGRlY2lyIHF1ZSBubyBoYXkgbmFkYSBlcnLDs25lbyBlbiBsbyBxdWUgaGFzIGhlY2hvIGhhc3RhIGFob3JhLCBkZWJlcyBlc2ZvcnphcnRlIHRhbWJpw6luIGVuIGVsIGNhbWlubyBxdWUgdmFzIGEgcmVjb3JyZXIgZW4gZWwgZnV0dXJvLg==
EMdiDA,,W0Jvb2sgb2YgSWxsdXNpb24gVm9sLiAyXQpGb3IgdGhlcmUgbWF5IHlldCBiZSB3b3JkcyB5b3UgZG8gbm90IGtub3csCmFuZCBkZWVkcyB5b3UgaGF2ZSBub3QgY2FycmllZCBvdXQuLi4=,,,,,W0xpdnJvIGRhcyBWaXPDtWVzLCBWb2x1bWUgMl0KUG9pcyBzZW1wcmUgcG9kZXLDo28gZXhpc3RpciBub3ZvcyBlbnNpbmFtZW50b3MgZSB0YXJlZmFzIHF1ZSBkZXZlbSBzZXJlbSByZWFsaXphZGFzLi4u,,W0xpYnJvIGRlIGxhcyBWaXNpb25lcywgVG9tbyAyXQpQb3JxdWUgcHVlZGUgcXVlIGhheWEgcGFsYWJyYXMgcXVlIGHDum4gbm8gY29ub3pjYXMgeSBhY2Npb25lcyBxdWUgYcO6biBubyBoYXlhcyByZWFsaXphZG8uLi4=
EcdiDA,,W0Jvb2sgb2YgSWxsdXNpb24gVm9sLiAyXQpUaGVyZSBhcmUgc3RpbGwgbWVzc2FnZXMgbGVmdCB0byBiZSBjb252ZXllZCBieSBMb3JkIE9kaW4u,,,,,W0xpdnJvIGRhcyBWaXPDtWVzLCBWb2x1bWUgMl0KQWluZGEgaMOhIG1lbnNhZ2VucyBxdWUgT2RpbiBkZXNlamEgdHJhbnNtaXRpci4=,,W0xpYnJvIGRlIGxhcyBWaXNpb25lcywgVG9tbyAyXQpBw7puIHF1ZWRhbiBtZW5zYWplcyBxdWUgdGUgdHJhbnNtaXRpcsOhIGVsIFNlw7FvciBPZMOtbi4=
EsdiDA,,W0Jvb2sgb2YgSWxsdXNpb24gVm9sLiAyXQpUaGlzIGZpbmFsIGJvb2sgY29tZXMgd2l0aCBPZGluJ3MgdGVzdC4gWW91IHNob3VsZCBwcmVwYXJlIHlvdXJzZWxmLg==,,,,,W0xpdnJvIGRhcyBWaXPDtWVzLCBWb2x1bWUgMl0KTmVzdGUgw7psdGltbyBsaXZybywgdm9jw6ogZW5jb250cmFyw6EgYSBwcm92YcOnw6NvIGRlIE9kaW4uLi4gRXN0ZWphIHByZXBhcmFkby4=,,W0xpYnJvIGRlIGxhcyBWaXNpb25lcywgVG9tbyAyXQpFbiBsYXMgw7psdGltYXMgcGFsYWJyYXMgdGFtYmnDqW4gaGFicsOhIHBydWViYXMgcXVlIHRlIGltcG9uZHLDoSBlbCBTZcOxb3IgT2TDrW4uLi4gYXPDrSBxdWUgdGVuZHLDoXMgcXVlIHByZXBhcmFydGUu
E8diDA,,W0Jvb2sgb2YgSWxsdXNpb24gVm9sLiAyXQpJdCBpcyBubyBzaGFtZSB0aGF0IHlvdSBoYXZlIG5vdCBtYXN0ZXJlZCBhbGwgb2YgT2RpbidzIHdvcmRzLg==,,,,,W0xpdnJvIGRhcyBWaXPDtWVzLCBWb2x1bWUgMl0KTsOjbyDDqSBtb3Rpdm8gZGUgdmVyZ29uaGEgbsOjbyB0ZXIgYXByZW5kaWRvIHRvZGFzIGFzIHBhbGF2cmFzIGRlIE9kaW4u,,W0xpYnJvIGRlIGxhcyBWaXNpb25lcywgVG9tbyAyXQpObyBlcyB2ZXJnb256b3NvIG5vIGhhYmVyIGFwcmVuZGlkbyB0b2RhcyBsYXMgcGFsYWJyYXMgZGUgT2TDrW4u
FMdiDA,,W0Jvb2sgb2YgSWxsdXNpb24gVm9sLiAyXQpJdCBpcyBwcmVjaXNlbHkgYmVjYXVzZSBldmVyeW9uZSBpcyBsYWNraW5nIHRoYXQgdGhleSByZWFkIEhpcyB3b3JkcyBhbmQgY3VsdGl2YXRlIHRoZWlyIGZhaXRoLg==,,,,,W0xpdnJvIGRhcyBWaXPDtWVzLCBWb2x1bWUgMl0KVG9kb3MgdGVtb3Mgbm9zc2FzIGxpbWl0YcOnw7VlcywgcG9yIGlzc28gbGVtb3MgYXMgcGFsYXZyYXMgZSBjdWx0aXZhbW9zIG5vc3NhIGbDqS4=,,W0xpYnJvIGRlIGxhcyBWaXNpb25lcywgVG9tbyAyXQpUb2RvcyB0ZW5lbW9zIGNhcmVuY2lhcywgcG9yIGVzbyBsZWVtb3MgbGFzIHBhbGFicmFzIHkgY3VsdGl2YW1vcyBudWVzdHJhIGZlLg==
FcdiDA,,W0Jvb2sgb2YgSWxsdXNpb24gVm9sLiAyXQpQbGVhc2UgdHJhaW4gZm9yIGEgbGl0dGxlIGxvbmdlciwgYW5kIHRoZW4gY29tZSBiYWNrLg==,,,,,W0xpdnJvIGRhcyBWaXPDtWVzLCBWb2x1bWUgMl0KRXNwZXJvIHF1ZSB0cmVpbmUgZHVybyBhcMOzcyBsZXIgZXN0ZSBsaXZyby4gRSBxdWFuZG8gZXN0aXZlciBwcm9udG8sIHZvbHRlLg==,,W0xpYnJvIGRlIGxhcyBWaXNpb25lcywgVG9tbyAyXQpFc3Blcm8gcXVlIGxlYXMgZXN0ZSBsaWJybyBkZXNwdcOpcyBkZSBoYWJlcnRlIGVzZm9yemFkbyB1biBwb2NvIG3DoXMu
FsdiDA,,Qm9vayBvZiBJbGx1c2lvbiBWb2wuIDM=,,,,,TGl2cm8gZGFzIFZpc8O1ZXMsIFZvbHVtZSAz,,TGlicm8gZGUgbGFzIFZpc2lvbmVzLCBUb21vIDM=
F8diDA,,VGhlIExhc3QgT3JkZWFs,,,,,QSDDumx0aW1hIHByb3Zhw6fDo28=,,TGEgw5psdGltYSBQcnVlYmE=
GMdiDA,,XkZGMDAwMFBsZWFzZSBsaWdodGVuIHlvdXIgbG9hZCBiZWZvcmUgeW91IGFjY2VwdCB0aGlzIHRyaWFsLl4wMDAwMDA=,,,,,XkZGMDAwMEFudGVzIGRlIGVuZnJlbnRhciBhIHByb3Zhw6fDo28sIGFsaXZpZSB1bSBwb3VjbyBvIHNldSBwZXNvLl4wMDAwMDA=,,XkZGMDAwMEFudGVzIGRlIGVuZnJlbnRhcnRlIGEgbGEgcHJ1ZWJhLCBhbGlnZXJhIHVuIHBvY28gbGEgY2FyZ2EgcXVlIGxsZXZhcy5eMDAwMDAw
GcdiDA,,W0Jvb2sgb2YgSWxsdXNpb24gVm9sLiAzXQpPbmx5IHBhcnRpZXMgb2YgXjAwMDBGRjFeMDAwMDAwIGNhbiByZWFkIHRoaXMgYm9vay4=,,,,,W0xpdnJvIGRhcyBWaXPDtWVzLCBWb2x1bWUgM10KUGFyYSBsZXIgZXN0ZSBsaXZybywgZXN0ZWphIGVtIHVtIGdydXBvIGNvbSBeMDAwMEZGMSBwZXNzb2FeMDAwMDAwLg==,,W0xpYnJvIGRlIGxhcyBWaXNpb25lcywgVG9tbyAzXQpTb2xvIHB1ZWRlcyBsZWVyIGVzdGUgbGlicm8gc2kgZm9ybWFzIHVuIGdydXBvIGRlIF4wMDAwRkYxIHBlcnNvbmFeMDAwMDAwLg==
GsdiDA,,UmVxdWVzdCBeMDAwMEZGezB9XjAwMDAwMA==,,,,,U29saWNpdGFyIF4wMDAwRkZ7MH1eMDAwMDAw,,U29saWNpdGFyIF4wMDAwRkZ7MH1eMDAwMDAw
G8diDA,,W0Jvb2sgb2YgSWxsdXNpb24gVm9sLiAzXQpeMDAwMEZGUGFydHkgbGVhZGVycyBvbmx5IGNhbiBhY2NlcHQgdGhlIHRyaWFsLl4wMDAwMDA=,,,,,W0xpdnJvIGRhcyBWaXPDtWVzLCBWb2x1bWUgM10KXjAwMDBGRkFwZW5hcyBsw61kZXJlcyBkbyBncnVwbyBwb2RlcsOjbyBwcm9zc2VndWlyIGNvbSBhIHByb3Zhw6fDo28uXjAwMDAwMA==,,W0xpYnJvIGRlIGxhcyBWaXNpb25lcywgVG9tbyAzXQpeMDAwMEZGU2kgbm8gZXJlcyBlbCBsw61kZXIgZGVsIGdydXBvLCBubyBwb2Ryw6FzIGNvbnRpbnVhciBjb24gbGEgcHJ1ZWJhLl4wMDAwMDA=
HMdiDA,,W0Jvb2sgb2YgSWxsdXNpb24gVm9sLiAzXQpDYXJkaW5hbCwgeW91IGhhdmUgcGFzc2VkIGFsbCB0aGUgdHJpYWxzLg==,,,,,W0xpdnJvIGRhcyBWaXPDtWVzLCBWb2x1bWUgM10Kw5MgY2FyZGVhbCBxdWUgc3VwZXJvdSB0b2RhcyBhcyBwcm92YcOnw7Vlcy4=,,W0xpYnJvIGRlIGxhcyBWaXNpb25lcywgVG9tbyAzXQpPaCwgY2FyZGVuYWwgcXVlIGhhcyBzdXBlcmFkbyB0b2RhcyBsYXMgcHJ1ZWJhcy4=
HcdiDA,,W0Jvb2sgb2YgSWxsdXNpb24gVm9sLiAzXQpNYXkgT2RpbidzIGJsZXNzaW5nIGFsd2F5cyBiZSB3aXRoIHlvdS4=,,,,,W0xpdnJvIGRhcyBWaXPDtWVzLCBWb2x1bWUgM10KUXVlIGEgYsOqbsOnw6NvIGRlIE9kaW4gZXN0ZWphIHNlbXByZSBjb250aWdvLg==,,W0xpYnJvIGRlIGxhcyBWaXNpb25lcywgVG9tbyAzXQpRdWUgbGEgYmVuZGljacOzbiBkZSBPZMOtbiB0ZSBhY29tcGHDsWUgc2llbXByZS4=
HsdiDA,,W0Jvb2sgb2YgSWxsdXNpb24gVm9sLiAzXQpZb3UgbWVldCB0aGUgcmVxdWlyZW1lbnRzIGZvciBhZHZhbmNlbWVudCwgeWV0IHlvdSBoYXZlbid0IGFkdmFuY2VkIHRvIENhcmRpbmFsLg==,,,,,W0xpdnJvIGRhcyBWaXPDtWVzLCBWb2x1bWUgM10KVm9jw6ogYXRlbmRlIGFvcyByZXF1aXNpdG9zIHBhcmEgYSBtdWRhbsOnYSBkZSBjbGFzc2UsIG1hcyBhaW5kYSBuw6NvIHNlIHRvcm5vdSB1bSBDYXJkZWFsLg==,,W0xpYnJvIGRlIGxhcyBWaXNpb25lcywgVG9tbyAzXQpUaWVuZXMgbG9zIHJlcXVpc2l0b3MgcGFyYSBjYW1iaWFyIGRlIGNsYXNlLCBwZXJvIGHDum4gbm8gdGUgaGFzIGNvbnZlcnRpZG8gZW4gQ2FyZGVuYWwu
H8diDA,,W0Jvb2sgb2YgSWxsdXNpb24gVm9sLiAzXQpEbyB5b3Ugd2FudCB0byBhZHZhbmNlIHRvIENhcmRpbmFsIG5vdz8=,,,,,W0xpdnJvIGRhcyBWaXPDtWVzLCBWb2x1bWUgM10KRGVzZWphIG11ZGFyIHBhcmEgYSBjbGFzc2UgZGUgQ2FyZGVhbCBhZ29yYT8=,,W0xpYnJvIGRlIGxhcyBWaXNpb25lcywgVG9tbyAzXQrCv1F1aWVyZXMgY2FtYmlhciBhIGNhcmRlbmFsIGFxdcOtIHkgYWhvcmE/
IMdiDA,,SSdsbCBjaGFuZ2Ugam9icy4=,,,,,Vm91IG11ZGFyIGRlIGNsYXNzZS4=,,Vm95IGEgY2FtYmlhciBkZSBjbGFzZS4=
IcdiDA,,Tm90IGNoYW5naW5nIGpvYnMu,,,,,TsOjbyB2b3UgbXVkYXIgZGUgY2xhc3NlLg==,,Tm8gdm95IGEgY2FtYmlhciBkZSBjbGFzZS4=
IsdiDA,,W0Jvb2sgb2YgSWxsdXNpb24gVm9sLiAzXQpZb3UnbGwgbm90aWNlIHlvdSd2ZSBncm93bi4=,,,,,W0xpdnJvIGRhcyBWaXPDtWVzLCBWb2x1bWUgM10KVm9jw6ogc2VudGlyw6EgcXVlIGZpY291IG1haXMgZm9ydGUu,,W0xpYnJvIGRlIGxhcyBWaXNpb25lcywgVG9tbyAzXQpTZW50aXLDoXMgcXVlIGhhcyBjcmVjaWRvLg==
I8diDA,,W0Jvb2sgb2YgSWxsdXNpb24gVm9sLiAzXQpCdXQgcmVtZW1iZXIsIHRoZXJlJ3Mgbm8gZW5kIHRvIHN0cmVuZ3RoZW5pbmcgeW91ciBmYWl0aC4=,,,,,W0xpdnJvIGRhcyBWaXPDtWVzLCBWb2x1bWUgM10KTWFzIGxlbWJyZS1zZSBkZSBxdWUgbsOjbyBow6EgZmltIHBhcmEgbyBjYW1pbmhvIGRhIGbDqS4=,,W0xpYnJvIGRlIGxhcyBWaXNpb25lcywgVG9tbyAzXQpQZXJvIHJlY3VlcmRhIGJpZW4gcXVlIG5vIGhheSBmaW4gcGFyYSBlbCBjYW1pbm8gZGUgbGEgZmUu
JMdiDA,,W0Jvb2sgb2YgSWxsdXNpb24gVm9sLiAzXQpOb3csIGdvIG91dHNpZGUgYW5kIGxlYWQgb3RoZXJzIGFzIGEgQ2FyZGluYWwu,,,,,W0xpdnJvIGRhcyBWaXPDtWVzLCBWb2x1bWUgM10KQWdvcmEgdsOhIGUgY29tcG9ydGUtc2UgZGUgbWFuZWlyYSBkaWduYSBkZSB1bSBjYXJkZWFsLg==,,W0xpYnJvIGRlIGxhcyBWaXNpb25lcywgVG9tbyAzXQpBaG9yYSBxdWUgc2FsZ2FzLCBjb21ww7NydGF0ZSBjb21vIGNvcnJlc3BvbmRlIGEgdW4gY2FyZGVuYWwu
JcdiDA,,W0Jvb2sgb2YgSWxsdXNpb24gVm9sLiAzXQpNYXkgT2RpbiBpbGx1bWluYXRlIHRoZSBwYXRoIGluIGZyb250IG9mIHlvdS4=,,,,,W0xpdnJvIGRhcyBWaXPDtWVzLCBWb2x1bWUgM10KUXVlIGEgYsOqbsOnw6NvIGRlIE9kaW4gZXN0ZWphIGNvbnRpZ28gbm8gY2FtaW5obyBxdWUgaXLDoSB0cmlsaGFyIGRhcXVpIGVtIGRpYW50ZS4=,,W0xpYnJvIGRlIGxhcyBWaXNpb25lcywgVG9tbyAzXQpRdWUgbGEgYmVuZGljacOzbiBkZSBPZMOtbiB0ZSBhY29tcGHDsWUgZW4gZWwgY2FtaW5vIHF1ZSBkZWJlcyByZWNvcnJlci4=
JsdiDA,,W0Jvb2sgb2YgSWxsdXNpb24gVm9sLiAzXQpJdCBhcHBlYXJzIHlvdSBzdGlsbCBoYXZlIHVudXNlZCBTa2lsbCBQb2ludHMu,,,,,W0xpdnJvIGRhcyBWaXPDtWVzLCBWb2x1bWUgM10KUGFyZWNlIHF1ZSBhaW5kYSBow6EgcG9udG9zIGRlIGhhYmlsaWRhZGUgbsOjbyBkaXN0cmlidWlkb3Mu,,W0xpYnJvIGRlIGxhcyBWaXNpb25lcywgVG9tbyAzXQpQYXJlY2UgcXVlIGHDum4gdGUgcXVlZGFuIHB1bnRvcyBkZSBoYWJpbGlkYWQu
J8diDA,,W0Jvb2sgb2YgSWxsdXNpb24gVm9sLiAzXQpQbGVhc2Ugc3BlbmQgdGhlbSBhbGwgZmlyc3Qu,,,,,W0xpdnJvIGRhcyBWaXPDtWVzLCBWb2x1bWUgM10KVGVudGUgbm92YW1lbnRlIGFww7NzIGRpc3RyaWJ1w60tbG9zLg==,,W0xpYnJvIGRlIGxhcyBWaXNpb25lcywgVG9tbyAzXQpUZSByZWNvbWllbmRvIHF1ZSBsb3MgZ2FzdGVzIHRvZG9zIHkgbG8gaW50ZW50ZXMgZGUgbnVldm8u
KMdiDA,,W0Jvb2sgb2YgSWxsdXNpb24gVm9sLiAzXQpEbyB5b3Ugd2FudCB0byBzdGF5IGFzIHlvdSBhcmU/,,,,,W0xpdnJvIGRhcyBWaXPDtWVzLCBWb2x1bWUgM10KVm9jw6ogZGVzZWphIHBlcm1hbmVjZXIgY29tbyBlc3TDoT8=,,W0xpYnJvIGRlIGxhcyBWaXNpb25lcywgVG9tbyAzXQrCv1F1aWVyZXMgcXVlZGFydGUgYXF1w60/
KcdiDA,,W0Jvb2sgb2YgSWxsdXNpb24gVm9sLiAzXQpQbGVhc2UgcmVjb25zaWRlci4=,,,,,W0xpdnJvIGRhcyBWaXPDtWVzLCBWb2x1bWUgM10KUGVuc2UgbWVsaG9yIG5pc3NvLg==,,W0xpYnJvIGRlIGxhcyBWaXNpb25lcywgVG9tbyAzXQpUZSByZWNvbWllbmRvIHF1ZSBsbyBwaWVuc2VzIHVuYSB2ZXogbcOhcy4=
KsdiDA,,W0Jvb2sgb2YgSWxsdXNpb24gVm9sLiAzXQpBbHJpZ2h0IHRoZW4sIGNsb3NlIHlvdXIgZXllcyBhbmQgd2FpdCBmb3IgYSByZXNwb25zZS4=,,,,,W0xpdnJvIGRhcyBWaXPDtWVzLCBWb2x1bWUgM10KQmVtLCBlbnTDo28gZmVjaGUgb3Mgb2xob3MgZSBhZ3VhcmRlLg==,,W0xpYnJvIGRlIGxhcyBWaXNpb25lcywgVG9tbyAzXQpCaWVuLCBlbnRvbmNlcyBjaWVycmEgbG9zIG9qb3MgeSBlc3BlcmEgbGEgcmVzcHVlc3RhLg==
K8diDA,,RW50ZXIgdGhlIEZpbmFsIE9yZGVhbC4=,,,,,RW50cmFyIG5hIMO6bHRpbWEgcHJvdmHDp8Ojby4=,,RW50cmFuZG8gZW4gbGEgw7psdGltYSBwcnVlYmEu
LMdiDA,,XkZGMDAwMEFuIHVua25vd24gZXJyb3IgaGFzIG9jY3VycmVkLl4wMDAwMDA=,,,,,XkZGMDAwME9jb3JyZXUgdW0gZXJybyBkZXNjb25oZWNpZG8uXjAwMDAwMA==,,XkZGMDAwMFNlIGhhIHByb2R1Y2lkbyB1biBlcnJvciBkZXNjb25vY2lkby5eMDAwMDAw
LcdiDA,,XjAwMDBGRkl0IGFwcGVhcnMgdGhlIGR1bmdlb24gaGFzIG5vdCBiZWVuIGdlbmVyYXRlZCwgb3IgeW91IGFyZSBhdHRlbXB0aW5nIHRvIGVudGVyIGEgZGlmZmVyZW50IGR1bmdlb24gdGhhbiB0aGUgcGFydHkgbGVhZGVyLl4wMDAwMDA=,,,,,XjAwMDBGRlBhcmVjZSBxdWUgYSBtYXNtb3JyYSBuw6NvIGZvaSBjcmlhZGEgb3Ugdm9jw6ogZXN0w6EgdGVudGFuZG8gZW50cmFyIGVtIHVtYSBtYXNtb3JyYSBkaWZlcmVudGUgZGEgZG8gbMOtZGVyIGRvIGdydXBvXjAwMDAwMA==,,XjAwMDBGRlBhcmVjZSBxdWUgbGEgbWF6bW9ycmEgbm8gc2UgaGEgY3JlYWRvIG8gcXVlIGludGVudGFzIGVudHJhciBlbiB1bmEgbWF6bW9ycmEgZGlmZXJlbnRlIGEgbGEgZGVsIGzDrWRlciBkZWwgZ3J1cG9eMDAwMDAw
LsdiDA,,XkZGMDAwMFlvdSBjYW5ub3QgZW50ZXIgdW5sZXNzIHlvdSBhcmUgaW4gYSBwYXJ0eS5eMDAwMDAw,,,,,XkZGMDAwME7Do28gw6kgcG9zc8OtdmVsIGVudHJhciBzZSBuw6NvIGVzdGl2ZXIgZW0gdW0gZ3J1cG8uXjAwMDAwMA==,,XkZGMDAwME5vIHB1ZWRlcyBlbnRyYXIgc2kgbm8gZXN0w6FzIGVuIHVuIGdydXBvLl4wMDAwMDA=
L8diDA,,ezB9IGhhcyBqb2luZWQgezF9Lg==,,,,,ezB9IGFjZWl0b3UgbyBkZXNhZmlvIGRlIHsxfS4=,,ezB9LCBtaWVtYnJvIGRlbCBncnVwbywgYWNlcHRhIGVsIGRlc2Fmw61vIGRlIHsxfS4=
MMdiDA,,XjAwMDBGRllvdSBjYW5ub3QgZ2VuZXJhdGUgYSBkdW5nZW9uIHVubGVzcyB5b3UgYXJlIHRoZSBwYXJ0eSBsZWFkZXIuXjAwMDAwMA==,,,,,XjAwMDBGRlNlIHZvY8OqIG7Do28gZm9yIG8gbMOtZGVyIGRvIGdydXBvLCBuw6NvIHBvZGVyw6EgY3JpYXIgYSBtYXNtb3JyYS5eMDAwMDAw,,XjAwMDBGRlNpIG5vIGVyZXMgZWwgbMOtZGVyIGRlbCBncnVwbywgbm8gcHVlZGVzIGNyZWFyIGxhIG1hem1vcnJhLl4wMDAwMDA=
McdiDA,,XjAwMDBGRnswfSBeMDAwMDAwIC0gUmVzZXJ2YXRpb24gRmFpbGVk,,,,,XjAwMDBGRnswfSBeMDAwMDAwIC0gRmFsaGEgbmEgcmVzZXJ2YQ==,,XjAwMDBGRnswfSBeMDAwMDAwIC0gUmVzZXJ2YSBmYWxsaWRh
MsdiDA,,W0Jvb2sgb2YgSWxsdXNpb24gVm9sLiAzXQpPbmUgd2hvIGJlbGlldmVzIGluIE9kaW4uLi4=,,,,,W0xpdnJvIGRhcyBWaXPDtWVzLCBWb2x1bWUgM10KVHUgcXVlIGFjcmVkaXRhcyBuYXMgcGFsYXZyYXMgZGUgT2Rpbi4uLg==,,W0xpYnJvIGRlIGxhcyBWaXNpb25lcywgVG9tbyAzXQpUw7osIHF1ZSBjcmVlcyBlbiBsYXMgcGFsYWJyYXMgZGUgT2TDrW4uLi4=
M8diDA,,W0Jvb2sgb2YgSWxsdXNpb24gVm9sLiAzXQpPbmUgd2hvIGZvbGxvd3MgSGlzIHRlYWNoaW5ncy4uLg==,,,,,W0xpdnJvIGRhcyBWaXPDtWVzLCBWb2x1bWUgM10KVHUgcXVlIHNlZ3VlcyBvcyBlbnNpbmFtZW50b3MgZGUgT2Rpbi4uLg==,,W0xpYnJvIGRlIGxhcyBWaXNpb25lcywgVG9tbyAzXQpUw7osIHF1ZSBzaWd1ZXMgbGFzIGVuc2XDsWFuemFzIGRlIE9kw61uLi4u
NMdiDA,,W0Jvb2sgb2YgSWxsdXNpb24gVm9sLiAzXQpCZWZvcmUgcmVhZGluZyB0aGlzIGJvb2ssIGxvb2sgYXJvdW5kIHlvdS4=,,,,,W0xpdnJvIGRhcyBWaXPDtWVzLCBWb2x1bWUgM10KQW50ZXMgZGUgbGVyIGVzdGUgbGl2cm8sIG9saGUgYW8gc2V1IHJlZG9yLg==,,W0xpYnJvIGRlIGxhcyBWaXNpb25lcywgVG9tbyAzXQpBbnRlcyBkZSBsZWVyIGVzdGUgbGlicm8sIG1pcmEgYSB0dSBhbHJlZGVkb3Iu
NcdiDA,,W0Jvb2sgb2YgSWxsdXNpb24gVm9sLiAzXQpNb25zdGVycyBhcmUgZGVmaWxpbmcgdGhlIGhvbHkgZ3JvdW5kLg==,,,,,W0xpdnJvIGRhcyBWaXPDtWVzLCBWb2x1bWUgM10KTW9uc3Ryb3MgZXN0w6NvIHByb2ZhbmFuZG8gZXN0ZSBzb2xvIHNhZ3JhZG8u,,W0xpYnJvIGRlIGxhcyBWaXNpb25lcywgVG9tbyAzXQpVbiBsdWdhciBxdWUgZGViZXLDrWEgc2VyIHNhZ3JhZG8gZXN0w6EgaW5mZXN0YWRvIGRlIG1vbnN0cnVvcy4=
NsdiDA,,W0Jvb2sgb2YgSWxsdXNpb24gVm9sLiAzXQpQbGVhc2UgdXNlIHlvdXIgc2FjcmVkIHBvd2VyIHRvIHN1YmR1ZSB0aGVtIGZpcnN0IGFuZCB0aGVuIGNvbWUu,,,,,W0xpdnJvIGRhcyBWaXPDtWVzLCBWb2x1bWUgM10KVXRpbGl6ZSBzZXUgcG9kZXIgc2FncmFkbyBwYXJhIHN1Ymp1Z8OhLWxvcyBhbnRlcyBkZSByZXRvcm5hci4=,,W0xpYnJvIGRlIGxhcyBWaXNpb25lcywgVG9tbyAzXQpFc3Blcm8gcXVlIHVzZXMgdHUgcG9kZXIgc2FncmFkbyBwYXJhIHN1Ynl1Z2FybG9zIHByaW1lcm8geSBsdWVnbyByZWdyZXNlcy4=
N8diDA,,W0Jvb2sgb2YgSWxsdXNpb24gVm9sLiAzXQpIdW50IDMwIG1vbnN0ZXJzIG9mIGFueSBraW5kLCBhbmQgdGhlbiBjb21lIGJhY2sgaGVyZS4=,,,,,W0xpdnJvIGRhcyBWaXPDtWVzLCBWb2x1bWUgM10KRGVycm90ZSAzMCBtb25zdHJvcyBkZSBxdWFscXVlciB0aXBvIG5lc3RhIMOhcmVhLCBlIGVudMOjbyByZXRvcm5lIHBhcmEgZXN0ZSBsaXZyby4=,,W0xpYnJvIGRlIGxhcyBWaXNpb25lcywgVG9tbyAzXQpUcmFzIGRlcnJvdGFyIGEgMzAgbW9uc3RydW9zIGRlIGN1YWxxdWllciB0aXBvIHF1ZSBleGlzdGFuIGVuIGVzdGUgZXNwYWNpbywgcmVncmVzYSBhIGVzdGUgbGlicm8u
OMdiDA,,W0Jvb2sgb2YgSWxsdXNpb24gVm9sLiAzXQpXaGF0IGRvIHlvdSBnYWluIGZyb20geW91ciBsaWZlIG9mIGZhaXRoPw==,,,,,W0xpdnJvIGRhcyBWaXPDtWVzLCBWb2x1bWUgM10KTyBxdWUgdm9jw6ogZ2FuaGEgYW8gdml2ZXIgZGEgZsOpPw==,,W0xpYnJvIGRlIGxhcyBWaXNpb25lcywgVG9tbyAzXQrCv1F1w6kgb2J0aWVuZXMgYWwgdml2aXIgdHUgdmlkYSBkZSBmZT8=
OcdiDA,,W0Jvb2sgb2YgSWxsdXNpb24gVm9sLiAzXQpNYW55IHBlb3BsZSB3b3JzaGlwIE9kaW4gZm9yIHRoZWlyIG93biBwZXJzb25hbCBnYWluLg==,,,,,W0xpdnJvIGRhcyBWaXPDtWVzLCBWb2x1bWUgM10KTXVpdGFzIHBlc3NvYXMgYWNyZWRpdGFtIGVtIE9kaW4gYXBlbmFzIHBhcmEgb2J0ZXIgYmVuZWbDrWNpb3MgcHLDs3ByaW9zLg==,,W0xpYnJvIGRlIGxhcyBWaXNpb25lcywgVG9tbyAzXQpIYXkgbXVjaGEgZ2VudGUgcXVlIGNyZWUgZW4gT2TDrW4gc29sbyBwYXJhIHNhY2FyIHByb3ZlY2hvIHByb3Bpby4=
OsdiDA,,W0Jvb2sgb2YgSWxsdXNpb24gVm9sLiAzXQpUaGUgcmVhc29uIGlzIHNpbXBsZS4gVGhleSBrbm93IHRoYXQgZm9sbG93aW5nIE9kaW4ncyB3b3JkcyBhbmQgYWN0aW5nIGFjY29yZGluZyB0byBIaXMgdGVhY2hpbmdzIGJyaW5ncyBibGVzc2luZ3Mu,,,,,W0xpdnJvIGRhcyBWaXPDtWVzLCBWb2x1bWUgM10KQSByYXrDo28gw6kgc2ltcGxlcy4gRWxlcyBhY3JlZGl0YW0gcXVlIHNlIHNlZ3VpcmVtIGFzIHBhbGF2cmFzIGRvIE9kaW4gZSBhZ2lyZW0gZGUgYWNvcmRvIGNvbSBvcyBzZXVzIGVuc2luYW1lbnRvcywgc2Vyw6NvIGFiZW7Dp29hZG9zLg==,,W0xpYnJvIGRlIGxhcyBWaXNpb25lcywgVG9tbyAzXQpMYSByYXrDs24gZXMgc2ltcGxlLiBQb3JxdWUgc2kgc2lndWVzIGxhcyBwYWxhYnJhcyBkZSBPZMOtbiB5IGFjdMO6YXMgc2Vnw7puIHN1cyBlbnNlw7FhbnphcywgbGEgZ3JhY2lhIHRlIGFjb21wYcOxYXLDoS4=
O8diDA,,W0Jvb2sgb2YgSWxsdXNpb24gVm9sLiAzXQpIYXZlIHlvdSBldmVyIHRob3VnaHQgYWJvdXQgdGhlIGZ1bmRhbWVudGFscyBvZiBmYWl0aD8=,,,,,W0xpdnJvIGRhcyBWaXPDtWVzLCBWb2x1bWUgM10KSsOhIHBhcm91IHBhcmEgcGVuc2FyIHNvYnJlIG9zIGZ1bmRhbWVudG9zIGRhIGbDqT8=,,W0xpYnJvIGRlIGxhcyBWaXNpb25lcywgVG9tbyAzXQrCv0FsZ3VuYSB2ZXogaGFzIHBlbnNhZG8gZW4gbGEgcGFydGUgbcOhcyBmdW5kYW1lbnRhbCBkZSBsYSBmZT8=
PMdiDA,,W0Jvb2sgb2YgSWxsdXNpb24gVm9sLiAzXQpBcmUgeW91IHN1cmUgeW91IGJlbGlldmUgaW4gSGltLCBub3QganVzdCBIaXMgd29yZHM/,,,,,W0xpdnJvIGRhcyBWaXPDtWVzLCBWb2x1bWUgM10KVm9jw6ogcmVhbG1lbnRlIGFjcmVkaXRhIGVtIE9kaW4sIGUgbsOjbyBhcGVuYXMgbmFzIHN1YXMgcGFsYXZyYXM/,,W0xpYnJvIGRlIGxhcyBWaXNpb25lcywgVG9tbyAzXQrCv0FjYXNvIG5vIHRlIGNyZWVzIGxhcyBwYWxhYnJhcyBxdWUgT2TDrW4gdGUgY29uY2VkacOzPw==
PcdiDA,,W0Jvb2sgb2YgSWxsdXNpb24gVm9sLiAzXQo8Rk9OVCBDT0xPUiA9IDRENERGRj48Rk9OVCBTSVpFID0gMTY+PEI+QmVmb3JlIGJlbGlldmluZyBpbiBhbmQgZm9sbG93aW5nIEhpcyB3b3JkcyBhbmQgdGVhY2hpbmdzLCBpdCBpcyBpbXBvcnRhbnQgdG8gYmVsaWV2ZSBpbiBPZGluJ3MgdmVyeSBleGlzdGVuY2UuLi48L0ZPTlQ+PC9GT05UPjwvQj4=,,,,,W0xpdnJvIGRhcyBWaXPDtWVzLCBWb2x1bWUgM10KPEZPTlQgQ09MT1IgPSA0RDRERkY+PEZPTlQgU0laRSA9IDE2PjxCPkFudGVzIGRlIGFjcmVkaXRhciBlIHNlZ3VpciBzdWFzIHBhbGF2cmFzIGUgc2V1cyBlbnNpbmFtZW50b3MsIMOpIGltcG9ydGFudGUgYWNyZWRpdGFyIG5hIHByw7NwcmlhIGV4aXN0w6puY2lhIGRlIE9kaW4uLi48L0ZPTlQ+PC9GT05UPjwvQj4=,,W0xpYnJvIGRlIGxhcyBWaXNpb25lcywgVG9tbyAzXQo8Rk9OVCBDT0xPUiA9IDRENERGRj48Rk9OVCBTSVpFID0gMTY+PEI+QW50ZXMgZGUgY3JlZXIgeSBzZWd1aXIgbGFzIHBhbGFicmFzIHkgbGFzIGVuc2XDsWFuemFzLCBlcyBpbXBvcnRhbnRlIGNyZWVyIGVuIGxhIGV4aXN0ZW5jaWEgbWlzbWEgZGUgT2TDrW4uLi48L0ZPTlQ+PC9GT05UPjwvQj4=
PsdiDA,,W0Jvb2sgb2YgSWxsdXNpb24gVm9sLiAzXQpUaGUgYmxlc3NpbmdzIGdhaW5lZCBieSBhY3RpbmcgYWNjb3JkaW5nIHRvIE9kaW4ncyB3b3JkcyBhcmUgZWFzeSBmb3IgdXMgdG8gZGlzY292ZXIu,,,,,W0xpdnJvIGRhcyBWaXPDtWVzLCBWb2x1bWUgM10KVG9kb3MgYWNyZWRpdGFtb3MgbmFzIGLDqm7Dp8Ojb3MgcXVlIHJlY2ViZW1vcyBkZSBPZGluIHBvaXMgw6kgZsOhY2lsIHbDqi1sYXMgYWNvbnRlY2VuZG8u,,W0xpYnJvIGRlIGxhcyBWaXNpb25lcywgVG9tbyAzXQpFcyBmw6FjaWwgdmVyIGxhcyBiZW5kaWNpb25lcyBxdWUgcmVjaWJpbW9zIGN1YW5kbyBhY3R1YW1vcyBkZSBhY3VlcmRvIGNvbiBsYXMgcGFsYWJyYXMgZGUgT2TDrW4u
P8diDA,,W0Jvb2sgb2YgSWxsdXNpb24gVm9sLiAzXQpCdXQgc2luY2Ugbm8gb25lIGhhcyBldmVyIHNlZW4gT2RpbiBkaXJlY3RseSwgaXQncyB0cnVlIHRoYXQgbWFueSBiZWxpZXZlcnMgaGFyYm9yIGRvdWJ0cyBhYm91dCBIaXMgdmVyeSBleGlzdGVuY2Uu,,,,,W0xpdnJvIGRhcyBWaXPDtWVzLCBWb2x1bWUgM10KTWFzLCBjb21vIG51bmNhIHZpbW9zIE9kaW4gcGVzc29hbG1lbnRlLCDDqSB2ZXJkYWRlIHF1ZSBtdWl0b3MgZmnDqWlzIHTDqm0gZMO6dmlkYXMgc29icmUgYSBzdWEgcHLDs3ByaWEgZXhpc3TDqm5jaWEu,,W0xpYnJvIGRlIGxhcyBWaXNpb25lcywgVG9tbyAzXQpTaW4gZW1iYXJnbywgY29tbyBudW5jYSBoZW1vcyB2aXN0byBhIE9kaW4gZW4gcGVyc29uYSwgZXMgY2llcnRvIHF1ZSBtdWNob3MgY3JleWVudGVzIHRpZW5lbiBkdWRhcyBzb2JyZSBzdSBleGlzdGVuY2lhLg==
QMdiDA,,W0Jvb2sgb2YgSWxsdXNpb24gVm9sLiAzXQpJdCdzIG5vdCBlYXN5IHRvIGJlbGlldmUgaW4gc29tZXRoaW5nIHlvdSBjYW4ndCBzZWUgb3IgZmVlbC4=,,,,,W0xpdnJvIGRhcyBWaXPDtWVzLCBWb2x1bWUgM10KQWNyZWRpdGFyIGVtIGFsZ28gcXVlIG7Do28gc2UgdsOqIG5lbSBzZSBzZW50ZSBuw6NvIMOpIHRhcmVmYSBmw6FjaWwu,,W0xpYnJvIGRlIGxhcyBWaXNpb25lcywgVG9tbyAzXQpDcmVlciBlbiBhbGdvIHF1ZSBubyBzZSB2ZSBuaSBzZSBzaWVudGUgbm8gZXMgdGFyZWEgZsOhY2lsLg==
QcdiDA,,W0Jvb2sgb2YgSWxsdXNpb24gVm9sLiAzXQpCdXQgdG8gdHJ1bHkgcmVhY2ggT2RpbidzIHdvcmRzLCB5b3UgbXVzdCBoYXZlIGZhaXRoIGluIEhpcyB2ZXJ5IGV4aXN0ZW5jZSBhbmQgY29uZmlybWF0aW9uIG9mIGl0Lg==,,,,,W0xpdnJvIGRhcyBWaXPDtWVzLCBWb2x1bWUgM10KTWFzLCBwYXJhIHJlYWxtZW50ZSBhbGNhbsOnYXIgYXMgcGFsYXZyYXMgZGUgT2Rpbiwgw6kgcHJlY2lzbyB0ZXIgZsOpIGUgYSBjZXJ0ZXphIGRhIHByw7NwcmlhIGV4aXN0w6puY2lhIGRlIE9kaW4u,,W0xpYnJvIGRlIGxhcyBWaXNpb25lcywgVG9tbyAzXQpQZXJvIHBhcmEgbGxlZ2FyIGRlIHZlcmRhZCBhIGxhcyBwYWxhYnJhcyBkZSBPZMOtbiwgc2UgbmVjZXNpdGEgZmUgeSBlc3RhciBzZWd1cm8gZGUgc3UgZXhpc3RlbmNpYS4=
QsdiDA,,W0Jvb2sgb2YgSWxsdXNpb24gVm9sLiAzXQpUaGF0IHdoaWNoIGlzIHNlZW4sIGFuZCB0aGF0IHdoaWNoIGlzIHVuc2Vlbi4uLg==,,,,,W0xpdnJvIGRhcyBWaXPDtWVzLCBWb2x1bWUgM10KTyBxdWUgc2UgdsOqIGUgbyBxdWUgbsOjbyBzZSB2w6ouLi4=,,W0xpYnJvIGRlIGxhcyBWaXNpb25lcywgVG9tbyAzXQpMbyB2aXNpYmxlIHkgbG8gaW52aXNpYmxlLi4u
Q8diDA,,W0Jvb2sgb2YgSWxsdXNpb24gVm9sLiAzXQpDYW4geW91IGRpc3Rpbmd1aXNoIHRoZXNlIHR3bz8=,,,,,W0xpdnJvIGRhIElsdXPDo28sIFZvbHVtZSAzXQpWb2PDqiBjb25zZWd1ZSB2ZXIgYSBkaWZlcmVuw6dhPw==,,W0xpYnJvIGRlIGxhcyBWaXNpb25lcywgVG9tbyAzXQrCv0VyZXMgY2FwYXogZGUgZGlzdGluZ3Vpcmxvcz8=
RMdiDA,,W0Jvb2sgb2YgSWxsdXNpb24gVm9sLiAzXQpHb2QgaXMgaW52aXNpYmxlLCBidXQgZGVtb25zIGFyZW4ndC4gQW5kIGRlbW9ucyBpbnRlcmZlcmUgd2l0aCBvdXIgZmFpdGggaW4gSGltLg==,,,,,W0xpdnJvIGRhcyBWaXPDtWVzLCBWb2x1bWUgM10KRGV1cyDDqSBpbnZpc8OtdmVsLCBtYXMgZGVtw7RuaW9zIG7Do28gc8Ojby4gRSBhIGV4aXN0w6puY2lhIGRvIGRlbcO0bmlvIGludGVyZmVyZSBlbSBub3NzYSBmw6kgZW0gRGV1cy4uLg==,,W0xpYnJvIGRlIGxhcyBWaXNpb25lcywgVG9tbyAzXQpEaW9zIG5vIGVzIHZpc2libGUsIHBlcm8gZWwgZGVtb25pbyBzw60gbG8gZXMuIExhIGV4aXN0ZW5jaWEgZGVsIGRlbW9uaW8uLi4gZXNvIGVzIGxvIHF1ZSBvYnN0YWN1bGl6YSBsYSBmZSBlbiBEaW9zLi4u
RcdiDA,,W0Jvb2sgb2YgSWxsdXNpb24gVm9sLiAzXQpJZiB5b3Ugc2VlIGFuIGltYWdlIG9mIGEgZGVtb24sIGNhbiB5b3UgcmVtYWluIHVuYWZmZWN0ZWQgYnkgaXQ/,,,,,W0xpdnJvIGRhcyBWaXPDtWVzLCBWb2x1bWUgM10KU2UgdW1hIGlsdXPDo28gZW0gZm9ybWEgZGUgZGVtw7RuaW8gYXBhcmVjZXNzZSBiZW0gw6Agc3VhIGZyZW50ZSwgdm9jw6ogY29uc2VndWlyaWEgc2UgbWFudGVyIMOtbnRlZ3JvPw==,,W0xpYnJvIGRlIGxhcyBWaXNpb25lcywgVG9tbyAzXQpTaSBleGlzdGllcmEgdW5hIGlsdXNpw7NuIGNvbiBmb3JtYSBkZSBkZW1vbmlvLCDCv3BvZHLDrWFzIGxpYmVyYXJ0ZSBwb3IgY29tcGxldG8gZGUgZWxsYT8=
RsdiDA,,WWVzLCBpdCBpcyBwb3NzaWJsZS4=,,,,,U2ltLCBldSBjb25zaWdvLg==,,U8OtLCBlcyBwb3NpYmxlLg==
R8diDA,,SXQgaXMgaW1wb3NzaWJsZS4=,,,,,TsOjbyBjb25zaWdvLi4u,,Tm8gZXMgcG9zaWJsZS4=
SMdiDA,,W0Jvb2sgb2YgSWxsdXNpb24gVm9sLiAzXQpTb29uLCB5b3UnbGwgZW5jb3VudGVyIGEgZGVtb25pYyBpbWFnZS4=,,,,,W0xpdnJvIGRhcyBWaXPDtWVzLCBWb2x1bWUgM10KRW0gYnJldmUsIHZvY8OqIGVuZnJlbnRhcsOhIHVtYSBpbHVzw6NvIGNvbSBhIGZvcm1hIGRlIHVtIGRlbcO0bmlvLg==,,W0xpYnJvIGRlIGxhcyBWaXNpb25lcywgVG9tbyAzXQpQcm9udG8gdGUgZW5mcmVudGFyw6FzIGEgdW5hIGlsdXNpw7NuIGNvbiBmb3JtYSBkZSBkZW1vbmlvLg==
ScdiDA,,W0Jvb2sgb2YgSWxsdXNpb24gVm9sLiAzXQpObyBhdHRhY2sgY2FuIGhhcm0gdGhhdCBpbGx1c2lvbi4=,,,,,W0xpdnJvIGRhcyBWaXPDtWVzLCBWb2x1bWUgM10KTmVuaHVtIGF0YXF1ZSBmdW5jaW9uYSBjb250cmEgZXNzYSBpbHVzw6NvLg==,,W0xpYnJvIGRlIGxhcyBWaXNpb25lcywgVG9tbyAzXQpOaW5nw7puIGF0YXF1ZSBmdW5jaW9uYSBjb250cmEgZXNhIGlsdXNpw7NuLg==
SsdiDA,,W0Jvb2sgb2YgSWxsdXNpb24gVm9sLiAzXQpVc2UgeW91ciBwb3dlciBvZiBmYWl0aCB0byBlc2NhcGUgZnJvbSBpdC4=,,,,,W0xpdnJvIGRhcyBWaXPDtWVzLCBWb2x1bWUgM10KUHJvY3VyZSB1bWEgbWFuZWlyYSBkZSBlc2NhcGFyIGNvbSBzYWJlZG9yaWEsIHZhbGVuZG8tdGUgZG8gcG9kZXIgZGEgZsOpLg==,,W0xpYnJvIGRlIGxhcyBWaXNpb25lcywgVG9tbyAzXQpCdXNjYSBsYSBtYW5lcmEgZGUgZXNjYXBhciBzYWJpYW1lbnRlIGEgdHJhdsOpcyBkZWwgcG9kZXIgZGUgbGEgZmUu
S8diDA,,W0Jvb2sgb2YgSWxsdXNpb24gVm9sLiAzXQpJZiB5b3UgdHJ1bHkgd2lzaCB0byBlbnRlciB0aGF0IHBsYWNlLCBwbGVhc2UgcmVhZCB0aGlzIGJvb2sgYWdhaW4u,,,,,W0xpdnJvIGRhcyBWaXPDtWVzLCBWb2x1bWUgM10KU2UgcmVhbG1lbnRlIGRlc2VqYSBlbnRyYXIgbmFxdWVsZSBsdWdhciwgbGVpYSBlc3RlIGxpdnJvIG5vdmFtZW50ZS4=,,W0xpYnJvIGRlIGxhcyBWaXNpb25lcywgVG9tbyAzXQpTaSBkZSB2ZXJkYWQgZGVzZWFzIGVudHJhciBlbiBlc2UgbHVnYXIsIHZ1ZWx2ZSBhIGxlZXIgZXN0ZSBsaWJyby4=
TMdiDA,,W0Jvb2sgb2YgSWxsdXNpb24gVm9sLiAzXQpDb21lIGJhY2sgd2hlbiB5b3UncmUgcmVhZHku,,,,,W0xpdnJvIGRhcyBWaXPDtWVzLCBWb2x1bWUgM10KUXVhbmRvIHNlIHNlbnRpciBwcm9udG8sIHZvbHRlIGFxdWku,,W0xpYnJvIGRlIGxhcyBWaXNpb25lcywgVG9tbyAzXQpWdWVsdmUgY3VhbmRvIHRvZG8gZXN0w6kgbGlzdG8u
