gHx4DQ,,UHJvZmVzc29yIERhZWd1dG8j,,,,,UHJvZmVzc29yIERhZWd1dG8j,,UHJvZmVzb3IgRGFlZ3V0byM=
gXx4DQ,,LSBZb3UgaGF2ZSB0b28gbWFueSBpdGVtcyBpbiB5b3VyIHBvc3Nlc3Npb24gdG8gcHJvY2VlZC4gLQ==,,,,,LSBWb2PDqiB0ZW0gaXRlbnMgZGVtYWlzIHBhcmEgcHJvc3NlZ3Vpci4gLQ==,,LSBObyBwdWVkZXMgY29udGludWFyIHBvcnF1ZSBsbGV2YXMgZGVtYXNpYWRvcyBvYmpldG9zLiAt
gnx4DQ,,W1Byb2Zlc3NvciBEYWVndXRvXQpBIG5ldyBmYWNlLiBXZXJlIHlvdSBhbHNvIG9uIHRoZSBhaXJzaGlwPw==,,,,,W1Byb2Zlc3NvciBEYWVndXRvXQpSb3N0byBub3ZvLiBWb2PDqiB0YW1iw6ltIGVzdGF2YSBuYSBhZXJvbmF2ZT8=,,W1Byb2Zlc29yIERhZWd1dG9dCkVzIGxhIHByaW1lcmEgdmV6IHF1ZSB2ZW8gdHUgcm9zdHJvLiDCv1TDuiB0YW1iacOpbiBlc3RhYmFzIGVuIGxhIGFlcm9uYXZlPw==
g3x4DQ,,Tm8sIEkgd2FzIG5vdC4=,,,,,TsOjbyBlc3RhdmEu,,Tm8u
hHx4DQ,,WWVzLCBJIHdhcy4=,,,,,U2ltLCBldSBlc3RhdmEu,,U8OtLCBlc3RhYmEgYWxsw60u
hXx4DQ,,W1Byb2Zlc3NvciBEYWVndXRvXQpUaGVuIGFnYWluLCBpdCB3b3VsZCBiZSBzdHJhbmdlIGlmIG5vIG9uZSBjYW1lIHJ1bm5pbmcgd2hlbiBhIGh1Z2Ugc2hpcCBsaWtlIGFuIGFpcnNoaXAgZmVsbCBmcm9tIHRoZSBza3ku,,,,,W1Byb2Zlc3NvciBEYWVndXRvXQpCZW0sIHNlcmlhIGVzdHJhbmhvIG5pbmd1w6ltIHZpciBjb3JyZW5kbyBkZXBvaXMgZGUgdmVyIHVtYSBlbWJhcmNhw6fDo28gZW5vcm1lIGNvbW8gdW1hIGFlcm9uYXZlIGNhaXIgZG8gY8OpdS4=,,W1Byb2Zlc29yIERhZWd1dG9dCkEgZGVjaXIgdmVyZGFkLCB0YW1iacOpbiBzZXLDrWEgZXh0cmHDsW8gcXVlIG5hZGllIHZpbmllcmEgY29ycmllbmRvIGFsIHZlciBjYWVyIGRlbCBjaWVsbyB1bmEgbmF2ZSB0YW4gZ3JhbmRlIGNvbW8gdW5hIGFlcm9uYXZlLg==
hnx4DQ,,W1Byb2Zlc3NvciBEYWVndXRvXQpJIGRvIG5vdCByZW1lbWJlciBldmVyeW9uZSB3aG8gd2FzIG9uIHRoZSBhaXJzaGlwLCBzbyBpdCBpcyBwb3NzaWJsZSBJIGRpZCBub3Qgc2VlIHlvdS4=,,,,,W1Byb2Zlc3NvciBEYWVndXRvXQpOw6NvIG1lIGxlbWJybyBkZSB0b2RvcyBxdWUgZXN0YXZhbSBuYSBhZXJvbmF2ZSwgZW50w6NvIHBvc3NvIG7Do28gdGVyIHZpc3RvIHZvY8OqLg==,,W1Byb2Zlc29yIERhZWd1dG9dClRhbXBvY28gcmVjdWVyZG8gYSB0b2RhcyBsYXMgcGVyc29uYXMgcXVlIGliYW4gYSBib3JkbyBkZSBsYSBhZXJvbmF2ZSwgYXPDrSBxdWUgcHVlZGUgcXVlIG5vIHRlIGhheWEgdmlzdG8u
h3x4DQ,,W1Byb2Zlc3NvciBEYWVndXRvXQpJIHRob3VnaHQgb3VyIHJlc2VhcmNoIHRlYW0gaGFkIHNlY3VyZWQgaXQgZmlyc3QsIGJ1dCBzaW5jZSB5b3UgZm9sbG93ZWQgdXMgaGVyZSwgaXQgaXMgb25seSBhIG1hdHRlciBvZiB0aW1lIGJlZm9yZSBpdCBiZWNvbWVzIGtub3duIG91dHNpZGUu,,,,,W1Byb2Zlc3NvciBEYWVndXRvXQpBY2hlaSBxdWUgbm9zc2EgZXF1aXBlIGRlIHBlc3F1aXNhIHRpdmVzc2UgY2hlZ2FkbyBwcmltZWlybywgbWFzIHZlbmRvIHF1ZSB2b2PDqiBub3Mgc2VndWl1LCBwYXJlY2UgcXVlIMOpIHPDsyBxdWVzdMOjbyBkZSB0ZW1wbyBhdMOpIGlzdG8gc2UgdG9ybmFyIHDDumJsaWNvLg==,,W1Byb2Zlc29yIERhZWd1dG9dClBlbnNhYmEgcXVlIG51ZXN0cm8gZXF1aXBvIGRlIGludmVzdGlnYWNpw7NuIHNlIGhhYsOtYSBhZGVsYW50YWRvLCBwZXJvIHZpZW5kbyBxdWUgbm9zIGhhcyBzZWd1aWRvLCBzZXLDoSBjdWVzdGnDs24gZGUgdGllbXBvIHF1ZSBlc3RvIHNlIGhhZ2EgcMO6YmxpY28u
iHx4DQ,,W1Byb2Zlc3NvciBEYWVndXRvXQpJbiBhbnkgY2FzZSwgZG9lcyB0aGlzIG5vdCBzZWVtIGxpa2UgYSByYXRoZXIgc3RyYW5nZSBwbGFjZT8gSSBoYXZlIHZpc2l0ZWQgdGhlIE1qb2xuaXIgTW91bnRhaW5zIG1hbnkgdGltZXMgZm9yIHJlc2VhcmNoLCBidXQgSSBoYXZlIG5ldmVyIGhlYXJkIHJ1bW9ycyBvZiBhIHBsYWNlIGxpa2UgdGhpcyB1bmRlcmdyb3VuZC4=,,,,,W1Byb2Zlc3NvciBEYWVndXRvXQpEZSB0b2RvIG1vZG8sIGVzdGUgbHVnYXIgbsOjbyBwYXJlY2UgYmFzdGFudGUgZXN0cmFuaG8/IErDoSB2aW0gdsOhcmlhcyB2ZXplcyDDoHMgbW9udGFuaGFzIGRlIE1qb2xuaXIgcGFyYSBwZXNxdWlzYSwgbWFzIG51bmNhIG91dmkgcnVtb3JlcyBkZSB1bSBsdWdhciBjb21vIGVzdGUgbm8gc3Vic29sby4=,,W1Byb2Zlc29yIERhZWd1dG9dCkVuIGN1YWxxdWllciBjYXNvLCDCv25vIHRlIHBhcmVjZSBxdWUgZXN0ZSBsdWdhciBlcyBtdXkgZXh0cmHDsW8/IEhlIHZlbmlkbyBiYXN0YW50ZXMgdmVjZXMgYSBsYXMgbW9udGHDsWFzIE1qb2xuaXIgcG9yIG1vdGl2b3MgZGUgaW52ZXN0aWdhY2nDs24sIHBlcm8gbnVuY2EgaGFiw61hIG/DrWRvIHJ1bW9yZXMgZGUgcXVlIGV4aXN0aWVyYSB1biBsdWdhciBhc8OtIGJham8gdGllcnJhLg==
iXx4DQ,,W1Byb2Zlc3NvciBEYWVndXRvXQpJdCBmZWVscyBhcyBpZiBhbiB1bmtub3duIHdvcmxkIGNhbGxlZCBvdXIgcmVzZWFyY2ggdGVhbSBoZXJlLCBhc2tpbmcgdG8gYmUgZGlzY292ZXJlZC4gQXMgYSBzY2hvbGFyIHdobyBzdHVkaWVzIHRoZSBjb3JyZWxhdGlvbiBiZXR3ZWVuIG1hZ2ljIGFuZCBtb25zdGVycywgSSBjYW5ub3Qgc2ltcGx5IHBhc3MgaXQgYnku,,,,,W1Byb2Zlc3NvciBEYWVndXRvXQrDiSBjb21vIHNlIHVtIG11bmRvIGRlc2NvbmhlY2lkbyB0aXZlc3NlIGNoYW1hZG8gbm9zc2EgZXF1aXBlIGRlIHBlc3F1aXNhLCBwZWRpbmRvIHBhcmEgc2VyIGRlc2NvYmVydG8uIENvbW8gZXN0dWRpb3NvIGRhIGNvcnJlbGHDp8OjbyBlbnRyZSBwb2RlciBtw6FnaWNvIGUgbW9uc3Ryb3MsIG7Do28gcG9zc28gc2ltcGxlc21lbnRlIGlnbm9yYXIgaXN0by4=,,W1Byb2Zlc29yIERhZWd1dG9dCkVzIGNvbW8gc2kgdW4gbXVuZG8gZGVzY29ub2NpZG8gaHViaWVyYSBsbGFtYWRvIGEgbnVlc3RybyBlcXVpcG8gZGUgaW52ZXN0aWdhY2nDs24gcGFyYSBxdWUgbG8gZGVzY3VicmnDqXJhbW9zLiBDb21vIGVydWRpdG8gcXVlIGludmVzdGlnYSBsYSByZWxhY2nDs24gZW50cmUgZWwgcG9kZXIgbcOhZ2ljbyB5IGxvcyBtb25zdHJ1b3MsIG5vIHB1ZWRvIHBhc2FybG8gcG9yIGFsdG8u
inx4DQ,,W1Byb2Zlc3NvciBEYWVndXRvXQpZb3UgbXVzdCBiZSBhbiBhZHZlbnR1cmVyLiBQZXJmZWN0IHRpbWluZy4gT3VyIHN0dWRlbnRzIGFyZSBzbyB0ZXJyaWJseSBpbmFkZXF1YXRlIGFuZCB1c2VsZXNzIHRoYXQgSSB3YXMganVzdCBhYm91dCB0byBiZWNvbWUgaXJyaXRhdGVkLg==,,,,,W1Byb2Zlc3NvciBEYWVndXRvXQpWb2PDqiDDqSB1bSBhdmVudHVyZWlybywgY2VydG8/IEV1IGVzdGF2YSBwcmVzdGVzIGEgZmljYXIgaXJyaXRhZG8gcG9ycXVlIG1ldXMgYWx1bm9zIGVzdMOjbyB0ZXJyaXZlbG1lbnRlIGZyw6FnZWlzIGUgc2VtIGZvcsOnYSwgZW50w6NvIHZvY8OqIHZlaW8gZW0gYm9hIGhvcmEu,,W1Byb2Zlc29yIERhZWd1dG9dClTDuiBlcmVzIGF2ZW50dXJlcm8sIMK/dmVyZGFkPyBKdXN0byBlc3RhYmEgYSBwdW50byBkZSBpcnJpdGFybWUgcG9ycXVlIG1pcyBjaGljb3Mgc29uIGJhc3RhbnRlIGTDqWJpbGVzIHkgbm8gc2lydmVuIGRlIG11Y2hvLCBhc8OtIHF1ZSBsbGVnYXMgZW4gYnVlbiBtb21lbnRvLg==
i3x4DQ,,V2hhdCBzaG91bGQgSSBkbz8=,,,,,TyBxdWUgZGV2byBmYXplcj8=,,wr9RdcOpIGRlYmVyw61hIGhhY2VyPw==
jHx4DQ,,W1Byb2Zlc3NvciBEYWVndXRvXQpBIHJlZnJlc2hpbmdseSBkaXJlY3QgYW5zd2VyLiBBcyBleHBlY3RlZCwgeW91IGFyZSBkaWZmZXJlbnQgZnJvbSBvdXIgaW5hZGVxdWF0ZSBjaGlsZHJlbi4gRnVydGhlciBleHBsYW5hdGlvbiBzaG91bGQgY29tZSBmcm9tIE1hcmF0YSwgd2hvIGhhcyBtb3JlIHRoYW4gZW5vdWdoIGFiaWxpdHksIHlldCBzdGlsbCBjYW5ub3QgZ2V0IGhpcyBkaXNzZXJ0YXRpb24gYXBwcm92ZWQu,,,,,W1Byb2Zlc3NvciBEYWVndXRvXQpRdWUgcmVzcG9zdGEgZGlyZXRhLiBDb21vIGVzcGVyYWRvLCB2b2PDqiDDqSBkaWZlcmVudGUgZG9zIG5vc3NvcyBhbHVub3MgZnLDoWdlaXMuIEEgZXhwbGljYcOnw6NvIGFkaWNpb25hbCBkZXZlIGZpY2FyIGEgY2FyZ28gZG8gTWFyYXRhLCBxdWUgdGVtIGhhYmlsaWRhZGUgZGUgc29icmEsIG1hcyBuZW0gY29uc2VndWUgYXByb3ZhciBhIHRlc2Uu,,W1Byb2Zlc29yIERhZWd1dG9dClJlc3BvbmRlcyBjb24gZGVjaXNpw7NuLiBEZXNkZSBsdWVnbywgZXJlcyBkaWZlcmVudGUgZGUgbWlzIGNoaWNvcyB0YW4gcG9jbyBmaWFibGVzLiBQYXJhIGxhcyBleHBsaWNhY2lvbmVzIGFkaWNpb25hbGVzLCBsbyBtZWpvciBzZXLDoSBxdWUgc2UgZW5jYXJndWUgTWFyYXRhLCBxdWUgdGllbmUgdGFsZW50byBkZSBzb2JyYSBwZXJvIG5pIHNpcXVpZXJhIGNvbnNpZ3VlIHF1ZSBsZSBhcHJ1ZWJlbiBsYSB0ZXNpcy4=
jXx4DQ,,W1Byb2Zlc3NvciBEYWVndXRvXQpIZWFyIHRoZSByZXN0IG9mIHRoZSBleHBsYW5hdGlvbiBmcm9tIE1hcmF0YSBvdmVyIHRoZXJlLg==,,,,,W1Byb2Zlc3NvciBEYWVndXRvXQpWw6Egb3V2aXIgbyByZXN0YW50ZSBkYSBleHBsaWNhw6fDo28gY29tIGFxdWVsZSBNYXJhdGEgYWxpLg==,,W1Byb2Zlc29yIERhZWd1dG9dCkVzY3VjaGEgZWwgcmVzdG8gZGUgbGEgZXhwbGljYWNpw7NuIGRlIE1hcmF0YSwgZWwgZGUgYWxsw60u
jnx4DQ,,W1Byb2Zlc3NvciBEYWVndXRvXQpGb3IgdGhlIGRldGFpbHMsIGhlYXIgdGhlIGV4cGxhbmF0aW9uIGZyb20gTWFyYXRhIG92ZXIgdGhlcmUsIHdobyBzdGlsbCBoYXMgbm90IGdvdHRlbiBoaXMgZGlzc2VydGF0aW9uIGFwcHJvdmVkLg==,,,,,W1Byb2Zlc3NvciBEYWVndXRvXQpQZcOnYSBhIGV4cGxpY2HDp8OjbyBkZXRhbGhhZGEgw6BxdWVsZSBNYXJhdGEgYWxpLCBxdWUgbmVtIGNvbnNlZ3VpdSBhcHJvdmFyIGEgdGVzZS4=,,W1Byb2Zlc29yIERhZWd1dG9dClBhcmEgbG9zIGRldGFsbGVzLCBlc2N1Y2hhIGxhIGV4cGxpY2FjacOzbiBkZSBNYXJhdGEsIGVsIGRlIGFsbMOtLCBxdWUgbmkgc2lxdWllcmEgY29uc2lndWUgcXVlIGxlIGFwcnVlYmVuIGxhIHRlc2lzLg==
j3x4DQ,,W1Byb2Zlc3NvciBEYWVndXRvXQpJcyB0aGUgZXhwbGFuYXRpb24gc3RpbGwgbm90IGZpbmlzaGVkPyBJcyBoZSB3cml0aW5nIGEgZGlzc2VydGF0aW9uPyBIb3cgc2xvdy4uLg==,,,,,W1Byb2Zlc3NvciBEYWVndXRvXQpBIGV4cGxpY2HDp8OjbyBhaW5kYSBuw6NvIGFjYWJvdT8gRWxlIGVzdMOhIGVzY3JldmVuZG8gdW1hIHRlc2U/IFF1ZSBkZW1vcmEuLi4=,,W1Byb2Zlc29yIERhZWd1dG9dCsK/QcO6biBubyBoYSB0ZXJtaW5hZG8gbGEgZXhwbGljYWNpw7NuPyDCv0VzdMOhIGVzY3JpYmllbmRvIHVuYSB0ZXNpcz8gUXXDqSBsZW50by4uLg==
kHx4DQ,,W1Byb2Zlc3NvciBEYWVndXRvXQpPaC4uISBZb3UgZmluYWxseSBjYW1lLiBBcmUgeW91IGhlcmUgdG8gcmVwb3J0IHRoZSBudW1iZXIgb2YgcGVvcGxlPw==,,,,,W1Byb2Zlc3NvciBEYWVndXRvXQpPaC4uISBWb2PDqiBmaW5hbG1lbnRlIHZlaW8uIFZlaW8gcmVsYXRhciBvIG7Dum1lcm8gZGUgcGVzc29hcz8=,,W1Byb2Zlc29yIERhZWd1dG9dCsKhQWguLiEgUG9yIGZpbiBoYXMgdmVuaWRvLiDCv0hhcyB2ZW5pZG8gYSBpbmZvcm1hciBkZWwgbsO6bWVybyBkZSBwZXJzb25hcz8=
kXx4DQ,,V2h5IGRvIHlvdSBuZWVkIGEgaGVhZGNvdW50IHJlcG9ydD8=,,,,,UG9yIHF1ZSDDqSBuZWNlc3PDoXJpbyByZWxhdGFyIG8gbsO6bWVybyBkZSBwZXNzb2FzPw==,,wr9Qb3IgcXXDqSBlcyBuZWNlc2FyaW8gaW5mb3JtYXIgZGVsIG7Dum1lcm8gZGUgcGVyc29uYXM/
knx4DQ,,SSB3aWxsIHJlcG9ydCB0aGUgbnVtYmVyIG9mIHBlb3BsZS4=,,,,,Vm91IHJlbGF0YXIgbyBuw7ptZXJvIGRlIHBlc3NvYXMu,,SW5mb3JtYXLDqSBkZWwgbsO6bWVybyBkZSBwZXJzb25hcy4=
k3x4DQ,,W1Byb2Zlc3NvciBEYWVndXRvXQpCZWNhdXNlIHdlIG5lZWQgYSByZWZlcmVuY2UgcG9pbnQgZm9yIHRoZSB2YWx1ZXMgd2UgbWVhc3VyZS4gVGhlcmUgbWF5IGJlIG1hbnkgcmVmZXJlbmNlIHBvaW50cywgYnV0IHdlIGNob3NlIHRoZSBudW1iZXIgb2YgcGVvcGxlIGluc2lkZSB0aGlzIGNhdmVybiBhcyBvdXJzLg==,,,,,W1Byb2Zlc3NvciBEYWVndXRvXQpQb3JxdWUgcHJlY2lzYW1vcyBkZSB1bSBwb250byBkZSByZWZlcsOqbmNpYSBwYXJhIG9zIHZhbG9yZXMgcXVlIG1lZGltb3MuIEjDoSB2w6FyaW9zIHBvbnRvcyBkZSByZWZlcsOqbmNpYSBwb3Nzw612ZWlzLCBtYXMgZXNjb2xoZW1vcyB1c2FyIG8gbsO6bWVybyBkZSBwZXNzb2FzIGRlbnRybyBkZXN0YSBjYXZpZGFkZS4=,,W1Byb2Zlc29yIERhZWd1dG9dClBvcnF1ZSBsb3MgdmFsb3JlcyBxdWUgbWVkaW1vcyBuZWNlc2l0YW4gdW4gcHVudG8gZGUgcmVmZXJlbmNpYS4gSGF5IG11Y2hvcyBwb3NpYmxlcyBwdW50b3MgZGUgcmVmZXJlbmNpYSwgcGVybyBub3NvdHJvcyBoZW1vcyB0b21hZG8gY29tbyByZWZlcmVuY2lhIGVsIG7Dum1lcm8gZGUgcGVyc29uYXMgZGVudHJvIGRlIGVzdGEgY2F2aWRhZC4=
lHx4DQ,,W1Byb2Zlc3NvciBEYWVndXRvXQpJZiB3ZSBhcmUgZ29pbmcgdGhyb3VnaCB0aGUgdHJvdWJsZSBvZiBtZWFzdXJpbmcsIHNob3VsZCB3ZSBub3QgbWVhc3VyZSBhY2N1cmF0ZSB2YWx1ZXM/,,,,,W1Byb2Zlc3NvciBEYWVndXRvXQpKw6EgcXVlIGVzdGFtb3MgbWVkaW5kbyBjb20gdGFudG8gZXNmb3LDp28sIG7Do28gZGV2ZW1vcyBtZWRpciB2YWxvcmVzIHByZWNpc29zPw==,,W1Byb2Zlc29yIERhZWd1dG9dCllhIHF1ZSBtZWRpbW9zIGNvbiB0YW50byBlc2Z1ZXJ6bywgwr9ubyBkZWJlcsOtYW1vcyBvYnRlbmVyIHZhbG9yZXMgcHJlY2lzb3M/
lXx4DQ,,W1Byb2Zlc3NvciBEYWVndXRvXQpXaWxsIHlvdSByZXBvcnQgdGhlIG51bWJlciBvZiBwZW9wbGU/,,,,,W1Byb2Zlc3NvciBEYWVndXRvXQpWb2PDqiB2YWkgcmVsYXRhciBvIG7Dum1lcm8gZGUgcGVzc29hcz8=,,W1Byb2Zlc29yIERhZWd1dG9dCsK/VmFzIGEgaW5mb3JtYXIgZGVsIG7Dum1lcm8gZGUgcGVyc29uYXM/
lnx4DQ,,T25lIG1vbWVudCwgcGxlYXNlLg==,,,,,VW0gbW9tZW50by4=,,VW4gbW9tZW50by4=
l3x4DQ,,W1Byb2Zlc3NvciBEYWVndXRvXQpZb3UgYXJlIHNvbWVvbmUgd2hvIGtub3dzIGhvdyB0byB3YXN0ZSB0aW1lLiBFeGNlbGxlbnQu,,,,,W1Byb2Zlc3NvciBEYWVndXRvXQpWb2PDqiBzYWJlIGRlc3BlcmRpw6dhciB0ZW1wby4gRXhjZWxlbnRlLg==,,W1Byb2Zlc29yIERhZWd1dG9dClZheWEsIHNhYmVzIGRlc3BlcmRpY2lhciBlbCB0aWVtcG8uIE1hZ27DrWZpY28u
mHx4DQ,,W1Byb2Zlc3NvciBEYWVndXRvXQpUaGVuIGxldCB1cyBjaGVjayB0aGUgbnVtYmVyIG9mIHBlb3BsZS4=,,,,,W1Byb2Zlc3NvciBEYWVndXRvXQpFbnTDo28gdmFtb3MgdmVyaWZpY2FyIG8gbsO6bWVybyBkZSBwZXNzb2FzLg==,,W1Byb2Zlc29yIERhZWd1dG9dCkVudG9uY2VzIGNvbXByb2JhcsOpIGVsIG7Dum1lcm8gZGUgcGVyc29uYXMu
mXx4DQ,,UHJvZmVzc29yIERhZWd1dG86IEhtbS4uIFRoZXJlIGFyZSBjdXJyZW50bHkgezB9IHBlb3BsZSBpbnNpZGUgdGhlIGNhdmVybi4gU2luY2UgdGhlIHJlc2VhcmNoIHRlYW0gaGFzIDYgbWVtYmVycywgeW91ciBwYXJ0eSBtdXN0IGhhdmUgezF9IG1lbWJlcnMsIGNvcnJlY3Q/IEkgd2lsbCByZWdpc3RlciBpdCBhcyB7MX0gbWVtYmVycy4=,,,,,UHJvZmVzc29yIERhZWd1dG86IEhtbS4uIG8gbsO6bWVybyB0b3RhbCBkZSBwZXNzb2FzIGRlbnRybyBkYSBjYXZpZGFkZSDDqSB7MH0uIENvbW8gaMOhIDYgbWVtYnJvcyBkYSBlcXVpcGUgZGUgcGVzcXVpc2EsIG8gbsO6bWVybyBkZSBwZXNzb2FzIG5vIHNldSBncnVwbyBkZXZlIHNlciB7MX0sIGNlcnRvPyBSZWdpc3RyYXJlaSB7MX0gcGVzc29hcy4=,,UHJvZmVzb3IgRGFlZ3V0bzogSG1tLi4gQWN0dWFsbWVudGUgaGF5IHswfSBwZXJzb25hcyBlbiB0b3RhbCBkZW50cm8gZGUgbGEgY2F2aWRhZC4gQ29tbyBlbCBlcXVpcG8gZGUgaW52ZXN0aWdhY2nDs24gY3VlbnRhIGNvbiA2IHBlcnNvbmFzLCB0dSBncnVwbyBkZWJlIGRlIHRlbmVyIHsxfSBtaWVtYnJvcywgwr9ubz8gTG8gcmVnaXN0cmFyw6kgY29tbyB7MX0gbWllbWJyb3Mu
mnx4DQ,,W1Byb2Zlc3NvciBEYWVndXRvXQpIbW0uLiBUaGVyZSBhcmUgY3VycmVudGx5IHswfSBwZW9wbGUgaW5zaWRlIHRoZSBjYXZlcm4uIFNpbmNlIHRoZSByZXNlYXJjaCB0ZWFtIGhhcyA2IG1lbWJlcnMsIHlvdXIgcGFydHkgbXVzdCBoYXZlIHsxfSBtZW1iZXJzLCBjb3JyZWN0PyBJIHdpbGwgcmVnaXN0ZXIgaXQgYXMgezF9IG1lbWJlcnMu,,,,,W1Byb2Zlc3NvciBEYWVndXRvXQpIbW0uLiBvIG7Dum1lcm8gdG90YWwgZGUgcGVzc29hcyBkZW50cm8gZGEgY2F2aWRhZGUgw6kgezB9LiBDb21vIGjDoSA2IG1lbWJyb3MgZGEgZXF1aXBlIGRlIHBlc3F1aXNhLCBvIG7Dum1lcm8gZGUgcGVzc29hcyBubyBzZXUgZ3J1cG8gZGV2ZSBzZXIgezF9LCBjZXJ0bz8gUmVnaXN0cmFyZWkgezF9IHBlc3NvYXMu,,W1Byb2Zlc29yIERhZWd1dG9dCkhtbS4uIEFjdHVhbG1lbnRlIGhheSB7MH0gcGVyc29uYXMgZW4gdG90YWwgZGVudHJvIGRlIGxhIGNhdmlkYWQuIENvbW8gZWwgZXF1aXBvIGRlIGludmVzdGlnYWNpw7NuIGN1ZW50YSBjb24gNiBwZXJzb25hcywgdHUgZ3J1cG8gZGViZSBkZSB0ZW5lciB7MX0gbWllbWJyb3MsIMK/bm8/IExvIHJlZ2lzdHJhcsOpIGNvbW8gezF9IG1pZW1icm9zLg==
m3x4DQ,,UHJvZmVzc29yIERhZWd1dG86IEFuZCB0aGlzIGlzIGEgcmVxdWVzdCwgYnV0IHdoZW4geW91IGNvbWUgdG8gcmVwb3J0LCB0aGUgcmV3YXJkIHdpbGwgYmUgZ2l2ZW4gYWNjb3JkaW5nIHRvIHRoZSBjdXJyZW50IG51bWJlciBvZiBwZW9wbGUgaW4gdGhlIGNhdmVybi4u,,,,,UHJvZmVzc29yIERhZWd1dG86IEUgaXN0byDDqSB1bSBwZWRpZG86IHF1YW5kbyB2aWVyIHJlbGF0YXIsIGEgcmVjb21wZW5zYSBzZXLDoSBlbnRyZWd1ZSBjb25mb3JtZSBvIG7Dum1lcm8gYXR1YWwgZGUgcGVzc29hcyBuYSBjYXZpZGFkZSwgbWFzLi4=,,UHJvZmVzb3IgRGFlZ3V0bzogWSB0ZSBwaWRvIHVuYSBjb3NhLiBDdWFuZG8gdmVuZ2FzIGEgaW5mb3JtYXIsIGxhIHJlY29tcGVuc2Egc2UgZW50cmVnYXLDoSBzZWfDum4gZWwgbsO6bWVybyBhY3R1YWwgZGUgcGVyc29uYXMgZW4gbGEgY2F2aWRhZCwgcGVyby4u
nHx4DQ,,W1Byb2Zlc3NvciBEYWVndXRvXQpBbmQgdGhpcyBpcyBhIHJlcXVlc3QsIGJ1dCB3aGVuIHlvdSBjb21lIHRvIHJlcG9ydCwgdGhlIHJld2FyZCB3aWxsIGJlIGdpdmVuIGFjY29yZGluZyB0byB0aGUgY3VycmVudCBudW1iZXIgb2YgcGVvcGxlIGluIHRoZSBjYXZlcm4uLg==,,,,,W1Byb2Zlc3NvciBEYWVndXRvXQpFIGlzdG8gw6kgdW0gcGVkaWRvOiBxdWFuZG8gdmllciByZWxhdGFyLCBhIHJlY29tcGVuc2Egc2Vyw6EgZW50cmVndWUgY29uZm9ybWUgbyBuw7ptZXJvIGF0dWFsIGRlIHBlc3NvYXMgbmEgY2F2aWRhZGUsIG1hcy4u,,W1Byb2Zlc29yIERhZWd1dG9dClkgdGUgcGlkbyB1bmEgY29zYS4gQ3VhbmRvIHZlbmdhcyBhIGluZm9ybWFyLCBsYSByZWNvbXBlbnNhIHNlIGVudHJlZ2Fyw6Egc2Vnw7puIGVsIG7Dum1lcm8gYWN0dWFsIGRlIHBlcnNvbmFzIGVuIGxhIGNhdmlkYWQsIHBlcm8uLg==
nXx4DQ,,UHJvZmVzc29yIERhZWd1dG86IElmIHBvc3NpYmxlLCBJIHdvdWxkIGxpa2UgeW91IHRvIGNvbWUgd2l0aCB0aGUgc2FtZSBudW1iZXIgb2YgcGVvcGxlIHlvdSByZXBvcnRlZC4gV2UgbmVlZCB0byBwcm9kdWNlIGFjY3VyYXRlIGRhdGEsIGFmdGVyIGFsbC4=,,,,,UHJvZmVzc29yIERhZWd1dG86IHNlIHBvc3PDrXZlbCwgdmVuaGEgY29tIG8gbWVzbW8gbsO6bWVybyBkZSBwZXNzb2FzIHF1ZSBmb2kgcmVsYXRhZG8uIFRhbWLDqW0gcHJlY2lzYW1vcyBnZXJhciBkYWRvcyBwcmVjaXNvcy4=,,UHJvZmVzb3IgRGFlZ3V0bzogU2kgZXMgcG9zaWJsZSwgbWUgZ3VzdGFyw61hIHF1ZSB2aW5pZXJhaXMgY29uIGVsIG7Dum1lcm8gZGUgcGVyc29uYXMgcXVlIGhhYsOpaXMgaW5mb3JtYWRvLiBOb3NvdHJvcyB0YW1iacOpbiBuZWNlc2l0YW1vcyBjYWxjdWxhciBkYXRvcyBwcmVjaXNvcy4=
nnx4DQ,,W1Byb2Zlc3NvciBEYWVndXRvXQpJZiBwb3NzaWJsZSwgSSB3b3VsZCBsaWtlIHlvdSB0byBjb21lIHdpdGggdGhlIHNhbWUgbnVtYmVyIG9mIHBlb3BsZSB5b3UgcmVwb3J0ZWQuIFdlIG5lZWQgdG8gcHJvZHVjZSBhY2N1cmF0ZSBkYXRhLCBhZnRlciBhbGwu,,,,,W1Byb2Zlc3NvciBEYWVndXRvXQpzZSBwb3Nzw612ZWwsIHZlbmhhIGNvbSBvIG1lc21vIG7Dum1lcm8gZGUgcGVzc29hcyBxdWUgZm9pIHJlbGF0YWRvLiBUYW1iw6ltIHByZWNpc2Ftb3MgZ2VyYXIgZGFkb3MgcHJlY2lzb3Mu,,W1Byb2Zlc29yIERhZWd1dG9dClNpIGVzIHBvc2libGUsIG1lIGd1c3RhcsOtYSBxdWUgdmluaWVyYWlzIGNvbiBlbCBuw7ptZXJvIGRlIHBlcnNvbmFzIHF1ZSBoYWLDqWlzIGluZm9ybWFkby4gTm9zb3Ryb3MgdGFtYmnDqW4gbmVjZXNpdGFtb3MgY2FsY3VsYXIgZGF0b3MgcHJlY2lzb3Mu
n3x4DQ,,UHJvZmVzc29yIERhZWd1dG86IE5vdyB0aGVuLCBJIHdpbGwgdHVybiBvZmYgdGhlIG1vbnN0ZXIgaW50ZXJmZXJlbmNlIHdhdmVzLCBzbyBwcmVwYXJlIHlvdXJzZWxmLg==,,,,,UHJvZmVzc29yIERhZWd1dG86IEVudMOjbywgdm91IGRlc2xpZ2FyIGEgb25kYSBkZSBpbnRlcmZlcsOqbmNpYSBkb3MgbW9uc3Ryb3MuIFByZXBhcmUtc2Uu,,UHJvZmVzb3IgRGFlZ3V0bzogQmllbiwgZW50b25jZXMgZGVzYWN0aXZhcsOpIGxhIG9uZGEgZGUgaW50ZXJmZXJlbmNpYSBkZSBtb25zdHJ1b3MuIFByZXDDoXJhdGUu
oHx4DQ,,W1Byb2Zlc3NvciBEYWVndXRvXQpOb3cgdGhlbiwgSSB3aWxsIHR1cm4gb2ZmIHRoZSBtb25zdGVyIGludGVyZmVyZW5jZSB3YXZlcywgc28gcHJlcGFyZSB5b3Vyc2VsZi4=,,,,,W1Byb2Zlc3NvciBEYWVndXRvXQpFbnTDo28sIHZvdSBkZXNsaWdhciBhIG9uZGEgZGUgaW50ZXJmZXLDqm5jaWEgZG9zIG1vbnN0cm9zLiBQcmVwYXJlLXNlLg==,,W1Byb2Zlc29yIERhZWd1dG9dCkJpZW4sIGVudG9uY2VzIGRlc2FjdGl2YXLDqSBsYSBvbmRhIGRlIGludGVyZmVyZW5jaWEgZGUgbW9uc3RydW9zLiBQcmVww6FyYXRlLg==
oXx4DQ,,W1Byb2Zlc3NvciBEYWVndXRvXQpBcmUgeW91IG5vdCB0aGUgcmVwcmVzZW50YXRpdmUgb2YgdGhhdCBwYXJ0eT8gSSB3aWxsIGFjY2VwdCBhIHJlcXVlc3QgY29tcGxldGlvbiByZXBvcnQsIGJ1dCBJIHdpbGwgZGlzY3VzcyBpbXBvcnRhbnQgbWF0dGVycyB3aXRoIHRoZSByZXByZXNlbnRhdGl2ZS4=,,,,,W1Byb2Zlc3NvciBEYWVndXRvXQpWb2PDqiBuw6NvIMOpIG8gcmVwcmVzZW50YW50ZSBkZXNzZSBncnVwbywgw6k/IFBvc3NvIHJlY2ViZXIgdW0gcmVsYXTDs3JpbyBkZSBjb25jbHVzw6NvIGRhIHNvbGljaXRhw6fDo28sIG1hcyBkaXNjdXRpcmVpIGFzc3VudG9zIGltcG9ydGFudGVzIGNvbSBvIHJlcHJlc2VudGFudGUu,,W1Byb2Zlc29yIERhZWd1dG9dClTDuiBubyBlcmVzIGVsIHJlcHJlc2VudGFudGUgZGUgZXNlIGdydXBvLCDCv3ZlcmRhZD8gUHVlZG8gYWNlcHRhciB1biBpbmZvcm1lIGRlIGZpbmFsaXphY2nDs24gZGUgZW5jYXJnbywgcGVybyBsb3MgYXN1bnRvcyBpbXBvcnRhbnRlcyBsb3MgaGFibGFyw6kgY29uIGVsIHJlcHJlc2VudGFudGUu
onx4DQ,,W1Byb2Zlc3NvciBEYWVndXRvXQpZb3UgaGF2ZSBzdW1tb25lZCB0aGUgcnVsZXIsIHNvIGV2ZXJ5dGhpbmcgaXMgZmluaXNoZWQuIEdvb2Qgd29yay4gSG9ob2hvLg==,,,,,W1Byb2Zlc3NvciBEYWVndXRvXQpWb2PDqiBpbnZvY291IG8gZ292ZXJuYW50ZSwgZW50w6NvIHR1ZG8gdGVybWlub3UuIE11aXRvIG9icmlnYWRvIHBlbG8gZXNmb3LDp28uIEhvaG9oby4=,,W1Byb2Zlc29yIERhZWd1dG9dCkhhcyBsbGFtYWRvIGFsIGdvYmVybmFudGUgeSBjb24gZXNvIHRvZG8gaGEgdGVybWluYWRvLiBCdWVuIHRyYWJham8uIEplLCBqZSwgamUu
o3x4DQ,,W1Byb2Zlc3NvciBEYWVndXRvXQpXaGVuIHlvdSBjb21wbGV0ZSBhIHJlcXVlc3QsIGJyaW5nIGl0IHRvIG1lLCBhbmQgSSB3aWxsIHByb3ZpZGUgYSBzdWl0YWJsZSByZXdhcmQuIEFzIGZvciByZXF1ZXN0cy4u,,,,,W1Byb2Zlc3NvciBEYWVndXRvXQpRdWFuZG8gY29uY2x1aXIgYSBzb2xpY2l0YcOnw6NvLCB0cmFnYS1hIHBhcmEgbWltLCBlIGV1IGVudHJlZ2FyZWkgdW1hIHJlY29tcGVuc2EgYWRlcXVhZGEuIEUgYSBzb2xpY2l0YcOnw6NvLi4u,,W1Byb2Zlc29yIERhZWd1dG9dCkN1YW5kbyBjb21wbGV0ZXMgZWwgZW5jYXJnbywgdHLDoWVtZWxvIHkgdGUgZW50cmVnYXLDqSB1bmEgcmVjb21wZW5zYSBhZGVjdWFkYS4gWSBlbCBlbmNhcmdvLi4u
pHx4DQ,,R3JhZHVhdGUgU3R1ZGVudDogWW91IGNhbiBjb21lIHRvIG1lLg==,,,,,UMOzcy1ncmFkdWFuZG86IFZvY8OqIHBvZGUgdmlyIGF0w6kgbWltLg==,,RXN0dWRpYW50ZSBkZSBwb3NncmFkbzogUHVlZGUgdmVuaXIgYSB2ZXJtZSBhIG3DrS4=
pXx4DQ,,W1Byb2Zlc3NvciBEYWVndXRvXQpTbyBoZSBzYXlzLg==,,,,,W1Byb2Zlc3NvciBEYWVndXRvXQrDiSBvIHF1ZSBlbGUgZGl6Lg==,,W1Byb2Zlc29yIERhZWd1dG9dCkVzbyBkaWNlLg==
pnx4DQ,,W1Byb2Zlc3NvciBEYWVndXRvXQpXaGVuIHlvdSBjb21wbGV0ZSBhIHJlcXVlc3QsIGJyaW5nIGl0IHRvIG1lLiBXZWxsLCBzaW5jZSB0aGUgcnVsZXIgaGFzIGFwcGVhcmVkIHRvZGF5LCBpdCBzZWVtcyBldmVyeXRoaW5nIGlzIG92ZXIu,,,,,W1Byb2Zlc3NvciBEYWVndXRvXQpRdWFuZG8gY29uY2x1aXIgYSBzb2xpY2l0YcOnw6NvLCB0cmFnYS1hIHBhcmEgbWltLiBCZW0sIGhvamUgbyBnb3Zlcm5hbnRlIGFwYXJlY2V1LCBlbnTDo28gcGFyZWNlIHF1ZSB0dWRvIHRlcm1pbm91Lg==,,W1Byb2Zlc29yIERhZWd1dG9dCkN1YW5kbyBjb21wbGV0ZXMgZWwgZW5jYXJnbywgdHLDoWVtZWxvLiBBdW5xdWUgcGFyZWNlIHF1ZSBob3kgdG9kbyBoYSB0ZXJtaW5hZG8sIHlhIHF1ZSBoYSBhcGFyZWNpZG8gZWwgZ29iZXJuYW50ZS4=
p3x4DQ,,W1Byb2Zlc3NvciBEYWVndXRvXQpXaGVuIHlvdSBjb21wbGV0ZSBhIHJlcXVlc3QsIGJyaW5nIGl0IHRvIG1lLCBhbmQgSSB3aWxsIHByb3ZpZGUgYSBzdWl0YWJsZSByZXdhcmQu,,,,,W1Byb2Zlc3NvciBEYWVndXRvXQpRdWFuZG8gY29uY2x1aXIgYSBzb2xpY2l0YcOnw6NvLCB0cmFnYS1hIHBhcmEgbWltLCBlIGV1IGVudHJlZ2FyZWkgdW1hIHJlY29tcGVuc2EgYWRlcXVhZGEu,,W1Byb2Zlc29yIERhZWd1dG9dCkN1YW5kbyBjb21wbGV0ZXMgZWwgZW5jYXJnbywgdHLDoWVtZWxvIHkgdGUgZW50cmVnYXLDqSB1bmEgcmVjb21wZW5zYSBhZGVjdWFkYS4=
qHx4DQ,,W1Byb2Zlc3NvciBEYWVndXRvXQpFcnJvciBDb2RlICgwMSk=,,,,,W1Byb2Zlc3NvciBEYWVndXRvXQpDw7NkaWdvIGRlIGVycm8gKDAxKQ==,,W1Byb2Zlc29yIERhZWd1dG9dCkPDs2RpZ28gZGUgZXJyb3IgKDAxKQ==
qXx4DQ,,W1Byb2Zlc3NvciBEYWVndXRvXQpMZXQgbWUgc2VlIHRoZSBhY2N1bXVsYXRlZCBkYXRhLg==,,,,,W1Byb2Zlc3NvciBEYWVndXRvXQpWb3UgdmVyIG9zIGRhZG9zIGFjdW11bGFkb3Mu,,W1Byb2Zlc29yIERhZWd1dG9dClZlYW1vcyBsb3MgZGF0b3MgYWN1bXVsYWRvcy4=
qnx4DQ,,W1Byb2Zlc3NvciBEYWVndXRvXQpJcyB0aGlzIHRoZSBkYXRhPyBFeGNlbGxlbnQu,,,,,W1Byb2Zlc3NvciBEYWVndXRvXQpTw6NvIGRhZG9zIGFzc2ltPyBFeGNlbGVudGUu,,W1Byb2Zlc29yIERhZWd1dG9dCsK/U29uIGRhdG9zIGNvbW8gZXN0b3M/IE1hZ27DrWZpY28u
q3x4DQ,,W1Byb2Zlc3NvciBEYWVndXRvXQpIbW0uLiBUaGlzIGRpZmZlcnMgZnJvbSB0aGUgbnVtYmVyIG9mIHBlb3BsZSB5b3UgcmVwb3J0ZWQuIEluIHRoYXQgY2FzZSwgdGhlIHJld2FyZCBzaG91bGQgYmUgZ2l2ZW4gYWNjb3JkaW5nIHRvIHRoZSBjdXJyZW50IG51bWJlciBvZiBwZW9wbGUgaW4gdGhlIGNhdmVybi4gVGhhdCBpcyB3aGF0IHRoZSBhY2N1bXVsYXRlZCBkYXRhIGluZGljYXRlcy4=,,,,,W1Byb2Zlc3NvciBEYWVndXRvXQpIbW0uLiDDqSBkaWZlcmVudGUgZG8gbsO6bWVybyBkZSBwZXNzb2FzIHJlbGF0YWRvLiBOZXNzZSBjYXNvLCBhIHJlY29tcGVuc2EgY29ycmVzcG9uZGVudGUgYW8gbsO6bWVybyBhdHVhbCBkZSBwZXNzb2FzIG5hIGNhdmlkYWRlIGRldmVyw6Egc2VyIGVudHJlZ3VlLiBBZmluYWwsIG9zIGRhZG9zIGFjdW11bGFkb3MgaW5kaWNhcsOjbyBpc3NvLg==,,W1Byb2Zlc29yIERhZWd1dG9dCkhtbS4uIE5vIGNvaW5jaWRlIGNvbiBlbCBuw7ptZXJvIGRlIHBlcnNvbmFzIGluZm9ybWFkby4gRW4gZXNlIGNhc28sIHNlIGRlYmVyw6EgZW50cmVnYXIgdW5hIHJlY29tcGVuc2EgY29ycmVzcG9uZGllbnRlIGFsIG7Dum1lcm8gYWN0dWFsIGRlIHBlcnNvbmFzIGVuIGxhIGNhdmlkYWQuIEFzw60gbG8gaW5kaWNhcsOhbiBsb3MgZGF0b3MgYWN1bXVsYWRvcy4=
rHx4DQ,,SSB3aWxsIHdhaXQgZm9yIG15IGNvbXBhbmlvbnMu,,,,,Vm91IGVzcGVyYXIgcGVsb3MgY29tcGFuaGVpcm9zLg==,,RXNwZXJhcsOpIGEgbWlzIGNvbXBhw7Flcm9zLg==
rXx4DQ,,SSB3aWxsIHJlcG9ydCBhcyBpcy4=,,,,,UmVsYXRhciBhc3NpbSBtZXNtby4=,,SW5mb3JtYXIgc2luIG3DoXMu
rnx4DQ,,W1Byb2Zlc3NvciBEYWVndXRvXQpZZXMsIHRoYXQgd291bGQgcHJvYmFibHkgYmUgYmVzdC4=,,,,,W1Byb2Zlc3NvciBEYWVndXRvXQpTaW0sIGFjaG8gcXVlIMOpIG1lbGhvciBhc3NpbS4=,,W1Byb2Zlc29yIERhZWd1dG9dClPDrSwgc2VndXJhbWVudGUgc2VhIGxvIG1lam9yLg==
r3x4DQ,,W1Byb2Zlc3NvciBEYWVndXRvXQpHb29kIHdvcmsgb24gdGhpcyBkYXRhIGNvbGxlY3Rpb24gYXMgd2VsbC4gU2luY2UgeW91IHN1bW1vbmVkIHRoZSBydWxlciB0b2RheSwgaXQgd2lsbCBiZSBkaWZmaWN1bHQgdG8gZG8gYW55IG1vcmUu,,,,,W1Byb2Zlc3NvciBEYWVndXRvXQpCb20gdHJhYmFsaG8gbmEgY29sZXRhIGRlIGRhZG9zIGRlc3RhIHZleiB0YW1iw6ltLiBIb2plIGludm9jYW1vcyBvIGdvdmVybmFudGUsIGVudMOjbyBzZXLDoSBkaWbDrWNpbCBjb250aW51YXIu,,W1Byb2Zlc29yIERhZWd1dG9dCkJ1ZW4gdHJhYmFqbyB0YW1iacOpbiBjb24gZXN0YSByZWNvcGlsYWNpw7NuIGRlIGRhdG9zLiBIb3kgaGVtb3MgbGxhbWFkbyBhbCBnb2Jlcm5hbnRlLCBhc8OtIHF1ZSBzZXLDoSBkaWbDrWNpbCBjb250aW51YXIu
sHx4DQ,,W1Byb2Zlc3NvciBEYWVndXRvXQpHb29kIHdvcmsgb24gdGhpcyBkYXRhIGNvbGxlY3Rpb24gYXMgd2VsbC4gWW91IGNhbiByZXBlYXQgdGhlIHJlcXVlc3RzIGFzIGxvbmcgYXMgdGltZSBwZXJtaXRzLCBzbyBkbyB3aGF0IHlvdSBjYW4u,,,,,W1Byb2Zlc3NvciBEYWVndXRvXQpCb20gdHJhYmFsaG8gbmEgY29sZXRhIGRlIGRhZG9zIGRlc3RhIHZleiB0YW1iw6ltLiBFbnF1YW50byBvIHRlbXBvIHBlcm1pdGlyLCB2b2PDqiBwb2RlIHJlcGV0aXIgYXMgc29saWNpdGHDp8O1ZXMsIGVudMOjbyBmYcOnYSBvIHF1YW50byBjb25zZWd1aXIu,,W1Byb2Zlc29yIERhZWd1dG9dCkJ1ZW4gdHJhYmFqbyB0YW1iacOpbiBjb24gZXN0YSByZWNvcGlsYWNpw7NuIGRlIGRhdG9zLiBNaWVudHJhcyBlbCB0aWVtcG8gbG8gcGVybWl0YSwgcHVlZGVzIHJlcGV0aXIgbG9zIGVuY2FyZ29zLCBhc8OtIHF1ZSBoYXpsbyBzZWfDum4gdHVzIGNhcGFjaWRhZGVzLg==
sXx4DQ,,W1Byb2Zlc3NvciBEYWVndXRvXQpFcnJvciBDb2RlICgwMik=,,,,,W1Byb2Zlc3NvciBEYWVndXRvXQpDw7NkaWdvIGRlIGVycm8gKDAyKQ==,,W1Byb2Zlc29yIERhZWd1dG9dCkPDs2RpZ28gZGUgZXJyb3IgKDAyKQ==
snx4DQ,,R3JhZHVhdGUgU3R1ZGVudA==,,,,,UMOzcy1ncmFkdWFuZG8=,,RXN0dWRpYW50ZSBkZSBwb3NncmFkbw==
s3x4DQ,,Km9vKg==,,,,,Km9vKg==,,Km9vKg==
tHx4DQ,,R3JhZHVhdGUgU3R1ZGVudCBNYXJhdGE6IEFoaC0gQWR2ZW50dXJlciwgY2FuIHlvdSBoZWFyIG1lPyBXZSBjYW4gbm93IHN1bW1vbiB0aGUgbWFzdGVyIG9mIHRoaXMgZHVuZ2Vvbi4=,,,,,UMOzcy1ncmFkdWFuZG8gTWFyYXRhOiBBaCwgYXZlbnR1cmVpcm8sIGNvbnNlZ3VlIG1lIG91dmlyPyBBZ29yYSBqw6Egw6kgcG9zc8OtdmVsIGludm9jYXIgbyBkb25vIGRlc3RhIG1hc21vcnJhLg==,,RXN0dWRpYW50ZSBkZSBwb3NncmFkbyBNYXJhdGE6IEFoLCBhaC4uLiDCv01lIG95ZSwgYXZlbnR1cmVybz8gWWEgZXMgcG9zaWJsZSBsbGFtYXIgYWwgZHVlw7FvIGRlIGVzdGEgbWF6bW9ycmEu
tXx4DQ,,R3JhZHVhdGUgU3R1ZGVudCBNYXJhdGE6IElmIHlvdSBuZWVkIGFueXRoaW5nLCBwbGVhc2UgY29tZSBmaW5kIG1lLg==,,,,,RXN0dWRhbnRlIGRlIFDDs3MtZ3JhZHVhw6fDo28gTWFyYXRhOiBTZSBwcmVjaXNhciBkZSBhbGd1bWEgY29pc2EsIHZlbmhhIG1lIHByb2N1cmFyLg==,,RXN0dWRpYW50ZSBkZSBQb3NncmFkbyBNYXJhdGE6IFNpIG5lY2VzaXRhIGFsZ28sIHZlbmdhIGEgYnVzY2FybWUu
tnx4DQ,,W0dyYWR1YXRlIFN0dWRlbnRdCkhlaGVoZSwgb25jZSB0aGlzIHJlc2VhcmNoIGlzIG92ZXIuLiBIZWhlLCBJIHdpbGwgYmUgYSBkb2N0b3IgdG9vLi4=,,,,,W1DDs3MtZ3JhZHVhbmRvXQpLa2trLCBxdWFuZG8gZXN0YSBwZXNxdWlzYSB0ZXJtaW5hci4uIGhlaGUsIGV1IHRhbWLDqW0gc2VyZWkgZG91dG9yLi4=,,W0VzdHVkaWFudGUgZGUgcG9zZ3JhZG9dCkplLCBqZSwgamUuIEN1YW5kbyB0ZXJtaW5lIGVzdGEgaW52ZXN0aWdhY2nDs24uLi4gSmUsIGplLCB5byB0YW1iacOpbiBzZXLDqSBkb2N0b3IuLi4=
t3x4DQ,,W0dyYWR1YXRlIFN0dWRlbnQgTWFyYXRhXQpZZXN+IEkgYW0gTWFyYXRhLiBUaGF0IGlzIG15IG5hbWUuIE5vdCBNYWxhdGFuZy4gSSBrbm93IHdoYXQgeW91IHdhbnQgdG8gc2F5LiBIb3cgY2FuIHNvbWVvbmUncyBuYW1lIGJlIE1hcmF0YT8gVGhhdCBpcyB3aGF0IHlvdSBhcmUgdGhpbmtpbmcsIHJpZ2h0PyBQdXQgdGhhdCB0aG91Z2h0IGFzaWRlLg==,,,,,W1DDs3MtZ3JhZHVhbmRvIE1hcmF0YV0KU2ltfiBldSBzb3UgTWFyYXRhLiDDiSBtZXUgbm9tZS4gTsOjbyDDqSBNYXJhdGFuZy4gRXUgc2VpIG8gcXVlIHZvY8OqIHF1ZXIgZGl6ZXIuIEVzdMOhIHBlbnNhbmRvOiBjb21vIGFsZ3XDqW0gcG9kZSBzZSBjaGFtYXIgTWFyYXRhPyBEZWl4ZSBpc3NvIGRlIGxhZG8u,,W0VzdHVkaWFudGUgZGUgcG9zZ3JhZG8gTWFyYXRhXQpTw61+IFlvIHNveSBNYXJhdGEuIEVzIG1pIG5vbWJyZS4gTm8gZXMgbWFsYSB0YW5nLiBTw6kgbG8gcXVlIHF1aWVyZSBkZWNpci4gRXN0w6EgcGVuc2FuZG86IMK/Y8OzbW8gcHVlZGUgYWxndWllbiBsbGFtYXJzZSBNYXJhdGE/IE9sdsOtZGVzZSBkZSBlc28u
uHx4DQ,,W0dyYWR1YXRlIFN0dWRlbnQgTWFyYXRhXQpOb3chIFdlIGRvIG5vdCBoYXZlIG11Y2ggdGltZSwgYW5kIG1hbnkgcGVvcGxlIGRpc2xpa2UgbG9uZyBleHBsYW5hdGlvbnMsIHNvIEkgd2lsbCBicmllZmx5IGFuZCBzaW1wbHkgZXhwbGFpbiB3aGF0IHlvdSBuZWVkIHRvIGRvLCBBZHZlbnR1cmVyLg==,,,,,W1DDs3MtZ3JhZHVhbmRvIE1hcmF0YV0KRW50w6NvISBUZW1vcyBwb3VjbyB0ZW1wbywgZSBtdWl0YSBnZW50ZSBuw6NvIGdvc3RhIGRlIGNvbnZlcnNhIGxvbmdhLCBlbnTDo28gZXhwbGljYXJlaSBkZSBmb3JtYSBicmV2ZSBlIHNpbXBsZXMgbyBxdWUgdm9jw6ogZGV2ZSBmYXplciwgYXZlbnR1cmVpcm8u,,W0VzdHVkaWFudGUgZGUgcG9zZ3JhZG8gTWFyYXRhXQrCoUJpZW4hIENvbW8gbm8gdGVuZW1vcyBtdWNobyB0aWVtcG8geSBoYXkgbXVjaGEgZ2VudGUgYSBsYSBxdWUgbm8gbGUgZ3VzdGFuIGxhcyBleHBsaWNhY2lvbmVzIGxhcmdhcywgbGUgZXhwbGljYXLDqSBkZSBmb3JtYSBicmV2ZSB5IHNlbmNpbGxhIGxvIHF1ZSBkZWJlIGhhY2VyLg==
uXx4DQ,,W0dyYWR1YXRlIFN0dWRlbnQgTWFyYXRhXQpGaXJzdCwgdGhlIHBhcnR5IGxlYWRlciBvZiB5b3VyIHBhcnR5IHdpbGwgcmVwb3J0IHRoZSBudW1iZXIgb2YgcGFydHkgbWVtYmVycyB0byBQcm9mZXNzb3IgRGFlZ3V0by4=,,,,,W1DDs3MtZ3JhZHVhbmRvIE1hcmF0YV0KUHJpbWVpcm8sIG8gbMOtZGVyIGRvIGdydXBvIGRvIGF2ZW50dXJlaXJvIHJlbGF0YXLDoSBhbyBQcm9mZXNzb3IgRGFlZ3V0byBvIG7Dum1lcm8gZGUgbWVtYnJvcyBkbyBncnVwby4=,,W0VzdHVkaWFudGUgZGUgcG9zZ3JhZG8gTWFyYXRhXQpQcmltZXJvLCBlbCBsw61kZXIgZGVsIGdydXBvIGRlIGF2ZW50dXJlcm9zIGluZm9ybWFyw6EgYWwgcHJvZmVzb3IgRGFlZ3V0byBkZWwgbsO6bWVybyBkZSBtaWVtYnJvcyBkZWwgZ3J1cG8u
unx4DQ,,W0dyYWR1YXRlIFN0dWRlbnQgTWFyYXRhXQpTZWNvbmQsIHNlZSB0aGF0IGZyaWVuZCB3aXRoIGZpdmUgc3RhcnMgb3ZlciB0aGVyZT8gV2UgY2FsbCBoaW0gRml2ZS1TdGFyIGFtb25nIG91cnNlbHZlcywgdGhvdWdoIHRoYXQgaXMgbm90IGltcG9ydGFudC4gWW91IHdpbGwgcmVjZWl2ZSBhIHF1ZXN0IGZyb20gaGltIHRvIGh1bnQgdGhlIG1vbnN0ZXJzIGluIHRoaXMgY2F2ZXJuLg==,,,,,W1DDs3MtZ3JhZHVhbmRvIE1hcmF0YV0KU2VndW5kbywgZXN0w6EgdmVuZG8gYXF1ZWxlIGNvbGVnYSBjb20gY2luY28gZXN0cmVsYXMgYWxpPyBOw7NzIG8gY2hhbWFtb3MgZGUgQ2luY28gRXN0cmVsYXMsIG1hcyBpc3NvIG7Do28gw6kgaW1wb3J0YW50ZS4gVm9jw6ogcmVjZWJlcsOhIGRlbGUgdW1hIG1pc3PDo28gcGFyYSBkZXJyb3RhciBvcyBtb25zdHJvcyBkZXN0YSBjYXZpZGFkZS4=,,W0VzdHVkaWFudGUgZGUgcG9zZ3JhZG8gTWFyYXRhXQpTZWd1bmRvLCDCv3ZlIGEgYXF1ZWwgY29tcGHDsWVybyBjb24gY2luY28gZXN0cmVsbGFzPyBFbnRyZSBub3NvdHJvcyBsbyBsbGFtYW1vcyBDaW5jbyBFc3RyZWxsYXMsIGF1bnF1ZSBlc28gbm8gaW1wb3J0YS4gUmVjaWJpcsOhIGRlIMOpbCB1bmEgbWlzacOzbiBwYXJhIGNhemFyIG1vbnN0cnVvcyBkZSBlc3RhIGNhdmlkYWQu
u3x4DQ,,W0dyYWR1YXRlIFN0dWRlbnQgTWFyYXRhXQpUaGlyZCwgYWZ0ZXIgeW91IGhhdmUgaHVudGVkIHRoZW0gYWxsLCByZXBvcnQgdG8gUHJvZmVzc29yIERhZWd1dG8uIFRoZW4gcmVjZWl2ZSBhbm90aGVyIHF1ZXN0IGZyb20gRml2ZS1TdGFyLiBZb3Ugd2lsbCByZXBlYXQgdGhpcyBwcm9jZXNzLg==,,,,,W1DDs3MtZ3JhZHVhbmRvIE1hcmF0YV0KVGVyY2Vpcm8sIGRlcG9pcyBkZSBkZXJyb3RhciB0b2RvcywgcmVsYXRlIGFvIFByb2Zlc3NvciBEYWVndXRvLiBFbSBzZWd1aWRhLCByZWNlYmEgb3V0cmEgbWlzc8OjbyBkbyBDaW5jbyBFc3RyZWxhcy4gVm9jw6ogY29udGludWFyw6EgcmVwZXRpbmRvIGlzc28u,,W0VzdHVkaWFudGUgZGUgcG9zZ3JhZG8gTWFyYXRhXQpUZXJjZXJvLCBjdWFuZG8gbG9zIGhheWEgY2F6YWRvIGEgdG9kb3MsIGluZm9ybWFyw6EgYWwgcHJvZmVzb3IgRGFlZ3V0by4gRGVzcHXDqXMgcmVjaWJpcsOhIG90cmEgbWlzacOzbiBkZSBDaW5jbyBFc3RyZWxsYXMuIFJlcGV0aXLDoSBlc3RvIHVuYSB5IG90cmEgdmV6Lg==
vHx4DQ,,W0dyYWR1YXRlIFN0dWRlbnQgTWFyYXRhXQpBbmQgdGhpcyBpcyBpbXBvcnRhbnQuIFdoZW4geW91IHJlcG9ydCwgdGhlIG51bWJlciBvZiBwZW9wbGUgeW91IHJlcG9ydGVkIGFuZCB0aGUgbnVtYmVyIG9mIHBlb3BsZSBpbnNpZGUgdGhpcyBjYXZlcm4gbXVzdCBtYXRjaCBmb3IgeW91IHRvIHJlY2VpdmUgdGhlIHByb3BlciByZXdhcmQu,,,,,W1DDs3MtZ3JhZHVhbmRvIE1hcmF0YV0KRSBpc3RvIMOpIGltcG9ydGFudGU6IGFvIHJlbGF0YXIsIG8gbsO6bWVybyBkZSBwZXNzb2FzIHJlbGF0YWRvIGRldmUgc2VyIGlndWFsIGFvIG7Dum1lcm8gZGUgcGVzc29hcyBkZW50cm8gZGVzdGEgY2F2aWRhZGUgcGFyYSBxdWUgYSByZWNvbXBlbnNhIGp1c3RhIHNlamEgZW50cmVndWUu,,W0VzdHVkaWFudGUgZGUgcG9zZ3JhZG8gTWFyYXRhXQpZIGVzdG8gZXMgaW1wb3J0YW50ZTogYWwgaW5mb3JtYXIsIGVsIG7Dum1lcm8gZGUgcGVyc29uYXMgaW5mb3JtYWRvIHkgZWwgbsO6bWVybyBkZSBwZXJzb25hcyBkZW50cm8gZGUgZXN0YSBjYXZpZGFkIGRlYmVuIGNvaW5jaWRpciBwYXJhIHJlY2liaXIgdW5hIHJlY29tcGVuc2EganVzdGEu
vXx4DQ,,W0dyYWR1YXRlIFN0dWRlbnQgTWFyYXRhXQpZb3UgdW5kZXJzdGFuZCB1cCB0byB0aGlzIHBvaW50LCByaWdodD8=,,,,,W1DDs3MtZ3JhZHVhbmRvIE1hcmF0YV0KRW50ZW5kZXUgYXTDqSBhcXVpPw==,,W0VzdHVkaWFudGUgZGUgcG9zZ3JhZG8gTWFyYXRhXQrCv0xvIGhhIGVudGVuZGlkbyBoYXN0YSBhcXXDrT8=
vnx4DQ,,T0ssIHVuZGVyc3Rvb2Qu,,,,,T0ssIGVudGVuZGku,,T0ssIGVudGVuZGlkby4=
v3x4DQ,,RXhwbGFpbiBpdCBhZ2Fpbi4=,,,,,RXhwbGlxdWUgbm92YW1lbnRlLg==,,RXhwbMOtY2FtZWxvIGRlIG51ZXZvLg==
wHx4DQ,,W0dyYWR1YXRlIFN0dWRlbnQgTWFyYXRhXQpBaGVtLi4gTm93Li4gRmlyc3QsIHRoZSBwYXJ0eSBsZWFkZXIgb2YgeW91ciBwYXJ0eSB3aWxsIHJlcG9ydCB0aGUgbnVtYmVyIG9mIHBhcnR5IG1lbWJlcnMgdG8gUHJvZmVzc29yIERhZWd1dG8u,,,,,W1DDs3MtZ3JhZHVhbmRvIE1hcmF0YV0KQ29mLi4gZW50w6NvLi4gcHJpbWVpcm8sIG8gbMOtZGVyIGRvIGdydXBvIGRvIGF2ZW50dXJlaXJvIHJlbGF0YXLDoSBhbyBQcm9mZXNzb3IgRGFlZ3V0byBvIG7Dum1lcm8gZGUgbWVtYnJvcyBkbyBncnVwby4=,,W0VzdHVkaWFudGUgZGUgcG9zZ3JhZG8gTWFyYXRhXQpFamVtLi4gQmllbi4uIEFsIHByaW5jaXBpbywgZWwgbMOtZGVyIGRlbCBncnVwbyBkZSBhdmVudHVyZXJvcyBpbmZvcm1hcsOhIGFsIHByb2Zlc29yIERhZWd1dG8gZGVsIG7Dum1lcm8gZGUgbWllbWJyb3MgZGVsIGdydXBvLg==
wXx4DQ,,W0dyYWR1YXRlIFN0dWRlbnQgTWFyYXRhXQpUaGVuLCBhZnRlciB5b3UgcmVjZWl2ZSBhIHF1ZXN0IGZyb20gRml2ZS1TdGFyIG92ZXIgdGhlcmUgYW5kIGh1bnQgYWxsIHRoZSBtb25zdGVycyBpbiB0aGUgY2F2ZXJuLCB5b3Ugd2lsbCByZXBvcnQgdG8gUHJvZmVzc29yIERhZWd1dG8gYW5kIHJlY2VpdmUgYSByZXdhcmQu,,,,,W1DDs3MtZ3JhZHVhbmRvIE1hcmF0YV0KRGVwb2lzLCB2b2PDqiByZWNlYmVyw6EgdW1hIG1pc3PDo28gZG8gQ2luY28gRXN0cmVsYXMgYWxpLCBhcXVlbGUgY29tIGNpbmNvIGVzdHJlbGFzLCBlIHF1YW5kbyBkZXJyb3RhciB0b2RvcyBvcyBtb25zdHJvcyBkYSBjYXZpZGFkZSwgcmVsYXRhcsOhIGFvIFByb2Zlc3NvciBEYWVndXRvIGUgcmVjZWJlcsOhIGEgcmVjb21wZW5zYS4=,,W0VzdHVkaWFudGUgZGUgcG9zZ3JhZG8gTWFyYXRhXQpMdWVnbyByZWNpYmlyw6EgdW5hIG1pc2nDs24gZGUgQ2luY28gRXN0cmVsbGFzLCBlbCBkZSBsYXMgY2luY28gZXN0cmVsbGFzIGRlIGFsbMOtLCB5IGN1YW5kbyBoYXlhIGNhemFkbyBhIHRvZG9zIGxvcyBtb25zdHJ1b3MgZGUgbGEgY2F2aWRhZCwgaW5mb3JtYXLDoSBhbCBwcm9mZXNvciBEYWVndXRvIHkgcmVjaWJpcsOhIGxhIHJlY29tcGVuc2Eu
wnx4DQ,,W0dyYWR1YXRlIFN0dWRlbnQgTWFyYXRhXQpZb3Ugd2lsbCBrZWVwIHJlcGVhdGluZyB0aGlzLCBhbmQgdGhlIG51bWJlciBvZiBwZW9wbGUgeW91IHJlcG9ydCBhdCB0aGUgYmVnaW5uaW5nIG11c3QgbWF0Y2ggdGhlIG51bWJlciBvZiBwZW9wbGUgd2hlbiB5b3UgcmVwb3J0LiBUaGF0IHdheSwgeW91IHdpbGwgcmVjZWl2ZSB0aGUgcHJvcGVyIHJld2FyZCB5b3Ugc2hvdWxkIHJlY2VpdmUu,,,,,W1DDs3MtZ3JhZHVhbmRvIE1hcmF0YV0KVm9jw6ogY29udGludWFyw6EgcmVwZXRpbmRvIGlzc28sIG1hcyBvIG7Dum1lcm8gZGUgcGVzc29hcyByZWxhdGFkbyBubyBpbsOtY2lvIGRldmUgc2VyIGlndWFsIGFvIG7Dum1lcm8gZGUgcGVzc29hcyBubyBtb21lbnRvIGRvIHJlbGF0w7NyaW8gcGFyYSBxdWUgcmVjZWJhIGEgcmVjb21wZW5zYSBqdXN0YSBxdWUgZGV2ZSByZWNlYmVyLg==,,W0VzdHVkaWFudGUgZGUgcG9zZ3JhZG8gTWFyYXRhXQpSZXBldGlyw6EgZXN0byB1bmEgeSBvdHJhIHZleiwgcGVybyBlbCBuw7ptZXJvIGRlIHBlcnNvbmFzIGluZm9ybWFkbyBhbCBwcmluY2lwaW8geSBlbCBuw7ptZXJvIGRlIHBlcnNvbmFzIGFsIGluZm9ybWFyIGRlYmVuIHNlciBpZ3VhbGVzIHBhcmEgcmVjaWJpciBsYSByZWNvbXBlbnNhIGp1c3RhIHF1ZSBjb3JyZXNwb25kZS4=
w3x4DQ,,W0dyYWR1YXRlIFN0dWRlbnQgTWFyYXRhXQpHb29kLiBOZXh0LCBJIHdpbGwgdGVsbCB5b3UgYWJvdXQgc3VtbW9uaW5nIHRoZSBib3NzLg==,,,,,W1DDs3MtZ3JhZHVhbmRvIE1hcmF0YV0KTXVpdG8gYmVtLiBFbnTDo28sIGEgc2VndWlyLCBleHBsaWNhcmVpIHNvYnJlIGEgaW52b2Nhw6fDo28gZG8gY2hlZmUu,,W0VzdHVkaWFudGUgZGUgcG9zZ3JhZG8gTWFyYXRhXQpNdXkgYmllbi4gQSBjb250aW51YWNpw7NuLCBsZSBoYWJsYXLDqSBkZSBsYSBpbnZvY2FjacOzbiBkZWwgamVmZS4=
xHx4DQ,,W0dyYWR1YXRlIFN0dWRlbnQgTWFyYXRhXQpUaGVyZSBpcyBhbHNvIGEgYm9zcy1sZXZlbCBjcmVhdHVyZSB0aGF0IGNhbiBiZSBjb25zaWRlcmVkIHRoZSBydWxlciBvZiB0aGlzIGNhdmVybi4gU2luY2UgaXQgaXMgZGFuZ2Vyb3VzIGFuZCBwb3NlcyBhIHNhZmV0eSBpc3N1ZSBmb3IgdXMsIHdlIGhhdmUgcHV0IGl0IHRvIHNsZWVwIG91cnNlbHZlcy4=,,,,,W1DDs3MtZ3JhZHVhbmRvIE1hcmF0YV0KTmVzdGEgY2F2aWRhZGUgdGFtYsOpbSBleGlzdGUgdW0gY2hlZmUgcXVlIGF0dWEgY29tbyBsw61kZXIuIFBvciBxdWVzdMO1ZXMgZGUgc2VndXJhbsOnYSwgcG9yIHNlciBwZXJpZ29zbywgbsOzcyBvIGNvbG9jYW1vcyBwYXJhIGRvcm1pciDDoCBub3NzYSBtYW5laXJhLg==,,W0VzdHVkaWFudGUgZGUgcG9zZ3JhZG8gTWFyYXRhXQpUYW1iacOpbiBleGlzdGUgZW4gZXN0YSBjYXZpZGFkIHVuIGplZmUgcXVlIGFjdMO6YSBjb21vIGzDrWRlci4gUG9yIG51ZXN0cmEgc2VndXJpZGFkLCB5IHBvcnF1ZSBlcyBwZWxpZ3Jvc28sIGxvIGhlbW9zIGRvcm1pZG8gcG9yIG51ZXN0cmEgY3VlbnRhLg==
xXx4DQ,,W0dyYWR1YXRlIFN0dWRlbnQgTWFyYXRhXQpJZiB0aGUgcGFydHkgbGVhZGVyIG9mIHlvdXIgcGFydHkgd2lzaGVzLCB3ZSB3aWxsIGFjY2VwdCBzb21lIG1hdGVyaWFscyBhbmQgd2FrZSB0aGUgc2xlZXBpbmcgYm9zcy4=,,,,,W1DDs3MtZ3JhZHVhbmRvIE1hcmF0YV0KU2UgbyBsw61kZXIgZG8gZ3J1cG8gZG8gYXZlbnR1cmVpcm8gZGVzZWphciwgcmVjZWJlcmVtb3MgYWxndW5zIG1hdGVyaWFpcyBlIGRlc3BlcnRhcmVtb3MgbyBjaGVmZSBhZG9ybWVjaWRvLg==,,W0VzdHVkaWFudGUgZGUgcG9zZ3JhZG8gTWFyYXRhXQpTaSBlbCBsw61kZXIgZGVsIGdydXBvIGRlIGF2ZW50dXJlcm9zIGxvIGRlc2VhLCBkZXNwZXJ0YXJlbW9zIGFsIGplZmUgZG9ybWlkbyBhIGNhbWJpbyBkZSBhbGd1bm9zIG1hdGVyaWFsZXMu
xnx4DQ,,W0dyYWR1YXRlIFN0dWRlbnQgTWFyYXRhXQpJIGFtIHRlbGxpbmcgeW91IHRoaXMgc28gdGhlcmUgaXMgbm8gbWlzdW5kZXJzdGFuZGluZywgYnV0IGl0IGNhbm5vdCBiZSBkb25lIGltbWVkaWF0ZWx5LiBXYWtpbmcgaXQgaXMgbm90IGVhc3kgZWl0aGVyLiBJIHdpbGwgbGV0IHlvdSBrbm93IHdoZW4gaXQgYmVjb21lcyBwb3NzaWJsZSB0byB3YWtlIGl0Lg==,,,,,W1DDs3MtZ3JhZHVhbmRvIE1hcmF0YV0KRGlnbyBpc3RvIHBhcmEgZXZpdGFyIG1hbC1lbnRlbmRpZG9zLCBtYXMgbsOjbyDDqSBhbGdvIGltZWRpYXRvLiBEZXNwZXJ0w6EtbG8gdGFtYsOpbSBuw6NvIMOpIGbDoWNpbC4gQXZpc2FyZWkgcXVhbmRvIGZvciBwb3Nzw612ZWwgZGVzcGVydMOhLWxvLg==,,W0VzdHVkaWFudGUgZGUgcG9zZ3JhZG8gTWFyYXRhXQpMbyBkaWdvIHBhcmEgZXZpdGFyIG1hbGVudGVuZGlkb3M6IG5vIHNlIHB1ZWRlIGhhY2VyIGRlIGlubWVkaWF0by4gRGVzcGVydGFybG8gdGFtcG9jbyBlcyBmw6FjaWwuIEN1YW5kbyBzZWEgcG9zaWJsZSBoYWNlcmxvLCBzZSBsbyBhdmlzYXLDqS4=
x3x4DQ,,W0dyYWR1YXRlIFN0dWRlbnQgTWFyYXRhXQpOb3cgb25seSB0aGUgZmluYWwgZXhwbGFuYXRpb24gcmVtYWlucy4gRm91ci1TdGFyIGtub3dzIG1vcmUgYWJvdXQgdGhpcyB0aGFuIEkgZG8sIHNvIEkgd2lsbCBsZWF2ZSB0aGF0IGV4cGxhbmF0aW9uIHRvIEZvdXItU3Rhci4=,,,,,W1DDs3MtZ3JhZHVhbmRvIE1hcmF0YV0KQWdvcmEgcmVzdGEgYSDDumx0aW1hIGV4cGxpY2HDp8Ojby4gTyBRdWF0cm8gRXN0cmVsYXMgc2FiZSBtYWlzIHNvYnJlIGlzc28gZG8gcXVlIGV1LCBlbnTDo28gZGVpeGFyZWkgYSBleHBsaWNhw6fDo28gY29tIGVsZS4=,,W0VzdHVkaWFudGUgZGUgcG9zZ3JhZG8gTWFyYXRhXQpBaG9yYSBxdWVkYSBsYSDDumx0aW1hIGV4cGxpY2FjacOzbi4gQ3VhdHJvIEVzdHJlbGxhcyBzYWJlIG3DoXMgZGUgZXN0byBxdWUgeW8sIGFzw60gcXVlIGRlamFyw6kgcXVlIMOpbCBzZSBlbmNhcmd1ZS4=
yHx4DQ,,W0dyYWR1YXRlIFN0dWRlbnQgTWFyYXRhXQpUaGUgZmluYWwgZXhwbGFuYXRpb24gaXMgaW4gYSBmaWVsZCBGb3VyLVN0YXIga25vd3MgYmV0dGVyIHRoYW4gSSBkbywgc28gSSB3aWxsIGxlYXZlIGl0IHRvIEZvdXItU3Rhci4=,,,,,W1DDs3MtZ3JhZHVhbmRvIE1hcmF0YV0KQSDDumx0aW1hIGV4cGxpY2HDp8OjbyDDqSB1bWEgw6FyZWEgcXVlIG8gUXVhdHJvIEVzdHJlbGFzIGNvbmhlY2UgbWVsaG9yIGRvIHF1ZSBldSwgZW50w6NvIGRlaXhhcmVpIGEgZXhwbGljYcOnw6NvIGNvbSBlbGUu,,W0VzdHVkaWFudGUgZGUgcG9zZ3JhZG8gTWFyYXRhXQpMYSDDumx0aW1hIGV4cGxpY2FjacOzbiB0cmF0YSBkZSB1biBjYW1wbyBxdWUgQ3VhdHJvIEVzdHJlbGxhcyBjb25vY2UgbWVqb3IgcXVlIHlvLCBhc8OtIHF1ZSBkZWphcsOpIHF1ZSDDqWwgc2UgZW5jYXJndWUu
yXx4DQ,,W0dyYWR1YXRlIFN0dWRlbnQgTWFyYXRhXQpIZWhlaGUsIG9uY2UgdGhpcyByZXNlYXJjaCBpcyBvdmVyLi4gSGVoZSwgSSB3aWxsIGJlIGEgZG9jdG9yIHRvby4uIEFoISBZb3UgYXJlIGhlcmU/,,,,,W1DDs3MtZ3JhZHVhbmRvIE1hcmF0YV0KS2traywgcXVhbmRvIGVzdGEgcGVzcXVpc2EgdGVybWluYXIuLiBoZWhlLCBldSB0YW1iw6ltIHNlcmVpIGRvdXRvci4uIEFoISBWb2PDqiBjaGVnb3U/,,W0VzdHVkaWFudGUgZGUgcG9zZ3JhZG8gTWFyYXRhXQpKZSwgamUsIGplLiBDdWFuZG8gdGVybWluZSBlc3RhIGludmVzdGlnYWNpw7NuLi4uIEplLCBqZSwgeW8gdGFtYmnDqW4gc2Vyw6kgZG9jdG9yLi4uIMKhQWghIMK/SGEgdmVuaWRvPw==
ynx4DQ,,W0dyYWR1YXRlIFN0dWRlbnQgTWFyYXRhXQpJcyB0aGUgZGF0YSBjb2xsZWN0aW9uIGdvaW5nIHNtb290aGx5PyBTaW5jZSB5b3UgaGF2ZSBjb21lIHRvIG1lLi4=,,,,,W1DDs3MtZ3JhZHVhbmRvIE1hcmF0YV0KQSBjb2xldGEgZGUgZGFkb3MgZXN0w6EgaW5kbyBiZW0/IFNlIHZlaW8gbWUgcHJvY3VyYXIsIGVudMOjby4uLg==,,W0VzdHVkaWFudGUgZGUgcG9zZ3JhZG8gTWFyYXRhXQrCv1ZhIGJpZW4gbGEgcmVjb3BpbGFjacOzbiBkZSBkYXRvcz8gU2kgaGEgdmVuaWRvIGEgdmVybWUsIGVzbyBzaWduaWZpY2EuLi4=
y3x4DQ,,W0dyYWR1YXRlIFN0dWRlbnQgTWFyYXRhXQpEbyB5b3UgaGF2ZSBhbnkgcXVlc3Rpb25zIGFib3V0IHRoZSBydWxlciBvZiB0aGUgY2F2ZXJuPw==,,,,,W1DDs3MtZ3JhZHVhbmRvIE1hcmF0YV0KVGVtIGFsZ3VtYSBkw7p2aWRhIHNvYnJlIG8gZ292ZXJuYW50ZSBkYSBjYXZpZGFkZT8=,,W0VzdHVkaWFudGUgZGUgcG9zZ3JhZG8gTWFyYXRhXQrCv1RpZW5lIGFsZ3VuYSBwcmVndW50YSBzb2JyZSBlbCBnb2Jlcm5hbnRlIGRlIGxhIGNhdmlkYWQ/
zHx4DQ,,W0dyYWR1YXRlIFN0dWRlbnQgTWFyYXRhXQpZb3UgaGF2ZSBhbHJlYWR5IHN1bW1vbmVkIHRoZSBydWxlciBvZiB0aGUgY2F2ZXJuLiBXZSBkbyBub3QgaGF2ZSB0aGUgYWJpbGl0eSB0byBkZWFsIHdpdGggaXQuIFdlIHN1bW1vbmVkIGl0IG9ubHkgYmVjYXVzZSB3ZSB0cnVzdCB5b3UsIEFkdmVudHVyZXIsIHNvIHBsZWFzZSByZXNvbHZlIHRoaXMgcXVpY2tseS4=,,,,,W1DDs3MtZ3JhZHVhbmRvIE1hcmF0YV0KVm9jw6ogasOhIGludm9jb3UgbyBnb3Zlcm5hbnRlIGRhIGNhdmlkYWRlLiBOw7NzIG7Do28gdGVtb3MgY2FwYWNpZGFkZSBwYXJhIGxpZGFyIGNvbSBlbGUuIEVsZSBmb2kgaW52b2NhZG8gYXBlbmFzIHBvcnF1ZSBjb25maWFtb3Mgbm8gYXZlbnR1cmVpcm8sIGVudMOjbyBwZWRpbW9zIHF1ZSByZXNvbHZhIGlzc28gcmFwaWRhbWVudGUu,,W0VzdHVkaWFudGUgZGUgcG9zZ3JhZG8gTWFyYXRhXQpZYSBoYSBpbnZvY2FkbyBhbCBnb2Jlcm5hbnRlIGRlIGxhIGNhdmlkYWQuIE5vc290cm9zIG5vIHRlbmVtb3MgY2FwYWNpZGFkIHBhcmEgZW5jYXJnYXJub3MgZGUgw6lsLiBMbyBoZW1vcyBpbnZvY2FkbyBjb25maWFuZG8gw7puaWNhbWVudGUgZW4gdXN0ZWQsIGF2ZW50dXJlcm8sIGFzw60gcXVlIGxlIHJvZ2Ftb3MgcXVlIGxvIHJlc3VlbHZhIGN1YW50byBhbnRlcy4=
zXx4DQ,,W0dyYWR1YXRlIFN0dWRlbnQgTWFyYXRhXQpHb29kbmVzcy4uIFlvdSBhcmUgYSBmcmlnaHRlbmluZyBwZXJzb24uIFlvdSBwdXQgdGhhdCB2aWNpb3VzIHRoaW5nIGJhY2sgdG8gc2xlZXAsIGFuZCBwaHlzaWNhbGx5IGF0IHRoYXQuLi4=,,,,,W1DDs3MtZ3JhZHVhbmRvIE1hcmF0YV0KTWV1IERldXMuLiB2b2PDqiDDqSB1bWEgcGVzc29hIGFzc3VzdGFkb3JhLiBGZXogYXF1ZWxhIGNyaWF0dXJhIGZlcm96IGRvcm1pciBkZSBub3ZvLCBlIGFpbmRhIHBvciBtZWlvcyBmw61zaWNvcy4uLg==,,W0VzdHVkaWFudGUgZGUgcG9zZ3JhZG8gTWFyYXRhXQpDaWVsb3MuLi4gRXJhIHVzdGVkIGFsZ3VpZW4gdGVtaWJsZS4gSGEgdnVlbHRvIGEgZG9ybWlyIGEgZXNhIGNyaWF0dXJhIGZlcm96LCB5IGFkZW3DoXMgcG9yIGxhIGZ1ZXJ6YS4uLg==
znx4DQ,,SGVhciB0aGUgcHJlY2F1dGlvbnMu,,,,,T3V2aXIgYXMgcHJlY2F1w6fDtWVzLg==,,RXNjdWNoYXIgbGFzIHByZWNhdWNpb25lcy4=
z3x4DQ,,U3VtbW9uIHRoZSBydWxlciBvZiB0aGUgY2F2ZXJuLg==,,,,,SW52b2NhciBvIGdvdmVybmFudGUgZGEgY2F2aWRhZGUu,,TGxhbWFyIGFsIGdvYmVybmFudGUgZGUgbGEgY2F2aWRhZC4=
0Hx4DQ,,QXNrIGhvdyBsb25nIGhlIGhhcyBiZWVuIGEgR3JhZHVhdGUgU3R1ZGVudC4=,,,,,UGVyZ3VudGFyIGjDoSBxdWFudG8gdGVtcG8gw6kgUMOzcy1ncmFkdWFuZG8u,,UHJlZ3VudGFyIGN1w6FudG8gdGllbXBvIGxsZXZhIHNpZW5kbyBFc3R1ZGlhbnRlIGRlIHBvc2dyYWRvLg==
0Xx4DQ,,Tm90aGluZy4=,,,,,TmFkYS4=,,TmFkYS4=
0nx4DQ,,W0dyYWR1YXRlIFN0dWRlbnQgTWFyYXRhXQpQcmVjYXV0aW9ucy4uIFRoZXJlIGlzIG5vdGhpbmcgc3BlY2lhbCwgYnV0IHlvdSByZW1lbWJlciB0aGF0IHRoZXJlIHdlcmUgbm8gbW9uc3RlcnMgd2hlbiB5b3UgZmlyc3QgZW50ZXJlZCB0aGUgY2F2ZXJuLCByaWdodD8=,,,,,W1DDs3MtZ3JhZHVhbmRvIE1hcmF0YV0KUHJlY2F1w6fDtWVzLi4gbsOjbyBow6EgbmFkYSBlc3BlY2lhbC4gVm9jw6ogc2UgbGVtYnJhIGRlIHF1ZSBuw6NvIGhhdmlhIG1vbnN0cm9zIHF1YW5kbyBlbnRyb3UgbmEgY2F2aWRhZGUgcGVsYSBwcmltZWlyYSB2ZXosIGNlcnRvPw==,,W0VzdHVkaWFudGUgZGUgcG9zZ3JhZG8gTWFyYXRhXQrCv1ByZWNhdWNpb25lcy4uPyBObyBoYXkgbmFkYSBlc3BlY2lhbC4gwr9SZWN1ZXJkYSBxdWUgbm8gaGFiw61hIG1vbnN0cnVvcyBjdWFuZG8gZW50csOzIHBvciBwcmltZXJhIHZleiBlbiBsYSBjYXZpZGFkPw==
03x4DQ,,W0dyYWR1YXRlIFN0dWRlbnQgTWFyYXRhXQpUaGF0IHdhcyBiZWNhdXNlIHdlIGNvcGllZCB0aGUgcnVsZXIncyBtYWdpYyB3YXZlIHBhdHRlcm4gYW5kIHVzZWQgaXQgdG8gbWFrZSBvcmRpbmFyeSBtb25zdGVycyBhZnJhaWQu,,,,,W1DDs3MtZ3JhZHVhbmRvIE1hcmF0YV0KSXNzbyBhY29udGVjZXUgcG9ycXVlIGNvcGlhbW9zIGEgb25kYSBkZSBwb2RlciBtw6FnaWNvIGRvIGdvdmVybmFudGUgZSBhIHVzYW1vcyBwYXJhIGluZHV6aXIgbWVkbyBub3MgbW9uc3Ryb3MgY29tdW5zLg==,,W0VzdHVkaWFudGUgZGUgcG9zZ3JhZG8gTWFyYXRhXQpFc28gc2UgZGViZSBhIHF1ZSBjb3BpYW1vcyBsYSBvbmRhIGRlIHBvZGVyIG3DoWdpY28gZGVsIGdvYmVybmFudGUgcGFyYSBoYWNlciBxdWUgbG9zIG1vbnN0cnVvcyBub3JtYWxlcyBsZSB0dXZpZXJhbiBtaWVkby4=
1Hx4DQ,,W0dyYWR1YXRlIFN0dWRlbnQgTWFyYXRhXQpOYXR1cmFsbHksIGlmIHlvdSBzdW1tb24gdGhlIHJ1bGVyIG9mIHRoZSBjYXZlcm4sIHdobyBoYXMgdGhhdCB3YXZlIHBhdHRlcm4sIGFsbCBvcmRpbmFyeSBtb25zdGVycyB3aWxsIGRpc2FwcGVhci4=,,,,,W1DDs3MtZ3JhZHVhbmRvIE1hcmF0YV0Kw4kgw7NidmlvLCBtYXMgc2UgaW52b2Nhcm1vcyBvIGdvdmVybmFudGUgZGEgY2F2aWRhZGUgcXVlIHBvc3N1aSBlc3NhIG9uZGEsIHRvZG9zIG9zIG1vbnN0cm9zIGNvbXVucyBkZXNhcGFyZWNlcsOjby4=,,W0VzdHVkaWFudGUgZGUgcG9zZ3JhZG8gTWFyYXRhXQpDb21vIGVzIG5hdHVyYWwsIHNpIGxsYW1hIGFsIGdvYmVybmFudGUgZGUgbGEgY2F2aWRhZCwgcXVlIHBvc2VlIGVzYSBvbmRhLCB0b2RvcyBsb3MgbW9uc3RydW9zIG5vcm1hbGVzIGRlc2FwYXJlY2Vyw6FuLg==
1Xx4DQ,,W0dyYWR1YXRlIFN0dWRlbnQgTWFyYXRhXQpJbiBvdGhlciB3b3JkcywgdGhhdCBuaWNlIHBhcnQtdGltZSB3b3JrIHdpbGwgZW5kIGltbWVkaWF0ZWx5LiBUaGF0IHNob3VsZCBiZSBlbm91Z2ggdG8ga2VlcCBpbiBtaW5kLg==,,,,,W1DDs3MtZ3JhZHVhbmRvIE1hcmF0YV0KT3Ugc2VqYSwgbyBib20gdHJhYmFsaG8gZGUgbWVpbyBwZXLDrW9kbyB0ZXJtaW5hcsOhIGltZWRpYXRhbWVudGUuIEJhc3RhIHRvbWFyIGN1aWRhZG8gY29tIGlzc28u,,W0VzdHVkaWFudGUgZGUgcG9zZ3JhZG8gTWFyYXRhXQpFbiBvdHJhcyBwYWxhYnJhcywgZXNlIHBlcXVlw7FvIHkgcmVudGFibGUgdHJhYmFqbyB0ZW1wb3JhbCB0ZXJtaW5hcsOhIGVuIGVzZSBtaXNtbyBpbnN0YW50ZS4gQmFzdGFyw6EgY29uIHF1ZSB0ZW5nYSBlc28gZW4gY3VlbnRhLg==
1nx4DQ,,W0dyYWR1YXRlIFN0dWRlbnQgTWFyYXRhXQpUaGUgcnVsZXIgb2YgdGhlIGNhdmVybiBjYW5ub3QgYmUgc3VtbW9uZWQgaW1tZWRpYXRlbHkuIEZpcnN0LCBwbGVhc2UgcmVnaXN0ZXIgeW91ciBwYXJ0eSdzIG51bWJlciBvZiBwZW9wbGUgd2l0aCB0aGUgcHJvZmVzc29yIGFuZCBkbyBzb21lIHdvcmsuIFRoZW4sIHdoZW4gSSBjYWxsIHlvdSwgd291bGQgeW91IGNvbWUgYmFjaz8=,,,,,W1DDs3MtZ3JhZHVhbmRvIE1hcmF0YV0KTyBnb3Zlcm5hbnRlIGRhIGNhdmlkYWRlIG7Do28gcG9kZSBzZXIgaW52b2NhZG8gaW1lZGlhdGFtZW50ZS4gUHJpbWVpcm8sIHJlZ2lzdHJlIG8gbsO6bWVybyBkZSBtZW1icm9zIGRvIGdydXBvIGNvbSBvIHByb2Zlc3NvciwgZmHDp2EgYWxndW0gdHJhYmFsaG8sIGUgcXVhbmRvIGV1IGNoYW1hciwgcG9kZXJpYSB2aXI/,,W0VzdHVkaWFudGUgZGUgcG9zZ3JhZG8gTWFyYXRhXQpObyBzZSBwdWVkZSBsbGFtYXIgYWwgZ29iZXJuYW50ZSBkZSBsYSBjYXZpZGFkIGRlIGlubWVkaWF0by4gUHJpbWVybyByZWdpc3RyZSBlbCBuw7ptZXJvIGRlIG1pZW1icm9zIGRlbCBncnVwbyBjb24gZWwgcHJvZmVzb3IsIHRyYWJhamUgdW4gcG9jbyB5IHZlbmdhIGN1YW5kbyB5byBsbyBsbGFtZSwgwr9kZSBhY3VlcmRvPw==
13x4DQ,,W0dyYWR1YXRlIFN0dWRlbnQgTWFyYXRhXQpUaGUgcnVsZXIgb2YgdGhlIGNhdmVybiBjYW5ub3QgYmUgc3VtbW9uZWQgaW1tZWRpYXRlbHkuIE9uY2UgaXQgYmVjb21lcyBwb3NzaWJsZSB0byBzdW1tb24gaXQsIEkgd2lsbCBsZXQgeW91IGtub3csIHNvIHdvdWxkIHlvdSBjb21lIGJhY2sgdGhlbj8=,,,,,W1DDs3MtZ3JhZHVhbmRvIE1hcmF0YV0KTyBnb3Zlcm5hbnRlIGRhIGNhdmlkYWRlIG7Do28gcG9kZSBzZXIgaW52b2NhZG8gaW1lZGlhdGFtZW50ZS4gUXVhbmRvIGZvciBwb3Nzw612ZWwgaW52b2PDoS1sbywgZXUgYXZpc2FyZWksIGVudMOjbyBwb2RlcmlhIHZpciBuZXNzZSBtb21lbnRvPw==,,W0VzdHVkaWFudGUgZGUgcG9zZ3JhZG8gTWFyYXRhXQpObyBzZSBwdWVkZSBsbGFtYXIgYWwgZ29iZXJuYW50ZSBkZSBsYSBjYXZpZGFkIGRlIGlubWVkaWF0by4gQ3VhbmRvIHNlYSBwb3NpYmxlIGxsYW1hcmxvLCBzZSBsbyBhdmlzYXLDqSwgYXPDrSBxdWUgdmVuZ2EgZW50b25jZXMsIMK/ZGUgYWN1ZXJkbz8=
2Hx4DQ,,W0dyYWR1YXRlIFN0dWRlbnQgTWFyYXRhXVxuV2VsY29tZS4gVGhlIFJ1bGVyIG9mIHRoZSBDYXZlcm4gY2FuIGJlIHN1bW1vbmVkIGluIHR3byB3YXlzLg==,,,,,W0VzdHVkYW50ZSBkZSBQw7NzLWdyYWR1YcOnw6NvIE1hcmF0YV1cbkJlbS12aW5kby4gTyBHb3Zlcm5hbnRlIGRhIENhdmVybmEgcG9kZSBzZXIgaW52b2NhZG8gZGUgZHVhcyBtYW5laXJhcy4=,,W0VzdHVkaWFudGUgZGUgUG9zZ3JhZG8gTWFyYXRhXVxuQmllbnZlbmlkby4gRWwgR29iZXJuYW50ZSBkZSBsYSBDYXZlcm5hIHB1ZWRlIHNlciBpbnZvY2FkbyBkZSBkb3MgbWFuZXJhcy4=
2Xx4DQ,,W0dyYWR1YXRlIFN0dWRlbnQgTWFyYXRhXVxuWW91IGNhbiBlaXRoZXIgc3VtbW9uIHRoZSBSdWxlciBvZiB0aGUgQ2F2ZXJuIGluIGl0cyBuYXR1cmFsIHN0YXRlLCBvciB1c2UgNyA8SVRFTT5bTWFnaWMtSW5mdXNlZCBTdG9uZXNdPElORk8+MTAwMDM2MzwvSU5GTz48L0lURU0+IHRvIHN1bW1vbiBhbiBlbmhhbmNlZCBSdWxlciBvZiB0aGUgQ2F2ZXJuLiBXaGljaCBvbmUgd291bGQgeW91IGxpa2UgbWUgdG8gc3VtbW9uPw==,,,,,W0VzdHVkYW50ZSBkZSBQw7NzLWdyYWR1YcOnw6NvIE1hcmF0YV1cblZvY8OqIHBvZGUgaW52b2NhciBvIEdvdmVybmFudGUgZGEgQ2F2ZXJuYSBlbSBzZXUgZXN0YWRvIG5hdHVyYWwgb3UgdXNhciA3IDxJVEVNPltQZWRyYXMgSW1idcOtZGFzIGRlIE1hZ2lhXTxJTkZPPjEwMDAzNjM8L0lORk8+PC9JVEVNPiBwYXJhIGludm9jYXIgdW0gR292ZXJuYW50ZSBkYSBDYXZlcm5hIGZvcnRhbGVjaWRvLiBRdWFsIGRlbGVzIGRlc2VqYSBxdWUgZXUgaW52b3F1ZT8=,,W0VzdHVkaWFudGUgZGUgUG9zZ3JhZG8gTWFyYXRhXVxuUHVlZGUgaW52b2NhciBhbCBHb2Jlcm5hbnRlIGRlIGxhIENhdmVybmEgZW4gc3UgZXN0YWRvIG5hdHVyYWwgbyB1c2FyIDcgPElURU0+W1BpZWRyYXMgSW1idWlkYXMgZGUgTWFnaWFdPElORk8+MTAwMDM2MzwvSU5GTz48L0lURU0+IHBhcmEgaW52b2NhciBhIHVuIEdvYmVybmFudGUgZGUgbGEgQ2F2ZXJuYSByZWZvcnphZG8uIMK/Q3XDoWwgZGVzZWEgcXVlIGludm9xdWU/
2nx4DQ,,W0dyYWR1YXRlIFN0dWRlbnQgTWFyYXRhXVxuUGxlYXNlIGtlZXAgaW4gbWluZCB0aGF0IHRoZSBSdWxlciBvZiB0aGUgQ2F2ZXJuIGNhbiBvbmx5IGJlIHN1bW1vbmVkIG9uY2UsIHJlZ2FyZGxlc3Mgb2Ygd2hpY2ggbWV0aG9kIHlvdSBjaG9vc2Uu,,,,,W0VzdHVkYW50ZSBkZSBQw7NzLWdyYWR1YcOnw6NvIE1hcmF0YV1cbkxlbWJyZS1zZSBkZSBxdWUgbyBHb3Zlcm5hbnRlIGRhIENhdmVybmEgc8OzIHBvZGUgc2VyIGludm9jYWRvIHVtYSB2ZXosIGluZGVwZW5kZW50ZW1lbnRlIGRvIG3DqXRvZG8gZXNjb2xoaWRvLg==,,W0VzdHVkaWFudGUgZGUgUG9zZ3JhZG8gTWFyYXRhXVxuVGVuZ2EgZW4gY3VlbnRhIHF1ZSBlbCBHb2Jlcm5hbnRlIGRlIGxhIENhdmVybmEgc29sbyBwdWVkZSBzZXIgaW52b2NhZG8gdW5hIHZleiwgc2luIGltcG9ydGFyIGVsIG3DqXRvZG8gcXVlIGVsaWphLg==
23x4DQ,,Tm9ybWFsIFJ1bGVyIG9mIHRoZSBDYXZlcm4=,,,,,R292ZXJuYW50ZSBkYSBDYXZlcm5hIG5vcm1hbA==,,R29iZXJuYW50ZSBkZSBsYSBDYXZlcm5hIG5vcm1hbA==
3Hx4DQ,,RW5oYW5jZWQgUnVsZXIgb2YgdGhlIENhdmVybiAoezB9Lzcp,,,,,R292ZXJuYW50ZSBkYSBDYXZlcm5hIGZvcnRhbGVjaWRvICh7MH0vNyk=,,R29iZXJuYW50ZSBkZSBsYSBDYXZlcm5hIHJlZm9yemFkbyAoezB9Lzcp
3Xx4DQ,,RG8gbm90IHN1bW1vbiBpdC4=,,,,,TsOjbyBpbnZvY2FyLg==,,Tm8gbGxhbWFybG8u
3nx4DQ,,W0dyYWR1YXRlIFN0dWRlbnQgTWFyYXRhXVxuRG8geW91IHJlYWxseSB3YW50IHRvIHNlZSB0aGUgbm9ybWFsIFJ1bGVyIG9mIHRoZSBDYXZlcm4/IE5vdCB0aGUgZW5oYW5jZWQgb25lPw==,,,,,W0VzdHVkYW50ZSBkZSBQw7NzLWdyYWR1YcOnw6NvIE1hcmF0YV1cblRlbSBjZXJ0ZXphIGRlIHF1ZSBkZXNlamEgdmVyIG8gR292ZXJuYW50ZSBkYSBDYXZlcm5hIG5vcm1hbD8gTsOjbyBwcmVmZXJlIG8gZm9ydGFsZWNpZG8/,,W0VzdHVkaWFudGUgZGUgUG9zZ3JhZG8gTWFyYXRhXVxuwr9EZSB2ZXJkYWQgZGVzZWEgdmVyIGFsIEdvYmVybmFudGUgZGUgbGEgQ2F2ZXJuYSBub3JtYWw/IMK/Tm8gcHJlZmllcmUgYWwgcmVmb3J6YWRvPw==
33x4DQ,,U3VtbW9uIHRoZSBub3JtYWwgUnVsZXIgb2YgdGhlIENhdmVybi4=,,,,,SW52b2NhciBvIEdvdmVybmFudGUgZGEgQ2F2ZXJuYSBub3JtYWwu,,SW52b2NhciBhbCBHb2Jlcm5hbnRlIGRlIGxhIENhdmVybmEgbm9ybWFsLg==
4Hx4DQ,,W0dyYWR1YXRlIFN0dWRlbnQgTWFyYXRhXQpIZWhlaGUsIGFzIHlvdSB3aXNoZWQsIEkgaGF2ZSBjb21wbGV0ZWx5IHR1cm5lZCBvZmYgdGhlIG1hZ2ljIHdhdmVzIHRoYXQgd2VyZSBzdXBwcmVzc2luZyB0aGUgcnVsZXIncyBhY3Rpdml0eS4=,,,,,W1DDs3MtZ3JhZHVhbmRvIE1hcmF0YV0KSGVoZWhlLCBjb21vIGRlc2VqYWRvLCBkZXNsaWd1ZWkgY29tcGxldGFtZW50ZSBhIG9uZGEgZGUgcG9kZXIgbcOhZ2ljbyBxdWUgcmVzdHJpbmdpYSBhIGF0aXZpZGFkZSBkbyBnb3Zlcm5hbnRlLg==,,W0VzdHVkaWFudGUgZGUgcG9zZ3JhZG8gTWFyYXRhXQpKZSwgamUsIGplLiBUYWwgY29tbyBkZXNlYSwgaGUgZGVzYWN0aXZhZG8gcG9yIGNvbXBsZXRvIGxhIG9uZGEgZGUgcG9kZXIgbcOhZ2ljbyBxdWUgY29udGVuw61hIGxhIGFjdGl2aWRhZCBkZWwgZ29iZXJuYW50ZS4=
4Xx4DQ,,W0dyYWR1YXRlIFN0dWRlbnQgTWFyYXRhXQpBbmQgSSBoYXZlIGFjdGl2YXRlZCB0aGUgbW92ZW1lbnQgZGV2aWNlIG92ZXIgdGhlcmUuIElmIHlvdSB1c2UgdGhhdCBkZXZpY2UsIHlvdSBjYW4gbW92ZSB0byB0aGUgY2VudGVyIG9mIHRoZSBjYXZlcm4gd2hlcmUgdGhlIHJ1bGVyIGlzLCBzbyBwbGVhc2UgdHJ5IHVzaW5nIGl0Lg==,,,,,W1DDs3MtZ3JhZHVhbmRvIE1hcmF0YV0KRSBhdGl2ZWkgbyBkaXNwb3NpdGl2byBkZSBkZXNsb2NhbWVudG8gYWxpLiBTZSB1c2FyIGFxdWVsZSBkaXNwb3NpdGl2bywgcG9kZXLDoSBzZSBtb3ZlciBwYXJhIG8gY2VudHJvIGRhIGNhdmlkYWRlLCBvbmRlIGVzdMOhIG8gZ292ZXJuYW50ZS4gRXhwZXJpbWVudGUgdXPDoS1sby4=,,W0VzdHVkaWFudGUgZGUgcG9zZ3JhZG8gTWFyYXRhXQpBZGVtw6FzLCBoZSBhY3RpdmFkbyBlbCBkaXNwb3NpdGl2byBkZSBkZXNwbGF6YW1pZW50byBkZSBhbGzDrS4gU2kgdXNhIGVzZSBkaXNwb3NpdGl2bywgcG9kcsOhIGRlc3BsYXphcnNlIGhhc3RhIGVsIGNlbnRybyBkZSBsYSBjYXZpZGFkLCBkb25kZSBzZSBlbmN1ZW50cmEgZWwgZ29iZXJuYW50ZS4gUHJ1w6liZWxvLg==
4nx4DQ,,W0dyYWR1YXRlIFN0dWRlbnQgTWFyYXRhXQpJIHdpbGwgZGlzY3VzcyBzdW1tb25pbmcgdGhlIHJ1bGVyIHdpdGggdGhlIHJlcHJlc2VudGF0aXZlIG9mIHRoZSBwYXJ0eS4gSXQgd291bGQgYmUgdHJvdWJsZXNvbWUgZm9yIG1lIGlmIG11bHRpcGxlIHBlb3BsZSBtYWRlIHRoZSByZXF1ZXN0Lg==,,,,,W1DDs3MtZ3JhZHVhbmRvIE1hcmF0YV0KRmFsYXJlaSBzb2JyZSBhIGludm9jYcOnw6NvIGRvIGdvdmVybmFudGUgY29tIG8gcmVwcmVzZW50YW50ZSBkbyBncnVwby4gU2UgdsOhcmlhcyBwZXNzb2FzIGZpemVyZW0gbyBwZWRpZG8sIHNlcsOhIHRyYWJhbGhvc28gcGFyYSBtaW0u,,W0VzdHVkaWFudGUgZGUgcG9zZ3JhZG8gTWFyYXRhXQpIYWJsYXLDqSBzb2JyZSBsbGFtYXIgYWwgZ29iZXJuYW50ZSBjb24gZWwgcmVwcmVzZW50YW50ZSBkZWwgZ3J1cG8uIFNpIHZhcmlhcyBwZXJzb25hcyBsbyBzb2xpY2l0YW4sIHRhbWJpw6luIHNlcsOhIG1vbGVzdG8gcGFyYSBtw60u
43x4DQ,,W0dyYWR1YXRlIFN0dWRlbnQgTWFyYXRhXVxuSGVoIGhlaCBoZWguIEkga25ldyBpdC4=,,,,,W0VzdHVkYW50ZSBkZSBQw7NzLWdyYWR1YcOnw6NvIE1hcmF0YV1cbkhlaGVoZS4gRXUgc2FiaWEu,,W0VzdHVkaWFudGUgZGUgUG9zZ3JhZG8gTWFyYXRhXVxuSmVqZWplLiBMbyBzYWLDrWEu
5Hx4DQ,,W0dyYWR1YXRlIFN0dWRlbnQgTWFyYXRhXVxuSGVoIGhlaCBoZWguIEFzIHlvdSByZXF1ZXN0ZWQsIEkgcmVsZWFzZWQgYSB3YXZlIG9mIG1hZ2ljIHRvIHN1bW1vbiB0aGUgZW5oYW5jZWQgUnVsZXIgb2YgdGhlIENhdmVybi4=,,,,,W0VzdHVkYW50ZSBkZSBQw7NzLWdyYWR1YcOnw6NvIE1hcmF0YV1cbkhlaGVoZS4gQ29tbyBwZWRpdSwgbGliZXJlaSB1bWEgb25kYSBtw6FnaWNhIHBhcmEgaW52b2NhciBvIEdvdmVybmFudGUgZGEgQ2F2ZXJuYSBmb3J0YWxlY2lkby4=,,W0VzdHVkaWFudGUgZGUgUG9zZ3JhZG8gTWFyYXRhXVxuSmVqZWplLiBDb21vIHBpZGnDsywgbGliZXLDqSB1bmEgb25kYSBtw6FnaWNhIHBhcmEgaW52b2NhciBhbCBHb2Jlcm5hbnRlIGRlIGxhIENhdmVybmEgcmVmb3J6YWRvLg==
5Xx4DQ,,W0dyYWR1YXRlIFN0dWRlbnQgTWFyYXRhXVxuWW91IGRvbid0IGhhdmUgZW5vdWdoIDxJVEVNPltNYWdpYy1JbmZ1c2VkIFN0b25lc108SU5GTz4xMDAwMzYzPC9JTkZPPjwvSVRFTT4uIFlvdSdsbCBuZWVkIHRvIGJyaW5nIDcgb2YgdGhlbS4gSSBuZWVkIHRvIGdldCBzb21ldGhpbmcgb3V0IG9mIHRoaXMgdG9vLCBkb24ndCBJPw==,,,,,W0VzdHVkYW50ZSBkZSBQw7NzLWdyYWR1YcOnw6NvIE1hcmF0YV1cblZvY8OqIG7Do28gdGVtIDxJVEVNPltQZWRyYXMgSW1idcOtZGFzIGRlIE1hZ2lhXTxJTkZPPjEwMDAzNjM8L0lORk8+PC9JVEVNPiBzdWZpY2llbnRlcy4gVHJhZ2EgNyBkZWxhcy4gQWZpbmFsLCBldSB0YW1iw6ltIHByZWNpc28gZ2FuaGFyIGFsZ3VtYSBjb2lzYSBjb20gaXNzbywgbsOjbyBhY2hhPw==,,W0VzdHVkaWFudGUgZGUgUG9zZ3JhZG8gTWFyYXRhXVxuTm8gdGllbmUgc3VmaWNpZW50ZXMgPElURU0+W1BpZWRyYXMgSW1idWlkYXMgZGUgTWFnaWFdPElORk8+MTAwMDM2MzwvSU5GTz48L0lURU0+LiBEZWJlIHRyYWVyIDcuIERlc3B1w6lzIGRlIHRvZG8sIHlvIHRhbWJpw6luIHRlbmdvIHF1ZSBzYWNhciBhbGdvIGRlIGVzdG8sIMK/bm8gY3JlZT8=
5nx4DQ,,W0dyYWR1YXRlIFN0dWRlbnQgTWFyYXRhXQpUaGF0IGlzIHVuZm9ydHVuYXRlLiBGb3IgdXMsIGl0IHdhcyBhbiBvcHBvcnR1bml0eSB0byBnYXRoZXIgcmVzZWFyY2ggZGF0YSB0aGF0IGNhbm5vdCBiZSBtZWFzdXJlZCBlYXNpbHku,,,,,W1DDs3MtZ3JhZHVhbmRvIE1hcmF0YV0KUXVlIHBlbmEuIFBhcmEgbsOzcywgZXJhIHVtYSBvcG9ydHVuaWRhZGUgZGUgYWN1bXVsYXIgZGFkb3MgZGUgcGVzcXVpc2EgcXVlIG7Do28gcG9kZXLDrWFtb3MgbWVkaXIgZmFjaWxtZW50ZS4=,,W0VzdHVkaWFudGUgZGUgcG9zZ3JhZG8gTWFyYXRhXQpRdcOpIGzDoXN0aW1hLiBQYXJhIG5vc290cm9zIGVyYSB1bmEgb3BvcnR1bmlkYWQgZGUgYWN1bXVsYXIgZGF0b3MgZGUgaW52ZXN0aWdhY2nDs24gcXVlIG5vIHBvZGVtb3MgbWVkaXIgZsOhY2lsbWVudGUu
53x4DQ,,W0dyYWR1YXRlIFN0dWRlbnQgTWFyYXRhXQpZb3UgaGF2ZSBjb21lIGF0IHRoZSByaWdodCB0aW1lLiBJZiB5b3UgZ2l2ZSBtZSAyNSA8SVRFTT5bTWFnaWMtSW5mdXNlZCBTdG9uZV08SU5GTz4xMDAwMzYzPC9JTkZPPjwvSVRFTT4sIEkgd2lsbCBzdW1tb24gdGhlIHJ1bGVyIG9mIHRoZSBjYXZlcm4u,,,,,W1DDs3MtZ3JhZHVhbmRvIE1hcmF0YV0KVm9jw6ogdmVpbyBuYSBob3JhIGNlcnRhLiBFdSBpbnZvY2FyZWkgbyBnb3Zlcm5hbnRlIGRhIGNhdmlkYWRlIHNlIG1lIGVudHJlZ2FyIDI1IDxJVEVNPltQZWRyYSBJbWJ1w61kYSBkZSBQb2RlciBNw6FnaWNvXTxJTkZPPjEwMDAzNjM8L0lORk8+PC9JVEVNPi4=,,W0VzdHVkaWFudGUgZGUgcG9zZ3JhZG8gTWFyYXRhXQpIYSB2ZW5pZG8gZW4gYnVlbiBtb21lbnRvLiBTaSBtZSBlbnRyZWdhIDI1IDxJVEVNPltQaWVkcmEgaW1idWlkYSBkZSBwb2RlciBtw6FnaWNvXTxJTkZPPjEwMDAzNjM8L0lORk8+PC9JVEVNPiwgbGxhbWFyw6kgYWwgZ29iZXJuYW50ZSBkZSBsYSBjYXZpZGFkLg==
6Hx4DQ,,U3VtbW9uIHRoZSBydWxlci4=,,,,,SW52b2NhciBvIGdvdmVybmFudGUu,,TGxhbWFyIGFsIGdvYmVybmFudGUu
6Xx4DQ,,W0dyYWR1YXRlIFN0dWRlbnQgTWFyYXRhXQpZb3UgZG8gbm90IGhhdmUgZW5vdWdoIDxJVEVNPltNYWdpYy1JbmZ1c2VkIFN0b25lXTxJTkZPPjEwMDAzNjM8L0lORk8+PC9JVEVNPi4gWW91IG5lZWQgdG8gYnJpbmcgMjUsIG9yIGVsc2Ugd2hhdCBkbyBJIGdldCBvdXQgb2YgaXQ/,,,,,W1DDs3MtZ3JhZHVhbmRvIE1hcmF0YV0KVm9jw6ogbsOjbyB0ZW0gPElURU0+W1BlZHJhIEltYnXDrWRhIGRlIFBvZGVyIE3DoWdpY29dPElORk8+MTAwMDM2MzwvSU5GTz48L0lURU0+IHN1ZmljaWVudGUuIFZvY8OqIHByZWNpc2EgdHJhemVyIDI1IHBhcmEgcXVlIGV1IHRhbWLDqW0gdGVuaGEgYWxndW0gbHVjcm8sIG7Do28gYWNoYT8=,,W0VzdHVkaWFudGUgZGUgcG9zZ3JhZG8gTWFyYXRhXQpObyB0aWVuZSBzdWZpY2llbnRlcyA8SVRFTT5bUGllZHJhIGltYnVpZGEgZGUgcG9kZXIgbcOhZ2ljb108SU5GTz4xMDAwMzYzPC9JTkZPPjwvSVRFTT4uIERlYmUgdHJhZXIgMjUgdW5pZGFkZXMgcGFyYSBxdWUgYSBtw60gdGFtYmnDqW4gbWUgcXVlZGUgYWxnbywgwr9ubyBjcmVlPw==
6nx4DQ,,W0dyYWR1YXRlIFN0dWRlbnQgTWFyYXRhXQpEaWQgSSBkbyBzb21ldGhpbmcgd3JvbmcgdG8geW91LCBBZHZlbnR1cmVyPyBXaHkgYXJlIHlvdSBzdWRkZW5seSBoaXR0aW5nIG1lPw==,,,,,W1DDs3MtZ3JhZHVhbmRvIE1hcmF0YV0KUG9yIGFjYXNvIGZpeiBhbGdvIGVycmFkbyBjb20gdm9jw6osIGF2ZW50dXJlaXJvPyBQb3IgcXVlIGNvbWXDp291IGEgbWUgYmF0ZXIgZGUgcmVwZW50ZT8=,,W0VzdHVkaWFudGUgZGUgcG9zZ3JhZG8gTWFyYXRhXQrCv0FjYXNvIGxlIGhlIGhlY2hvIGFsZ28gbWFsbywgYXZlbnR1cmVybz8gwr9Qb3IgcXXDqSBtZSBnb2xwZWEgZGUgcmVwZW50ZT8=
63x4DQ,,W0dyYWR1YXRlIFN0dWRlbnQgTWFyYXRhXQpIaXR0aW5nIHNvbWVvbmUgd2l0aCB3b3JkcyBpcyBhbHNvIHZpb2xlbmNlLiBWaW9sZW5jZSEh,,,,,W1DDs3MtZ3JhZHVhbmRvIE1hcmF0YV0KQmF0ZXIgY29tIHBhbGF2cmFzIHRhbWLDqW0gw6kgdmlvbMOqbmNpYS4gVmlvbMOqbmNpYSEh,,W0VzdHVkaWFudGUgZGUgcG9zZ3JhZG8gTWFyYXRhXQpHb2xwZWFyIGNvbiBwYWxhYnJhcyB0YW1iacOpbiBlcyB2aW9sZW5jaWEuIMKhVmlvbGVuY2lhIQ==
7Hx4DQ,,W0dyYWR1YXRlIFN0dWRlbnQgTWFyYXRhXQpTdGlsbCwgaWYgdGhpcyBnb2VzIHdlbGwsIGJlY29taW5nIGEgZG9jdG9yIHNob3VsZCBiZSBubyBwcm9ibGVtLiBIYWhhaGEu,,,,,W1DDs3MtZ3JhZHVhbmRvIE1hcmF0YV0KQWluZGEgYXNzaW0sIHNlIGlzdG8gdGVybWluYXIgYmVtLCBhY2hvIHF1ZSBvIGRvdXRvcmFkbyBuw6NvIHNlcsOhIHByb2JsZW1hLiBIYWhhaGEu,,W0VzdHVkaWFudGUgZGUgcG9zZ3JhZG8gTWFyYXRhXQpBdW4gYXPDrSwgc2kgZXN0byB0ZXJtaW5hIGJpZW4sIGNyZW8gcXVlIG5vIGhhYnLDoSBwcm9ibGVtYSBwYXJhIGNvbnZlcnRpcm1lIGVuIGRvY3Rvci4gSmEsIGphLCBqYS4=
7Xx4DQ,,W0dyYWR1YXRlIFN0dWRlbnQgTWFyYXRhXQpJIGxvb2sgZm9yd2FyZCB0byB5b3VyIGhlbHAsIG5vdCBvbmx5IHdpdGggZGF0YSBjb2xsZWN0aW9uLCBidXQgaW4gbWFueSB3YXlzLg==,,,,,W1DDs3MtZ3JhZHVhbmRvIE1hcmF0YV0KQ29udG8gY29tIHZvY8OqIG7Do28gc8OzIHBhcmEgYSBjb2xldGEgZGUgZGFkb3MsIG1hcyBwYXJhIG11aXRhcyBvdXRyYXMgY29pc2FzLg==,,W0VzdHVkaWFudGUgZGUgcG9zZ3JhZG8gTWFyYXRhXQpDdWVudG8gY29uIHN1IGF5dWRhIG5vIHNvbG8gcGFyYSByZWNvcGlsYXIgZGF0b3MsIHNpbm8gdGFtYmnDqW4gcGFyYSB0b2RvIGxvIGRlbcOhcy4=
7nx4DQ,,KioqKio=,,,,,KioqKio=,,KioqKio=
73x4DQ,,W0dyYWR1YXRlIFN0dWRlbnRdCkFoZW0uLiBJIGFtIG9mZmVyaW5nIHJlcXVlc3RzIHRvIGludmVzdGlnYXRlIHRoZSBtb25zdGVycyBpbiB0aGUgY2F2ZXJuLg==,,,,,W1DDs3MtZ3JhZHVhbmRvXQpBaGVtLi4gZXN0b3Ugb2ZlcmVjZW5kbyB1bWEgc29saWNpdGHDp8OjbyBwYXJhIGludmVzdGlnYXIgb3MgbW9uc3Ryb3MgZGEgY2F2aWRhZGUu,,W0VzdHVkaWFudGUgZGUgcG9zZ3JhZG9dCkVqZW0uLiBFc3RveSBvZnJlY2llbmRvIGVuY2FyZ29zIHBhcmEgaW52ZXN0aWdhciBsb3MgbW9uc3RydW9zIGRlIGxhIGNhdmlkYWQu
8Hx4DQ,,W0dyYWR1YXRlIFN0dWRlbnRdClVnaC4uIEkgYW0gbm90IGNvbmZpZGVudCB0aGF0IEkgY2FuIGV4cGxhaW4gaXQgY2FsbWx5LCBzbyBjb3VsZCB5b3UgcGxlYXNlIGdvIGxpc3RlbiB0byBQcm9mZXNzb3IgRGFlZ3V0bydzIGV4cGxhbmF0aW9uIGZpcnN0Pw==,,,,,W1DDs3MtZ3JhZHVhbmRvXQpVZ2guLiBuw6NvIHRlbmhvIGNvbmZpYW7Dp2EgcGFyYSBleHBsaWNhciBjb20gY2FsbWEsIGVudMOjbyBwb2RlcmlhIG91dmlyIGEgZXhwbGljYcOnw6NvIGRvIFByb2Zlc3NvciBEYWVndXRvIGUgdm9sdGFyPw==,,W0VzdHVkaWFudGUgZGUgcG9zZ3JhZG9dClVnaC4uIE5vIHRlbmdvIGNvbmZpYW56YSBwYXJhIGV4cGxpY2FybG8gY29uIGNhbG1hLCBhc8OtIHF1ZSDCv3BvZHLDrWEgZXNjdWNoYXIgbGEgZXhwbGljYWNpw7NuIGRlbCBwcm9mZXNvciBEYWVndXRvIHkgdm9sdmVyPw==
8Xx4DQ,,W0dyYWR1YXRlIFN0dWRlbnRdClRoZXJlIGFyZSB2YXJpb3VzIHRoaW5ncyB3ZSBuZWVkIHRvIHByZXBhcmUgZGVwZW5kaW5nIG9uIHRoZSBudW1iZXIgb2YgcGVvcGxlLCBzbyBjb3VsZCB5b3UgcGxlYXNlIHJlcG9ydCB0aGUgbnVtYmVyIG9mIHBlb3BsZSB0byBQcm9mZXNzb3IgRGFlZ3V0byBmaXJzdD8=,,,,,W1DDs3MtZ3JhZHVhbmRvXQpQcmVjaXNhbW9zIHByZXBhcmFyIHbDoXJpYXMgY29pc2FzIGNvbmZvcm1lIG8gbsO6bWVybyBkZSBwZXNzb2FzLiBQb2RlcmlhIHJlbGF0YXIgbyBuw7ptZXJvIGRlIHBlc3NvYXMgYW8gUHJvZmVzc29yIERhZWd1dG8gZSB2b2x0YXI/,,W0VzdHVkaWFudGUgZGUgcG9zZ3JhZG9dCkhheSB2YXJpYXMgY29zYXMgcXVlIGRlYmVtb3MgcHJlcGFyYXIgc2Vnw7puIGVsIG7Dum1lcm8gZGUgcGVyc29uYXMsIGFzw60gcXVlIMK/cG9kcsOtYSBpbmZvcm1hciBkZWwgbsO6bWVybyBkZSBtaWVtYnJvcyBhbCBwcm9mZXNvciBEYWVndXRvIHkgdm9sdmVyPw==
8nx4DQ,,W0dyYWR1YXRlIFN0dWRlbnRdCllvdSBoZWFyZCB0aGUgZXhwbGFuYXRpb24sIHJpZ2h0PyBJIGFtIG9mZmVyaW5nIHJlcXVlc3RzIHRvIGh1bnQgdGhlIG1vbnN0ZXJzIGluIHRoZSBjYXZlcm4u,,,,,W1DDs3MtZ3JhZHVhbmRvXQpWb2PDqiBqw6Egb3V2aXUgYSBleHBsaWNhw6fDo28sIGNlcnRvPyBFc3RvdSBvZmVyZWNlbmRvIHVtYSBzb2xpY2l0YcOnw6NvIHBhcmEgY2HDp2FyIG9zIG1vbnN0cm9zIGRhIGNhdmlkYWRlLg==,,W0VzdHVkaWFudGUgZGUgcG9zZ3JhZG9dCllhIGhhIG/DrWRvIGxhIGV4cGxpY2FjacOzbiwgwr92ZXJkYWQ/IEVzdG95IG9mcmVjaWVuZG8gZW5jYXJnb3MgcGFyYSBjYXphciBtb25zdHJ1b3MgZGUgbGEgY2F2aWRhZC4=
83x4DQ,,W0dyYWR1YXRlIFN0dWRlbnRdCldvdWxkIHlvdSBsaWtlIHRvIHJlY2VpdmUgYSBjYXZlcm4gbW9uc3RlciBodW50aW5nIHJlcXVlc3Q/,,,,,W1DDs3MtZ3JhZHVhbmRvXQpEZXNlamEgcmVjZWJlciB1bWEgc29saWNpdGHDp8OjbyBkZSBjYcOnYSBhb3MgbW9uc3Ryb3MgZGEgY2F2aWRhZGU/,,W0VzdHVkaWFudGUgZGUgcG9zZ3JhZG9dCsK/UXVpZXJlIHJlY2liaXIgdW4gZW5jYXJnbyBkZSBjYXphIGRlIG1vbnN0cnVvcyBkZSBsYSBjYXZpZGFkPw==
9Hx4DQ,,SGVhciB0aGUgZXhwbGFuYXRpb24u,,,,,T3V2aXIgYSBleHBsaWNhw6fDo28u,,RXNjdWNoYXIgbGEgZXhwbGljYWNpw7NuLg==
9Xx4DQ,,W1JlcXVlc3RdIENvbGxlY3Qgc2FtcGxlcyBmcm9tIDUwIGNhdmVybiBtb25zdGVycw==,,,,,W1NvbGljaXRhw6fDo29dIENvbGV0YXIgYW1vc3RyYXMgZGUgNTAgbW9uc3Ryb3MgZGEgY2F2aWRhZGU=,,W0VuY2FyZ29dIFJlY29nZXIgbXVlc3RyYXMgZGUgNTAgbW9uc3RydW9zIGRlIGxhIGNhdmlkYWQ=
9nx4DQ,,W1JlcXVlc3RdIENvbGxlY3Qgc2FtcGxlcyBmcm9tIDEwMCBjYXZlcm4gbW9uc3RlcnM=,,,,,W1NvbGljaXRhw6fDo29dIENvbGV0YXIgYW1vc3RyYXMgZGUgMTAwIG1vbnN0cm9zIGRhIGNhdmlkYWRl,,W0VuY2FyZ29dIFJlY29nZXIgbXVlc3RyYXMgZGUgMTAwIG1vbnN0cnVvcyBkZSBsYSBjYXZpZGFk
93x4DQ,,W1JlcXVlc3RdIENvbGxlY3Qgc2FtcGxlcyBmcm9tIDE1MCBjYXZlcm4gbW9uc3RlcnM=,,,,,W1NvbGljaXRhw6fDo29dIENvbGV0YXIgYW1vc3RyYXMgZGUgMTUwIG1vbnN0cm9zIGRhIGNhdmlkYWRl,,W0VuY2FyZ29dIFJlY29nZXIgbXVlc3RyYXMgZGUgMTUwIG1vbnN0cnVvcyBkZSBsYSBjYXZpZGFk
+Hx4DQ,,W0dyYWR1YXRlIFN0dWRlbnRdClVnaC4uIEkgYW0gbm90IGNvbmZpZGVudCBpbiBteSBleHBsYW5hdGlvbiwgc28gSSB3aWxsIGV4cGxhaW4gaXQgbXkgd2F5LCBhbmQgeW91IGNhbiB1bmRlcnN0YW5kIGl0IG9uIHlvdXIgb3duLg==,,,,,W1DDs3MtZ3JhZHVhbmRvXQpVZ2guLiBuw6NvIHRlbmhvIGNvbmZpYW7Dp2EgbmEgZXhwbGljYcOnw6NvLCBlbnTDo28gdm91IGV4cGxpY2FyIGRvIG1ldSBqZWl0by4gRW50ZW5kYSBwb3IgY29udGEgcHLDs3ByaWEu,,W0VzdHVkaWFudGUgZGUgcG9zZ3JhZG9dClVnaC4uIE5vIGNvbmbDrW8gZW4gbWkgZXhwbGljYWNpw7NuLCBhc8OtIHF1ZSBzZSBsbyBjb250YXLDqSBhIG1pIG1hbmVyYS4gRW50acOpbmRhbG8gY29tbyBwdWVkYS4=
+Xx4DQ,,W0dyYWR1YXRlIFN0dWRlbnRdClRoZSBtYWdpY2FsIGV4cGxvc2lvbiBjYXVzZWQgYnkgdGhlIGFpcnNoaXAgY3Jhc2ggZmlsbGVkIHRoaXMgY2F2ZXJuLiBTdXJwcmlzaW5nbHksIGl0IGRpZCBub3QgcnVuIHdpbGQgYW5kIHN0YWJpbGl6ZWQgcXVpY2tseS4=,,,,,W1DDs3MtZ3JhZHVhbmRvXQpBIGV4cGxvc8OjbyBtw6FnaWNhIG9jb3JyaWRhIGR1cmFudGUgYSBxdWVkYSBkYSBhZXJvbmF2ZSBlbmNoZXUgZXN0YSBjYXZpZGFkZS4gRSwgc3VycHJlZW5kZW50ZW1lbnRlLCBlbGEgc2UgZXN0YWJpbGl6b3UgcmFwaWRhbWVudGUgc2VtIHNhaXIgZGUgY29udHJvbGUu,,W0VzdHVkaWFudGUgZGUgcG9zZ3JhZG9dCkxhIGV4cGxvc2nDs24gZGUgcG9kZXIgbcOhZ2ljbyBwcm9kdWNpZGEgYWwgZXN0cmVsbGFyc2UgbGEgYWVyb25hdmUgbGxlbsOzIGVzdGEgY2F2aWRhZC4gWSwgY29udHJhIHRvZG8gcHJvbsOzc3RpY28sIHNlIGVzdGFiaWxpesOzIHLDoXBpZGFtZW50ZSBzaW4gZGVzY29udHJvbGFyc2Uu
+nx4DQ,,W0dyYWR1YXRlIFN0dWRlbnRdCkl0IGlzIHJhcmUgZm9yIG1hZ2ljIHRvIHN0YWJpbGl6ZSB0aGlzIHF1aWNrbHkuIFNvIG91ciByZXNlYXJjaCB0ZWFtIGRlY2lkZWQgdG8gZm9jdXMgb24gc3R1ZHlpbmcgdGhlIG1vbnN0ZXJzIG1vc3QgZXhwb3NlZCB0byB0aGUgbWFnaWMu,,,,,W1DDs3MtZ3JhZHVhbmRvXQpDYXNvcyBkZSBlc3RhYmlsaXphw6fDo28gdMOjbyByw6FwaWRhIG7Do28gc8OjbyBjb211bnMuIFBvciBpc3NvLCBub3NzYSBlcXVpcGUgZGVjaWRpdSBkaXJlY2lvbmFyIGEgcGVzcXVpc2EgcGFyYSBlc3R1ZGFyIG9zIG1vbnN0cm9zIG1haXMgZXhwb3N0b3MgYW8gcG9kZXIgbcOhZ2ljby4=,,W0VzdHVkaWFudGUgZGUgcG9zZ3JhZG9dCk5vIGVzIGhhYml0dWFsIHF1ZSBzZSBlc3RhYmlsaWNlIHRhbiByw6FwaWRvLiBQb3IgZXNvIG51ZXN0cm8gZXF1aXBvIGRlIGludmVzdGlnYWNpw7NuIGRlY2lkacOzIG9yaWVudGFyIGVsIGVzdHVkaW8gaGFjaWEgbG9zIG1vbnN0cnVvcyBtw6FzIGV4cHVlc3RvcyBhbCBwb2RlciBtw6FnaWNvLg==
+3x4DQ,,W0dyYWR1YXRlIFN0dWRlbnRdCkFkdmVudHVyZXIsIGFzIHlvdSBhbHdheXMgZG8sIHNpbXBseSBodW50IHRoZSBudW1iZXIgb2YgbW9uc3RlcnMgd3JpdHRlbiBpbiB0aGUgcmVxdWVzdC4=,,,,,W1DDs3MtZ3JhZHVhbmRvXQpBdmVudHVyZWlybywgYmFzdGEgY2HDp2FyIG8gbsO6bWVybyBkZSBtb25zdHJvcyBpbmRpY2FkbyBuYSBzb2xpY2l0YcOnw6NvLCBjb21vIHNlbXByZSBmYXou,,W0VzdHVkaWFudGUgZGUgcG9zZ3JhZG9dCkF2ZW50dXJlcm8sIHVzdGVkIHNvbG8gZGViZSBjYXphciBsYSBjYW50aWRhZCBkZSBtb25zdHJ1b3MgaW5kaWNhZGEgZW4gZWwgZW5jYXJnbywgY29tbyBoYWNlIHNpZW1wcmUu
/Hx4DQ,,W0dyYWR1YXRlIFN0dWRlbnRdClRoZSBjb21wbGljYXRlZCB3b3JrLCBzdWNoIGFzIGFuYWx5emluZyB0aGUgbWFnaWMgd2F2ZXMgdGhhdCBvY2N1ciBhdCB0aGF0IHRpbWUsIGlzIG91ciBqb2Iu,,,,,W1DDs3MtZ3JhZHVhbmRvXQpBcyBjb2lzYXMgY29tcGxpY2FkYXMsIGNvbW8gYW5hbGlzYXIgYXMgb25kYXMgZGUgcG9kZXIgbcOhZ2ljbyBnZXJhZGFzIG5lc3NlIHByb2Nlc3NvLCBmaWNhbSBwb3Igbm9zc2EgY29udGEu,,W0VzdHVkaWFudGUgZGUgcG9zZ3JhZG9dCkxhcyB0YXJlYXMgY29tcGxpY2FkYXMsIGNvbW8gYW5hbGl6YXIgbGFzIG9uZGFzIGRlIHBvZGVyIG3DoWdpY28gcXVlIHNlIGdlbmVyZW4gZW50b25jZXMsIHNvbiBjb3NhIG51ZXN0cmEu
/Xx4DQ,,W0dyYWR1YXRlIFN0dWRlbnRdClRoaXMgaXMgYSByZXF1ZXN0IHRvIGh1bnQgezB9IGNhdmVybiBtb25zdGVycy4gQWZ0ZXIgaHVudGluZyB0aGUgc3BlY2lmaWVkIG51bWJlciBvZiBtb25zdGVycywgcmVwb3J0IHRvIFByb2Zlc3NvciBEYWVndXRvLCBhbmQgeW91IHNob3VsZCBiZSBhYmxlIHRvIHJlY2VpdmUgYSByZXdhcmQu,,,,,W1DDs3MtZ3JhZHVhbmRvXQpFc3RhIMOpIHVtYSBzb2xpY2l0YcOnw6NvIHBhcmEgZGVycm90YXIgezB9IG1vbnN0cm9zIGRhIGNhdmlkYWRlLiBEZXBvaXMgZGUgZGVycm90YXIgYSBxdWFudGlkYWRlIGluZGljYWRhIGRlIG1vbnN0cm9zLCByZWxhdGUgYW8gUHJvZmVzc29yIERhZWd1dG8gcGFyYSByZWNlYmVyIGEgcmVjb21wZW5zYS4=,,W0VzdHVkaWFudGUgZGUgcG9zZ3JhZG9dCkVzIHVuIGVuY2FyZ28gcGFyYSBjYXphciB7MH0gbW9uc3RydW9zIGRlIGxhIGNhdmlkYWQuIFRyYXMgY2F6YXIgZWwgbsO6bWVybyBpbmRpY2FkbyBkZSBtb25zdHJ1b3MsIGluZm9ybWUgYWwgcHJvZmVzb3IgRGFlZ3V0byB5IHBvZHLDoSByZWNpYmlyIGxhIHJlY29tcGVuc2Eu
/nx4DQ,,W0dyYWR1YXRlIFN0dWRlbnRdClBsZWFzZSByZXBvcnQgdG8gUHJvZmVzc29yIERhZWd1dG8sIG5vdCB0byBtZS4=,,,,,W1DDs3MtZ3JhZHVhbmRvXQpQb3IgZmF2b3IsIGZhw6dhIG8gcmVsYXTDs3JpbyBhbyBQcm9mZXNzb3IgRGFlZ3V0bywgbsOjbyBhIG1pbS4=,,W0VzdHVkaWFudGUgZGUgcG9zZ3JhZG9dClBvciBmYXZvciwgaW5mb3JtZSBhbCBwcm9mZXNvciBEYWVndXRvLCBubyBhIG3DrS4=
/3x4DQ,,W0dyYWR1YXRlIFN0dWRlbnRdCkFuIGVycm9yIHdhcyBmb3VuZCBhbmQgaGFzIGJlZW4gcHJvY2Vzc2VkLiBJZiB0aGUgc2FtZSBpc3N1ZSBvY2N1cnMgd2hlbiB5b3UgdHJ5IGFnYWluLCBwbGVhc2UgdGFrZSBhIHNjcmVlbnNob3QgYW5kIGNvbnRhY3QgdGhlIG9wZXJhdGlvbnMgdGVhbS4=,,,,,W1DDs3MtZ3JhZHVhbmRvXQpVbSBlcnJvIGZvaSBlbmNvbnRyYWRvIGUgcHJvY2Vzc2Fkby4gU2UgbyBtZXNtbyBwcm9ibGVtYSBvY29ycmVyIGFvIHRlbnRhciBub3ZhbWVudGUsIHRpcmUgdW1hIGNhcHR1cmEgZGUgdGVsYSBlIGVudHJlIGVtIGNvbnRhdG8gY29tIGEgZXF1aXBlIGRlIG9wZXJhw6fDo28u,,W0VzdHVkaWFudGUgZGUgcG9zZ3JhZG9dClNlIGhhIGRldGVjdGFkbyB1biBlcnJvciB5IHNlIGhhIHByb2Nlc2Fkby4gU2kgZWwgbWlzbW8gcHJvYmxlbWEgb2N1cnJlIGFsIHZvbHZlciBhIGludGVudGFybG8sIGhhZ2EgdW5hIGNhcHR1cmEgZGUgcGFudGFsbGEgeSBjb250YWN0ZSBjb24gZWwgZXF1aXBvIGRlIG9wZXJhY2lvbmVzLg==
AH14DQ,,W0dyYWR1YXRlIFN0dWRlbnRdCkFoLi4gU2luY2UgdGhlIHJ1bGVyIG9mIHRoZSBjYXZlcm4gaGFzIGJlZW4gc3VtbW9uZWQsIHRvZGF5J3MgcmVzZWFyY2ggZW5kcyBoZXJlLg==,,,,,W1DDs3MtZ3JhZHVhbmRvXQpBaC4uIGNvbW8gbyBnb3Zlcm5hbnRlIGRhIGNhdmlkYWRlIGZvaSBpbnZvY2FkbywgYSBwZXNxdWlzYSBkZSBob2plIHRlcm1pbmEgYXF1aS4=,,W0VzdHVkaWFudGUgZGUgcG9zZ3JhZG9dCkFoLi4gRWwgZ29iZXJuYW50ZSBkZSBsYSBjYXZpZGFkIGhhIHNpZG8gaW52b2NhZG8sIGFzw60gcXVlIGxhIGludmVzdGlnYWNpw7NuIGRlIGhveSB0ZXJtaW5hIGFxdcOtLg==
AX14DQ,,W0dyYWR1YXRlIFN0dWRlbnRdCkFoLi4gU2luY2UgdGhlIHJ1bGVyIG9mIHRoZSBjYXZlcm4gaGFzIGJlZW4gc3VtbW9uZWQsIHRvZGF5J3MgcmVzZWFyY2ggZW5kcyBoZXJlLiBZb3UgY2FuIGNvbnRpbnVlIG5leHQgdGltZSwgYnV0IHdvdWxkIHlvdSBsaWtlIHRvIGdpdmUgdXAgdGhlIHJlcXVlc3QgeW91IGFyZSBjdXJyZW50bHkgd29ya2luZyBvbj8=,,,,,W1DDs3MtZ3JhZHVhbmRvXQpBaC4uIGNvbW8gbyBnb3Zlcm5hbnRlIGRhIGNhdmlkYWRlIGZvaSBpbnZvY2FkbywgYSBwZXNxdWlzYSBkZSBob2plIHRlcm1pbmEgYXF1aS4gVm9jw6ogcG9kZXLDoSBjb250aW51YXIgZGEgcHLDs3hpbWEgdmV6LCBtYXMgZGVzZWphIGFiYW5kb25hciBhIHNvbGljaXRhw6fDo28gZW0gYW5kYW1lbnRvPw==,,W0VzdHVkaWFudGUgZGUgcG9zZ3JhZG9dCkFoLi4gRWwgZ29iZXJuYW50ZSBkZSBsYSBjYXZpZGFkIGhhIHNpZG8gaW52b2NhZG8sIGFzw60gcXVlIGxhIGludmVzdGlnYWNpw7NuIGRlIGhveSB0ZXJtaW5hIGFxdcOtLiBQdWVkZSBjb250aW51YXIgZW4gb3RyYSBvY2FzacOzbiwgcGVybyDCv3F1aWVyZSBhYmFuZG9uYXIgZWwgZW5jYXJnbyBlbiBjdXJzbz8=
An14DQ,,W0dyYWR1YXRlIFN0dWRlbnRdClNvcnJ5LCBidXQgZGlkIHlvdSBub3QganVzdCBhY2NlcHQgYSBodW50aW5nIHJlcXVlc3Q/IEFyZSB5b3UgdHJ5aW5nIHRvIGdpdmUgdXAgdGhlIHJlcXVlc3Q/,,,,,W1DDs3MtZ3JhZHVhbmRvXQpEZXNjdWxwZSwgbWFzIHZvY8OqIG7Do28gYWNhYm91IGRlIHJlY2ViZXIgdW1hIHNvbGljaXRhw6fDo28gZGUgY2HDp2E/IERlc2VqYSBhYmFuZG9uYXIgYSBzb2xpY2l0YcOnw6NvPw==,,W0VzdHVkaWFudGUgZGUgcG9zZ3JhZG9dCkxvIHNpZW50bywgcGVybyDCv25vIGFjYWJhYmEgZGUgYWNlcHRhciB1biBlbmNhcmdvIGRlIGNhemEgaGFjZSB1biBtb21lbnRvPyDCv1F1aWVyZSBhYmFuZG9uYXIgZWwgZW5jYXJnbz8=
A314DQ,,RG8gbm90IGdpdmUgdXAu,,,,,TsOjbyBhYmFuZG9uYXIu,,Tm8gYWJhbmRvbmFyLg==
BH14DQ,,R2l2ZSB1cC4=,,,,,QWJhbmRvbmFyLg==,,QWJhbmRvbmFyLg==
BX14DQ,,W0dyYWR1YXRlIFN0dWRlbnRdClRoZW4gcGxlYXNlIGRvIHlvdXIgYmVzdC4=,,,,,W1DDs3MtZ3JhZHVhbmRvXQpFbnTDo28gY29udG8gY29tIHNldSBlc2ZvcsOnby4=,,W0VzdHVkaWFudGUgZGUgcG9zZ3JhZG9dCkVudG9uY2VzLCBncmFjaWFzIHBvciBzdSBheXVkYS4=
Bn14DQ,,W0dyYWR1YXRlIFN0dWRlbnRdCkl0IHBhaW5zIG1lIHRoYXQgb25lIHBpZWNlIG9mIGV4cGVyaW1lbnRhbCBkYXRhIHdpbGwgYmUgbG9zdC4=,,,,,W1DDs3MtZ3JhZHVhbmRvXQpEw7NpIG1ldSBjb3Jhw6fDo28gdmVyIHVtIGRhZG8gZXhwZXJpbWVudGFsIGEgbWVub3Mu,,W0VzdHVkaWFudGUgZGUgcG9zZ3JhZG9dCk1lIGR1ZWxlIHBlcmRlciB1biBjb25qdW50byBkZSBkYXRvcyBleHBlcmltZW50YWxlcy4=
B314DQ,,W0dyYWR1YXRlIFN0dWRlbnRdCkFuIGVycm9yIHdhcyBmb3VuZC4gSWYgdGhlIHNhbWUgaXNzdWUgb2NjdXJzIHdoZW4geW91IHRyeSBhZ2FpbiwgcGxlYXNlIHRha2UgYSBzY3JlZW5zaG90IGFuZCBjb250YWN0IHRoZSBvcGVyYXRpb25zIHRlYW0u,,,,,W1DDs3MtZ3JhZHVhbmRvXQpVbSBlcnJvIGZvaSBlbmNvbnRyYWRvLiBTZSBvIG1lc21vIHByb2JsZW1hIG9jb3JyZXIgYW8gdGVudGFyIG5vdmFtZW50ZSwgdGlyZSB1bWEgY2FwdHVyYSBkZSB0ZWxhIGUgZW50cmUgZW0gY29udGF0byBjb20gYSBlcXVpcGUgZGUgb3BlcmHDp8Ojby4=,,W0VzdHVkaWFudGUgZGUgcG9zZ3JhZG9dClNlIGhhIGRldGVjdGFkbyB1biBlcnJvci4gU2kgZWwgbWlzbW8gcHJvYmxlbWEgb2N1cnJlIGFsIHZvbHZlciBhIGludGVudGFybG8sIGhhZ2EgdW5hIGNhcHR1cmEgZGUgcGFudGFsbGEgeSBjb250YWN0ZSBjb24gZWwgZXF1aXBvIGRlIG9wZXJhY2lvbmVzLg==
CH14DQ,,KioqKg==,,,,,KioqKg==,,KioqKg==
CX14DQ,,W0dyYWR1YXRlIFN0dWRlbnRdCkFoLi4gV2hlbiB3aWxsIEkgYmUgYWJsZSB0byBnbyBob21lPw==,,,,,W1DDs3MtZ3JhZHVhbmRvXQpBaC4uIHF1YW5kbyBzZXLDoSBxdWUgcG9kZXJlaSBpciBwYXJhIGNhc2E/,,W0VzdHVkaWFudGUgZGUgcG9zZ3JhZG9dCkFoLi4gwr9DdcOhbmRvIHBvZHLDqSB2b2x2ZXIgYSBjYXNhPw==
Cn14DQ,,W0dyYWR1YXRlIFN0dWRlbnRdCldoYXQgSSB3aWxsIGV4cGxhaW4gdG8geW91IGlzIHRoZSBtb3ZlbWVudCBkZXZpY2UgaGVyZS4=,,,,,W1DDs3MtZ3JhZHVhbmRvXQpPIHF1ZSB2b3UgZXhwbGljYXIgw6kgc29icmUgbyBkaXNwb3NpdGl2byBkZSBkZXNsb2NhbWVudG8gcXVlIGVzdMOhIGFxdWku,,W0VzdHVkaWFudGUgZGUgcG9zZ3JhZG9dCkxvIHF1ZSB2b3kgYSBleHBsaWNhcmxlIHRyYXRhIHNvYnJlIGxvcyBkaXNwb3NpdGl2b3MgZGUgZGVzcGxhemFtaWVudG8gcXVlIGhheSBhcXXDrS4=
C314DQ,,W0dyYWR1YXRlIFN0dWRlbnRdCkR1ZSB0byB0aGUgYWlyc2hpcCBjcmFzaCwgdGhlIG1hZ2ljIGluIHRoaXMgY2F2ZXJuIGlzIGV4dHJlbWVseSB1bnN0YWJsZSwgc28gRmx5IFdpbmdzIGFuZCBUZWxlcG9ydCBjYW5ub3QgYmUgdXNlZCBoZXJlLg==,,,,,W1DDs3MtZ3JhZHVhbmRvXQpObyBtb21lbnRvLCBlc3RhIGNhdmlkYWRlIGVzdMOhIGNvbSBvIHBvZGVyIG3DoWdpY28gZXh0cmVtYW1lbnRlIGluc3TDoXZlbCBkZXZpZG8gw6AgcXVlZGEgZGEgYWVyb25hdmUsIHBvciBpc3NvIMOpIHVtIGxvY2FsIG9uZGUgbsOjbyDDqSBwb3Nzw612ZWwgdXNhciBBc2EgZGUgTW9zY2EgbmVtIFRlbGVwb3J0ZS4=,,W0VzdHVkaWFudGUgZGUgcG9zZ3JhZG9dCkFob3JhIG1pc21vLCBlc3RhIGNhdmlkYWQgdGllbmUgdW4gcG9kZXIgbcOhZ2ljbyBtdXkgaW5lc3RhYmxlIGRlYmlkbyBhbCBhY2NpZGVudGUgZGUgbGEgYWVyb25hdmUsIHBvciBsbyBxdWUgbm8gc2UgcHVlZGVuIHVzYXIgQWxhcyBkZSBtb3NjYSBuaSBUZWxlcG9ydGFjacOzbi4=
DH14DQ,,W0dyYWR1YXRlIFN0dWRlbnRdClNob3VsZCB0aG9zZSB3aG8gbGl2ZSBpbiB0aGlzIGFnZSBub3Qgb3ZlcmNvbWUgaW5jb252ZW5pZW5jZT8gU28gd2hlbiB3ZSBjb25kdWN0ZWQgdGhlIGluaXRpYWwgc3VydmV5LCB3ZSBpbnN0YWxsZWQgbW92ZW1lbnQgZGV2aWNlcyB0aHJvdWdob3V0IHRoZSBjYXZlcm4u,,,,,W1DDs3MtZ3JhZHVhbmRvXQpRdWVtIHZpdmUgbmVzdGEgZXJhIHByZWNpc2Egc3VwZXJhciBpbmNvbnZlbmnDqm5jaWFzLCBuw6NvIGFjaGE/IFBvciBpc3NvLCBxdWFuZG8gZml6ZW1vcyBhIHByaW1laXJhIGV4cGxvcmHDp8OjbywgaW5zdGFsYW1vcyBkaXNwb3NpdGl2b3MgZGUgZGVzbG9jYW1lbnRvIHBvciB0b2RhIGEgY2F2aWRhZGUu,,W0VzdHVkaWFudGUgZGUgcG9zZ3JhZG9dClF1aWVuIHZpdmUgZW4gZXN0YSBlcmEgZGViZSBzdXBlcmFyIGxhcyBpbmNvbW9kaWRhZGVzLCDCv25vIGxlIHBhcmVjZT8gUG9yIGVzbywgY3VhbmRvIHJlYWxpemFtb3MgbGEgcHJpbWVyYSBleHBsb3JhY2nDs24sIGluc3RhbGFtb3MgZGlzcG9zaXRpdm9zIGRlIGRlc3BsYXphbWllbnRvIHBvciB0b2RvcyBsb3MgcmluY29uZXMgZGUgbGEgY2F2aWRhZC4=
DX14DQ,,W0dyYWR1YXRlIFN0dWRlbnRdCkFueW9uZSBjYW4gdXNlIHRoZW0gd2l0aG91dCByZWdpc3RlcmluZyB1c2VyIGluZm9ybWF0aW9uLCBzbyB5b3Ugc2hvdWxkIGJlIGFibGUgdG8gdXNlIHRoZW0gd2l0aG91dCBkaWZmaWN1bHR5LCBBZHZlbnR1cmVyLg==,,,,,W1DDs3MtZ3JhZHVhbmRvXQpRdWFscXVlciBwZXNzb2EgcG9kZSB1c8OhLWxvcyBzZW0gcmVnaXN0cmFyIGluZm9ybWHDp8O1ZXMgZGUgdXN1w6FyaW8sIGVudMOjbyBvIGF2ZW50dXJlaXJvIHRhbWLDqW0gZGV2ZSBjb25zZWd1aXIgdXNhciBzZW0gcHJvYmxlbWFzLg==,,W0VzdHVkaWFudGUgZGUgcG9zZ3JhZG9dCkN1YWxxdWllcmEgcHVlZGUgdXNhcmxvcyBzaW4gcmVnaXN0cmFyIGluZm9ybWFjacOzbiBkZSB1c3VhcmlvLCBhc8OtIHF1ZSB1c3RlZCB0YW1iacOpbiBwb2Ryw6EgdXRpbGl6YXJsb3Mgc2luIHByb2JsZW1hLg==
Dn14DQ,,W0dyYWR1YXRlIFN0dWRlbnRdClRoYXQgc2VlbXMgdG8gYmUgYWxsIHdlIGNhbiBleHBsYWluLCBzbyB3ZSBsb29rIGZvcndhcmQgdG8geW91ciBoZWxwLiBJIHdhbnQgdG8gZ28gaG9tZSBub3cuIEkgYW0gY29tcGxldGVseSBzaWNrIG9mIGJlaW5nIG91dHNpZGUu,,,,,W1DDs3MtZ3JhZHVhbmRvXQpBY2hvIHF1ZSBlc3RhIMOpIHRvZGEgYSBleHBsaWNhw6fDo28gcXVlIHBvZGVtb3MgZGFyLiBFbnTDo28gY29udGFtb3MgY29tIHZvY8OqLiBBZ29yYSBldSBxdWVybyBpciBwYXJhIGNhc2EuIEVzdG91IGNvbXBsZXRhbWVudGUgZmFydG8gZGUgZmljYXIgZm9yYSBkZSBjYXNhLg==,,W0VzdHVkaWFudGUgZGUgcG9zZ3JhZG9dCkNyZW8gcXVlIHlhIGhlbW9zIHRlcm1pbmFkbyBjb24gbGFzIGV4cGxpY2FjaW9uZXMgcXVlIHBvZGVtb3Mgb2ZyZWNlcmxlLiBFbnRvbmNlcywgY29udGFtb3MgY29uIHVzdGVkLiBBaG9yYSBxdWllcm8gaXJtZSBhIGNhc2EuIEVzdG95IGhhcnTDrXNpbW8gZGUgZXN0YXIgZnVlcmEu
D314DQ,,W0dyYWR1YXRlIFN0dWRlbnRdCldoZW4gd2lsbCBJIGJlIGFibGUgdG8gZ28gaG9tZT8gQWghIERvIHlvdSBoYXZlIGFueSBxdWVzdGlvbnM/,,,,,W1DDs3MtZ3JhZHVhbmRvXQpRdWFuZG8gc2Vyw6EgcXVlIHBvZGVyZWkgaXIgcGFyYSBjYXNhPyBBaCEgVGVtIGFsZ3VtYSBkw7p2aWRhPw==,,W0VzdHVkaWFudGUgZGUgcG9zZ3JhZG9dCsK/Q3XDoW5kbyBwb2Ryw6kgaXJtZSBhIGNhc2E/IMKhQWghIMK/VGllbmUgYWxndW5hIHByZWd1bnRhPw==
EH14DQ,,W0dyYWR1YXRlIFN0dWRlbnRdCkRvIHlvdSBoYXZlIGFueSBtb3JlIHF1ZXN0aW9ucz8=,,,,,W1DDs3MtZ3JhZHVhbmRvXQpUZW0gbWFpcyBhbGd1bWEgZMO6dmlkYT8=,,W0VzdHVkaWFudGUgZGUgcG9zZ3JhZG9dCsK/VGllbmUgYWxndW5hIG90cmEgcHJlZ3VudGE/
EX14DQ,,VGhlIHB1cnBvc2Ugb2YgdGhlIHJvcGU=,,,,,VXNvIGRhIGNvcmRh,,VXNvIGRlIGxhIGN1ZXJkYQ==
En14DQ,,VGVsbCBtZSB3aGVyZSB0aGUgcm9wZXMgYXJlIGluc3RhbGxlZA==,,,,,RGlnYSBvbmRlIGFzIGNvcmRhcyBlc3TDo28gaW5zdGFsYWRhcw==,,SW5kw61jYW1lIGTDs25kZSBlc3TDoW4gaW5zdGFsYWRhcyBsYXMgY3VlcmRhcw==
E314DQ,,UmVtb3ZlIHRoZSBtYXJrcyBmcm9tIHRoZSBtYXA=,,,,,UmVtb3ZhIGFzIG1hcmNhw6fDtWVzIGRvIG1hcGE=,,Qm9ycmEgbGFzIG1hcmNhcyBkZWwgbWFwYQ==
FH14DQ,,Tm90aGluZw==,,,,,TsOjbyDDqSBuYWRh,,Tm8gZXMgbmFkYQ==
FX14DQ,,W0dyYWR1YXRlIFN0dWRlbnRdCkl0IGlzIG5vdCBhIHJvcGUuIEl0IGlzIGEgbW92ZW1lbnQgZGV2aWNlIHRoYXQgY2FuIG1vdmUgeW91IHRvIGRlc2lnbmF0ZWQgY29vcmRpbmF0ZXMh,,,,,W1DDs3MtZ3JhZHVhbmRvXQpOw6NvIMOpIHVtYSBjb3JkYS4gw4kgdW0gZGlzcG9zaXRpdm8gZGUgZGVzbG9jYW1lbnRvIHF1ZSBwZXJtaXRlIG1vdmVyLXNlIHBhcmEgY29vcmRlbmFkYXMgZGVzaWduYWRhcyE=,,W0VzdHVkaWFudGUgZGUgcG9zZ3JhZG9dCsKhTm8gZXMgdW5hIGN1ZXJkYSEgwqFFcyB1biBkaXNwb3NpdGl2byBkZSBkZXNwbGF6YW1pZW50byBxdWUgcGVybWl0ZSBtb3ZlcnNlIGEgY29vcmRlbmFkYXMgZGVzaWduYWRhcyE=
Fn14DQ,,W0dyYWR1YXRlIFN0dWRlbnRdCk9mIGNvdXJzZSwgd2Ugd3JhcHBlZCByb3BlIGFyb3VuZCBpdCB0byBwcmV2ZW50IGRhbWFnZSBjYXVzZWQgYnkgbW9uc3RlcnMgdG91Y2hpbmcgaXQsIGJ1dCB0aGF0IGRvZXMgbm90IG1lYW4geW91IHNob3VsZCBjYWxsIGl0IGEgcm9wZS4=,,,,,W1DDs3MtZ3JhZHVhbmRvXQrDiSBjbGFybyBxdWUgZW5yb2xhbW9zIHVtYSBjb3JkYSBwYXJhIGV2aXRhciBkYW5vcyBjYXVzYWRvcyBwb3IgbW9uc3Ryb3MgbWV4ZW5kbyBuZWxlLCBtYXMgaXNzbyBuw6NvIHNpZ25pZmljYSBxdWUgdm9jw6ogcG9zc2EgY2hhbcOhLWxvIGRlIGNvcmRhLg==,,W0VzdHVkaWFudGUgZGUgcG9zZ3JhZG9dCkNsYXJvIHF1ZSBsZSBoZW1vcyBlbnJvbGxhZG8gdW5hIGN1ZXJkYSBwYXJhIGV2aXRhciBkYcOxb3MgY2F1c2Fkb3MgcG9yIGxvcyBtb25zdHJ1b3MgYWwgdG9jYXJsbywgcGVybyBlc28gbm8gc2lnbmlmaWNhIHF1ZSBwdWVkYSBsbGFtYXJsbyBjdWVyZGEu
F314DQ,,W0dyYWR1YXRlIFN0dWRlbnRdClBsZWFzZSBzaG93IHNvbWUgcmVzcGVjdCBmb3IgdGhlIHBlcnNvbiB3aG8gbWFkZSBpdC4u,,,,,W1DDs3MtZ3JhZHVhbmRvXQpSZXNwZWl0ZSBvIGVzZm9yw6dvIGRlIHF1ZW0gbyBjcmlvdS4u,,W0VzdHVkaWFudGUgZGUgcG9zZ3JhZG9dCkVsIGNyZWFkb3Igc2UgZXNmb3J6w7MgZW4gaGFjZXJsby4uLg==
GH14DQ,,W0dyYWR1YXRlIFN0dWRlbnRdCk5vISBJdCBpcyBub3QgYSByb3BlLi4gSGFoLi4gTmV2ZXIgbWluZC4gSSB3aWxsIG1hcmsgaXQgb24gdGhlIG1pbmltYXAgZm9yIHlvdS4=,,,,,W1DDs3MtZ3JhZHVhbmRvXQpOw6NvISBOw6NvIMOpIHVtYSBjb3JkYS4uIGFoLi4gZXNxdWXDp2EuIFZvdSBtYXJjYXIgbm8gbWluaW1hcGEu,,W0VzdHVkaWFudGUgZGUgcG9zZ3JhZG9dCsKhTm8hIE5vIGVzIHVuYSBjdWVyZGEsIGVzLi4uIEFoLi4gRGEgaWd1YWwuIFNlIGxvIG1hcmNhcsOpIGVuIGVsIG1pbmltYXBhLg==
GX14DQ,,W0dyYWR1YXRlIFN0dWRlbnRdCkFuZCBpdCBpcyBhLiBtb3ZlLiBtZW50LiBkZS4gdmljZS4=,,,,,W1DDs3MtZ3JhZHVhbmRvXQpFIMOpIHVtIGRpcy4gcG8uIHNpLiB0aS4gdm8uIGRlLiBkZXMuIGxvLiBjYS4gbWVuLiB0by4=,,W0VzdHVkaWFudGUgZGUgcG9zZ3JhZG9dClkgZXMgdW4gZGlzLiBwby4gc2kuIHRpLiB2by4gZGUgZGVzLiBwbGEuIHphLiBtaWVuLiB0by4=
Gn14DQ,,W0dyYWR1YXRlIFN0dWRlbnRdCkkgaGF2ZSByZW1vdmVkIHRoZSBtYXJrcyBJIHNob3dlZCB5b3Uu,,,,,W1DDs3MtZ3JhZHVhbmRvXQpBcGFndWVpIGFzIG1hcmNhw6fDtWVzIHF1ZSBoYXZpYSBpbmRpY2Fkby4=,,W0VzdHVkaWFudGUgZGUgcG9zZ3JhZG9dCkhlIGJvcnJhZG8gbGFzIG1hcmNhcyBxdWUgbGUgaGFiw61hIGluZGljYWRvLg==
G314DQ,,W0dyYWR1YXRlIFN0dWRlbnRdClBsZWFzZSBkbyB5b3VyIGJlc3QuIEkgd2FudCB0byBnbyBob21lLg==,,,,,W1DDs3MtZ3JhZHVhbmRvXQpQb3IgZmF2b3IsIGTDqiBvIHNldSBtZWxob3IuIEV1IHF1ZXJvIGlyIHBhcmEgY2FzYS4=,,W0VzdHVkaWFudGUgZGUgcG9zZ3JhZG9dClBvciBmYXZvciwgw6FuaW1vLiBZbyBxdWllcm8gaXJtZSBhIGNhc2Eu
HH14DQ,,Kioq,,,,,Kioq,,Kioq
HX14DQ,,W0dyYWR1YXRlIFN0dWRlbnRdCkkgaGF2ZSBiZWVuIGV4cGxhaW5pbmcgdmFyaW91cyB0aGluZ3MgdG8geW91LCBidXQgSSB0aGluayBpdCB3b3VsZCBiZSBiZXR0ZXIgZm9yIHlvdSB0byBoZWFyIFByb2Zlc3NvciBEYWVndXRvJ3MgZXhwbGFuYXRpb24gcmF0aGVyIHRoYW4gbWluZS4=,,,,,W1DDs3MtZ3JhZHVhbmRvXQpFdSBlc3RvdSBleHBsaWNhbmRvIHbDoXJpYXMgY29pc2FzLCBtYXMgYWNobyBtZWxob3Igb3V2aXIgYSBleHBsaWNhw6fDo28gZG8gUHJvZmVzc29yIERhZWd1dG8gZG8gcXVlIGEgbWluaGEu,,W0VzdHVkaWFudGUgZGUgcG9zZ3JhZG9dCkVzdG95IGV4cGxpY2FuZG8gdmFyaWFzIGNvc2FzLCBwZXJvIGNyZW8gcXVlIHNlcsOtYSBtZWpvciBxdWUgZXNjdWNoYXJhIGxhIGV4cGxpY2FjacOzbiBkZWwgcHJvZmVzb3IgRGFlZ3V0by4=
Hn14DQ,,W0dyYWR1YXRlIFN0dWRlbnRdCkRvIHlvdSBoYXZlIGFueSBxdWVzdGlvbnMgYWJvdXQgdGhpcyBjYXZlcm4/,,,,,W1DDs3MtZ3JhZHVhbmRvXQpUZW0gYWxndW1hIGTDunZpZGEgc29icmUgZXN0YSBjYXZpZGFkZT8=,,W0VzdHVkaWFudGUgZGUgcG9zZ3JhZG9dCsK/VGllbmUgYWxndW5hIHByZWd1bnRhIHNvYnJlIGVzdGEgY2F2aWRhZD8=
H314DQ,,W0dyYWR1YXRlIFN0dWRlbnRdCkRvIHlvdSBoYXZlIGFueSBtb3JlIHF1ZXN0aW9ucz8=,,,,,W1DDs3MtZ3JhZHVhbmRvXQpUZW0gbWFpcyBhbGd1bWEgZMO6dmlkYT8=,,W0VzdHVkaWFudGUgZGUgcG9zZ3JhZG9dCsK/VGllbmUgYWxndW5hIG90cmEgcHJlZ3VudGE/
IH14DQ,,V2h5IHRoZXJlIHdlcmUgbm8gbW9uc3RlcnM=,,,,,TW90aXZvIGRlIG7Do28gaGF2ZXIgbW9uc3Ryb3M=,,RWwgbW90aXZvIHBvciBlbCBxdWUgbm8gaGFiw61hIG1vbnN0cnVvcw==
IX14DQ,,VGhlIHJ1bGVyIG9mIHRoZSBjYXZlcm4=,,,,,R292ZXJuYW50ZSBkYSBjYXZpZGFkZQ==,,RWwgZ29iZXJuYW50ZSBkZSBsYSBjYXZpZGFk
In14DQ,,TWFnaWMtSW5mdXNlZCBTdG9uZQ==,,,,,UGVkcmEgSW1idcOtZGEgZGUgUG9kZXIgTcOhZ2ljbw==,,UGllZHJhIGltYnVpZGEgZGUgcG9kZXIgbcOhZ2ljbw==
I314DQ,,S2VlcCBpdCB1cA==,,,,,Rm9yw6dh,,w4FuaW1v
JH14DQ,,W0dyYWR1YXRlIFN0dWRlbnRdCkFoLCB0aGF0LiBJdCBpcyBiZWNhdXNlIG9mIHRoZSBtYWdpYyB3YXZlIHRoYXQgdGhlIHBoYW50b20gc2VuaW9yIG92ZXIgdGhlcmUgZGlzY292ZXJlZC4=,,,,,W1DDs3MtZ3JhZHVhbmRvXQpBaCwgaXNzby4gw4kgcG9yIGNhdXNhIGRhIG9uZGEgZGUgcG9kZXIgbcOhZ2ljbyBkZXNjb2JlcnRhIHBlbG8gaXJtw6NvIGVzcGVjdHJvIGFsaS4=,,W0VzdHVkaWFudGUgZGUgcG9zZ3JhZG9dCkFoLCBlc28uIEVzIHBvciBsYSBvbmRhIGRlIHBvZGVyIG3DoWdpY28gcXVlIGRlc2N1YnJpw7MgYXF1ZWwgaGVybWFubyBlc3BlY3Ryby4=
JX14DQ,,UGhhbnRvbSBzZW5pb3I/,,,,,SXJtw6NvIGVzcGVjdHJvPw==,,wr9IZXJtYW5vIGVzcGVjdHJvPw==
Jn14DQ,,W0dyYWR1YXRlIFN0dWRlbnRdCkFoLCB5b3Ugd291bGQgbm90IGtub3cgaWYgSSBwdXQgaXQgdGhhdCB3YXkuIEkgbWVhbiBNYXJhdGEgb3ZlciB0aGVyZS4gVGhleSBzYXkgaGUgaGFzIGJlZW4gaW4gb3VyIGxhYiBmYXIgbG9uZ2VyIHRoYW4gdGhlIHNlbmlvciB3aG8gaGFzIGJlZW4gdGhlcmUgZm9yIGZpdmUgeWVhcnMuLi4=,,,,,W1DDs3MtZ3JhZHVhbmRvXQpBaCwgZGl6ZW5kbyBhc3NpbSB2b2PDqiBuw6NvIHZhaSBlbnRlbmRlci4gw4kgbyBpcm3Do28gTWFyYXRhIGFsaS4gRGl6ZW0gcXVlIGVsZSBlc3TDoSBubyBub3NzbyBsYWJvcmF0w7NyaW8gaMOhIG11aXRvIG1haXMgdGVtcG8gcXVlIGFxdWVsZSBpcm3Do28gZGUgcXVpbnRvIGFuby4uLg==,,W0VzdHVkaWFudGUgZGUgcG9zZ3JhZG9dCkFoLCBkaWNobyBhc8OtIG5vIGxvIGVudGVuZGVyw6EuIE1lIHJlZmllcm8gYWwgaGVybWFubyBNYXJhdGEsIGVsIGRlIGFsbMOtLiBEaWNlbiBxdWUgbGxldmEgZW4gbnVlc3RybyBsYWJvcmF0b3JpbyBkZXNkZSBoYWNlIG11Y2hvIG3DoXMgdGllbXBvIHF1ZSBhcXVlbCBoZXJtYW5vIGRlIHF1aW50byBhw7FvLi4u
J314DQ,,W0dyYWR1YXRlIFN0dWRlbnRdCkFoLCByaWdodCEgWW91IGFza2VkIHdoeSB0aGVyZSB3ZXJlIG5vIG1vbnN0ZXJzLiBJIGRpZCBub3QgZnVsbHkgdW5kZXJzdGFuZCBiZWNhdXNlIHRoZSBwaGFudG9tIHNlbmlvciBleHBsYWluZWQgaXQgaW4gc3VjaCBhbiBleGNpdGVkIHN0YXRlLCBidXQuLg==,,,,,W1DDs3MtZ3JhZHVhbmRvXQpBaCwgaXNzbyBtZXNtbyEgVm9jw6ogcGVyZ3VudG91IG8gbW90aXZvIGRlIG7Do28gaGF2ZXIgbW9uc3Ryb3MsIGNlcnRvPyBOw6NvIGVudGVuZGkgbXVpdG8gYmVtIHBvcnF1ZSBvIGlybcOjbyBlc3BlY3RybyBleHBsaWNvdSBlbSBlc3RhZG8gZGUgZW1wb2xnYcOnw6NvLCBtYXMuLi4=,,W0VzdHVkaWFudGUgZGUgcG9zZ3JhZG9dCsKhQWgsIGNpZXJ0byEgSGFiw61hIHByZWd1bnRhZG8gcG9yIHF1w6kgbm8gaGFiw61hIG1vbnN0cnVvcy4gTm8gbG8gZW50ZW5kw60gbXV5IGJpZW4gcG9ycXVlIGVsIGhlcm1hbm8gZXNwZWN0cm8gbG8gZXhwbGljw7MgZXN0YW5kbyBtdXkgZW1vY2lvbmFkbywgcGVyby4uLg==
KH14DQ,,W0dyYWR1YXRlIFN0dWRlbnRdCkhlIHNhaWQgdGhhdCBpZiB5b3UgY3JlYXRlIGFuZCBlbWl0IHdhdmVzIHNpbWlsYXIgdG8gdGhlIG1hZ2ljIHdhdmVzIGVtaXR0ZWQgYnkgdGhlIHJ1bGVyIG9mIHRoZSBjYXZlcm4sIHRoZSBjYXZlcm4gbW9uc3RlcnMgdGhpbmsgdGhlIHJ1bGVyIGhhcyBhcHBlYXJlZCBhbmQgcnVuIGF3YXku,,,,,W1DDs3MtZ3JhZHVhbmRvXQpFbGUgZGlzc2UgcXVlLCBzZSBjcmlhcm1vcyBlIGVtaXRpcm1vcyB1bWEgb25kYSBzZW1lbGhhbnRlIMOgIG9uZGEgZGUgcG9kZXIgbcOhZ2ljbyBsaWJlcmFkYSBwZWxvIGdvdmVybmFudGUgZGEgY2F2aWRhZGUsIG9zIG1vbnN0cm9zIGRhIGNhdmlkYWRlIGFjaGFtIHF1ZSBvIGdvdmVybmFudGUgYXBhcmVjZXUgZSBmb2dlbS4=,,W0VzdHVkaWFudGUgZGUgcG9zZ3JhZG9dCkFsIHBhcmVjZXIsIHNpIHNlIGVtaXRlIHVuYSBvbmRhIHNpbWlsYXIgYSBsYSBvbmRhIGRlIHBvZGVyIG3DoWdpY28gcXVlIGRlc3ByZW5kZSBlbCBnb2Jlcm5hbnRlIGRlIGxhIGNhdmlkYWQsIGxvcyBtb25zdHJ1b3MgZGUgbGEgY2F2aWRhZCBjcmVlbiBxdWUgaGEgYXBhcmVjaWRvIGVsIGdvYmVybmFudGUgeSBodXllbi4=
KX14DQ,,W0dyYWR1YXRlIFN0dWRlbnRdClNpbmNlIGl0IHdvdWxkIGJlIGRhbmdlcm91cyBpZiBtb25zdGVycyB3ZXJlIHJvYW1pbmcgYXJvdW5kIHdoaWxlIHdlIHdlcmUgY29uZHVjdGluZyByZXNlYXJjaCwgd2Uga2VwdCBpdCB0dXJuZWQgb24u,,,,,W1DDs3MtZ3JhZHVhbmRvXQpDb21vIHNlcmlhIHBlcmlnb3NvIGhhdmVyIG1vbnN0cm9zIGFuZGFuZG8gcG9yIGHDrSBlbnF1YW50byBmYXplbW9zIHBlc3F1aXNhLCBkZWl4YW1vcyBpc3NvIGxpZ2Fkby4=,,W0VzdHVkaWFudGUgZGUgcG9zZ3JhZG9dCkNvbW8gc2Vyw61hIHBlbGlncm9zbyBpbnZlc3RpZ2FyIGNvbiBtb25zdHJ1b3Mgcm9uZGFuZG8gcG9yIGFow60sIGxvIHRlbsOtYW1vcyBhY3RpdmFkby4=
Kn14DQ,,W0dyYWR1YXRlIFN0dWRlbnRdCkNvbWUgdG8gdGhpbmsgb2YgaXQsIHdlIGFsbCBlbnRlcmVkIHRoZSBjYXZlcm4gdG9nZXRoZXIsIHNvIHdoZW4gZGlkIHRoZSBwaGFudG9tIHNlbmlvciBkaXNjb3ZlciB0aGF0Pw==,,,,,W1DDs3MtZ3JhZHVhbmRvXQpQZW5zYW5kbyBiZW0sIHRvZG9zIG7Ds3MgZW50cmFtb3MganVudG9zIG5hIGNhdmlkYWRlLCBtYXMgcXVhbmRvIG8gaXJtw6NvIGVzcGVjdHJvIGRlc2NvYnJpdSBpc3NvPw==,,W0VzdHVkaWFudGUgZGUgcG9zZ3JhZG9dCkFob3JhIHF1ZSBsbyBwaWVuc28sIHRvZG9zIGVudHJhbW9zIGp1bnRvcyBlbiBsYSBjYXZpZGFkLCDCv2N1w6FuZG8gZGVzY3VicmnDsyBhbGdvIGFzw60gZWwgaGVybWFubyBlc3BlY3Rybz8=
K314DQ,,W0dyYWR1YXRlIFN0dWRlbnRdCkkgaGF2ZSBub3Qgc2VlbiBpdCBteXNlbGYsIHNvIEkgY2Fubm90IGRlc2NyaWJlIGl0cyBhcHBlYXJhbmNlLiBJIGhlYXJkIGl0IGxvb2tzIGV4dHJlbWVseSBoaWRlb3VzLg==,,,,,W1DDs3MtZ3JhZHVhbmRvXQpFdSB0YW1iw6ltIG7Do28gbyB2aSwgZW50w6NvIG7Do28gY29uc2lnbyBkZXNjcmV2ZXIgc3VhIGFwYXLDqm5jaWEuIE91dmkgZGl6ZXIgcXVlIGVsZSB0ZW0gdW1hIGFwYXLDqm5jaWEgZXh0cmVtYW1lbnRlIGdyb3Rlc2NhLg==,,W0VzdHVkaWFudGUgZGUgcG9zZ3JhZG9dClRhbXBvY28gbG8gaGUgdmlzdG8sIGFzw60gcXVlIG5vIHB1ZWRvIGRlc2NyaWJpciBzdSBhc3BlY3RvLiBIZSBvw61kbyBxdWUgdGllbmUgdW5hIGFwYXJpZW5jaWEgbXV5IGhvcnJpYmxlLg==
LH14DQ,,W0dyYWR1YXRlIFN0dWRlbnRdClRoZXkgc2F5IHRoZSBwbGFjZSBiZW5lYXRoIHdoZXJlIHRoZSBhaXJzaGlwIGNyYXNoZWQganVzdCBoYXBwZW5lZCB0byBiZSB3aGVyZSB0aGUgcnVsZXIgb2YgdGhlIGNhdmVybiB3YXMu,,,,,W1DDs3MtZ3JhZHVhbmRvXQpEaXplbSBxdWUgbyBsb2NhbCBzdWJ0ZXJyw6JuZW8gb25kZSBhIGFlcm9uYXZlIGNhaXUgcG9yIGFjYXNvIGVyYSBvIGx1Z2FyIG9uZGUgZXN0YXZhIG8gZ292ZXJuYW50ZSBkYSBjYXZpZGFkZS4=,,W0VzdHVkaWFudGUgZGUgcG9zZ3JhZG9dClNlZ8O6biBkaWNlbiwgZWwgbHVnYXIgYmFqbyBlbCBwdW50byBkb25kZSBzZSBlc3RyZWxsw7MgbGEgYWVyb25hdmUgY29pbmNpZMOtYSBqdXN0byBjb24gbGEgdWJpY2FjacOzbiBkZWwgZ29iZXJuYW50ZSBkZSBsYSBjYXZpZGFkLg==
LX14DQ,,W0dyYWR1YXRlIFN0dWRlbnRdCkJlY2F1c2UgaXQgZmVsbCByaWdodCBvbiBpdHMgaGVhZCwgd2hlbiB3ZSBmaXJzdCBlbnRlcmVkIHRoZSBjYXZlcm4sIHRoZXJlIHdhcyBzdWNoIGEgdGVycmlmeWluZyBzdG9ybSBvZiBtYWdpYyByYWdpbmcuLi4=,,,,,W1DDs3MtZ3JhZHVhbmRvXQpDb21vIGVsYSBjYWl1IGJlbSBzb2JyZSBhIGNhYmXDp2EgZGVsZSwgcXVhbmRvIGVudHJhbW9zIG5hIGNhdmlkYWRlIHBlbGEgcHJpbWVpcmEgdmV6LCB1bWEgdGVtcGVzdGFkZSBkZSBwb2RlciBtw6FnaWNvIHRlcnLDrXZlbCBlc3RhdmEgYXNzb2xhbmRvIG8gbG9jYWwuLi4=,,W0VzdHVkaWFudGUgZGUgcG9zZ3JhZG9dCkNvbW8gY2F5w7MganVzdG8gc29icmUgc3UgY2FiZXphLCBjdWFuZG8gZW50cmFtb3MgcG9yIHByaW1lcmEgdmV6IGVuIGxhIGNhdmlkYWQgc29wbGFiYSB1bmEgdG9ybWVudGEgZGUgcG9kZXIgbcOhZ2ljbyByZWFsbWVudGUgc2luaWVzdHJhLi4u
Ln14DQ,,W0dyYWR1YXRlIFN0dWRlbnRdCklmIHRoZSBwaGFudG9tIHNlbmlvciBoYWQgbm90IGNyZWF0ZWQgb3Bwb3Npbmcgd2F2ZXMgdG8gdGhlIHJ1bGVyJ3MgbWFnaWMgd2F2ZXMgdGhpcyB3YXkgYW5kIHRoYXQgdG8gc3RhYmlsaXplIGl0Li4=,,,,,W1DDs3MtZ3JhZHVhbmRvXQpTZSBvIGlybcOjbyBlc3BlY3RybyBuw6NvIHRpdmVzc2UgY3JpYWRvIGRlIHVtIGplaXRvIG91IGRlIG91dHJvIHVtYSBvbmRhIG9wb3N0YSDDoCBvbmRhIGRlIHBvZGVyIG3DoWdpY28gZG8gZ292ZXJuYW50ZSBwYXJhIGVzdGFiaWxpesOhLWxhLi4u,,W0VzdHVkaWFudGUgZGUgcG9zZ3JhZG9dClNpIGVsIGhlcm1hbm8gZXNwZWN0cm8gbm8gaHViaWVyYSBjcmVhZG8gZGUgYWxndW5hIG1hbmVyYSB1bmEgb25kYSBvcHVlc3RhIGEgbGEgb25kYSBkZSBwb2RlciBtw6FnaWNvIGRlbCBnb2Jlcm5hbnRlIHBhcmEgZXN0YWJpbGl6YXJsYS4uLg==
L314DQ,,W0dyYWR1YXRlIFN0dWRlbnRdCkJ5IG5vdyB3ZSB3b3VsZCBhbGwgYmUuLi4gVWdoLi4gSSBkbyBub3QgZXZlbiB3YW50IHRvIHRoaW5rIGFib3V0IGl0Lg==,,,,,W1DDs3MtZ3JhZHVhbmRvXQpBIGVzdGEgYWx0dXJhLCB0b2RvcyBuw7NzIGVzdGFyw61hbW9zLi4uIHVnaC4uIG5lbSBxdWVybyBwZW5zYXIgbmlzc28u,,W0VzdHVkaWFudGUgZGUgcG9zZ3JhZG9dCkEgZXN0YXMgYWx0dXJhcyB0b2RvcyBub3NvdHJvcy4uLiBVZi4uIE5vIHF1aWVybyBuaSBwZW5zYXJsby4=
MH14DQ,,W0dyYWR1YXRlIFN0dWRlbnRdCkRpZCB5b3UgcGljayB1cCBhIE1hZ2ljLUluZnVzZWQgU3RvbmU/IFRoaXMgaXMganVzdCBhIGd1ZXNzLg==,,,,,W1DDs3MtZ3JhZHVhbmRvXQpWb2PDqiBlbmNvbnRyb3UgdW1hIFBlZHJhIEltYnXDrWRhIGRlIFBvZGVyIE3DoWdpY28/IElzdG8gw6kgc8OzIHVtYSBzdXBvc2nDp8Ojby4=,,W0VzdHVkaWFudGUgZGUgcG9zZ3JhZG9dCsK/SGEgcmVjb2dpZG8gUGllZHJhIGltYnVpZGEgZGUgcG9kZXIgbcOhZ2ljbz8gRXN0byBlcyB1bmEgc3Vwb3NpY2nDs24u
MX14DQ,,W0dyYWR1YXRlIFN0dWRlbnRdCldoZW4gdGhlIGFpcnNoaXAgY3Jhc2hlZCwgdGhlIG1hZ2ljYWwgZW5lcmd5IGVtaXR0ZWQgZnJvbSB0aGUgZnJhZ21lbnQgb2YgWW1pcidzIEhlYXJ0LCB0aGUgYWlyc2hpcCdzIHBvd2VyIHNvdXJjZSwgc2VlbXMgdG8gaGF2ZSBhZmZlY3RlZCB0aGUgc3RvbmVzIGluIHRoaXMgY2F2ZXJuLg==,,,,,W1DDs3MtZ3JhZHVhbmRvXQpDb20gYSBxdWVkYSBkYSBhZXJvbmF2ZSwgYSBlbmVyZ2lhIG3DoWdpY2EgbGliZXJhZGEgcGVsb3MgZnJhZ21lbnRvcyBkbyBDb3Jhw6fDo28gZGUgWW1pciwgYSBmb250ZSBkZSBlbmVyZ2lhIGRhIGFlcm9uYXZlLCBwYXJlY2UgdGVyIGFmZXRhZG8gYXMgcGVkcmFzIGRlc3RhIGNhdmlkYWRlLg==,,W0VzdHVkaWFudGUgZGUgcG9zZ3JhZG9dCkN1YW5kbyBsYSBhZXJvbmF2ZSBzZSBlc3RyZWxsw7MsIHBhcmVjZSBxdWUgbGEgZW5lcmfDrWEgbcOhZ2ljYSBlbWl0aWRhIHBvciBlbCBmcmFnbWVudG8gZGVsIENvcmF6w7NuIGRlIFltaXIsIGxhIGZ1ZW50ZSBkZSBlbmVyZ8OtYSBkZSBsYSBhZXJvbmF2ZSwgYWZlY3TDsyBhIGxhcyBwaWVkcmFzIGRlIGVzdGEgY2F2aWRhZC4=
Mn14DQ,,W0dyYWR1YXRlIFN0dWRlbnRdCk91ciBndWVzcyBpcyB0aGF0IHdoZW4gdGhlIHN0b25lcyBiZWNhbWUgaW5mdXNlZCB3aXRoIG1hZ2ljLCBtb25zdGVycyBzZW5zaXRpdmUgdG8gbWFnaWMgcGlja2VkIHRoZW0gdXAsIGFuZCB0aGUgbWFnaWMgaW4gdGhlIHN0b25lcyBhY2NlbGVyYXRlZCB0aGVpciBtdXRhdGlvbi4=,,,,,W1DDs3MtZ3JhZHVhbmRvXQpOb3NzYSBoaXDDs3Rlc2Ugw6kgcXVlLCBjb21vIGFzIHBlZHJhcyBwYXNzYXJhbSBhIGNvbnRlciBwb2RlciBtw6FnaWNvLCBtb25zdHJvcyBzZW5zw612ZWlzIGFvIHBvZGVyIG3DoWdpY28gYXMgcmVjb2xoZXJhbSwgZSBvIHBvZGVyIG3DoWdpY28gZGVzc2FzIHBlZHJhcyBhY2VsZXJvdSBzdWFzIG11dGHDp8O1ZXMu,,W0VzdHVkaWFudGUgZGUgcG9zZ3JhZG9dCk51ZXN0cmEgaGlww7N0ZXNpcyBlcyBxdWUsIGFsIGNvbnRlbmVyIHBvZGVyIG3DoWdpY28sIGxvcyBtb25zdHJ1b3Mgc2Vuc2libGVzIGFsIHBvZGVyIG3DoWdpY28gcmVjb2dpZXJvbiBsYXMgcGllZHJhcywgeSBsYSBtYWdpYSBkZSBlc2FzIHBpZWRyYXMgYWNlbGVyw7Mgc3UgbXV0YWNpw7NuLg==
M314DQ,,W0dyYWR1YXRlIFN0dWRlbnRdCkFuZCB0aGlzIGlzIGEgc2VjcmV0LCBidXQgZXZlbiB0aG91Z2ggdGhleSBhcmUganVzdCBzdG9uZXMgcm9sbGluZyBhcm91bmQgaGVyZSwgdGhleSBhcmUgZmFpcmx5IHZhbHVhYmxlLCBzbyB0aGV5IHNob3VsZCBmZXRjaCBhIG5pY2UgcHJpY2Ugb3V0c2lkZS4=,,,,,W1DDs3MtZ3JhZHVhbmRvXQpFIGlzdG8gw6kgc2VncmVkby4gQXF1aSBlbGFzIHPDo28gc8OzIHBlZHJhcyByb2xhbmRvIHBvciBhw60sIG1hcyBzw6NvIGJlbSB2YWxpb3NhcywgZW50w6NvIGzDoSBmb3JhIGRldmVtIHJlbmRlciB1bSBib20gZGluaGVpcm8u,,W0VzdHVkaWFudGUgZGUgcG9zZ3JhZG9dClkgZXN0byBlcyBzZWNyZXRvLiBBcXXDrSBubyBzb24gbcOhcyBxdWUgcGllZHJhcyB0aXJhZGFzIHBvciBlbCBzdWVsbywgcGVybyBlbiByZWFsaWRhZCBzb24gYmFzdGFudGUgdmFsaW9zYXMsIGFzw60gcXVlIGZ1ZXJhIHBvZHLDrWFuIGRhciB1biBidWVuIGJlbmVmaWNpby4=
NH14DQ,,W0dyYWR1YXRlIFN0dWRlbnRdCk9mIGNvdXJzZSwgdGhleSBhcmUgYWxzbyBuZWVkZWQgd2hlbiB3YWtpbmcgdGhlIHJ1bGVyIG9mIHRoZSBjYXZlcm4u,,,,,W1DDs3MtZ3JhZHVhbmRvXQrDiSBjbGFybyBxdWUgdGFtYsOpbSBzw6NvIG5lY2Vzc8OhcmlhcyBwYXJhIGRlc3BlcnRhciBvIGdvdmVybmFudGUgZGEgY2F2aWRhZGUu,,W0VzdHVkaWFudGUgZGUgcG9zZ3JhZG9dClBvciBzdXB1ZXN0bywgdGFtYmnDqW4gc29uIG5lY2VzYXJpYXMgcGFyYSBkZXNwZXJ0YXIgYWwgZ29iZXJuYW50ZSBkZSBsYSBjYXZpZGFkLg==
NX14DQ,,W0dyYWR1YXRlIFN0dWRlbnRdCkkgZG8gbm90IGtub3cgd2h5LCBidXQgdGhhbmsgeW91LiBZb3Uga2VlcCBpdCB1cCB0b28sIEFkdmVudHVyZXIu,,,,,W1DDs3MtZ3JhZHVhbmRvXQpOw6NvIHNlaSBvIG1vdGl2bywgbWFzIG9icmlnYWRvLiBBdmVudHVyZWlybywgZMOqIG8gc2V1IG1lbGhvciB0YW1iw6ltLg==,,W0VzdHVkaWFudGUgZGUgcG9zZ3JhZG9dCk5vIHPDqSBwb3IgcXXDqSwgcGVybyBncmFjaWFzLiDDgW5pbW8gdGFtYmnDqW4gYSB1c3RlZCwgYXZlbnR1cmVyby4=
Nn14DQ,,Kio=,,,,,Kio=,,Kio=
N314DQ,,VmVyc2lvbjogMjAyNC0wMi0yMCBGcmVlIEJvc3NfU3VtbW9uIENoYW5jZSBhbmQgQ29zdCBDaGFuZ2VfNjUgTW9uc3RlciBDb3VudCBJbmNyZWFzZQ==,,,,,VmVyc8OjbzogMjAyNC0wMi0yMCBDaGVmZSBHcmF0dWl0b19BbHRlcmHDp8OjbyBkZSBDaGFuY2UgZSBDdXN0byBkZSBJbnZvY2HDp8Ojb19BdW1lbnRvIHBhcmEgNjUgTW9uc3Ryb3M=,,VmVyc2nDs246IDIwMjQtMDItMjAgSmVmZSBHcmF0dWl0b19DYW1iaW8gZGUgUHJvYmFiaWxpZGFkIHkgQ29zdG8gZGUgSW52b2NhY2nDs25fQXVtZW50byBhIDY1IE1vbnN0cnVvcw==
OH14DQ,,QW4gb3BlcmF0b3Itb25seSBpdGVtIGhhcyBiZWVuIGRldGVjdGVkLiBGb3Jnb3R0ZW4gQ2F2ZXJuICgyRikgQWRtaW5pc3RyYXRvciBNb2RlLg==,,,,,SXRlbSBleGNsdXNpdm8gZGUgb3BlcmFkb3IgZGV0ZWN0YWRvLiBNb2RvIGRlIGFkbWluaXN0cmFkb3IgZGEgQ2F2aWRhZGUgRXNxdWVjaWRhICgywrogYW5kYXIpLg==,,U2UgaGEgZGV0ZWN0YWRvIHVuIG9iamV0byBleGNsdXNpdm8gcGFyYSBvcGVyYWRvcmVzLiBNb2RvIGRlIGFkbWluaXN0cmFkb3IgZGUgbGEgY2F2aWRhZCBvbHZpZGFkYSAoMi7CqiBwbGFudGEpLg==
OX14DQ,,UHJvY2VlZCBub3JtYWxseQ==,,,,,UHJvc3NlZ3VpciBub3JtYWxtZW50ZQ==,,Q29udGludWFyIHNpbiBtw6Fz
On14DQ,,TW9uc3RlciBNYW5hZ2VtZW50,,,,,R2VyZW5jaWFyIG1vbnN0cm9z,,R2VzdGnDs24gZGUgbW9uc3RydW9z
O314DQ,,Qm9zcyBNYW5hZ2VtZW50,,,,,R2VyZW5jaWFyIGNoZWZl,,R2VzdGnDs24gZGUgamVmZQ==
PH14DQ,,UmVzZXQgY2F2ZXJuIHR1dG9yaWFs,,,,,UmVkZWZpbmlyIHR1dG9yaWFsIGRhIGNhdmlkYWRl,,UmVpbmljaWFyIHR1dG9yaWFsIGRlIGxhIGNhdmlkYWQ=
PX14DQ,,SXRlbSBzdXBwb3J0,,,,,U3Vwb3J0ZSBkZSBpdGVt,,U29wb3J0ZSBkZSBvYmpldG9z
Pn14DQ,,UmVzZXQgZHVuZ2Vvbg==,,,,,UmVkZWZpbmlyIG1hc21vcnJh,,UmVpbmljaWFyIG1hem1vcnJh
P314DQ,,W01vbnN0ZXItcmVsYXRlZCB2YWx1ZSBzdGF0dXNdClN1bW1vbiBNQVgvTW9uc3RlciBMYXN0IE51bWJlcgp7MH0vUm90dGVuIFdvb2QjezF9CnsyfS9NZWx0ZWQgUG9yaW5nI3szfQp7NH0vR3JhdmUgV29ybSN7NX0KezZ9L0JyYWluIFN1Y2tlciN7N30Kezh9L01vc2tpbGx0byN7OX0=,,,,,W1N0YXR1cyBkb3MgdmFsb3JlcyByZWxhY2lvbmFkb3MgYSBtb25zdHJvc10KSW52b2Nhw6fDo28gTUFYL8O6bHRpbW8gbsO6bWVybyBkbyBtb25zdHJvCnswfS/DgXJ2b3JlIERlY2HDrWRhI3sxfQp7Mn0vUG9yaW5nIERlcnJldGlkbyN7M30KezR9L1Zlcm1lIGRvIFTDum11bG8jezV9Cns2fS9TdWdhLU1lbnRlcyN7N30Kezh9L0ZlcnJvYWRvciN7OX0=,,W0VzdGFkbyBkZSB2YWxvcmVzIHJlbGFjaW9uYWRvcyBjb24gbW9uc3RydW9zXQpJbnZvY2FjacOzbiBNQVgvw5psdGltbyBuw7ptZXJvIGRlIG1vbnN0cnVvCnswfS/DgXJib2wgRGVjYcOtZG8jezF9CnsyfS9Qb3JpbmcgZGVycmV0aWRvI3szfQp7NH0vR3VzYW5vIFNlcHVsY3JhbCN7NX0KezZ9L0NodXBhY2VyZWJyb3Mjezd9Cns4fS9Nb3NxdWlsbyN7OX0=
QH14DQ,,U3VtbW9uIG1vbnN0ZXJz,,,,,SW52b2NhciBtb25zdHJv,,SW52b2NhciBtb25zdHJ1b3M=
QX14DQ,,U3RvcCBzdW1tb25pbmcgbW9uc3RlcnM=,,,,,UGFyYXIgaW52b2Nhw6fDo28gZGUgbW9uc3Ryb3M=,,RGV0ZW5lciBpbnZvY2FjacOzbiBkZSBtb25zdHJ1b3M=
Qn14DQ,,UmVzZXQgbW9uc3RlciBjb3VudA==,,,,,UmVkZWZpbmlyIGNvbnRhZ2VtIGRlIG1vbnN0cm9z,,UmVpbmljaWFyIGNvbnRhZG9yIGRlIG1vbnN0cnVvcw==
Q314DQ,,TWFuYWdlIG1vbnN0ZXIgc3VtbW9uIE1BWA==,,,,,R2VyZW5jaWFyIE1BWCBkZSBpbnZvY2HDp8OjbyBkZSBtb25zdHJvcw==,,R2VzdGlvbmFyIGludm9jYWNpw7NuIE1BWCBkZSBtb25zdHJ1b3M=
RH14DQ,,U3VtbW9uIGFsbA==,,,,,SW52b2NhciB0b2Rvcw==,,SW52b2NhciB0b2Rvcw==
RX14DQ,,U3VtbW9uIFJvdHRlbiBXb29k,,,,,SW52b2NhciDDgXJ2b3JlIERlY2HDrWRh,,SW52b2NhciDDgXJib2wgRGVjYcOtZG8=
Rn14DQ,,U3VtbW9uIE1lbHRlZCBQb3Jpbmc=,,,,,SW52b2NhciBQb3JpbmcgRGVycmV0aW5n,,SW52b2NhciBEZXJyZXRpbmc=
R314DQ,,U3VtbW9uIEdyYXZlIFdvcm0=,,,,,SW52b2NhciBWZXJtZSBkbyBUw7ptdWxv,,SW52b2NhciBHdXNhbm8gU2VwdWxjcmFs
SH14DQ,,U3VtbW9uIEJyYWluIFN1Y2tlcg==,,,,,SW52b2NhciBTdWdhLU1lbnRlcw==,,SW52b2NhciBDaHVwYWNlcmVicm9z
SX14DQ,,U3VtbW9uIE1vc2tpbGx0bw==,,,,,SW52b2NhciBGZXJyb2Fkb3I=,,SW52b2NhciBBZ3Vpam9uYWRvcg==
Sn14DQ,,U3VtbW9uaW5nIGNvbXBsZXRl,,,,,SW52b2Nhw6fDo28gY29uY2x1w61kYQ==,,SW52b2NhY2nDs24gY29tcGxldGFkYQ==
S314DQ,,U3RvcCBzdW1tb25pbmcgYWxs,,,,,UGFyYXIgaW52b2Nhw6fDo28gZGUgdG9kb3M=,,RGV0ZW5lciBpbnZvY2FjacOzbiBkZSB0b2Rvcw==
TH14DQ,,U3RvcCBzdW1tb25pbmcgUm90dGVuIFdvb2Q=,,,,,UGFyYXIgaW52b2Nhw6fDo28gZGUgw4Fydm9yZSBEZWNhw61kYQ==,,RGV0ZW5lciBpbnZvY2FjacOzbiBkZSDDgXJib2wgRGVjYcOtZG8=
TX14DQ,,U3RvcCBzdW1tb25pbmcgTWVsdGVkIFBvcmluZw==,,,,,UGFyYXIgaW52b2Nhw6fDo28gZGUgRGVycmV0aW5n,,RGV0ZW5lciBpbnZvY2FjacOzbiBkZSBEZXJyZXRpbmc=
Tn14DQ,,U3RvcCBzdW1tb25pbmcgR3JhdmUgV29ybQ==,,,,,UGFyYXIgaW52b2Nhw6fDo28gZGUgVmVybWUgZG8gVMO6bXVsbw==,,RGV0ZW5lciBpbnZvY2FjacOzbiBkZSBHdXNhbm8gU2VwdWxjcmFs
T314DQ,,U3RvcCBzdW1tb25pbmcgQnJhaW4gU3Vja2Vy,,,,,UGFyYXIgaW52b2Nhw6fDo28gZGUgU3VnYS1NZW50ZXM=,,RGV0ZW5lciBpbnZvY2FjacOzbiBkZSBDaHVwYWNlcmVicm9z
UH14DQ,,U3RvcCBzdW1tb25pbmcgTW9za2lsbHRv,,,,,UGFyYXIgaW52b2Nhw6fDo28gZGUgRmVycm9hZG9y,,RGV0ZW5lciBpbnZvY2FjacOzbiBkZSBBZ3Vpam9uYWRvcg==
UX14DQ,,U3VtbW9uZWQgbW9uc3RlciBkZWF0aA==,,,,,TW9uc3RybyBpbnZvY2FkbyBtb3J0bw==,,TXVlcnRlIGRlIG1vbnN0cnVvIGludm9jYWRv
Un14DQ,,Q291bnQgd2lsbCBiZSByZXNldCB0byAoMSku,,,,,QSBjb250YWdlbSBzZXLDoSByZWRlZmluaWRhIHBhcmEgKDEpLg==,,RWwgY29udGFkb3Igc2UgcmVpbmljaWFyw6EgYSAoMSku
U314DQ,,UmVzZXQgYWxs,,,,,UmVkZWZpbmlyIHRvZG9z,,UmVpbmljaWFyIHRvZG8=
VH14DQ,,UmVzZXQgKHswfSkgUm90dGVuIFdvb2Q=,,,,,UmVkZWZpbmlyICh7MH0pIMOBcnZvcmUgRGVjYcOtZGE=,,UmVpbmljaWFyICh7MH0pIMOBcmJvbCBEZWNhw61kbw==
VX14DQ,,UmVzZXQgKHswfSkgTWVsdGVkIFBvcmluZw==,,,,,UmVkZWZpbmlyICh7MH0pIERlcnJldGluZw==,,UmVpbmljaWFyICh7MH0pIERlcnJldGluZw==
Vn14DQ,,UmVzZXQgKHswfSkgR3JhdmUgV29ybQ==,,,,,UmVkZWZpbmlyICh7MH0pIFZlcm1lIGRvIFTDum11bG8=,,UmVpbmljaWFyICh7MH0pIEd1c2FubyBTZXB1bGNyYWw=
V314DQ,,UmVzZXQgKHswfSkgQnJhaW4gU3Vja2Vy,,,,,UmVkZWZpbmlyICh7MH0pIFN1Z2EtTWVudGVz,,UmVpbmljaWFyICh7MH0pIENodXBhY2VyZWJyb3M=
WH14DQ,,UmVzZXQgKHswfSkgTW9za2lsbHRv,,,,,UmVkZWZpbmlyICh7MH0pIEZlcnJvYWRvcg==,,UmVpbmljaWFyICh7MH0pIEFndWlqb25hZG9y
WX14DQ,,UmVzZXQgY29tcGxldGU=,,,,,UmVkZWZpbmnDp8OjbyBjb25jbHXDrWRh,,UmVpbmljaW8gY29tcGxldGFkbw==
Wn14DQ,,UGxlYXNlIGVudGVyIHRoZSBzdW1tb24gTUFYIHF1YW50aXR5IHRvIGNoYW5nZS4gMS0xMDAsIGFueXRoaW5nIGVsc2UgdG8gY2FuY2Vs,,,,,SW5zaXJhIGEgcXVhbnRpZGFkZSBNQVggZGUgaW52b2Nhw6fDo28gYSBhbHRlcmFyLiAxIGEgMTAwLCBvdXRybyBwYXJhIGNhbmNlbGFy,,SW50cm9kdWNlIGxhIGNhbnRpZGFkIGRlIGludm9jYWNpw7NuIE1BWCBxdWUgcXVpZXJlcyBjYW1iaWFyLiAxLTEwMCwgY3VhbHF1aWVyIG90cm8gcGFyYSBjYW5jZWxhcg==
W314DQ,,Q2FuY2Vs,,,,,Q2FuY2VsYXI=,,Q2FuY2VsYXI=
XH14DQ,,Q2hhbmdlIGFsbA==,,,,,QWx0ZXJhciB0b2Rvcw==,,Q2FtYmlhciB0b2Rv
XX14DQ,,Q2hhbmdlICh7MH0pIFJvdHRlbiBXb29k,,,,,QWx0ZXJhciAoezB9KSDDgXJ2b3JlIERlY2HDrWRh,,Q2FtYmlhciAoezB9KSDDgXJib2wgRGVjYcOtZG8=
Xn14DQ,,Q2hhbmdlICh7MH0pIE1lbHRlZCBQb3Jpbmc=,,,,,QWx0ZXJhciAoezB9KSBEZXJyZXRpbmc=,,Q2FtYmlhciAoezB9KSBEZXJyZXRpbmc=
X314DQ,,Q2hhbmdlICh7MH0pIEdyYXZlIFdvcm0=,,,,,QWx0ZXJhciAoezB9KSBWZXJtZSBkbyBUw7ptdWxv,,Q2FtYmlhciAoezB9KSBHdXNhbm8gU2VwdWxjcmFs
YH14DQ,,Q2hhbmdlICh7MH0pIEJyYWluIFN1Y2tlcg==,,,,,QWx0ZXJhciAoezB9KSBTdWdhLU1lbnRlcw==,,Q2FtYmlhciAoezB9KSBDaHVwYWNlcmVicm9z
YX14DQ,,Q2hhbmdlICh7MH0pIE1vc2tpbGx0bw==,,,,,QWx0ZXJhciAoezB9KSBGZXJyb2Fkb3I=,,Q2FtYmlhciAoezB9KSBBZ3Vpam9uYWRvcg==
Yn14DQ,,Q2hhbmdlIGNvbXBsZXRl,,,,,QWx0ZXJhw6fDo28gY29uY2x1w61kYQ==,,Q2FtYmlvIGNvbXBsZXRhZG8=
Y314DQ,,W0Jvc3MgbW9uc3Rlci1yZWxhdGVkIHN0YXR1c10KQ3VycmVudCBWYWx1ZS17MH0=,,,,,W1N0YXR1cyByZWxhY2lvbmFkbyBhbyBtb25zdHJvIGNoZWZlXQpWYWxvciBhdHVhbC17MH0=,,W0VzdGFkbyByZWxhY2lvbmFkbyBjb24gbW9uc3RydW9zIGplZmVdClZhbG9yIGFjdHVhbC17MH0=
ZH14DQ,,KDApIFJhbmRvbSBib3NzIHN1bW1vbg==,,,,,KDApIEludm9jYcOnw6NvIGFsZWF0w7NyaWEgZGUgY2hlZmU=,,KDApIEludm9jYWNpw7NuIGFsZWF0b3JpYSBkZSBqZWZl
ZX14DQ,,KDEpIFN1bW1vbiBNRF9BaXJib2F0X0Jvc3M=,,,,,KDEpIEludm9jYXIgTURfQWlyYm9hdF9Cb3Nz,,KDEpIEludm9jYXIgTURfQWlyYm9hdF9Cb3Nz
Zn14DQ,,KDIpIFN1bW1vbiBNRF9BaXJib2F0X0Jvc3My,,,,,KDIpIEludm9jYXIgTURfQWlyYm9hdF9Cb3NzMg==,,KDIpIEludm9jYXIgTURfQWlyYm9hdF9Cb3NzMg==
Z314DQ,,KDMpIFN1bW1vbiBNRF9BaXJib2F0X0Jvc3Mz,,,,,KDMpIEludm9jYXIgTURfQWlyYm9hdF9Cb3NzMw==,,KDMpIEludm9jYXIgTURfQWlyYm9hdF9Cb3NzMw==
aH14DQ,,KDQpIFN1bW1vbiBNRF9BaXJib2F0X0Jvc3M0,,,,,KDQpIEludm9jYXIgTURfQWlyYm9hdF9Cb3NzNA==,,KDQpIEludm9jYXIgTURfQWlyYm9hdF9Cb3NzNA==
aX14DQ,,KDUpIFN1bW1vbiBNRF9BaXJib2F0X0Jvc3M1,,,,,KDUpIEludm9jYXIgTURfQWlyYm9hdF9Cb3NzNQ==,,KDUpIEludm9jYXIgTURfQWlyYm9hdF9Cb3NzNQ==
an14DQ,,TmV3IGNoYW5jZSAoMjUlKQ==,,,,,Tm92YSBjaGFuY2UgKDI1JSk=,,TnVldmEgcHJvYmFiaWxpZGFkICgyNSUp
a314DQ,,UHJldmlvdXMgY2hhbmNl,,,,,Q2hhbmNlIGFudGVyaW9y,,UHJvYmFiaWxpZGFkIGFudGVyaW9y
bH14DQ,,U2V0dXAgY29tcGxldGUuClRoZSBib3NzIHdpbGwgYmUgc3VtbW9uZWQu,,,,,Q29uZmlndXJhw6fDo28gY29uY2x1w61kYS4KTyBjaGVmZSBzZXLDoSBpbnZvY2Fkby4=,,Q29uZmlndXJhY2nDs24gY29tcGxldGFkYS4KRWwgamVmZSBzZXLDoSBpbnZvY2Fkby4=
bX14DQ,,W0RpYWxvZ3VlIFF1ZXN0IFJlc2V0XQo1OTEwICh7MH0pCjU5MTEgKHsxfSkKKDApIE5vdCBzcG9rZW4gLyAoMikgRGlhbG9ndWUgY29tcGxldGUgLyBPdGhlciBlcnJvcg==,,,,,W1JlZGVmaW5pw6fDo28gZGUgbWlzc8OjbyBkZSBkacOhbG9nb10KNTkxMCAoezB9KQo1OTExICh7MX0pCigwKSBTZW0gZGnDoWxvZ28gLyAoMikgRGnDoWxvZ28gY29uY2x1w61kbyAvIG91dHJvczogZXJybw==,,W1JlaW5pY2lhciBtaXNpw7NuIGRlIGRpw6Fsb2dvXQo1OTEwICh7MH0pCjU5MTEgKHsxfSkKKDApIFNpbiBkacOhbG9nbyAvICgyKSBEacOhbG9nbyBjb21wbGV0YWRvIC8gT3RybyBlcnJvcg==
bn14DQ,,UmVzZXQgYm90aA==,,,,,UmVkZWZpbmlyIGFtYm9z,,UmVpbmljaWFyIGFtYmFz
b314DQ,,UmVzZXQgNTkxMA==,,,,,UmVkZWZpbmlyIDU5MTA=,,UmVpbmljaWFyIDU5MTA=
cH14DQ,,UmVzZXQgNTkxMQ==,,,,,UmVkZWZpbmlyIDU5MTE=,,UmVpbmljaWFyIDU5MTE=
cX14DQ,,UHJvdmlkZXMgPElURU0+W01hZ2ljLUluZnVzZWQgU3RvbmVdPElORk8+MTAwMDM2MzwvSU5GTz48L0lURU0+LiBFbnRlciB0aGUgcXVhbnRpdHkgbmVlZGVkLiAxLTEwMCBDYW5jZWwgT3RoZXI=,,,,,Rm9ybmVjZSA8SVRFTT5bUGVkcmEgSW1idcOtZGEgZGUgUG9kZXIgTcOhZ2ljb108SU5GTz4xMDAwMzYzPC9JTkZPPjwvSVRFTT4uIEluc2lyYSBhIHF1YW50aWRhZGUgbmVjZXNzw6FyaWEuIDEgYSAxMDAsIENhbmNlbGFyIG91IG91dHJv,,U2UgcHJvcG9yY2lvbmFyw6EgPElURU0+W1BpZWRyYSBpbWJ1aWRhIGRlIHBvZGVyIG3DoWdpY29dPElORk8+MTAwMDM2MzwvSU5GTz48L0lURU0+LiBJbnRyb2R1Y2UgbGEgY2FudGlkYWQgbmVjZXNhcmlhLiAxfjEwMCBDYW5jZWxhciBPdHJvcw==
cn14DQ,,Q2FuY2VsZWQ=,,,,,Q2FuY2VsYWRv,,Q2FuY2VsYWRv
c314DQ,,R3JhbnRlZCB7MH0gTWFnaWMtSW5mdXNlZCBTdG9uZS4=,,,,,Rm9yYW0gZW50cmVndWVzIHswfSBQZWRyYSBJbWJ1w61kYSBkZSBQb2RlciBNw6FnaWNv,,U2UgaGFuIGVudHJlZ2FkbyB7MH0gUGllZHJhIGltYnVpZGEgZGUgcG9kZXIgbcOhZ2ljbw==
dH14DQ,,UmVzZXRzIHRoZSBkdW5nZW9uIHRvIGl0cyBpbml0aWFsIGNyZWF0aW9uIHN0YXRlLgpObyBwYXJ0eSByZWdpc3RyYXRpb24vTm8gbW9uc3RlciBzdW1tb25pbmcvTm8gcXVlc3QgZ3JhZGUvTW9uc3RlciBjb3VudCByZXNldCwgZXRjLi4u,,,,,UmVkZWZpbmUgYSBtYXNtb3JyYSBwYXJhIG8gZXN0YWRvIGluaWNpYWwgZGUgY3JpYcOnw6NvLgpTZW0gcmVnaXN0cm8gZGUgZ3J1cG8vU2VtIGludm9jYcOnw6NvIGRlIG1vbnN0cm9zL1NlbSBncmF1IGRlIG1pc3PDo28vUmVkZWZpbmnDp8OjbyBkYSBjb250YWdlbSBkZSBtb25zdHJvcyBldGMuLi4=,,UmVpbmljaWEgbGEgbWF6bW9ycmEgYWwgZXN0YWRvIGRlIGNyZWFjacOzbiBpbmljaWFsLgpTaW4gcmVnaXN0cm8gZGUgZ3J1cG8vU2luIGludm9jYWNpw7NuIGRlIG1vbnN0cnVvcy9TaW4gZ3JhZG8gZGUgbWlzacOzbi9SZWluaWNpbyBkZSBjb250YWRvciBkZSBtb25zdHJ1b3MsIGV0Yy4uLg==
dX14DQ,,Q2FuY2Vs,,,,,Q2FuY2VsYXI=,,Q2FuY2VsYXI=
dn14DQ,,Q29tcGxldGU=,,,,,Q29uY2x1w61kbw==,,Q29tcGxldGFkbw==
d314DQ,,W0dyYWR1YXRlIFN0dWRlbnRdCldvdy4uIEkgbmV2ZXIgdGhvdWdodCBJIHdvdWxkIGNvbWUgdG8gYSBwbGFjZSBsaWtlIHRoaXMgaW4gbXkgbGlmZS4u,,,,,W1DDs3MtZ3JhZHVhbmRvXQpVYXUuLiBhY2hlaSBxdWUgbnVuY2EgdmlyaWEgYSB1bSBsdWdhciBhc3NpbSBuYSBtaW5oYSB2aWRhLi4=,,W0VzdHVkaWFudGUgZGUgcG9zZ3JhZG9dClZheWEuLiBOdW5jYSBwZW5zw6kgcXVlIGVuIG1pIHZpZGEgbGxlZ2Fyw61hIGEgdmVuaXIgYSB1biBsdWdhciBjb21vIGVzdGUuLi4=
eH14DQ,,W0dyYWR1YXRlIFN0dWRlbnRdCldoeSBhbSBJIGhlcmU/,,,,,W1DDs3MtZ3JhZHVhbmRvXQpQb3IgcXVlIGVzdG91IGFxdWk/,,W0VzdHVkaWFudGUgZGUgcG9zZ3JhZG9dCsK/UG9yIHF1w6kgZXN0b3kgYXF1w60/
eX14DQ,,W0dyYWR1YXRlIFN0dWRlbnRdCkFkdmVudHVyZXIsIHRoYXQgZGV2aWNlIGlzIHByb2JhYmx5IGluYWN0aXZlIGJlY2F1c2UgaXQgaXMgbm90IGJlaW5nIHVzZWQgcmlnaHQgbm93Lg==,,,,,W1DDs3MtZ3JhZHVhbmRvXQpBdmVudHVyZWlybywgZXNzZSBkaXNwb3NpdGl2byBuw6NvIGVzdMOhIHNlbmRvIHVzYWRvIGFnb3JhLCBlbnTDo28gZGV2ZSBlc3RhciBkZXNhdGl2YWRvLg==,,W0VzdHVkaWFudGUgZGUgcG9zZ3JhZG9dCkF2ZW50dXJlcm8sIGVzZSBkaXNwb3NpdGl2byBkZWJlcsOtYSBlc3RhciBkZXNhY3RpdmFkbyBwb3JxdWUgbm8gc2UgZXN0w6EgdXNhbmRvIGFob3JhIG1pc21vLg==
en14DQ,,LSBUaGlzIGlzIHRoZSBjYXZlcm4gbW92ZW1lbnQgZGV2aWNlCi0gdGhhdCB3YXMgYWN0aXZhdGVkIGEgbW9tZW50IGFnby4KLSBEaWQgdGhleSBzYXkgdGhhdCB1c2luZyB0aGlzIGRldmljZQotIHdvdWxkIG1vdmUgeW91IHRvd2FyZCB0aGUgY2VudGVyPw==,,,,,LSDDiSBvIGRpc3Bvc2l0aXZvIGRlIGRlc2xvY2FtZW50bwotIGRhIGNhdmlkYWRlIHF1ZSBmb2kgYXRpdmFkbyBow6EgcG91Y28uCi0gRGl6ZW0gcXVlLCBzZSB1c2FyIGVzdGUgZGlzcG9zaXRpdm8sCi0gc2Vyw6EgcG9zc8OtdmVsIHNlIG1vdmVyIHBhcmEgbyBjZW50cm8sIGNlcnRvPw==,,LSBFcyB1biBkaXNwb3NpdGl2byBkZSBkZXNwbGF6YW1pZW50byBkZSBsYSBjYXZpZGFkCi0gYWN0aXZhZG8gaGFjZSB1biBtb21lbnRvLgotIMK/RGVjw61hbiBxdWUsIHNpIHNlIHVzYSBlc3RlIGRpc3Bvc2l0aXZvLAotIHNlIHB1ZWRlIGlyIGhhY2lhIGVsIGNlbnRybz8=
e314DQ,,RG8gbm90IHVzZSBpdC4=,,,,,TsOjbyB1c2FyLg==,,Tm8gdXNhcmxvLg==
fH14DQ,,VG8gdGhlIHNhdmVkIGNvb3JkaW5hdGVzLi4=,,,,,UGFyYSBhcyBjb29yZGVuYWRhcyBzYWx2YXMuLg==,,QSBsYXMgY29vcmRlbmFkYXMgZ3VhcmRhZGFzLi4=
fX14DQ,,LSBZb3UgZmVsdCBhIHN0cm9uZyBwdWxsCi0gZHJhZ2dpbmcgeW91IHNvbWV3aGVyZS4=,,,,,LSBGb2kgc2VudGlkYSB1bWEgZm9ydGUgYXRyYcOnw6NvCi0gcHV4YW5kbyBwYXJhIGFsZ3VtIGx1Z2FyLg==,,LSBTZSBzaW50acOzIHVuIGZ1ZXJ0ZSB0aXLDs24KLSBxdWUgYXJyYXN0cmFiYSBoYWNpYSBhbGfDum4gbHVnYXIu
fn14DQ,,LSBBIGNhdmVybiBtb3ZlbWVudCBkZXZpY2UKLSBtYWRlIGJ5IHRoZSBncmFkdWF0ZSBzdHVkZW50cyBpcyB3cmFwcGVkIGluIHJvcGUuCi0gRGlkIHRoaXMgZGV2aWNlIGFsbG93IHlvdSB0byBtb3ZlCi0gdG8gYSBkZXNpZ25hdGVkIGxvY2F0aW9uPw==,,,,,LSBPIGRpc3Bvc2l0aXZvIGRlIGRlc2xvY2FtZW50bwotIGRhIGNhdmlkYWRlIGNyaWFkbyBwZWxvcyBww7NzLWdyYWR1YW5kb3MKLSBlc3TDoSBlbnJvbGFkbyBlbSB1bWEgY29yZGEuCi0gU2UgdXNhciBlc3RlIGRpc3Bvc2l0aXZvLAotIGVyYSBwb3Nzw612ZWwgc2UgbW92ZXIgcGFyYSB1bWEgcG9zacOnw6NvIGRlc2lnbmFkYSwgY2VydG8/,,LSBVbiBkaXNwb3NpdGl2byBkZSBkZXNwbGF6YW1pZW50byBkZSBsYSBjYXZpZGFkCi0gY3JlYWRvIHBvciBsb3MgZXN0dWRpYW50ZXMgZGUgcG9zZ3JhZG8KLSBlc3TDoSBlbnZ1ZWx0byBlbiB1bmEgY3VlcmRhLgotIMK/Q29uIGVzdGUgZGlzcG9zaXRpdm8gc2UgcG9kw61hIGlyCi0gYSBsYSB1YmljYWNpw7NuIGRlc2lnbmFkYT8=
f314DQ,,VG8gdGhlIGNhdmVybiBlbnRyYW5jZS4u,,,,,UGFyYSBhIGVudHJhZGEgZGEgY2F2aWRhZGUuLg==,,QSBsYSBlbnRyYWRhIGRlIGxhIGNhdmlkYWQuLg==
gH14DQ,,R3JhZHVhdGUgU3R1ZGVudCBNYXJhdGE6IE1vbnN0ZXIgcmVwdWxzaW9uIHdhdmVzIHNodXQgZG93bi4=,,,,,UMOzcy1ncmFkdWFuZG8gTWFyYXRhOiBPbmRhIGRlIHN1cHJlc3PDo28gZGUgbW9uc3Ryb3MgZGVzbGlnYWRhLg==,,RXN0dWRpYW50ZSBkZSBwb3NncmFkbyBNYXJhdGE6IERlc2FjdGl2YWNpw7NuIGRlIG9uZGEgcmVwZWxlbnRlIGRlIG1vbnN0cnVvcy4=
gX14DQ,,R3JhZHVhdGUgU3R1ZGVudCBNYXJhdGE6IE1vbnN0ZXJzIHdpbGwgYXBwZWFyIHNvb24uIEFsbCBwZXJzb25uZWwsIHBsZWFzZSByZW1haW4gY2F1dGlvdXMu,,,,,UMOzcy1ncmFkdWFuZG8gTWFyYXRhOiBNb25zdHJvcyBhcGFyZWNlcsOjbyBlbSBicmV2ZS4gVG9kb3MsIHRlbmhhbSBjdWlkYWRvIGNvbSBhIHNlZ3VyYW7Dp2Eu,,RXN0dWRpYW50ZSBkZSBwb3NncmFkbyBNYXJhdGE6IExvcyBtb25zdHJ1b3MgYXBhcmVjZXLDoW4gcHJvbnRvLiBUb2RvcyBkZWJlbiBleHRyZW1hciBsYSBzZWd1cmlkYWQu
gn14DQ,,R3JhZHVhdGUgU3R1ZGVudCBNYXJhdGE6IE1hZ2ljIHdhdmVzIGhhdmUgc3RhYmlsaXplZC4gQWxsIHBlcnNvbm5lbCwgYmVnaW4gbWVhc3VyZW1lbnRzLg==,,,,,UMOzcy1ncmFkdWFuZG8gTWFyYXRhOiBPbmRhIGRlIHBvZGVyIG3DoWdpY28gZXN0YWJpbGl6YWRhLiBUb2RvcywgaW5pY2llbSBhcyBtZWRpw6fDtWVzLg==,,RXN0dWRpYW50ZSBkZSBwb3NncmFkbyBNYXJhdGE6IExhIG9uZGEgZGUgcG9kZXIgbcOhZ2ljbyBzZSBoYSBlc3RhYmlsaXphZG8uIFRvZG9zLCBjb21lbnphZCBsYXMgbWVkaWNpb25lcy4=
g314DQ,,VW5pZGVudGlmaWVkIENyZWF0dXJl,,,,,Q3JpYXR1cmEgRGVzY29uaGVjaWRh,,Q3JpYXR1cmEgRGVzY29ub2NpZGE=
hH14DQ,,W1NZU1lFTV0gVGhlIHJ1bGVyIG9mIHRoZSBjYXZlcm4gaGFzIGF3YWtlbmVkIGZyb20gaXRzIHNsZWVwLg==,,,,,W1NZU1lFTV0gTyBnb3Zlcm5hbnRlIGRhIGNhdmlkYWRlIGRlc3BlcnRvdS4=,,W1NZU1lFTV0gRWwgZ29iZXJuYW50ZSBkZSBsYSBjYXZpZGFkIGhhIGRlc3BlcnRhZG8gZGUgc3Ugc3Vlw7FvLg==
hX14DQ,,W1NZU1lFTV0gVGhlIGNhdmVybiBtb25zdGVycyBoaWRlIGZyb20gdGhlIHJ1bGVyLg==,,,,,W1NZU1lFTV0gT3MgbW9uc3Ryb3MgZGEgY2F2aWRhZGUgc2UgZXNjb25kZW0gcGFyYSBldml0YXIgbyBnb3Zlcm5hbnRlLg==,,W1NZU1lFTV0gTG9zIG1vbnN0cnVvcyBkZSBsYSBjYXZpZGFkIHNlIGVzY29uZGVuIHBhcmEgZXZpdGFyIGFsIGdvYmVybmFudGUu
hn14DQ,,UnVsZXIgb2YgdGhlIENhdmVybjogS3ItdWgtLXVoLS0tdWgtLS0tdWgtLS0tLQ==,,,,,R292ZXJuYW50ZSBkYSBjYXZpZGFkZTogR3Itb28tLW9vLS0tb28tLS0tb28tLS0tLQ==,,R29iZXJuYW50ZSBkZSBsYSBjYXZpZGFkOiBHcnItb28tLW9vLS0tb28tLS0tb28tLS0tLQ==
h314DQ,,W0dNTUVTXS0xIFRoZSBydWxlciBvZiB0aGUgY2F2ZXJuIGhhcyBhd2FrZW5lZCBmcm9tIGl0cyBzbGVlcC4=,,,,,W0dNTUVTXS0xIE8gZ292ZXJuYW50ZSBkYSBjYXZpZGFkZSBkZXNwZXJ0b3Uu,,W0dNTUVTXS0xIEVsIGdvYmVybmFudGUgZGUgbGEgY2F2aWRhZCBoYSBkZXNwZXJ0YWRvIGRlIHN1IHN1ZcOxby4=
iH14DQ,,W0dNTUVTXS0yIFRoZSBydWxlciBvZiB0aGUgY2F2ZXJuIGhhcyBhd2FrZW5lZCBmcm9tIGl0cyBzbGVlcC4=,,,,,W0dNTUVTXS0yIE8gZ292ZXJuYW50ZSBkYSBjYXZpZGFkZSBkZXNwZXJ0b3Uu,,W0dNTUVTXS0yIEVsIGdvYmVybmFudGUgZGUgbGEgY2F2aWRhZCBoYSBkZXNwZXJ0YWRvIGRlIHN1IHN1ZcOxby4=
iX14DQ,,W0dNTUVTXS0zIFRoZSBydWxlciBvZiB0aGUgY2F2ZXJuIGhhcyBhd2FrZW5lZCBmcm9tIGl0cyBzbGVlcC4=,,,,,W0dNTUVTXS0zIE8gZ292ZXJuYW50ZSBkYSBjYXZpZGFkZSBkZXNwZXJ0b3Uu,,W0dNTUVTXS0zIEVsIGdvYmVybmFudGUgZGUgbGEgY2F2aWRhZCBoYSBkZXNwZXJ0YWRvIGRlIHN1IHN1ZcOxby4=
in14DQ,,W0dNTUVTXS00IFRoZSBydWxlciBvZiB0aGUgY2F2ZXJuIGhhcyBhd2FrZW5lZCBmcm9tIGl0cyBzbGVlcC4=,,,,,W0dNTUVTXS00IE8gZ292ZXJuYW50ZSBkYSBjYXZpZGFkZSBkZXNwZXJ0b3Uu,,W0dNTUVTXS00IEVsIGdvYmVybmFudGUgZGUgbGEgY2F2aWRhZCBoYSBkZXNwZXJ0YWRvIGRlIHN1IHN1ZcOxby4=
i314DQ,,W0dNTUVTXS01IFRoZSBSdWxlciBvZiB0aGUgQ2F2ZXJuIGhhcyBhd2FrZW5lZC4=,,,,,W0dNTUVTXS01IE8gR292ZXJuYW50ZSBkYSBDYXZlcm5hIGRlc3BlcnRvdS4=,,W0dNTUVTXS01IEVsIEdvYmVybmFudGUgZGUgbGEgQ2F2ZXJuYSBoYSBkZXNwZXJ0YWRvLg==
jH14DQ,,W1NZU1lFTV0gVGhlIHJ1bGVyIG9mIHRoZSBjYXZlcm4gZmFsbHMgYXNsZWVwIGFnYWluLg==,,,,,W1NZU1lFTV0gTyBnb3Zlcm5hbnRlIGRhIGNhdmlkYWRlIHZvbHRhIGEgYWRvcm1lY2VyLg==,,W1NZU1lFTV0gRWwgZ29iZXJuYW50ZSBkZSBsYSBjYXZpZGFkIHZ1ZWx2ZSBhIGNhZXIgZG9ybWlkby4=
jX14DQ,,Um90dGVuIFdvb2QjezB9,,,,,w4Fydm9yZSBEZWNhw61kYSN7MH0=,,w4FyYm9sIERlY2HDrWRvI3swfQ==
jn14DQ,,TWVsdGVkIFBvcmluZyN7MH0=,,,,,RGVycmV0aW5nI3swfQ==,,RGVycmV0aW5nI3swfQ==
j314DQ,,R3JhdmUgV29ybSN7MH0=,,,,,VmVybWUgZG8gVMO6bXVsbyN7MH0=,,R3VzYW5vIFNlcHVsY3JhbCN7MH0=
kH14DQ,,QnJhaW4gU3Vja2VyI3swfQ==,,,,,U3VnYS1NZW50ZXMjezB9,,Q2h1cGFjZXJlYnJvcyN7MH0=
kX14DQ,,TW9za2lsbHRvI3swfQ==,,,,,RmVycm9hZG9yI3swfQ==,,QWd1aWpvbmFkb3IjezB9
