gCy1DA,,LSBTaGFsbCB3ZSByZXR1cm4gdG8gTW9ycm9jPyAt,,,,,LSBWYW1vcyB2b2x0YXIgcGFyYSBNb3Jyb2M/IC0=,,LSDCv1ZhbW9zIGEgdm9sdmVyIGEgTW9ycm9jPw==
gSy1DA,,VG8gTW9ycm9jIQ==,,,,,UGFyYSBNb3Jyb2Mh,,wqFBIE1vcnJvYyE=
giy1DA,,Q29udGludWUgdGhlIGludmVzdGlnYXRpb24u,,,,,Q29udGludWFyIGEgaW52ZXN0aWdhw6fDo28u,,U2VndWlyIGludmVzdGlnYWNpw7NuLg==
gyy1DA,,LSBHbyB0byBNb3Jyb2MuIC0=,,,,,LSBJciBwYXJhIE1vcnJvYy4gLQ==,,LSBJciBhIE1vcnJvYy4gLQ==
hCy1DA,,LSBDb250aW51ZSB0aGUgaW52ZXN0aWdhdGlvbi4gLQ==,,,,,LSBDb250aW51YXIgYSBpbnZlc3RpZ2HDp8Ojby4gLQ==,,U2VndWlyIGludmVzdGlnYWNpw7NuLg==
hSy1DA,,S2Vu,,,,,S2Vu,,S2Vu
hiy1DA,,W0tlbl0KR2Vlei4uLiBUaGUgR2FsYWN0b3IgbW9uc3RlcnMgYXJlIHN3YXJtaW5nIGFsbCBvdmVyIHRoZSBwbGFjZS4=,,,,,W0tlbl0KTm9zc2EuLi4gT3MgbW9uc3Ryb3MgZGEgR2FsYWN0b3IgZXN0w6NvIHNlIGFsYXN0cmFuZG8gcG9yIHRvZG8gbGFkby4=,,W0tlbl0KVmF5YS4uLiBMb3MgbW9uc3RydW9zIGRlIEdhbGFjdG9yIGVzdMOhbiBwb3IgdG9kYXMgcGFydGVzLg==
hyy1DA,,W0ppbnBlaV0KQmlnIGJyb3RoZXIuClNvbWV0aGluZydzIHdyb25nIHdpdGggdGhlIG1vbnN0ZXJzLg==,,,,,W0ppbnBlaV0KSXJtw6NvesOjby4KVGVtIGFsZ3VtYSBjb2lzYSBlcnJhZGEgY29tIG9zIG1vbnN0cm9zLg==,,W0ppbnBlaV0KSGVybWFuby4KSGF5IGFsZ28gcmFybyBjb24gbG9zIG1vbnN0cnVvcy4=
iCy1DA,,W0tlbl0KVGhlIEdhbGFjdG9yIG1vbnN0ZXJzIGFyZSBzd2FybWluZyBhZ2FpbiB0b2RheS4=,,,,,W0tlbl0KT3MgbW9uc3Ryb3MgZGEgR2FsYWN0b3Igdm9sdGFyYW0gYSBpbnZhZGlyIGhvamUu,,W0tlbl0KTG9zIG1vbnN0cnVvcyBkZSBHYWxhY3RvciBoYW4gdnVlbHRvIGEgaW52YWRpciBob3ku
iSy1DA,,W0tlbl0KTGV0J3MgdGFrZSB0aGVtIG91dCBmaXJzdCBhbmQgZ28gYSBiaXQgZGVlcGVyLgpEb2Vzbid0IGxvb2sgbGlrZSB0aGVyZSBhcmUgYW55IHNvbGRpZXJzIGFyb3VuZC4=,,,,,W0tlbl0KVmFtb3MgYWNhYmFyIGNvbSBlbGVzIHByaW1laXJvLCBkZXBvaXMgYXZhbsOnYW1vcy4KTsOjbyBwYXJlY2UgdGVyIG1haXMgc29sZGFkb3MgcG9yIHBlcnRvLg==,,W0tlbl0KQWNhYmVtb3MgY29uIGVsbG9zIHByaW1lcm8geSBsdWVnbyBzaWdhbW9zIGFkZWxhbnRlLgpObyBwYXJlY2UgaGFiZXIgbcOhcyBzb2xkYWRvcyBjZXJjYS4K
iiy1DA,,SmlucGVp,,,,,SmlucGVp,,SmlucGVp
iyy1DA,,Unl1,,,,,Unl1,,Unl1
jCy1DA,,RW5oYW5jZWQgR2FsYXJpbmc=,,,,,R2FsYXJpbmcgQXByaW1vcmFkbw==,,R2FsYXJpbmcgUmVmb3J6YWRv
jSy1DA,,RW5oYW5jZWQgU3F1aWQgQm9tYg==,,,,,THVsYS1leHBsb3NpdmEgQXByaW1vcmFkYQ==,,Q2FsYW1hciBFeHBsb3Npdm8gUmVmb3J6YWRv
jiy1DA,,SnVu,,,,,SnVu,,SnVu
jyy1DA,,W0p1bl0KS2VuISE=,,,,,W0p1bl0KS2VuISE=,,W0p1bl0KwqFLZW4h
kCy1DA,,W0tlbl0KSnVuIQ==,,,,,W0tlbl0KSnVuIQ==,,W0tlbl0KwqFKdW4h
kSy1DA,,W0ppbnBlaV0KU2lzIQ==,,,,,W0ppbnBlaV0KTWFuaW5oYSE=,,W0ppbnBlaV0KwqFIZXJtYW5hIQ==
kiy1DA,,W0tlbl0KU28geW91IHdlcmUgaGVyZS4=,,,,,W0tlbl0KRW50w6NvIHZvY8OqIGVzdGF2YSBhcXVpLg==,,W0tlbl0KRW50b25jZXMgZXN0YWJhcyBhcXXDrS4=
kyy1DA,,W1J5dV0KR2xhZCB5b3UncmUgc2FmZS4=,,,,,W1J5dV0KQm9tIHNhYmVyIHF1ZSB0b2RvcyBlc3TDo28gYmVtLg==,,W1J5dV0KTWUgYWxlZ3JhIHNhYmVyIHF1ZSB0b2RvcyBlc3TDoW4gYmllbi4=
lCy1DA,,W0ppbnBlaV0KV2hhdCBoYXBwZW5lZD8KV2hhdCBhYm91dCBKb2U/,,,,,W0ppbnBlaV0KTyBxdWUgYWNvbnRlY2V1PwpDYWTDqiBvIEpvZT8=,,W0ppbnBlaV0Kwr9RdcOpIGhhIHBhc2Fkbz8Kwr9Ew7NuZGUgZXN0w6EgSm9lPw==
lSy1DA,,W0p1bl0KSSBoYXZlbid0IHNlZW4gSm9lIGVpdGhlci4gV2Fzbid0IGhlIHdpdGggeW91Pw==,,,,,W0p1bl0KRXUgdGFtYsOpbSBuw6NvIHZpIG8gSm9lLiBFbGUgbsOjbyBlc3RhdmEgY29tIHZvY8OqPw==,,W0p1bl0KWW8gdGFtcG9jbyB2aSBhIEpvZS4gwr9ObyBlc3RhYmEgY29udGlnbz8=
liy1DA,,W0tlbl0KSG93IGRpZCB5b3UgZ2V0IGluIGhlcmU/,,,,,W0tlbl0KQ29tbyB2b2PDqiB2ZWlvIHBhcmFyIGFxdWk/,,W0tlbl0Kwr9Dw7NtbyBoYXMgbGxlZ2FkbyBhcXXDrT8=
lyy1DA,,W0p1bl0KSSBzYXcgbW9uc3RlcnMgY29taW5nIG91dCBhdCBkYXduIGFuZCBzbmVha2VkIGluLgpBcyBzb29uIGFzIEkgZW50ZXJlZCwgdGhlIGV4aXQgZG9vciBzdWRkZW5seSBjbG9zZWQsIHNvIEkndmUganVzdCBiZWVuIHdhaXRpbmcgZm9yIGFub3RoZXIgY2hhbmNlLg==,,,,,W0p1bl0KRXUgdmkgdW5zIG1vbnN0cm9zIGFwYXJlY2VuZG8gYW8gYW1hbmhlY2VyIGUgcmVzb2x2aSBwZXJzZWd1aXIgZWxlcy4KQXNzaW0gcXVlIGV1IGVudHJlaSwgYSBzYcOtZGEgc2UgZmVjaG91IGUgZXUgdGl2ZSBxdWUgZXNwZXJhciBvdXRyYSBvcG9ydHVuaWRhZGUu,,W0p1bl0KVmkgdW5vcyBtb25zdHJ1b3MgcXVlIGFwYXJlY2llcm9uIGFsIGFtYW5lY2VyIHkgZGVjaWTDrSBwZXJzZWd1aXJsb3MuCkVuIGN1YW50byBlbnRyw6ksIGxhIHNhbGlkYSBzZSBjZXJyw7MgeSB0dXZlIHF1ZSBlc3BlcmFyIG90cmEgb3BvcnR1bmlkYWQu
mCy1DA,,W0ppbnBlaV0KV2UncmUgZG9pbmcgc29tZXRoaW5nIGNhbGxlZCBTdGFiaWxpemF0aW9uIG5vdywgc28gdGhlIGRvb3Igd29uJ3QgY2xvc2UuIFlvdSBjYW4gZ2V0IG91dCBhZ2FpbiE=,,,,,W0ppbnBlaV0KRXN0YW1vcyBmYXplbmRvIHVtIHByb2Nlc3NvIGNoYW1hZG8gRXN0YWJpbGl6YcOnw6NvLCBwb3IgaXNzbyBhIHBvcnRhIG7Do28gdmFpIGZlY2hhciBtYWlzLiBWb2PDqiBwb2RlIHNhaXIgYWdvcmEh,,W0ppbnBlaV0KRXN0YW1vcyBsbGV2YW5kbyBhIGNhYm8gdW4gcHJvY2VzbyBsbGFtYWRvICJlc3RhYmlsaXphY2nDs24iLCBwb3IgZXNvIG5vIGNlcnJhcmVtb3MgbGEgcHVlcnRhLiDCoVlhIHB1ZWRlcyBzYWxpciE=
mSy1DA,,W0p1bl0KT2ggbXkhClRoYXQncyBhIHJlbGllZi4KVGhlbiBsZXQncyBoZWFkIGZ1cnRoZXIgaW4uCkkgc2F3IEJlcmcgS2F0c2UgaGVhZGluZyBpbnNpZGUgZWFybGllci4=,,,,,W0p1bl0KQWgsIHVmYSEKUXVlIGFsw612aW8uCkVudMOjbyB2YW1vcyBhdmFuw6dhciBtYWlzLgpNYWlzIGNlZG8sIGV1IHZpIG8gQmVyZyBLYXRzZSBlbnRyYW5kby4=,,W0p1bl0KwqFBaCwgbWVub3MgbWFsIQpRdcOpIGFsaXZpby4KRW50b25jZXMgc2lnYW1vcyBhZGVsYW50ZS4KSGFjZSB1biByYXRvLCB2aSBlbnRyYXIgYSBCZXJnIEthdHNlLg==
miy1DA,,W0tlbl0KQWxyaWdodC4KV2UgY2FtZSBpbiBiZWNhdXNlIHdlIHNhdyB0aGF0IHRvby4KTGV0J3MgbW92ZSB3aGlsZSBtYWtpbmcgc3VyZSB0aGUgbW9uc3RlcnMgY2FuJ3QgZ2V0IG91dCB0aHJvdWdoIHRoZSBwb3J0YWwu,,,,,W0tlbl0KQ2VydG8uCk7Ds3MgdGFtYsOpbSB2aWVtb3MgYXRyw6FzIGRlbGUuClZhbW9zIGF2YW7Dp2FyIGUgaW1wZWRpciBxdWUgb3MgbW9uc3Ryb3Mgc2FpYW0gcGVsbyBwb3J0YWwu,,W0tlbl0KRGUgYWN1ZXJkby4KTm9zb3Ryb3MgdGFtYmnDqW4gdmVuaW1vcyB0cmFzIMOpbC4KQXZhbmNlbW9zIHkgZXZpdGVtb3MgcXVlIGxvcyBtb25zdHJ1b3Mgc2FsZ2FuIHBvciBlbCBwb3J0YWwu
myy1DA,,W0p1bl0KVGhlbiBsZXQncyBoZWFkIGZ1cnRoZXIgaW4uCkkgc2F3IEJlcmcgS2F0c2UgaGVhZGluZyBpbnNpZGUgZWFybGllci4=,,,,,W0p1bl0KRW50w6NvIHZhbW9zIGF2YW7Dp2FyLgpNYWlzIGNlZG8sIGV1IHZpIG8gQmVyZyBLYXRzZSBlbnRyYW5kby4=,,W0p1bl0KRW50b25jZXMsIHNpZ2Ftb3MgYWRlbGFudGUuCkhhY2UgdW4gcmF0bywgdmkgZW50cmFyIGEgQmVyZyBLYXRzZS4=
nCy1DA,,W0tlbl0KQWxyaWdodC4KTGV0J3MgbW92ZSB3aGlsZSBtYWtpbmcgc3VyZSB0aGUgbW9uc3RlcnMgY2FuJ3QgZ2V0IG91dCB0aHJvdWdoIHRoZSBwb3J0YWwu,,,,,W0tlbl0KQ2VydG8uClZhbW9zIGF2YW7Dp2FyIGUgaW1wZWRpciBxdWUgb3MgbW9uc3Ryb3Mgc2FpYW0gcGVsbyBwb3J0YWwu,,W0tlbl0KQmllbi4KQXZhbmNlbW9zIHkgZXZpdGVtb3MgcXVlIGxvcyBtb25zdHJ1b3Mgc2FsZ2FuIHBvciBlbCBwb3J0YWwu
nSy1DA,,W0tlbl0KVGhleSBhcHBlYXJlZCBhZ2Fpbi4KSSBmZWx0IGl0IGVhcmxpZXIgdG9vLCBidXQgdGhleSBzZWVtIG11Y2ggc3Ryb25nZXIgdGhhbiB0aGUgbW9uc3RlcnMgd2UgY2F1Z2h0IGluIHRoZSBkZXNlcnQuCklmIHRoZXNlIHBvdXJlZCBpbnRvIHRoZSB2aWxsYWdlLi4uIEkgZG9uJ3QgZXZlbiB3YW50IHRvIGltYWdpbmUu,,,,,W0tlbl0KRWxlcyBhcGFyZWNlcmFtIG91dHJhIHZlei4KUGFyZWNlbSBtYWlzIGZvcnRlcyBxdWUgYW50ZXMsIGRvIHF1ZSBhcXVlbGVzIG1vbnN0cm9zIHF1ZSBlbmNvbnRyYW1vcyBubyBkZXNlcnRvLgpTZSBlc3NlcyBpbnZhZGlyZW0gYSB2aWxhLi4uIG7Do28gZ29zdG8gbmVtIGRlIGltYWdpbmFyIG8gcXVlIHBvZGUgYWNvbnRlY2VyLg==,,W0tlbl0KSGFuIHZ1ZWx0byBhIGFwYXJlY2VyLgpQYXJlY2VuIG3DoXMgZnVlcnRlcyBxdWUgYXF1ZWxsb3MgbW9uc3RydW9zIHF1ZSBlbmNvbnRyYW1vcyBlbiBlbCBkZXNpZXJ0by4KU2kgaW52YWRlbiBlbCBwdWVibG8uLi4gbmkgc2lxdWllcmEgcXVpZXJvIGltYWdpbmFyIGxvIHF1ZSBwb2Ryw61hIHBhc2FyLg==
niy1DA,,W0ppbnBlaV0KV2UgY2FuJ3QgbGV0IEdhbGFjdG9yIGRvIHdoYXRldmVyIHRoZXkgd2FudCEKTGV0J3MgZ2V0IHJpZCBvZiB0aGVtIG5vdyE=,,,,,W0ppbnBlaV0KTsOjbyBwb2RlbW9zIGRlaXhhciBhIEdhbGFjdG9yIGZhemVyIG8gcXVlIHF1aXNlciEKVmFtb3MgYWNhYmFyIGNvbSBlbGVzIQ==,,W0ppbnBlaV0KwqFObyBwb2RlbW9zIGRlamFyIHF1ZSBHYWxhY3RvciBoYWdhIGxvIHF1ZSBxdWllcmEhCsKhQWNhYmVtb3MgY29uIGVsbG9zIQ==
nyy1DA,,QmVyZyBLYXRzZQ==,,,,,QmVyZyBLYXRzZQ==,,QmVyZyBLYXRzZQ==
oCy1DA,,W0dhbGFjdG9yIFNvbGRpZXJdCkxvcmQgQmVyZyBLYXRzZSEKVGhlIG1vbnN0ZXJzIHNlZW0gdG8gYmUgYWN0aW5nIGEgYml0IHN0cmFuZ2Uu,,,,,W1NvbGRhZG8gZGEgR2FsYWN0b3JdClNyLiBCZXJnIEthdHNlIQpPcyBtb25zdHJvcyBwYXJlY2VtIGVzdGFyIHNlIGNvbXBvcnRhbmRvIGVzdHJhbmhhbWVudGUu,,W1NvbGRhZG8gZGUgR2FsYWN0b3JdCsKhTG9yZCBCZXJnIEthdHNlIQpMb3MgbW9uc3RydW9zIHBhcmVjZW4gZXN0YXIgY29tcG9ydMOhbmRvc2UgZGUgbWFuZXJhIGV4dHJhw7FhLg==
oSy1DA,,W0JlcmcgS2F0c2VdCldoYXQ/IQ==,,,,,W0JlcmcgS2F0c2VdCk8gcXXDqj8h,,W0JlcmcgS2F0c2VdCsKhwr9Dw7Ntbz8h
oiy1DA,,W0dhbGFjdG9yIFNvbGRpZXJdCldlJ3ZlIGFsc28gbG9zdCB0aGUgc2lnbmFsIGZyb20gdGhlIG1vbnN0ZXJzIG5lYXIgdGhlIGV4aXQu,,,,,W1NvbGRhZG8gZGEgR2FsYWN0b3JdCk7Ds3MgdGFtYsOpbSBwZXJkZW1vcyBvIHNpbmFsIGRvcyBtb25zdHJvcyBwZXJ0byBkYSBzYcOtZGEu,,W1NvbGRhZG8gZGUgR2FsYWN0b3JdCk5vc290cm9zIHRhbWJpw6luIHBlcmRpbW9zIGVsIHJhc3RybyBkZSBsb3MgbW9uc3RydW9zIGNlcmNhIGRlIGxhIHNhbGlkYS4=
oyy1DA,,W0JlcmcgS2F0c2VdCkRpZCB0aGV5IGVzY2FwZSBvdXRzaWRlPwpXaGF0IGFyZSB5b3UgZG9pbmc/IQpHbyBjaGVjayBpdCBvdXQgbm93IQ==,,,,,W0JlcmcgS2F0c2VdCkNvbW8gZWxlcyBmdWdpcmFtPwpPIHF1ZSB2b2PDqiBlc3TDoSBmYXplbmRvIGFxdWk/IQpWw6EgYXZlcmlndWFyIGFnb3JhIG1lc21vIQ==,,W0JlcmcgS2F0c2VdCsK/Q8OzbW8gc2UgaGFuIGVzY2FwYWRvPwrCv1F1w6kgZXN0w6FzIGhhY2llbmRvIGFxdcOtPwrCoVZlIGEgYXZlcmlndWFybG8gYWhvcmEgbWlzbW8h
pCy1DA,,W0dhbGFjdG9yIFNvbGRpZXJdClllcyBzaXIh,,,,,W1NvbGRhZG8gZGEgR2FsYWN0b3JdClNpbSwgc2VuaG9yIQ==,,W1NvbGRhZG8gZGUgR2FsYWN0b3JdCsKhU8OtLCBtaSBMb3JkIQ==
pSy1DA,,W0JlcmcgS2F0c2VdCkhtbSwgaG93IHN0cmFuZ2UuLi4KTW9uc3RlcnMgd291bGRuJ3QganVzdCBlc2NhcGUgb3V0c2lkZSB3aXRob3V0IGFueSBzaWduYWwuCkknbGwgYWN0aXZhdGUgdGhlIHBvcnRhbCBkZXZpY2UgYW5kIGNsb3NlIHRoZSBkb29yIGZvciBub3cu,,,,,W0JlcmcgS2F0c2VdCkhtbSwgcXVlIGVzdHJhbmhvLi4uCk9zIG1vbnN0cm9zIG7Do28gY29zdHVtYW0gZXNjYXBhciBzZW0gbmVuaHVtIG1vdGl2by4KVm91IGF0aXZhciBvIGRpc3Bvc2l0aXZvIGRvIHBvcnRhbCBlIGZlY2hhciBhIHBvcnRhLg==,,W0JlcmcgS2F0c2VdCkhtbSwgcXXDqSByYXJvLi4uCkxvcyBtb25zdHJ1b3Mgbm8gc3VlbGVuIGVzY2FwYXIgc2luIG1vdGl2byBhbGd1bm8uClZveSBhIGFjdGl2YXIgZWwgZGlzcG9zaXRpdm8gZGVsIHBvcnRhbCB5IGNlcnJhciBsYSBwdWVydGEu
piy1DA,,W0p1bl0KVGhpcyBpcyBiYWQhCklmIEJlcmcgS2F0c2UgdXNlcyB0aGUgZGV2aWNlIGFuZCBjbG9zZXMgdGhlIGRvb3IsIHdlJ2xsIGJlIHRyYXBwZWQgaGVyZSE=,,,,,W0p1bl0KSXNzbyDDqSBww6lzc2ltbyEKU2UgbyBCZXJnIEthdHNlIHVzYXIgbyBkaXNwb3NpdGl2byBwYXJhIGZlY2hhciBhIHBvcnRhLCB2YW1vcyBmaWNhciBwcmVzb3MgYXF1aSE=,,W0p1bl0KwqFFc3RvIGVzIHRlcnJpYmxlIQrCoVNpIEJlcmcgS2F0c2UgdXNhIGVsIGRpc3Bvc2l0aXZvIHBhcmEgY2VycmFyIGxhIHB1ZXJ0YSwgbm9zIHF1ZWRhcmVtb3MgYXRyYXBhZG9zIGFxdcOtIQ==
pyy1DA,,W0tlbl0KTGV0J3MgY2hhc2UgYWZ0ZXIgS2F0c2UgZmlyc3QuCkJlIGNhcmVmdWwgbm90IHRvIGdldCBzcG90dGVkLg==,,,,,W0tlbl0KUHJpbWVpcm8gdmFtb3MgYXRyw6FzIGRvIEthdHNlLgpUb21lbSBjdWlkYWRvIHBhcmEgbsOjbyBzZXJlbSB2aXN0b3Mu,,W0tlbl0KUHJpbWVybyB2YW1vcyBhIGJ1c2NhciBhIEthdHNlLgpUZW5nYW4gY3VpZGFkbyBwYXJhIHF1ZSBubyBsb3MgdmVhbi4=
qCy1DA,,W0JlcmcgS2F0c2VdCkhtbSwgaG93IHN0cmFuZ2UuLi4KTW9uc3RlcnMgd291bGRuJ3QganVzdCBlc2NhcGUgb3V0c2lkZSB3aXRob3V0IGFueSBzaWduYWwu,,,,,W0JlcmcgS2F0c2VdCkhtbSwgcXVlIGVzdHJhbmhvLi4uCk9zIG1vbnN0cm9zIG7Do28gY29zdHVtYW0gZXNjYXBhciBzZW0gbmVuaHVtIG1vdGl2by4=,,W0JlcmcgS2F0c2VdCkhtbSwgcXXDqSByYXJvLi4uCkxvcyBtb25zdHJ1b3Mgbm8gc3VlbGVuIGVzY2FwYXIgc2luIG5pbmd1bmEgcmF6w7NuLg==
qSy1DA,,W0JlcmcgS2F0c2VdCklzIGl0IHRob3NlIGJyYXRzIGFjdGluZyBvdXQgYWdhaW4/CkknZCBiZXR0ZXIgY2hlY2sgdGhlIHBvcnRhbCBkZXZpY2Uu,,,,,W0JlcmcgS2F0c2VdCkFxdWVsZXMgZmVkZWxob3MgY29udGludWFtIG1lIGF0cmFwYWxoYW5kbz8KVm91IHRlciBxdWUgdmVyaWZpY2FyIG8gZGlzcG9zaXRpdm8gZG8gcG9ydGFsLg==,,W0JlcmcgS2F0c2VdCsK/RXNvcyBtb2Nvc29zIHNpZ3VlbiBtb2xlc3RhbmRvPwpUZW5kcsOpIHF1ZSByZXZpc2FyIGVsIGRpc3Bvc2l0aXZvIGRlbCBwb3J0YWwu
qiy1DA,,W0p1bl0KVGhpcyBpcyBiYWQhCklmIEJlcmcgS2F0c2UgY29tcGxldGVseSBmaXhlcyB0aGUgZGV2aWNlLCB3ZSdsbCBiZSB0cmFwcGVkIGhlcmUh,,,,,W0p1bl0KSXNzbyDDqSBww6lzc2ltbyEKU2UgbyBCZXJnIEthdHNlIHVzYXIgbyBkaXNwb3NpdGl2byBwYXJhIGZlY2hhciBhIHBvcnRhLCB2YW1vcyBmaWNhciBwcmVzb3MgYXF1aSE=,,W0p1bl0KwqFFc3RvIGVzIHRlcnJpYmxlIQpTaSBCZXJnIEthdHNlIHVzYSBlbCBkaXNwb3NpdGl2byBwYXJhIGNlcnJhciBsYSBwdWVydGEsIMKhbm9zIHF1ZWRhcmVtb3MgYXRyYXBhZG9zIGFxdcOtIQ==
qyy1DA,,R2FsYWN0b3IgU29sZGllcg==,,,,,U29sZGFkbyBkYSBHYWxhY3Rvcg==,,U29sZGFkbyBkZSBHYWxhY3Rvcg==
rCy1DA,,W0tlbl0KV2FpdCEKU29sZGllcnMhCkhpZGUh,,,,,W0tlbl0KUGVyYcOtIQpTb2xkYWRvcyEKRXNjb25kYW0tc2Uh,,W0tlbl0KwqFFc3BlcmVuIQrCoVNvbGRhZG9zIQrCoUVzY8OzbmRhbnNlIQ==
rSy1DA,,W0dhbGFjdG9yIFNvbGRpZXJdCkhvdyBzdHJhbmdlLCB0aGUgbW9uc3RlcnMga2VlcCBkaXNhcHBlYXJpbmcu,,,,,W1NvbGRhZG8gZGEgR2FsYWN0b3JdClF1ZSBlc3RyYW5obywgb3MgbW9uc3Ryb3MgY29udGludWFtIGRlc2FwYXJlY2VuZG8u,,W1NvbGRhZG8gZGUgR2FsYWN0b3JdClF1w6kgcmFybywgbG9zIG1vbnN0cnVvcyBzaWd1ZW4gZGVzYXBhcmVjaWVuZG8u
riy1DA,,W0dhbGFjdG9yIFNvbGRpZXJdCkF0IHRoaXMgcmF0ZSwgTG9yZCBCZXJnIEthdHNlIHdvbid0IGxldCB1cyBvZmYgZWFzeS4=,,,,,W1NvbGRhZG8gZGEgR2FsYWN0b3JdClNlIGNvbnRpbnVhciBhc3NpbSwgbyBzci4gQmVyZyBLYXRzZSB2YWkgY2FpciBtYXRhbmRvIG5hIGdlbnRlLg==,,W1NvbGRhZG8gR2FsYWN0b3JdCkEgZXN0ZSByaXRtbywgZWwgc2XDsW9yIEJlcmcgS2F0c2Ugbm8gbm9zIGRlamFyw6EgZW4gcGF6Lg==
ryy1DA,,W0dhbGFjdG9yIFNvbGRpZXJdClVnaCEKTGV0J3MgaHVycnkgdG8gdGhlIGVudHJhbmNlLg==,,,,,W1NvbGRhZG8gZGEgR2FsYWN0b3JdClVmZiEKVmFtb3MgY29ycmVuZG8gcHJhIGVudHJhZGEu,,W1NvbGRhZG8gZGUgR2FsYWN0b3JdCsKhVWZmIQpDb3JyYW1vcyBoYWNpYSBsYSBlbnRyYWRhLg==
sCy1DA,,W0p1bl0KUGhldy4KVGhleSdyZSBnb25lLgpMZXQncyBtb3ZlIGFnYWluLg==,,,,,W0p1bl0KVWZhLgpGb3JhbSBlbWJvcmEuClZhbW9zIGNvbnRpbnVhci4=,,W0p1bl0KVWYuClNlIGhhbiBpZG8uClNpZ2Ftb3Mu
sSy1DA,,W1J5dV0KQXJlbid0IHdlIHRha2luZyBvdXQgdGhlIHNvbGRpZXJzPw==,,,,,W1J5dV0KTsOjbyB2YW1vcyBhY2FiYXIgY29tIG9zIHNvbGRhZG9zPw==,,W1J5dV0Kwr9ObyB2YW1vcyBhIGFjYWJhciBjb24gbG9zIHNvbGRhZG9zPw==
siy1DA,,W0tlbl0KSWYgdGhlIHNvbGRpZXJzIHdobyB3ZW50IHRvIGludmVzdGlnYXRlIGRvbid0IHJldHVybiwgdGhleSdsbCBxdWlja2x5IGZpbmQgb3V0IHdlJ3JlIGhlcmUu,,,,,W0tlbl0KU2Ugb3Mgc29sZGFkb3MgcXVlIHNhw61yYW0gcGFyYSBpbnZlc3RpZ2FyIG7Do28gcmV0b3JuYXJlbSwgb3MgcmVzdGFudGVzIGxvZ28gdsOjbyBwZXJjZWJlciBxdWUgaMOhIGFsZ28gc3VzcGVpdG8u,,W0tlbl0KU2kgbG9zIHNvbGRhZG9zIHF1ZSBzYWxpZXJvbiBhIGludmVzdGlnYXIgbm8gcmVncmVzYW4sIGxvcyBkZW3DoXMgcHJvbnRvIHNlIGRhcsOhbiBjdWVudGEgZGUgcXVlIGhheSBhbGdvIHNvc3BlY2hvc28u
syy1DA,,W1J5dV0KVGhhdCdzIHRydWUuClRoZW4gbGV0J3MgbW92ZSBjYXJlZnVsbHkgYWdhaW4u,,,,,W1J5dV0Kw4kgdmVyZGFkZS4KRW50w6NvIHZhbW9zIGF2YW7Dp2FyIGNvbSBjYXV0ZWxhLg==,,W1J5dV0KRXMgY2llcnRvLgpFbnRvbmNlcyBhdmFuY2Vtb3MgY29uIGNhdXRlbGEu
tCy1DA,,W0tlbl0KV2FpdCEKVGhlcmUgYXJlIHN0aWxsIG1vbnN0ZXJzIGxlZnQgaGVyZS4=,,,,,W0tlbl0KRXNwZXJhIQpBaW5kYSB0ZW0gbW9uc3Ryb3MgcG9yIGFxdWku,,W0tlbl0KwqFFc3BlcmEhClRvZGF2w61hIGhheSBtb25zdHJ1b3MgcG9yIGFxdcOtLg==
tSy1DA,,W0ppbnBlaV0KTGV0J3Mgd2lwZSAnZW0gYWxsIG91dCE=,,,,,W0ppbnBlaV0KVmFtb3MgYWNhYmFyIGNvbSB0b2RvcyE=,,W0ppbnBlaV0KwqFBY2FiZW1vcyBjb24gdG9kb3Mh
tiy1DA,,W0JlcmcgS2F0c2VdCkhtbS4uLgpIb3cgc3RyYW5nZS4KSXQgZmVlbHMgbGlrZSBpdCdzIGdvdHRlbiBhd2Z1bGx5IHF1aWV0Lg==,,,,,W0JlcmcgS2F0c2VdCkhtbS4uLgpRdWUgZXN0cmFuaG8uClBhcmVjZSBxdWUgdHVkbyBmaWNvdSB0w6NvIHF1aWV0by4=,,W0JlcmcgS2F0c2VdCkhtbS4uLgpRdcOpIHJhcm8uClBhcmVjZSB0b2RvIG11eSB0cmFucXVpbG8gYWhvcmEu
tyy1DA,,W0JlcmcgS2F0c2VdCldoZW5ldmVyIGl0J3MgbGlrZSB0aGlzLCBJIGdldCBhbiBvbWlub3VzIGZlZWxpbmcu,,,,,W0JlcmcgS2F0c2VdClBhcmVjZSBxdWUgaMOhIGFsZ28gc3VzcGVpdG8gYWNvbnRlY2VuZG8u,,W0JlcmcgS2F0c2VdClNpZW50byBxdWUgaGF5IGFsZ28gc29zcGVjaG9zby4=
uCy1DA,,W0JlcmcgS2F0c2VdCkkgc2hvdWxkIHR1cm4gb2ZmIHRoZSBkZXZpY2UgcXVpY2tseSBhbmQgcmV0dXJuIHRvIEVhcnRoIHRvIHByZXBhcmUgbmV3IG1vbnN0ZXJzLg==,,,,,W0JlcmcgS2F0c2VdCsOJIG1lbGhvciBldSBkZXNsaWdhciBvIGRpc3Bvc2l0aXZvIHJhcGlkYW1lbnRlIGUgcmV0b3JuYXIgw6AgVGVycmEgcGFyYSBwcmVwYXJhciBub3ZvcyBtb25zdHJvcy4=,,W0JlcmcgS2F0c2VdClNlcsOhIG1lam9yIHF1ZSBhcGFndWUgcsOhcGlkYW1lbnRlIGVsIGRpc3Bvc2l0aXZvIHkgcmVncmVzZSBhIGxhIFRpZXJyYSBwYXJhIHByZXBhcmFyIG51ZXZvcyBtb25zdHJ1b3Mu
uSy1DA,,W0tlbl0KTm90IHNvIGZhc3QsIEJlcmcgS2F0c2Uh,,,,,W0tlbl0KTmVtIHBlbnNlIGVtIHNlIG1leGVyLCBCZXJnIEthdHNlIQ==,,W0tlbl0KwqFOaSBzZSB0ZSBvY3VycmEgbW92ZXJ0ZSwgQmVyZyBLYXRzZSE=
uiy1DA,,W0JlcmcgS2F0c2VdCk5vISEKSXQncyB5b3UgYWdhaW4hIQpUaGUgU2NpZW5jZSBOaW5qYSBUZWFtISEh,,,,,W0JlcmcgS2F0c2VdCkFoLCBuw6NvIQpWb2PDqnMgb3V0cmEgdmV6PyEKTyBTY2llbmNlIE5pbmphIFRlYW0/,,W0JlcmcgS2F0c2VdCsKhQXksIG5vIQrCv1VzdGVkZXMgb3RyYSB2ZXo/CsKhwqHCoUVRVUlQTyBOSU5KQSEhIQ==
uyy1DA,,W0JlcmcgS2F0c2VdCkFyZSB5b3UgaGVyZSB0byBpbnRlcmZlcmUgYW5vdGhlciB0aW1lPyEKT2ggbm8sIGJ1dCB0aGlzIGlzIHBlcmZlY3QgdGltaW5nIGZvciBtZS4KSSdsbCB0cmFwIHlvdSBoZXJlIGZvcmV2ZXIhISE=,,,,,W0JlcmcgS2F0c2VdClZvY8OqcyB2aWVyYW0gbWUgYXRyYXBhbGhhciBvdXRyYSB2ZXo/CkFoLCBtYXMgZXNzZSDDqSBtb21lbnRvIHBlcmZlaXRvIHBhcmEgbWltLgpWb3UgYXByb3ZlaXRhciBlIHByZW5kZXIgdm9jw6pzIGFxdWkgcGFyYSBzZW1wcmUh,,W0JlcmcgS2F0c2VdCsK/SGFuIHZlbmlkbyBhIG1vbGVzdGFybWUgb3RyYSB2ZXo/CkFoLCBwZXJvIGVzdGUgZXMgZWwgbW9tZW50byBwZXJmZWN0byBwYXJhIG3DrS4KwqFWb3kgYSBhcHJvdmVjaGFybG8geSBsb3Mgdm95IGEgcmV0ZW5lciBhcXXDrSBwYXJhIHNpZW1wcmUh
vCy1DA,,W0pvZV0KQXJlIHlvdSB0YWxraW5nIGFib3V0IHRoaXMgbWFjaGluZT8KSSdsbCBzbWFzaCBpdCB0byBwaWVjZXMu,,,,,W0pvZV0KVMOhIGZhbGFuZG8gZGVzc2EgbcOhcXVpbmEgYXF1aT8KVm91IGRlc3Ryb8OnYXIgZWxhIGF0w6kgdmlyYXIgZmFyZWxpbmhvLg==,,W0pvZV0Kwr9UZSByZWZpZXJlcyBhIGVzdGEgbcOhcXVpbmE/CkxhIHZveSBhIGRlc3Ryb3phciBoYXN0YSBkZWphcmxhIGhlY2hhIHBlZGF6b3Mu
vSy1DA,,W0tlbl0KSm9lISEh,,,,,W0tlbl0KSm9lIQ==,,W0tlbl0KwqFKb2Uh
viy1DA,,W0JlcmcgS2F0c2VdCiBObyEhIQogV2hhdCBkbyB5b3UgdGhpbmsgeW91J3JlIGRvaW5nIT8KIEkgd29uJ3QgZm9yZ2l2ZSB5b3UgZm9yIHRoaXMsIEdhdGNoYW1hbiEh,,,,,W0JlcmcgS2F0c2VdCiBBaCwgbsOjbyEKIE8gcXVlIHZvY8OqIGVzdMOhIGZhemVuZG8/IQogTnVuY2Egdm91IHBlcmRvYXIgdm9jw6pzIHBvciBpc3NvLCBHYXRjaGFtYW4h,,W0JlcmcgS2F0c2VdCiDCocKhTm9vbyEhCiDCv1F1w6kgZXN0w6FuIGhhY2llbmRvPwogwqFOdW5jYSBsb3MgcGVyZG9uYXLDqSBwb3IgZXN0bywgR2F0Y2hhbWFuIQ==
vyy1DA,,W0JlcmcgS2F0c2VdCldoYXQgYXJlIHlvdSBkb2luZyE/CkV2ZXJ5b25lLCBhdHRhY2shISE=,,,,,W0JlcmcgS2F0c2VdCk8gcXVlIGVzdMOjbyBmYXplbmRvPyEKVG9kb3MgYXRhcXVlbSBlbGVzISE=,,W0JlcmcgS2F0c2VdCsKhwr9RdcOpIGVzdMOhbiBoYWNpZW5kbz8hCsKhQXTDoXF1ZW5sb3Mh
wCy1DA,,W0JlcmcgS2F0c2VdCj8/PwpXaGVyZSBkaWQgZXZlcnlvbmUgZ28hPw==,,,,,W0JlcmcgS2F0c2VdCj8/PwpQYXJhIG9uZGUgZm9yYW0gdG9kb3M/IQ==,,W0JlcmcgS2F0c2VdCj8/PwrCv0TDs25kZSBzZSBoYW4gbWV0aWRvPw==
wSy1DA,,W0tlbl0KSWYgeW91IG1lYW4gdGhlIG1vbnN0ZXJzLCB3ZSd2ZSBhbHJlYWR5IHRha2VuIGNhcmUgb2YgdGhlbSBhbGwuIFRoZSBzb2xkaWVycyByYW4gb2ZmIHRvIHRoZSBlbnRyYW5jZSB0byBkZWFsIHdpdGggdGhlIHNpdHVhdGlvbi4=,,,,,W0tlbl0KU2UgZXN0w6Egc2UgcmVmZXJpbmRvIGFvcyBtb25zdHJvcywgbsOzcyBqw6EgYWNhYmFtb3MgY29tIHRvZG9zIGVsZXMuIE9zIHNvbGRhZG9zIGZ1Z2lyYW0gcHJhIGVudHJhZGEgcGFyYSB0ZW50YXIgbGlkYXIgY29tIGEgc2l0dWHDp8Ojby4=,,W0tlbl0KU2kgdGUgcmVmaWVyZXMgYSBsb3MgbW9uc3RydW9zLCB5YSBsb3MgaGVtb3MgZWxpbWluYWRvIGEgdG9kb3MuIExvcyBzb2xkYWRvcyBodXllcm9uIGhhY2lhIGxhIGVudHJhZGEgcGFyYSBpbnRlbnRhciBjb250cm9sYXIgbGEgc2l0dWFjacOzbi4=
wiy1DA,,W0p1bl0KRXZlcnlvbmUsIGNhcHR1cmUgQmVyZyBLYXRzZSEhIQ==,,,,,W0p1bl0KVmFtb3MganVudG9zIGNhcHR1cmFyIG8gQmVyZyBLYXRzZSE=,,W0p1bl0KwqFDYXB0dXJlbW9zIGEgQmVyZyBLYXRzZSE=
wyy1DA,,W0JlcmcgS2F0c2VdClVnaCEhISBZb3UgdGhpbmsgSSdsbCBiYWNrIGRvd24gdGhhdCBlYXNpbHkhIQ==,,,,,W0JlcmcgS2F0c2VdClVmZiEgQWNoYXJhbSBxdWUgZXUgbWUgcmVuZGVyaWEgdMOjbyBmYWNpbG1lbnRlPw==,,W0JlcmcgS2F0c2VdCsKhVWZmISDCv0NyZcOtYW4gcXVlIG1lIHJlbmRpcsOtYSB0YW4gZsOhY2lsbWVudGU/
xCy1DA,,S2VuIDogSGFhaCEhIQ==,,,,,S2VuOiBIYWFhaCEh,,S2VuOiDCoUhhYWFoIQ==
xSy1DA,,QmVyZyBLYXRzZSA6IEdyYWFoISE=,,,,,QmVyZyBLYXRzZSA6IEFhYXJnaCEh,,QmVyZyBLYXRzZTogwqFBYWFyZ2gh
xiy1DA,,SnVuIDogRWlnaCEh,,,,,SnVuOiBUw6ppIQ==,,SnVuOiDCoUV5IQ==
xyy1DA,,QmVyZyBLYXRzZSA6IEFhYWFnaCEhIQ==,,,,,QmVyZyBLYXRzZTogQWFoaGghIQ==,,QmVyZyBLYXRzZTogwqFBYWhoaCE=
yCy1DA,,SmlucGVpIDogWW9oIQ==,,,,,SmlucGVpOiBVw7R1IQ==,,SmlucGVpOiDCoUd1YXUh
ySy1DA,,Unl1IDogWWFoISE=,,,,,Unl1OiBJw6HDoSE=,,Unl1OiDCoUh5YSE=
yiy1DA,,QmVyZyBLYXRzZSA6IFMtU3RvcCBpdCE=,,,,,QmVyZyBLYXRzZTogUC1wYXJlbSE=,,QmVyZyBLYXRzZTogwqFQLXBhcmVuIQ==
yyy1DA,,QmVyZyBLYXRzZSA6IE5vIGNob2ljZSB0aGVuISE=,,,,,QmVyZyBLYXRzZTogVm91IHRlciBxdWUgYXBlbGFyIQ==,,QmVyZyBLYXRzZTogwqFObyBtZSBxdWVkYSBvdHJhIG9wY2nDs24sIGVudG9uY2VzIQ==
zCy1DA,,Sm9lIDogQmVyZyBLYXRzZSBpcyBnZXR0aW5nIGF3YXkhISEh,,,,,Sm9lOiBvIEJlcmcgS2F0c2UgdMOhIGZ1Z2luZG8hIQ==,,Sm9lOiDCoUJlcmcgS2F0c2Ugc2UgZXN0w6EgZXNjYXBhbmRvIQ==
zSy1DA,,QmVyZyBLYXRzZSA6IEFwcGVhciEgTW9uc3RlciBHYWxhcmluZyEhISE=,,,,,QmVyZyBLYXRzZTogQXBhcmXDp2EhIE1vbnN0cm8gR2FsYXJpbmch,,QmVyZyBLYXRzZTogwqFBcGFyZWNlISDCoU1vbnN0cnVvIEdhbGFyaW5nIQ==
ziy1DA,,Unl1IDogQSBtb25zdGVyIGlzIGJsb2NraW5nIHRoZSBwYXRoLCB3ZSBjYW4ndCBnZXQgdGhyb3VnaCE=,,,,,Unl1OiBUZW0gdW0gbW9uc3RybyBibG9xdWVhbmRvIG8gY2FtaW5obywgbsOjbyBwb2RlbW9zIHBhc3NhciE=,,Unl1OiDCoUhheSB1biBtb25zdHJ1byBibG9xdWVhbmRvIGVsIGNhbWlubywgbm8gcG9kZW1vcyBwYXNhciE=
zyy1DA,,S2VuIDogTGV0J3MgdGFrZSBvdXQgdGhlIG1vbnN0ZXIgZmlyc3Qh,,,,,S2VuOiBQcmltZWlybywgdmFtb3MgYWNhYmFyIGNvbSBlc3NlIG1vbnN0cm8h,,S2VuOiDCoVByaW1lcm8sIGFjYWJlbW9zIGNvbiBlc3RlIG1vbnN0cnVvIQ==
0Cy1DA,,QmVyZyBLYXRzZSA6IFRlYWNoIHRob3NlIGluc29sZW50IGJyYXRzIGEgbGVzc29uIQ==,,,,,QmVyZyBLYXRzZTogRMOqIHVtYSBsacOnw6NvIG5lc3NlcyBmZWRlbGhvcyE=,,QmVyZyBLYXRzZTogwqFEYWxlcyB1bmEgbGVjY2nDs24gYSBlc29zIG1vY29zb3Mh
0Sy1DA,,Sm9l,,,,,Sm9l,,Sm9l
0iy1DA,,QW5vbWFseSBGaXNzdXJlIEludmVzdGlnYXRvcg==,,,,,RGV0ZXRpdmUgZGEgRmVuZGEgQW7DtG1hbGE=,,RGV0ZWN0aXZlIGRlIGxhIEdyaWV0YSBBbsOzbWFsYQ==
0yy1DA,,TW9uc3RlciBHYWxhcmluZw==,,,,,TW9uc3RybyBHYWxhcmluZyE=,,wqFNb25zdHJ1byBHYWxhcmluZyE=
1Cy1DA,,W0tlbl0KV2UgYnJva2UgdGhlIHBvcnRhbCBtYWNoaW5lLCBidXQgQmVyZyBLYXRzZSBibG9ja2VkIHRoZSBwb3J0YWwgdG8gRWFydGggd2l0aCBhIG1hc3NpdmUgZG9vci4=,,,,,W0tlbl0KTsOzcyBxdWVicmFtb3MgYSBtw6FxdWluYSBkbyBwb3J0YWwsIG1hcyBvIEJlcmcgS2F0c2UgYmxvcXVlb3UgbyBwb3J0YWwgcGFyYSBhIFRlcnJhIGNvbSB1bWEgcG9ydGEgaW1lbnNhLg==,,W0tlbl0KRGVzdHJ1aW1vcyBsYSBtw6FxdWluYSBkZWwgcG9ydGFsLCBwZXJvIEJlcmcgS2F0c2UgYmxvcXVlw7MgZWwgcG9ydGFsIGEgbGEgVGllcnJhIGNvbiB1bmEgcHVlcnRhIGVub3JtZS4=
1Sy1DA,,W0pvZV0KSG93IGZydXN0cmF0aW5nLg==,,,,,W0pvZV0KUXVlIHRyaXN0ZXphLg==,,W0pvZV0KUXXDqSBmcnVzdHJhbnRlLg==
1iy1DA,,W1J5dV0KSHVmZiwgaHVmZi4uLgpXZSB3ZXJlIGFsbW9zdCB0aGVyZS4uLg==,,,,,W1J5dV0KVWZmLCB1ZmYuLi4KRXN0w6F2YW1vcyBxdWFzZSBsw6EuLi4=,,W1J5dV0KVWZmLCB1ZmYuLi4KRmFsdGFiYSBwb2NvLi4u
1yy1DA,,W0pvZV0KSWYgb25seSB3ZSBoYWQgdGhlIEJpcmQgTWlzc2lsZSwgYSBkb29yIGxpa2UgdGhpcyB3b3VsZCBiZSBzbWFzaGVkIHRvIHBpZWNlcy4=,,,,,W0pvZV0KU2UgYSBnZW50ZSB0aXZlc3NlIG8gTcOtc3NpbCBBdmUsIGRhcmlhIHByYSBleHBsb2RpciBlc3NhIHBvcnRhIGVtIG1pbCBwZWRhY2luaG9zLg==,,W0pvZV0KU2kgdHV2acOpcmFtb3MgdW4gTWlzaWwgQXZlLCBwb2Ryw61hbW9zIGhhY2VyIGV4cGxvdGFyIGVzYSBwdWVydGEgZW4gbWlsIHBlZGF6b3Mu
2Cy1DA,,W0tlbl0KV2UgY2FuJ3QgY2FsbCBHb2QgUGhvZW5peCByaWdodCBub3cuCldlJ2xsIGhhdmUgdG8gZmluZCBhbm90aGVyIHdheS4=,,,,,W0tlbl0KTsOjbyBwb2RlbW9zIGNoYW1hciBvIERldXMgRsOqbml4IGFnb3JhLgpWYW1vcyB0ZXIgcXVlIGRhciBvdXRybyBqZWl0by4=,,W0tlbl0KTm8gcG9kZW1vcyBpbnZvY2FyIGFsIERpb3MgRsOpbml4IGFob3JhLgpUZW5kcmVtb3MgcXVlIGJ1c2NhciBvdHJhIHNvbHVjacOzbi4=
2Sy1DA,,V2hhdCBpcyB0aGUgQmlyZCBNaXNzaWxlPw==,,,,,TyBxdWUgw6kgdW0gTcOtc3NpbCBBdmU/,,wr9RdcOpIGVzIHVuIE1pc2lsIEF2ZT8=
2iy1DA,,W0pvZV0KSXQncyBhIHBvd2VyZnVsIG1pc3NpbGUgbW91bnRlZCBvbiBvdXIgZmlnaHRlciwgR29kIFBob2VuaXguCkEgZG9vciBsaWtlIHRoaXMgd291bGQgYmUgZGVzdHJveWVkIGluIG9uZSBzaG90Lg==,,,,,W0pvZV0Kw4kgdW0gc3VwZXJtw61zc2lsIGRpc3BhcmFkbyBwZWxvIG5vc3NvIGNhw6dhLCBvIERldXMgRsOqbml4LgpVbWEgcG9ydGEgY29tbyBlc3NhIHNlcmlhIHB1bHZlcml6YWRhIGNvbSB1bSBzw7MgdGlyby4=,,W0pvZV0KRXMgdW4gcG9kZXJvc28gbWlzaWwgbGFuemFkbyBwb3IgbnVlc3RyYSBuYXZlLCBlbCBEaW9zIEbDqW5peC4KVW5hIHB1ZXJ0YSBjb21vIGVzYSBxdWVkYXLDrWEgcHVsdmVyaXphZGEgY29uIHVuIHNvbG8gZGlzcGFyby4=
2yy1DA,,W0pvZV0KSXQgc2VlbXMgZGlmZmljdWx0IHRvIGJyZWFrIHRoaXMgZG9vciB3aXRoIGp1c3Qgb3VyIG93biBzdHJlbmd0aC4=,,,,,W0pvZV0KUGFyZWNlIHF1ZSB2YWkgc2VyIGRpZsOtY2lsIHF1ZWJyYXIgZXNzYSBwb3J0YSB1c2FuZG8gc8OzIGEgbm9zc2EgZm9yw6dhLg==,,W0pvZV0KUGFyZWNlIHF1ZSB2YSBhIHNlciBkaWbDrWNpbCByb21wZXIgZXNhIHB1ZXJ0YSBzb2xvIGNvbiBudWVzdHJhIGZ1ZXJ6YS4=
3Cy1DA,,W0Fub21hbHkgRmlzc3VyZSBJbnZlc3RpZ2F0b3JdCkFoIQpUaGUgdGltZSB3ZSBjYW4gbWFpbnRhaW4gdGhpcyBkdW5nZW9uIHdpdGggU3RhYmlsaXphdGlvbiB3aWxsIGVuZCBzb29uLg==,,,,,W0RldGV0aXZlIGRhIEZlbmRhIEFuw7RtYWxhXQpBaCEKRXN0w6Egc2UgZXNnb3RhbmRvIG8gdGVtcG8gcXVlIGNvbnNlZ3VpbW9zIG1hbnRlciBlc3RlIGx1Z2FyIHNvYiBlZmVpdG8gZGEgRXN0YWJpbGl6YcOnw6NvLg==,,W0RldGVjdGl2ZSBkZSBsYSBHcmlldGEgQW7Ds21hbGFdCsKhQWghClNlIGVzdMOhIGFnb3RhbmRvIGVsIHRpZW1wbyBxdWUgcG9kZW1vcyBtYW50ZW5lciBlc3RlIGx1Z2FyIGJham8gZWwgZWZlY3RvIGRlIGxhIEVzdGFiaWxpemFjacOzbi4=
3Sy1DA,,W0ppbnBlaV0KV2hhdD8KV2hhdCBkbyB5b3UgbWVhbiB0aGUgdGltZSBpcyBlbmRpbmc/CkRvZXMgdGhhdCBtZWFuIHdlIGNhbiBuZXZlciByZXR1cm4gdG8gRWFydGg/,,,,,W0ppbnBlaV0KTyBxdcOqPwpUw6EgZGl6ZW5kbyBxdWUgbyB0ZW1wbyB0w6EgYWNhYmFuZG8/ClF1ZXIgZGl6ZXIgcXVlIG7Ds3MgbnVuY2EgdmFtb3MgcG9kZXIgdm9sdGFyIHByYSBUZXJyYT8=,,W0ppbnBlaV0Kwr9RdcOpPwrCv1NlIG5vcyBhY2FiYSBlbCB0aWVtcG8/CsK/RW50b25jZXMgbnVuY2EgcG9kcmVtb3Mgdm9sdmVyIGEgbGEgVGllcnJhPw==
3iy1DA,,W0Fub21hbHkgRmlzc3VyZSBJbnZlc3RpZ2F0b3JdCk5vLCB0aGF0J3Mgbm90IGl0LgpJdCBzaG91bGQgYmUgYWJsZSB0byBvcGVuIGFnYWluIHRvbW9ycm93LgpUaGVyZSdzIGEgc2V0IHRpbWUgbGltaXQgZm9yIGhvdyBsb25nIGl0IGNhbiBzdGF5IG9wZW4gZWFjaCBkYXku,,,,,W0RldGV0aXZlIGRhIEZlbmRhIEFuw7RtYWxhXQpOw6NvIMOpIGlzc28uCkFtYW5ow6MgZGV2ZSBzZXIgcG9zc8OtdmVsIGFicmlyIG5vdmFtZW50ZS4KSMOhIGFwZW5hcyB1bSBsaW1pdGUgZGUgdGVtcG8gcGFyYSBtYW50ZXIgbyBsdWdhciBhYmVydG8gYSBjYWRhIGRpYS4=,,W0RldGVjdGl2ZSBkZSBsYSBHcmlldGEgQW7Ds21hbGFdCk5vLCBubyBlcyBlc28uCk1hw7FhbmEgZGViZXLDrWEgcG9kZXIgdm9sdmVyIGEgYWJyaXJzZS4KSGF5IHVuIGzDrW1pdGUgZGlhcmlvIGRlIHRpZW1wbyBwYXJhIGFicmlybGEu
3yy1DA,,W0Fub21hbHkgRmlzc3VyZSBJbnZlc3RpZ2F0b3JdCkl0IG1pZ2h0IHRha2Ugc29tZSBtb3JlIHRpbWUsIGJ1dCB3ZSdsbCB0aGluayBvZiBhIHdheSB0byBnZXQgeW91IGhvbWUgdG9nZXRoZXIuCkFscmlnaHQgdGhlbiwgbGV0J3MgaGVhZCBvdXRzaWRlIQ==,,,,,W0RldGV0aXZlIGRhIEZlbmRhIEFuw7RtYWxhXQpUYWx2ZXogbGV2ZSBhbGd1bSB0ZW1wbywgbWFzIHZhbW9zIGRlc2NvYnJpciB1bSBqZWl0byBkZSBsZXZhciB2b2PDqnMgcGFyYSBjYXNhLgpBZ29yYSB2YW1vcyBzYWlyIQ==,,W0RldGVjdGl2ZSBkZSBsYSBHcmlldGEgQW7Ds21hbGFdClRhbCB2ZXogbm9zIHRvbWUgYWxnw7puIHRpZW1wbywgcGVybyBlbmNvbnRyYXJlbW9zIGxhIG1hbmVyYSBkZSBsbGV2YXJsb3MgYSBjYXNhLgrCoVZhbW9zLCBzYWxnYW1vcyBkZSBhcXXDrSE=
4Cy1DA,,W0tlbl0KV2UgYnJva2UgdGhlIHBvcnRhbCBtYWNoaW5lLCBidXQgdGhlIHBvcnRhbCB0byBFYXJ0aCBpcyBzdGlsbCBibG9ja2VkLg==,,,,,W0tlbl0KTsOzcyBxdWVicmFtb3MgYSBtw6FxdWluYSBkbyBwb3J0YWwsIG1hcyBvIHBvcnRhbCBwcmEgVGVycmEgYWluZGEgZXN0w6EgYmxvcXVlYWRvLg==,,W0tlbl0KSGVtb3MgZGVzdHJ1aWRvIGxhIG3DoXF1aW5hIGRlbCBwb3J0YWwsIHBlcm8gZWwgcG9ydGFsIGhhY2lhIGxhIFRpZXJyYSBzaWd1ZSBibG9xdWVhZG8u
4Sy1DA,,W0Fub21hbHkgRmlzc3VyZSBJbnZlc3RpZ2F0b3JdCkFoIQpUaGUgdGltZSB3ZSBjYW4gbWFpbnRhaW4gdGhpcyBkdW5nZW9uIHdpdGggU3RhYmlsaXphdGlvbiB3aWxsIGVuZCBzb29uLgpBbHJpZ2h0IHRoZW4sIGxldCdzIGhlYWQgb3V0c2lkZSE=,,,,,W0RldGV0aXZlIGRhIEZlbmRhIEFuw7RtYWxhXQpUYWx2ZXogbGV2ZSBhbGd1bSB0ZW1wbywgbWFzIHZhbW9zIGRlc2NvYnJpciB1bSBqZWl0byBkZSBsZXZhciB2b2PDqnMgcGFyYSBjYXNhLgpBZ29yYSB2YW1vcyBzYWlyIGRhcXVpIQ==,,W0RldGVjdGl2ZSBkZSBsYSBHcmlldGEgQW7Ds21hbGFdClRhbCB2ZXogbm9zIHRvbWUgYWxnw7puIHRpZW1wbywgcGVybyBlbmNvbnRyYXJlbW9zIGxhIG1hbmVyYSBkZSBsbGV2YXJsb3MgYSBjYXNhLgrCoVZhbW9zLCBzYWxnYW1vcyBkZSBhcXXDrSE=
