IJDv,,THVuYXI=,,,,,THVuYXI=,,THVuYXI=
IZDv,,V2hhdCBhcmUgeW91IGxvb2tpbmcgZm9yPw==,,,,,TyBxdWUgdm9jw6ogZXN0w6EgcHJvY3VyYW5kbz8=,,wr9RdcOpIGVzdMOhcyBidXNjYW5kbz8=
IpDv,,W0x1bmFyXQpXaGF0IGFyZSB5b3UgbG9va2luZyBmb3I/IEFyZSB5b3UgbG9va2luZyBmb3IgdGhlIHBsYWNlIHdoZXJlIGFsbCB0aGUgZGVhZCBtZW4gcm9hbT8=,,,,,W0x1bmFyXQpFc3TDoSBwcm9jdXJhbmRvIGFsZ3VtIGx1Z2FyIGVzcGVjaWFsPyBQb3IgYXF1aSBvcyBtb3J0b3MgYW5kYW0gbGl2cmVtZW50ZS4uLg==,,W0x1bmFyXQrCv0J1c2NhcyBhbGfDum4gbHVnYXIgZXNwZWNpYWw/IFBvciBhcXXDrSBsb3MgbXVlcnRvcyBhbmRhbiBsaWJyZW1lbnRlLi4u
I5Dv,,W0x1bmFyXQpJIGNhbiB0YWtlIHlvdSB0aGVyZSBpZiB5b3Ugd2FudC4gWW91J2xsIG5lZWQgXjAwMDBDRDE1MCwwMDAgWmVueV4wMDAwMDAu,,,,,W0x1bmFyXQpQb3NzbyB0ZSBsZXZhciBwYXJhIHVtIGx1Z2FyIHBlcmlnb3NvLi4uIFZvY8OqIHByZWNpc2Fyw6EgZGUgXjAwMDBDRDIwIEZyYWdtZW50b3MgU2VudGltZW50YWlzIGUgMTUwLjAwMCBaZW55XjAwMDAwMC4=,,W0x1bmFyXQpQdWVkbyBsbGV2YXJ0ZSBhIHVuIGx1Z2FyIHBlbGlncm9zby4uLiBOZWNlc2l0YXLDoXMgXjAwMDBDRDIwIEZyYWdtZW50b3MgZGUgU2VudGltaWVudG8geSAxNTAuMDAwIFplbnleMDAwMDAwLg==
JJDv,,W0x1bmFyXQpPciB5b3UgY2FuIGp1c3Qgc2VlIHNlbnRpbWVudCBzYWZlbHkgd2l0aG91dCB0aGUgaW50ZXJydXB0aW9uIG9mIHRoZSBkZWFkLiBUaGF0IHdpbGwgY29zdCB5b3UgXjAwMDBDRDIsMDAwLDAwMCBaZW55XjAwMDAwMC4=,,,,,W0x1bmFyXQpPdSB2b2PDqiBwb2RlIGlyIGRpcmV0YW1lbnRlIGZhbGFyIGNvbSBvcyBmYW50YXNtYXMuLi4gSXNzbyB0ZSBjdXN0YXLDoSBeMDAwMENEMi4wMDAuMDAwIFplbnleMDAwMDAwLg==,,W0x1bmFyXQpPIHB1ZWRlcyBpciBkaXJlY3RhbWVudGUgYSBoYWJsYXIgY29uIGxvcyBmYW50YXNtYXMuLi4gRXNvIHRlIGNvc3RhcsOhIF4wMDAwQ0QzMCBGcmFnbWVudG9zIGRlIFNlbnRpbWllbnRvIHkgMi4wMDAuMDAwIFplbnleMDAwMDAwLg==
JZDv,,W0x1bmFyXQpXaGVyZSBkbyB5b3Ugd2FudCB0byBnbz8=,,,,,W0x1bmFyXQpQYXJhIG9uZGUgZGVzZWphIGlyPw==,,W0x1bmFyXQrCv0EgZMOzbmRlIGRlc2VhcyBpcj8=
JpDv,,V2hlcmUgYWxsIHRoZSBkZWFkIG1lbiByb2FtLg==,,,,,Vm91IGVuZnJlbnRhciB0b2RvcyBvcyBwZXJpZ29zLg==,,RW5mcmVudGFyw6kgdG9kb3MgbG9zIHBlbGlncm9zLg==
J5Dv,,T25seSB0aG91Z2h0cyBjYW4gYmUgbWV0Lg==,,,,,RmFsYXJlaSBjb20gb3MgZmFudGFzbWFzLg==,,SGFibGFyw6kgY29uIGxvcyBmYW50YXNtYXMu
KJDv,,V2hhdCBraW5kIG9mIHBsYWNlIGlzIGl0Pw==,,,,,UXVlIHRpcG8gZGUgbHVnYXIgw6kgZXNzZT8=,,wr9RdcOpIHRpcG8gZGUgbHVnYXIgZXMgZXNlPw==
KZDv,,SSBkb24ndCBtaW5kLg==,,,,,SXNzbyBtZSBhc3N1c3RhLCB2b3UgZGFyIG8gZm9yYS4=,,TWUgYXN1c3RhLCB2b3kgYSBodWlyLg==
KpDv,,W0x1bmFyXQpZb3UgaGF2ZSBldmVyeXRoaW5nIHJpZ2h0Pw==,,,,,W0x1bmFyXQpFc3TDoSBjb20gdHVkbyBwcmVwYXJhZG8/,,W0x1bmFyXQrCv1RpZW5lcyB0b2RvIHByZXBhcmFkbz8=
K5Dv,,W0x1bmFyXQpHb29kLiBZb3UgaGF2ZSBldmVyeXRoaW5nLiBJJ2xsIHRha2UgeW91IHRoZXJlLg==,,,,,W0x1bmFyXQpNZSBwYXJlY2UgcXVlIHZvY8OqIHRlbSB0dWRvLi4uIFRlIGxldmFyZWkgYXTDqSBsw6Eu,,W0x1bmFyXQpNZSBwYXJlY2UgcXVlIHRpZW5lcyB0b2RvLi4uIFRlIGxsZXZhcsOpIGhhc3RhIGFsbMOtLg==
LJDv,,W0x1bmFyXQpCdXQuLi4gSSdtIHRha2luZyB5b3UgdGhlcmUgZm9yIG1vbmV5Li4uIHlvdSBzaG91bGQgYmUgY2FyZWZ1bC4=,,,,,W0x1bmFyXQpFIGFpbmRhIHBlbnNhbSBxdWUgZXUgZmHDp28gaXNzbyBwZWxvIGRpbmhlaXJvLi4u,,W0x1bmFyXQpZIGHDum4gcGllbnNhbiBxdWUgaGFnbyBlc3RvIHBvciBkaW5lcm8uLi4=
LZDv,,W0x1bmFyXQpTby4uIGlmIHlvdSBnbyBpbnNpZGUsIHlvdSdsbCBub3RpY2UgYSBeMDAwMENEU3RyYW5nZSBNYWNoaW5lIHRoYXQgbG9va3MgbGlrZSBhIGNyeXN0YWxeMDAwMDAwLg==,,,,,W0x1bmFyXQpVbWEgdmV6IHF1ZSBlc3RpdmVyIGzDoSwgcHJvY3VyZSBwb3IgXjAwMDBDRHVtIHRpcG8gZGUgbcOhcXVpbmFeMDAwMDAwLg==,,W0x1bmFyXQpVbmEgdmV6IHF1ZSBlc3TDqXMgYWxsw60sIGJ1c2NhIF4wMDAwQ0R1biB0aXBvIGRlIG3DoXF1aW5hXjAwMDAwMC4=
LpDv,,W0x1bmFyXQpUaGlzIG1hY2hpbmUgd2lsbCByZWNvdmVyIHlvdXIgSFAgaWYgeW91IHVzZSBpdC4gSXQgaGVscGVkIG1lIHN1cnZpdmUuIEkgaGF2ZSBubyBpZGVhIHdoeSBpdCdzIGluIHRoZXJlIHRob3VnaC4uLg==,,,,,W0x1bmFyXQpTZSBjaGVnYXIgcGVydG8gZGVsYSwgc2V1IEhQIHNlcsOhIHJlY3VwZXJhZG8uIE7Do28gbWUgcGVyZ3VudGUgY29tbyBhcXVpbG8gZnVuY2lvbmEuLi4=,,W0x1bmFyXQpTaSB0ZSBhY2VyY2FzIGEgZWxsYSwgdHUgSFAgc2UgcmVjdXBlcmFyw6EuIE5vIG1lIHByZWd1bnRlcyBjw7NtbyBmdW5jaW9uYSBlc28uLi4=
L5Dv,,W0x1bmFyXQpJIHR1cm5lZCBvZmYgdGhlIG1hY2hpbmUgc28gbm8gb25lIGNhbiB1c2UgaXQsIGJ1dCBJJ2xsIGxldCB5b3UgdXNlIGl0IGFzIG15IHNwZWNpYWwgdHJlYXQu,,,,,W0x1bmFyXQpHZXJhbG1lbnRlIGVzc2EgbcOhcXVpbmEgbsOjbyBmaWNhIGRpc3BvbsOtdmVsLCBtYXMgZGVzc2EgdmV6IHZvY8OqIHRldmUgc29ydGUu,,W0x1bmFyXQpHZW5lcmFsbWVudGUgZXNhIG3DoXF1aW5hIG5vIGVzdMOhIGRpc3BvbmlibGUsIHBlcm8gZXN0YSB2ZXogdHV2aXN0ZSBzdWVydGUu
MJDv,,W0x1bmFyXQpQbGVhc2UgYmUgY2FyZWZ1bCBhbmQgdXNlIHRoZSBtYWNoaW5lIGlmIHlvdSBuZWVkIHRvIQ==,,,,,W0x1bmFyXQpUb21lIGN1aWRhZG8gZSBsZW1icmUtc2UgZGUgdXNhciBhIG3DoXF1aW5hLg==,,W0x1bmFyXQpUZW4gY3VpZGFkbyB5IHJlY3VlcmRhIHVzYXIgbGEgbcOhcXVpbmEu
MZDv,,W0x1bmFyXQpMZXQgbWUgc2VlLg==,,,,,W0x1bmFyXQpEZWl4ZS1tZSB2ZXIu,,W0x1bmFyXQpEw6lqYW1lIHZlci4=
MpDv,,W0x1bmFyXQpJdCdzIG5vdCBlbm91Z2guIFlvdSBuZWVkIF4wMDAwQ0QxNTAsMDAwIFplbnleMDAwMDAwLiBJIGNhbid0IHRha2UgeW91IHRoZXJlIGZvciBmcmVlLg==,,,,,W0x1bmFyXQpOw6NvIMOpIG8gYmFzdGFudGUuIFZvY8OqIHByZWNpc2EgZGUgXjAwMDBDRDIwIEZyYWdtZW50b3MgU2VudGltZW50YWlzIGUgMTUwLjAwMCBaZW55XjAwMDAwMC4gTmFkYSDDqSBkZSBncmHDp2EgbmEgdmlkYS4uLiBlIG5lbSBuYSBtb3J0ZS4uLg==,,W0x1bmFyXQpObyBlcyBzdWZpY2llbnRlLiBOZWNlc2l0YXMgXjAwMDBDRDIwIEZyYWdtZW50b3MgZGUgU2VudGltaWVudG8geSAxNTAuMDAwIFplbnleMDAwMDAwLiBOYWRhIGVzIGdyYXRpcyBlbiBsYSB2aWRhLi4uIHkgdGFtcG9jbyBlbiBsYSBtdWVydGUuLi4=
M5Dv,,W0x1bmFyXQpZb3UndmUgZ290IGFsbCB0aGUgbW9uZXk/,,,,,W0x1bmFyXQpUZW0gdHVkbyBxdWUgcHJlY2lzYT8=,,W0x1bmFyXQrCv1RpZW5lcyB0b2RvIGxvIHF1ZSBuZWNlc2l0YXM/
NJDv,,W0x1bmFyXQpUaGUgZXhpdCBpcyBvdXRzaWRlIG9mIHRoZSB3YWxsLg==,,,,,W0x1bmFyXQpQYXJlY2UgcXVlIGVzdMOhIHR1ZG8gY2VydG8uIFRlIGxldmFyZWkgYXTDqSBsw6Eu,,W0x1bmFyXQpQYXJlY2UgcXVlIGVzdMOhIHRvZG8gZW4gb3JkZW4uIFRlIGxsZXZhcsOpIGhhc3RhIGFsbMOtLg==
NZDv,,W0x1bmFyXQpeRUUwMDAwV2VsbCwgSSBhbHNvIGhhdmUgYSB3YXJuaW5nLiBZb3VyIGxvY2F0aW9uIGNhbid0IGJlIHNhdmVkIGluIHRoZXJlLCBzbyBpZiB5b3UgbG9nIG9mZiBvciBnZXQgZGlzY29ubmVjdGVkLCB5b3UnbGwgYmUgbW92ZWQgdG8geW91ciBzYXZlIHBvaW50Lg==,,,,,W0x1bmFyXQpBbGnDoXMsIHNhaWJhIHF1ZSB2b2PDqiBeRUUwMDAwbsOjbyBwb2RlIHNhbHZhciBzZXUgcG9udG8gZGUgcmV0b3Jub14wMDAwMDAgbMOhLiBQb3J0YW50bywgc2UgaG91dmVyIGFsZ3VtIHByb2JsZW1hLCB2b2x0YXLDoSBkYSDDumx0aW1hIGxvY2FsaXphw6fDo28gc2FsdmEu,,W0x1bmFyXQpQb3IgY2llcnRvLCBkZWJlcyBzYWJlciBxdWUgXkVFMDAwMG5vIHB1ZWRlcyBndWFyZGFyIHR1IHB1bnRvIGRlIHJldG9ybm9eMDAwMDAwIGFsbMOtLiBQb3IgbG8gdGFudG8sIHNpIGhheSBhbGfDum4gcHJvYmxlbWEsIHZvbHZlcsOhcyBkZXNkZSBsYSDDumx0aW1hIHViaWNhY2nDs24gZ3VhcmRhZGEu
NpDv,,W0x1bmFyXQpJdCdzIG5vdCBlbm91Z2guIEkgbmVlZCBeMDAwMENEMiwwMDAsMDAwIFplbnleMDAwMDAwLiBJIGNhbid0IHRha2UgeW91IHRoZXJlIGZvciBmcmVlLg==,,,,,W0x1bmFyXQpOw6NvIMOpIG8gYmFzdGFudGUuIFZvY8OqIHByZWNpc2EgZGUgXjAwMDBDRDMwIEZyYWdtZW50b3MgU2VudGltZW50YWlzIGUgMi4wMDAuMDAwIFplbnleMDAwMDAwLiBOYWRhIMOpIGRlIGdyYcOnYSBuYSB2aWRhLi4uIGUgbmVtIG5hIG1vcnRlLi4u,,W0x1bmFyXQpObyBlcyBzdWZpY2llbnRlLiBOZWNlc2l0YXMgXjAwMDBDRDMwIEZyYWdtZW50b3MgZGUgU2VudGltaWVudG8geSAyLjAwMC4wMDAgWmVueV4wMDAwMDAuIE5hZGEgZXMgZ3JhdGlzIGVuIGxhIHZpZGEuLi4geSB0YW1wb2NvIGVuIGxhIG11ZXJ0ZS4uLg==
N5Dv,,W0x1bmFyXQpJIHdhcyBkaWdnaW5nIGluIHRoZSBncm91bmQgdG8gZmluZCBzb21ldGhpbmcgdG8gZWF0IGFuZCBJIGZvdW5kIHNvbWV0aGluZyBldmVuIGJldHRlci4=,,,,,W0x1bmFyXQrDiSBvIGxvY2FsIG9uZGUgb3MgbW9ydG9zIHByb2N1cmFtIGNvbWlkYSBlIGFicmlnby4uLg==,,W0x1bmFyXQpFcyBlbCBsdWdhciBkb25kZSBsb3MgbXVlcnRvcyBidXNjYW4gY29taWRhIHkgcmVmdWdpby4uLg==
OJDv,,W0x1bmFyXQpUaGUgbGl2aW5nIGNhbid0IHN1cnZpdmUgdGhlcmUsIG9ubHkgdGhlIGRlYWQgcm9hbSBhcm91bmQu,,,,,W0x1bmFyXQpPcyB2aXZvcyBuw6NvIHTDqm0gdmV6IHBvciBhcXVpLCBzb21lbnRlIG9zIG1vcnRvcyBjYW1pbmhhbS4=,,W0x1bmFyXQpMb3Mgdml2b3Mgbm8gdGllbmVuIGNhYmlkYSBhcXXDrSwgc29sbyBsb3MgbXVlcnRvcyBjYW1pbmFuLg==
OZDv,,W0x1bmFyXQpUaGVyZSdzIGEgcnVtb3IuLiB0aGF0IHBlb3BsZSB3aG8gd2VudCB0aGVyZSBuZXZlciBjYW1lIGJhY2suLi4=,,,,,W0x1bmFyXQpPcyBxdWUgdGVudGFtIHZhZ2FyIHBvciBhcXVpIHPDo28gbGV2YWRvcyBwZWxhIGV0ZXJuaWRhZGUuLi4=,,W0x1bmFyXQpBcXVlbGxvcyBxdWUgaW50ZW50YW4gdmFnYXIgcG9yIGFxdcOtIHNvbiBsbGV2YWRvcyBwb3IgbGEgZXRlcm5pZGFkLi4u
OpDv,,W0x1bmFyXQpJIHdhcyBzbyBzY2FyZWQgYnV0Li4gaXQgYmVjYW1lIGNsZWFyIHRoYXQgaXQncyBhIHBvcGx1YXIgcGxhY2UgZm9yIGFkdmVudHVyZXJzIHRvIHZpc2l0Lg==,,,,,W0x1bmFyXQpNZWRvIMOpIG5vcm1hbC4uLiBwZWxvIG1lbm9zIG5vIGNvbWXDp28uLi4=,,W0x1bmFyXQpFbCBtaWVkbyBlcyBub3JtYWwuLi4gYWwgbWVub3MgYWwgcHJpbmNpcGlvLi4u
O5Dv,,W0x1bmFyXQpUaGUgcGxhY2UgSSBhcnJpdmUgYXQgaXMgXjAwMDBDRCBuZWFyIFN0cmFuZ2UgU2VudGltZW50XjAwMDAwMC4=,,,,,W0x1bmFyXQpRdWFuZG8gY2hlZ3VlaSwgbWUgc2VudGkgbXVpdG8gc296aW5oYS4uLg==,,W0x1bmFyXQpDdWFuZG8gbGxlZ3XDqSwgbWUgc2VudMOtIG11eSBzb2xhLi4u
PJDv,,W0x1bmFyXQpJIHJhbiBhd2F5IHNpbmNlIHNvIG1hbnkgZGVhZCBtZW4gdHJpZWQgdG8ga2lsbCBtZS4=,,,,,W0x1bmFyXQpGdWdpIGRvcyBtb3J0b3MgZSBkbyBkZXNlam8gZGUgdmluZ2Fuw6dhIGRlbGVzLi4u,,W0x1bmFyXQpIdcOtIGRlIGxvcyBtdWVydG9zIHkgZGUgc3UgZGVzZW8gZGUgdmVuZ2FuemEuLi4=
PZDv,,W0x1bmFyXQpCdXQgdGhlbiBJIGdvdCBsb3N0IGFuZCBmZWxsIGRvd24gdG8gYSB3ZWlyZCBwbGFjZS4=,,,,,W0x1bmFyXQpBY2FiZWkgZW5jb250cmFuZG8gdW0gbG9jYWwgb25kZSBvcyBmYW50YXNtYXMgcmVzaWRlbSBwYWNpZmljYW1lbnRlLi4u,,W0x1bmFyXQpUZXJtaW7DqSBlbmNvbnRyYW5kbyB1biBsdWdhciBkb25kZSBsb3MgZmFudGFzbWFzIHJlc2lkZW4gcGFjw61maWNhbWVudGUuLi4=
PpDv,,W0x1bmFyXQpUaGUgcGxhY2Ugd2FzIHRoZSBzYW1lIGFzIHdoZXJlIHRoZSBkZWFkIG1lbiByb2FtIF4wMDAwQ0RidXQgdGhlcmUncyBvbmx5IHNlbnRpbWVudHNeMDAwMDAwLiBJIHdhcyBzbyBzY2FyZWQsIHNvIEkgcmFuIG91dCBpbW1lZGlhdGVseS4=,,,,,W0x1bmFyXQpDdXJpb3NhbWVudGUgZmljYXZhIG5vIG1lc21vIGx1Z2FyIGVtIHF1ZSBlbnRyZWkuLi4=,,W0x1bmFyXQpDdXJpb3NhbWVudGUgZXN0YWJhIGVuIGVsIG1pc21vIGx1Z2FyIHBvciBkb25kZSBlbnRyw6kuLi4=
P5Dv,,W0x1bmFyXQpJIHdpbGwgdGFrZSB5b3UgdGhlcmUgaWYgeW91IGdpdmUgbWUgdGhlIG1vbmV5Lg==,,,,,W0x1bmFyXQpMZXZhcmVpIHZvY8OqIGF0w6kgbMOhLCBwZWxvIHByZcOnbyBjZXJ0by4uLg==,,W0x1bmFyXQpUZSBsbGV2YXLDqSBoYXN0YSBhbGzDrSwgcG9yIGVsIHByZWNpbyBqdXN0by4uLg==
QJDv,,W0x1bmFyXQpZb3UgbWlnaHQgZ28gZWFzaWVyIHdpdGhvdXQgaGlzIGhlbHAu,,,,,W0x1bmFyXQpWb2PDqiBjZXJ0YW1lbnRlIHByZWNpc2Fyw6EgZGUgYWp1ZGEuLi4=,,W0x1bmFyXQpDaWVydGFtZW50ZSBuZWNlc2l0YXLDoXMgYXl1ZGEuLi4=
QZDv,,W0x1bmFyXQpQbGVhc2UgdmlzaXQgbWUgYW55IHRpbWUuIFdlIGhhdmUgbm90aGluZyB0byBsb3NlIGFueXdheS4=,,,,,W0x1bmFyXQpWaXNpdGUtbm9zIGEgcXVhbHF1ZXIgaG9yYS4uLiBTb21vcyBhdGVtcG9yYWlzLi4u,,W0x1bmFyXQpWaXPDrXRhbm9zIGEgY3VhbHF1aWVyIGhvcmEuLi4gU29tb3MgYXRlbXBvcmFsZXMuLi4=
QpDv,,W0x1bmFyXQpJJ20gaHVuZ3J5Lg==,,,,,W0x1bmFyXQpFc3RvdSBjb20gZm9tZS4=,,W0x1bmFyXQpUZW5nbyBoYW1icmUu
