AJdJAQ,WyDsmrjrpqzripQg66qp7IaM66asIF0KICcg7Iuc66Co7J2EIOydtOq4sOqzoCDsmqnquLDsnZgg7KO87J247J20IOuQmOuKlOyekC4uLiDrmJDri6Trpbgg7Iuc66Co7Jy866Gc7J2YIOq4uOydhCDssL7snLzrpqzrnbwuICc=,WyBBIFJlc29uYXRpbmcgVm9pY2VdCidUaG9zZSB3aG8gb3ZlcmNvbWUgdGhlIHRyaWFsIGFuZCBiZWNvbWUgbWFzdGVycyBvZiBjb3VyYWdlLi4uIHdpbGwgZmluZCB0aGUgcGF0aCB0byB5ZXQgYW5vdGhlciB0cmlhbC4n,,WyDlm57lk43nmoTlo7Dpn7NdCicg5oiY6IOc6K+V54K877yM5oiQ5Li65YuH5rCU55qE5Li75Lq65LmL5Lq64oCm4oCm5bCG5om+5Yiw6YCa5b6A5Y+m5LiA5Zy66K+V54K855qE6YGT6Lev44CCICc=,,WyBBIFJlc29uYXRpbmcgVm9pY2VdCicg4Lic4Li54LmJ4LiX4Li14LmI4LmA4Lit4Liy4LiK4LiZ4Liw4Lia4LiX4LiX4LiU4Liq4Lit4Lia4LmB4Lil4Liw4LmE4LiU4LmJ4LmA4Lib4LmH4LiZ4LmA4LiI4LmJ4Liy4LiC4Lit4LiH4LmB4Lir4LmI4LiH4LiE4Lin4Liy4Lih4LiB4Lil4LmJ4LiyLi4uIOC4iOC4sOC5hOC4lOC5ieC4nuC4muC4q+C4meC4l+C4suC4h+C4quC4ueC5iOC4muC4l+C4l+C4lOC4quC4reC4muC4reC4teC4geC4hOC4o+C4seC5ieC4hyAn,,,,WyBXaWRlcmhhbGxTdGltbWVdCicgV2VyIGRpZSBQcsO8ZnVuZyDDvGJlcndpbmRldCB1bmQgenVtIEhlcnJuIGRlcyBNdXRlcyB3aXJkLi4uIHdpcmQgZGVuIFdlZyB6dSBlaW5lciB3ZWl0ZXJlbiBQcsO8ZnVuZyBmaW5kZW4uICc=,WyBWb2l4IHJlc29uYW50ZV0KICcgQ2VsdWkgcXVpIHN1cm1vbnRlIGwnw6lwcmV1dmUgZXQgZGV2aWVudCBsZSBtYcOudHJlIGR1IGNvdXJhZ2UuLi4gdHJvdXZlcmEgbGUgY2hlbWluIHZlcnMgdW5lIGF1dHJlIMOpcHJldXZlLiAn,WyBTdWFyYSBNZW5nZ2VtYV0KICcgTWVyZWthIHlhbmcgbWVuZ2F0YXNpIGNvYmFhbiBkYW4gbWVuamFkaSBwZW1pbGlrIGtlYmVyYW5pYW4uLi4gYWthbiBtZW5lbXVrYW4gamFsYW4gbWVudWp1IGNvYmFhbiBsYWlubnlhLiAn,WyBZYW5rxLFsYW5hbiBTZXNdCiAnIMOHaWxleWkgeWVuaXAgY2VzYXJldGluIHNhaGliaSBvbGFuLi4uIGJhxZ9rYSBiaXIgw6dpbGV5ZSBnaWRlbiB5b2x1IGJ1bGFjYWt0xLFyLiAn
AZdJAQ,WyDsmrjrpqzripQg66qp7IaM66asIF0KICcg7Jik7KeBIOyaqeq4sOydmCDso7zsnbjrp4zsnbQg7Iuc7ZeY7J2EIOuwm+ydhCDsiJgg7J6I7Jy866as6528LiAn,WyBBIFJlc29uYXRpbmcgVm9pY2VdCidPbmx5IHRoZSBvbmUgd2hvIHBvc3Nlc3NlcyB0cnVlIGNvdXJhZ2Ugc2hhbGwgYmUgcHV0IHRvIHRoZSB0ZXN0Lic=,,WyDlm57lk43nmoTlo7Dpn7NdCicg5Y+q5pyJ5YuH5rCU55qE5Li75Lq65omN6IO95o6l5Y+X6K+V54K844CCICc=,,WyBBIFJlc29uYXRpbmcgVm9pY2VdCicg4Lih4Li14LmA4Lie4Li14Lii4LiH4LmA4LiI4LmJ4Liy4LiC4Lit4LiH4LmB4Lir4LmI4LiH4LiE4Lin4Liy4Lih4LiB4Lil4LmJ4Liy4LmA4LiX4LmI4Liy4LiZ4Lix4LmJ4LiZ4LiX4Li14LmI4LiI4Liw4LmE4LiU4LmJ4Lij4Lix4Lia4LiB4Liy4Lij4LiX4LiU4Liq4Lit4LiaICc=,,,,WyBXaWRlcmhhbGxTdGltbWVdCicgTnVyIGRlciBIZXJyIGRlcyBNdXRlcyB3aXJkIGRpZSBQcsO8ZnVuZyBlcmhhbHRlbiBrw7ZubmVuLiAn,WyBWb2l4IHJlc29uYW50ZV0KICcgU2V1bCBsZSBtYcOudHJlIGR1IGNvdXJhZ2UgcG91cnJhIHN1YmlyIGwnw6lwcmV1dmUuICc=,WyBTdWFyYSBNZW5nZ2VtYV0KICcgSGFueWEgcGVtaWxpayBrZWJlcmFuaWFuIHlhbmcgZGFwYXQgbWVuZXJpbWEgdWppYW4uICc=,WyBZYW5rxLFsYW5hbiBTZXNdCiAnIFlhbG7EsXpjYSBjZXNhcmV0aW4gc2FoaWJpIHPEsW5hdmEgZ2lyZWJpbGVjZWt0aXIuICc=
ApdJAQ,66CI67KE6rCAIOyeiOyKteuLiOuLpC4g64u56riw7Iuc6rKg7Iq164uI6rmMPw==,VGhlcmXigJlzIGEgbGV2ZXIgaGVyZS4gV291bGQgeW91IGxpa2UgdG8gcHVsbCBpdD8=,,6L+Z6YeM5pyJ5Liq5ouJ5p2G44CC6KaB5ouJ5Yqo5ZCX77yf,,4Lih4Li14LiE4Lix4LiZ4LmC4Lii4LiB4Lit4Lii4Li54LmIIOC4iOC4sOC4lOC4tuC4h+C5hOC4q+C4oT8=,,,,RGEgaXN0IGVpbiBIZWJlbC4gTcO2Y2h0ZW4gU2llIGlobiB6aWVoZW4/,SWwgeSBhIHVuIGxldmllci4gVm91bGV6LXZvdXMgbGUgdGlyZXI/,QWRhIHR1YXMuIEFwYWthaCBBbmRhIGFrYW4gbWVuYXJpa255YT8=,QmlyIGtvbCB2YXIuIMOHZWtlY2VrIG1pc2luaXo/
A5dJAQ,Mey4tSDroIjrsoTrpbwg64u56ri064ukLg==,UHVsbCB0aGUgbGV2ZXIgb24gdGhlIDFzdCBmbG9vci4=,,5ouJ5YqoIDHlsYIg55qE5ouJ5p2G44CC,,4LiU4Li24LiH4LiE4Lix4LiZ4LmC4Lii4LiB4LiK4Lix4LmJ4LiZIDE=,,,,RGVuIEhlYmVsIGltIDEuIFN0b2NrIHppZWhlbi4=,VGlyZXIgbGUgbGV2aWVyIGR1IDFlciDDqXRhZ2Uu,VGFyaWsgdHVhcyBsYW50YWkgMS4=,MS4ga2F0IGtvbHVudSDDp2VrZXIu
BJdJAQ,Muy4tSDroIjrsoTrpbwg64u56ri064ukLg==,UHVsbCB0aGUgbGV2ZXIgb24gdGhlIDJuZCBmbG9vci4=,,5ouJ5YqoIDLlsYIg55qE5ouJ5p2G44CC,,4LiU4Li24LiH4LiE4Lix4LiZ4LmC4Lii4LiB4LiK4Lix4LmJ4LiZIDI=,,,,RGVuIEhlYmVsIGltIDIuIFN0b2NrIHppZWhlbi4=,VGlyZXIgbGUgbGV2aWVyIGR1IDJlIMOpdGFnZS4=,VGFyaWsgdHVhcyBsYW50YWkgMi4=,Mi4ga2F0IGtvbHVudSDDp2VrZXIu
BZdJAQ,64u56riw7KeAIOyViuuKlOuLpC4=,SSB3b27igJl0IHB1bGwgaXQu,,5LiN5ouJ44CC,,4LmE4Lih4LmI4LiU4Li24LiH,,,,TmljaHQgemllaGVuLg==,TmUgcGFzIHRpcmVyLg==,SmFuZ2FuIHRhcmlrLg==,w4dla21lei4=
BpdJAQ,IOyVhOustOydvOuPhCDsnbzslrTrgpjsp4Ag7JWK7JWY7Iq164uI64ukLg==,Tm90aGluZyBoYXBwZW5lZC4=,,5LuA5LmI5Lmf5rKh5pyJ5Y+R55Sf44CC,,4LmE4Lih4LmI4Lih4Li14Lit4Liw4LmE4Lij4LmA4LiB4Li04LiU4LiC4Li24LmJ4LiZLg==,,,,RXMgaXN0IG5pY2h0cyBwYXNzaWVydC4=,SWwgbmUgcydlc3QgcmllbiBwYXNzw6ku,VGlkYWsgdGVyamFkaSBhcGEtYXBhLg==,SGnDp2JpciDFn2V5IG9sbWFkxLEu
B5dJAQ,642Y7KCEIOq0gOumrOyduA==,RHVuZ2VvbiBNYW5hZ2Vy,,5Zyw5LiL5Z+O566h55CG5ZGY,,RHVuZ2VvbiBNYW5hZ2Vy,,,,RHVuZ2VvbiBNYW5hZ2Vy,R2VzdCBkb25qb24=,TWFuYWplciBEdW5nZW9u,WmluZGFuIFnDtm5ldGljaXNp
CJdJAQ,6ri465OcIOyCrOustOyGjA==,R3VpbGQgT2ZmaWNl,,5YWs5Lya5Yqe5YWs5a6k,,4Liq4Liz4LiZ4Lix4LiB4LiH4Liy4LiZ4LiB4Li04Lil4LiU4LmM,,,,R2lsZGVuYsO8cm8=,QnVyZWF1IGRlIGd1aWxkZQ==,S2FudG9yIGd1aWxk,TG9uY2Egb2Zpc2k=
CZdJAQ,LSDshozsp4DtlZjqs6Ag6rOE7IugIOyVhOydtO2FnOydtCDrp47slYQg7KeE7ZaJ7ZWgIOyImCDsl4bsirXri4jri6QuIC0=,LSBZb3UgY2Fu4oCZdCBwcm9jZWVkIGJlY2F1c2UgeW914oCZcmUgY2FycnlpbmcgdG9vIG1hbnkgaXRlbXMuIC0=,,LSDlm6DkuLrkvaDmkLrluKbnmoTpgZPlhbflpKrlpJrvvIzml6Dms5Xov5vooYzjgIIgLQ==,,LSDguKHguLXguYTguK3guYDguJfguKHguJfguLXguYjguJ7guIHguK3guKLguLnguYjguKHguLLguIHguYDguIHguLTguJnguYTguJsg4LiI4Li24LiH4LmE4Lih4LmI4Liq4Liy4Lih4Liy4Lij4LiW4LiU4Liz4LmA4LiZ4Li04LiZ4LiB4Liy4Lij4LmE4LiU4LmJIC0=,,,,LSBEdSB0csOkZ3N0IHp1IHZpZWxlIEdlZ2Vuc3TDpG5kZSBiZWkgZGlyLCBkYWhlciBrYW5uc3QgZHUgbmljaHQgZm9ydGZhaHJlbi4gLQ==,LSBWb3VzIG5lIHBvdXZleiBwYXMgY29udGludWVyIGNhciB2b3VzIGF2ZXogdHJvcCBkJ29iamV0cyBzdXIgdm91cy4gLQ==,LSBUaWRhayBkYXBhdCBtZWxhbmp1dGthbiBrYXJlbmEgQW5kYSBtZW1iYXdhIHRlcmxhbHUgYmFueWFrIGl0ZW0uIC0=,LSDDnHplcmluaXpkZSDDp29rIGZhemxhIGXFn3lhIHZhciwgaWxlcmxleWVtZXpzaW5pei4gLQ==
CpdJAQ,W+uNmOyghCDqtIDrpqzsnbhdCuyjhOyGoe2VqeuLiOuLpC4g7KeA6riI7J2AIOqzteyEseyghOydtCDsp4TtlonrkJjqs6Ag7J6I7Ja0IOq4uOuTnOuNmOyghCDsnbTsmqnsnbQg67aI6rCA64ql7ZWp64uI64ukLg==,W0R1bmdlb24gTWFuYWdlcl0KSeKAmW0gc29ycnkuIEEgV2FyIG9mIEVtcGVyaXVtIGlzIGN1cnJlbnRseSBpbiBwcm9ncmVzcywgc28geW91IGNhbuKAmXQgdXNlIHRoZSBHdWlsZCBEdW5nZW9uIHJpZ2h0IG5vdy4=,,W+WcsOS4i+WfjueuoeeQhuWRmF0K5oqx5q2J44CC546w5Zyo5pS75Z+O5oiY5q2j5Zyo6L+b6KGM77yM5peg5rOV5L2/55So5YWs5Lya5Ymv5pys44CC,,W0R1bmdlb24gTWFuYWdlcl0K4LiC4Lit4LmC4LiX4LipIOC4leC4reC4meC4meC4teC5ieC4geC4s+C4peC4seC4h+C4oeC4teC4quC4h+C4hOC4o+C4suC4oeC4geC4tOC4peC4lOC5jOC4reC4ouC4ueC5iCDguIjguLbguIfguYTguKHguYjguKrguLLguKHguLLguKPguJbguYPguIrguYnguJTguLHguJnguYDguIjguLXguYnguKLguJnguIHguLTguKXguJTguYzguYTguJTguYk=,,,,W0R1bmdlb24gTWFuYWdlcl0KRXMgdHV0IG1pciBsZWlkLiBJbSBNb21lbnQgbMOkdWZ0IGVpbmUgQmVsYWdlcnVuZ3NzY2hsYWNodCwgZGFoZXIgaXN0IGRpZSBOdXR6dW5nIGRlcyBHaWxkZW5kdW5nZW9ucyBuaWNodCBtw7ZnbGljaC4=,W0dlc3QgZG9uam9uXQpKZSBzdWlzIGTDqXNvbMOpLiBVbmUgZ3VlcnJlIGRlIGNow6J0ZWF1IGVzdCBlbiBjb3VycywgaWwgZXN0IGRvbmMgaW1wb3NzaWJsZSBkJ3V0aWxpc2VyIGxlIGRvbmpvbiBkZSBndWlsZGUu,W01hbmFqZXIgRHVuZ2Vvbl0KTWFhZi4gU2FhdCBpbmkgUGVyYW5nIEthc3RpbCBzZWRhbmcgYmVybGFuZ3N1bmcsIGphZGkgR3VpbGQgRHVuZ2VvbiB0aWRhayBkYXBhdCBkaWd1bmFrYW4u,W1ppbmRhbiBZw7ZuZXRpY2lzaV0Kw5x6Z8O8bsO8bS4gxZ51IGFuZGEgS3XFn2F0bWEgU2F2YcWfxLEgZGV2YW0gZXR0acSfaSBpw6dpbiBsb25jYSB6aW5kYW7EsW7EsSBrdWxsYW5hbWF6c8SxbsSxei4=
C5dJAQ,W+uNmOyghCDqtIDrpqzsnbhdCuqzteyEseyghOydtCDsi5zsnpHtlZjrqbQg6ri465Oc642Y7KCE7JeQ7IScIOqwleygnCDth7TsnqXrkKnri4jri6QuCl5GRjAwMDDrsJztgqTrpqwg66CQ66aEIOuNmOyghCAy7Li1XjAwMDAwMOyXkCDsnoXsnqXtlZjsi5zqsqDsirXri4jquYw/IOyeheyepeujjOuKlCAz66eM7KCc64uI7J6F64uI64ukLg==,W0R1bmdlb24gTWFuYWdlcl0KV2hlbiB0aGUgV2FyIG9mIEVtcGVyaXVtIGJlZ2lucywgeW91IHdpbGwgYmUgZm9yY2libHkgcmVtb3ZlZCBmcm9tIHRoZSBHdWlsZCBEdW5nZW9uLgpXb3VsZCB5b3UgbGlrZSB0byBlbnRlciBeRkYwMDAwVmFsa3lyaWUgUmVhbG0gRHVuZ2VvbiBGbG9vciAyXjAwMDAwMD8gVGhlIGVudHJhbmNlIGZlZSBpcyAzMCwwMDBaZW55Lg==,,W+WcsOS4i+WfjueuoeeQhuWRmF0K5pS75Z+O5oiY5byA5aeL5ZCO77yM5L2g5bCG6KKr5by65Yi25LuO5YWs5Lya5Zyw5LiL5Z+O6YCA5Ye644CCCuimgei/m+WFpSBeRkYwMDAw5aWz5q2m56We6aKG5Z+fIOWcsOS4i+WfjiAy5bGCXjAwMDAwMCDlkJfvvJ/lhaXlnLrotLnmmK8gM+S4h1plbnnjgII=,,W0R1bmdlb24gTWFuYWdlcl0K4LmA4Lih4Li34LmI4Lit4Liq4LiH4LiE4Lij4Liy4Lih4LiK4Li04LiH4Lib4Lij4Liy4Liq4Liy4LiX4LmA4Lij4Li04LmI4Lih4LiC4Li24LmJ4LiZIOC4iOC4sOC4luC4ueC4geC4muC4seC4h+C4hOC4seC4muC5g+C4q+C5ieC4reC4reC4geC4iOC4suC4geC4geC4tOC4peC4lOC5jOC4lOC4seC4meC5gOC4iOC4teC5ieC4ouC4mQpeRkYwMDAwVmFsa3lyaWUgUmVhbG0gRHVuZ2VvbiAyRl4wMDAwMDAg4LiI4Liw4LmA4LiC4LmJ4Liy4LmE4Lir4LihPyDguITguYjguLLguYDguILguYnguLIgMyDguKvguKHguLfguYjguJkgWmVueQ==,,,,W0R1bmdlb24gTWFuYWdlcl0KV2VubiBkaWUgQmVsYWdlcnVuZ3NzY2hsYWNodCBiZWdpbm50LCB3aXJzdCBkdSBhdXMgZGVtIEdpbGRlbmR1bmdlb24gendhbmdzd2Vpc2UgaGluYXVzZ2V3b3JmZW4uCk3DtmNodGVzdCBkdSBeRkYwMDAwVmFsa3lyaWUtUmVpY2ggRHVuZ2VvbiAyRl4wMDAwMDAgYmV0cmV0ZW4/IERpZSBFaW50cml0dHNnZWLDvGhyIGJldHLDpGd0IDMwLjAwMCBaZW55Lg==,W0dlc3QgZG9uam9uXQpRdWFuZCBsYSBndWVycmUgZGUgc2nDqGdlIGNvbW1lbmNlLCB2b3VzIMOqdGVzIGV4cHVsc8OpIGRlIGZvcmNlIGR1IGRvbmpvbiBkZSBndWlsZGUuClNvdWhhaXRlei12b3VzIGVudHJlciBkYW5zIF5GRjAwMDBEb25qb24gZHUgUm95YXVtZSBkZXMgVmFsa3lyaWVzIDJGXjAwMDAwMD8gTGVzIGZyYWlzIGQnZW50csOpZSBzb250IGRlIDMwIDAwMCBaZW55Lg==,W01hbmFqZXIgRHVuZ2Vvbl0KU2FhdCBQZXJhbmcgS2FzdGlsIGRpbXVsYWksIEFuZGEgYWthbiBkaXBha3NhIGtlbHVhciBkYXJpIGR1bmdlb24gZ3VpbGQuCkFwYWthaCBBbmRhIGluZ2luIG1hc3VrIGtlIF5GRjAwMDBEdW5nZW9uIFZhbGt5cmllIFJlYWxtIDJGXjAwMDAwMD8gQmlheWEgbWFzdWtueWEgMzAuMDAwIFplbnku,W1ppbmRhbiBZw7ZuZXRpY2lzaV0KS3XFn2F0bWEgU2F2YcWfxLEgYmHFn2xhZMSxxJ/EsW5kYSBsb25jYSB6aW5kYW7EsW5kYW4gem9ybGEgw6fEsWthcsSxbMSxcnPEsW7EsXouCl5GRjAwMDBWYWxreXJpZSBEaXlhcsSxIFppbmRhbsSxIDJGXjAwMDAwMCBpw6dpbmUgZ2lybWVrIGlzdGVyIG1pc2luaXo/IEdpcmnFnyDDvGNyZXRpIDMwLjAwMCBaZW55ZGlyLg==
DJdJAQ,W+uNmOyghCDqtIDrpqzsnbhdCl5GRjAwMDDrsJztgqTrpqwg66CQ66aEIOuNmOyghCAy7Li1XjAwMDAwMOyXkCDsnoXsnqXtlZjsi5zqsqDsirXri4jquYw/IOyeheyepeujjOuKlCAz66eM7KCc64uI7J6F64uI64ukLg==,W0R1bmdlb24gTWFuYWdlcl0KV291bGQgeW91IGxpa2UgdG8gZW50ZXIgXkZGMDAwMFZhbGt5cmllIFJlYWxtIER1bmdlb24gRmxvb3IgMl4wMDAwMDA/IFRoZSBlbnRyYW5jZSBmZWUgaXMgMzAsMDAwWmVueS4=,,W+WcsOS4i+WfjueuoeeQhuWRmF0K6KaB6L+b5YWlIF5GRjAwMDDlpbPmrabnpZ7poobln58g5Zyw5LiL5Z+OIDLlsYJeMDAwMDAwIOWQl++8n+WFpeWcuui0ueaYryAz5LiHWmVueeOAgg==,,W0R1bmdlb24gTWFuYWdlcl0KXkZGMDAwMFZhbGt5cmllIFJlYWxtIER1bmdlb24gMkZeMDAwMDAwIOC4iOC4sOC5gOC4guC5ieC4suC5hOC4q+C4oT8g4LiE4LmI4Liy4LmA4LiC4LmJ4LiyIDMg4Lir4Lih4Li34LmI4LiZIFplbnk=,,,,W0R1bmdlb24gTWFuYWdlcl0KTcO2Y2h0ZXN0IGR1IF5GRjAwMDBWYWxreXJpZS1SZWljaCBEdW5nZW9uIDJGXjAwMDAwMCBiZXRyZXRlbj8gRGllIEVpbnRyaXR0c2dlYsO8aHIgYmV0csOkZ3QgMzAuMDAwIFplbnku,W0dlc3QgZG9uam9uXQpTb3VoYWl0ZXotdm91cyBlbnRyZXIgZGFucyBeRkYwMDAwRG9uam9uIGR1IFJveWF1bWUgZGVzIFZhbGt5cmllcyAyRl4wMDAwMDA/IExlcyBmcmFpcyBkJ2VudHLDqWUgc29udCBkZSAzMCAwMDAgWmVueS4=,W01hbmFqZXIgRHVuZ2Vvbl0KQXBha2FoIEFuZGEgaW5naW4gbWFzdWsga2UgXkZGMDAwMER1bmdlb24gVmFsa3lyaWUgUmVhbG0gMkZeMDAwMDAwPyBCaWF5YSBtYXN1a255YSAzMC4wMDAgWmVueS4=,W1ppbmRhbiBZw7ZuZXRpY2lzaV0KXkZGMDAwMFZhbGt5cmllIERpeWFyxLEgWmluZGFuxLEgMkZeMDAwMDAwIGnDp2luZSBnaXJtZWsgaXN0ZXIgbWlzaW5pej8gR2lyacWfIMO8Y3JldGkgMzAuMDAwIFplbnlkaXIu
DZdJAQ,7J6F7J6l7ZWc64ukLg==,RW50ZXIu,,6L+b5YWl44CC,,4LmA4LiC4LmJ4Liy,,,,SWNoIGJldHJldGUgaWhuLg==,RW50cmVyLg==,TWFzdWsu,R2lyacWfIHlhcC4=
DpdJAQ,7J6F7J6l7ZWY7KeAIOyViuuKlOuLpC4=,RG8gbm90IGVudGVyLg==,,5LiN6L+b5YWl44CC,,4LmE4Lih4LmI4LmA4LiC4LmJ4Liy4LmE4Lib,,,,TmljaHQgZWludHJldGVuLg==,SmUgbidlbnRyZSBwYXMu,VGlkYWsgbWFzdWsu,R2lybWV5ZWNlxJ9pbS4=
D5dJAQ,W+uNmOyghCDqtIDrpqzsnbhdCuyVhCEg67Cc7YKk66asIOugkOumhCDslYTsp4Dtirjrpbwg7IaM7Jyg7ZWcIOq4uOuTnOydmCDsobDtlansm5DsnbTshajqtbDsmpQuIOyeheyepeujjOuKlCDrrLTro4zsnoXri4jri6QuIOymkOqxsOyatCDsl6ztlonrkJjsi63si5zsmKQu,W0R1bmdlb24gTWFuYWdlcl0KQWghIFNvIHlvdeKAmXJlIGEgbWVtYmVyIG9mIHRoZSBndWlsZCB0aGF0IG93bnMgdGhlIFZhbGt5cmllIFJlYWxtIGhpZGVvdXQuIFRoZXJl4oCZcyBubyBhZG1pc3Npb24gZmVlLiBIYXZlIGEgcGxlYXNhbnQgam91cm5leS4=,,W+WcsOS4i+WfjueuoeeQhuWRmF0K5ZWK77yB5Y6f5p2l5L2g5piv5oul5pyJIOWls+atpuelnumihuWfnyDmja7ngrnnmoTlhazkvJrmiJDlkZjllYrjgILlhaXlnLrotLnlhY3otLnjgILnpZ3kvaDml4XpgJTmhInlv6vjgII=,,W0R1bmdlb24gTWFuYWdlcl0K4Lit4LmK4LiwISDguYDguJvguYfguJnguKrguKHguLLguIrguLTguIHguILguK3guIfguIHguLTguKXguJTguYzguJfguLXguYjguITguKPguK3guJrguITguKPguK3guIfguJDguLLguJnguJfguLXguYjguKHguLHguYjguJkgVmFsa3lyaWUgUmVhbG0g4Liq4Li04LiZ4LiwIOC4hOC5iOC4suC5gOC4guC5ieC4suC4n+C4o+C4tSDguILguK3guYPguKvguYnguYDguJTguLTguJnguJfguLLguIfguK3guKLguYjguLLguIfguKrguJnguLjguIE=,,,,W0R1bmdlb24gTWFuYWdlcl0KQWghIER1IGJpc3QgYWxzbyBlaW4gTWl0Z2xpZWQgZGVyIEdpbGRlLCBkaWUgZGFzIFZhbGt5cmllLVJlaWNoLVZlcnN0ZWNrIGJlc2l0enQuIERlciBFaW50cml0dCBpc3Qga29zdGVubG9zLiBJY2ggd8O8bnNjaGUgZGlyIGVpbmUgYW5nZW5laG1lIFJlaXNlLg==,W0dlc3QgZG9uam9uXQpBaCEgVm91cyDDqnRlcyBtZW1icmUgZGUgbGEgZ3VpbGRlIHF1aSBwb3Nzw6hkZSBsZSBjaMOidGVhdSBkZSBSb3lhdW1lIGRlcyBWYWxreXJpZXMuIEwnZW50csOpZSBlc3QgZ3JhdHVpdGUuIEJvbiB2b3lhZ2Uu,W01hbmFqZXIgRHVuZ2Vvbl0KQWghIEphZGkgQW5kYSBhbmdnb3RhIGd1aWxkIHlhbmcgbWVtaWxpa2kgbWFya2FzIFZhbGt5cmllIFJlYWxtLiBCaWF5YSBtYXN1a255YSBncmF0aXMuIFNlbW9nYSBwZXJqYWxhbmFuIEFuZGEgbWVueWVuYW5na2FuLg==,W1ppbmRhbiBZw7ZuZXRpY2lzaV0KQWghIERlbWVrIFZhbGt5cmllIERpeWFyxLEgw7xzc8O8bmUgc2FoaXAgbG9uY2FuxLFuIGJpciDDvHllc2lzaW5pei4gR2lyacWfIMO8Y3JldGkgw7xjcmV0c2l6ZGlyLiDEsHlpIHlvbGN1bHVrbGFyLg==
EJdJAQ,W+uNmOyghCDqtIDrpqzsnbhdCuyeheyepeujjOqwgCDrtoDsobHtlanri4jri6QuIOyeheyepeujjOuKlCAz66eMIOygnOuLiOyeheuLiOuLpC4=,W0R1bmdlb24gTWFuYWdlcl0KWW91IGRvbid0IGhhdmUgZW5vdWdoIGZvciB0aGUgZW50cmFuY2UgZmVlLiBUaGUgZW50cmFuY2UgZmVlIGlzIDMwLDAwMCBaZW55Lg==,,W+WcsOS4i+WfjueuoeeQhuWRmF0K5YWl5Zy66LS55LiN6Laz44CC5YWl5Zy66LS55Li6IDPkuIcgWmVueeOAgg==,,W0R1bmdlb24gTWFuYWdlcl0K4LiE4LmI4Liy4LmA4LiC4LmJ4Liy4LmE4Lih4LmI4Lie4LitIOC4hOC5iOC4suC5gOC4guC5ieC4siAzMCwwMDAgWmVueQ==,,,,W0R1bmdlb24gTWFuYWdlcl0KRHUgaGFzdCBuaWNodCBnZW51ZyBmw7xyIGRpZSBFaW50cml0dHNnZWLDvGhyLiBEaWUgRWludHJpdHRzZ2Viw7xociBiZXRyw6RndCAzMC4wMDAgWmVueS4=,W0dlc3QgZG9uam9uXQpWb3VzIG4nYXZleiBwYXMgYXNzZXogcG91ciBsZXMgZnJhaXMgZCdlbnRyw6llLiBMZXMgZnJhaXMgZCdlbnRyw6llIHNvbnQgZGUgMzAgMDAwIFplbnku,W01hbmFqZXIgRHVuZ2Vvbl0KQmlheWEgbWFzdWsgdGlkYWsgbWVuY3VrdXBpLiBCaWF5YSBtYXN1a255YSAzMC4wMDAgWmVueS4=,W1ppbmRhbiBZw7ZuZXRpY2lzaV0KR2lyacWfIMO8Y3JldGluaXogeWV0ZXJzaXouIEdpcmnFnyDDvGNyZXRpIDPkuIcgWmVueWRpci4=
EZdJAQ,W+uNmOyghCDqtIDrpqzsnbhdCuymkOqxsOyatCDsl6ztlonrkJjsi63si5zsmKQu,W0R1bmdlb24gTWFuYWdlcl0KSGF2ZSBhIHBsZWFzYW50IGpvdXJuZXku,,W+WcsOS4i+WfjueuoeeQhuWRmF0K56Wd5L2g5peF6YCU5oSJ5b+r44CC,,W0R1bmdlb24gTWFuYWdlcl0K4LiC4Lit4LmD4Lir4LmJ4LmA4LiU4Li04LiZ4LiX4Liy4LiH4LmD4Lir4LmJ4Liq4LiZ4Li44LiB,,,,W0R1bmdlb24gTWFuYWdlcl0KSWNoIHfDvG5zY2hlIGRpciBlaW5lIGFuZ2VuZWhtZSBSZWlzZS4=,W0dlc3QgZG9uam9uXQpCb24gdm95YWdlLg==,W01hbmFqZXIgRHVuZ2Vvbl0KU2Vtb2dhIHBlcmphbGFuYW4gQW5kYSBtZW55ZW5hbmdrYW4u,W1ppbmRhbiBZw7ZuZXRpY2lzaV0KxLB5aSB5b2xjdWx1a2xhci4=
EpdJAQ,W+uNmOyghCDqtIDrpqzsnbhdCl5GRjAwMDDrsJztgqTrpqwg66CQ66aEIOuNmOyghCAy7Li1XjAwMDAwMOydgCDslrjsoJzrk6Ag64u57Iug7J2EIOq4sOuLpOumrOqzoCDsnojsirXri4jri6Qu,W0R1bmdlb24gTWFuYWdlcl0KXkZGMDAwMFZhbGt5cmllIFJlYWxtIER1bmdlb24gRmxvb3IgMl4wMDAwMDAgaXMgYWx3YXlzIHdhaXRpbmcgZm9yIHlvdSwgd2hlbmV2ZXIgeW914oCZcmUgcmVhZHku,,W+WcsOS4i+WfjueuoeeQhuWRmF0KXkZGMDAwMOWls+atpuelnumihuWfnyDlnLDkuIvln44gMuWxgl4wMDAwMDAg6ZqP5pe26YO95Zyo562J5L2g44CC,,W0R1bmdlb24gTWFuYWdlcl0KXkZGMDAwMFZhbGt5cmllIFJlYWxtIER1bmdlb24gMkZeMDAwMDAwIOC4o+C4reC4reC4ouC4ueC5iOC5gOC4quC4oeC4rQ==,,,,W0R1bmdlb24gTWFuYWdlcl0KXkZGMDAwMFZhbGt5cmllLVJlaWNoIER1bmdlb24gMkZeMDAwMDAwIHdhcnRldCBqZWRlcnplaXQgYXVmIGRpY2gu,W0dlc3QgZG9uam9uXQpeRkYwMDAwRG9uam9uIGR1IFJveWF1bWUgZGVzIFZhbGt5cmllcyAyRl4wMDAwMDAgdm91cyBhdHRlbmQgw6AgdG91dCBtb21lbnQu,W01hbmFqZXIgRHVuZ2Vvbl0KXkZGMDAwMER1bmdlb24gVmFsa3lyaWUgUmVhbG0gMkZeMDAwMDAwIHNlbGFsdSBtZW51bmdndSBBbmRhIGthcGFuIHNhamEu,W1ppbmRhbiBZw7ZuZXRpY2lzaV0KXkZGMDAwMFZhbGt5cmllIERpeWFyxLEgWmluZGFuxLEgMkZeMDAwMDAwIHNpemkgaGVyIHphbWFuIGJla2xpeW9yLg==
E5dJAQ,6ri4642Y7YOA7J2066i4,R3VpbGQgRHVuZ2VvbiBUaW1lcg==,,5YWs5Lya5Ymv5pys6K6h5pe25Zmo,,R3VpbGQgRHVuZ2VvbiBUaW1lcg==,,,,R2lsZGVuZHVuZ2Vvbi1UaW1lcg==,TWludXRldXIgZG9uam9uIGd1aWxkZQ==,UGVuZ2F0dXIgV2FrdHUgR3VpbGQgRHVuZ2Vvbg==,R3VpbGQgWmluZGFuIFphbWFubGF5xLFjxLFzxLE=
FJdJAQ,6ri4642Y7Ye07J6l64+E7Jqw66+4,R3VpbGQgRHVuZ2VvbiBFeGl0IEhlbHBlcg==,,5YWs5Lya5Ymv5pys6YCA5Ye65Yqp5omL,,R3VpbGQgRGduIEV4aXQgSGVscGVy,,,,R2lsZGVuLURuZy1BdXNnLkgu,R3VpZGUgc29ydGllIGd1aWxkZQ==,UGVtYW5kdSBLZWx1YXIgR3VpbGQgRHVuZ2Vvbg==,R3VpbGQgWmluZGFuIMOHxLFrxLHFnyBZYXJkxLFtY8Sxc8Sx
FZdJAQ,642Y7KCEIOq0gOumrOyduDog67Cc7YKk66asIOugkOumhCDqs7XshLHsoITsnbQg7Iuc7J6R65CY7JeI7Iq164uI64ukLiDquLjrk5zrjZjsoITsnYQg7Y+Q7IeE7ZWp64uI64ukLg==,RHVuZ2VvbiBNYW5hZ2VyOiBUaGUgVmFsa3lyaWUgUmVhbG0gV2FyIG9mIEVtcGVyaXVtIGhhcyBiZWd1bi4gVGhlIEd1aWxkIER1bmdlb24gd2lsbCBub3cgYmUgY2xvc2VkLg==,,5Zyw5LiL5Z+O566h55CG5ZGYOiDlpbPmrabnpZ7poobln58g5pS75Z+O5oiY5bey57uP5byA5aeL44CC5YWz6Zet5YWs5Lya5Zyw5LiL5Z+O44CC,,RHVuZ2VvbiBNYW5hZ2VyOiDguKrguIfguITguKPguLLguKHguIrguLTguIfguJvguKPguLLguKrguLLguJcgVmFsa3lyaWUgUmVhbG0g4LmA4Lij4Li04LmI4Lih4LiC4Li24LmJ4LiZ4LmB4Lil4LmJ4LinIOC4m+C4tOC4lOC4geC4tOC4peC4lOC5jOC4lOC4seC4meC5gOC4iOC4teC5ieC4ouC4mQ==,,,,RHVuZ2VvbiBNYW5hZ2VyOiBEaWUgQmVsYWdlcnVuZ3NzY2hsYWNodCB2b24gVmFsa3lyaWUtUmVpY2ggaGF0IGJlZ29ubmVuLiBEZXIgR2lsZGVuZHVuZ2VvbiB3aXJkIGdlc2NobG9zc2VuLg==,R2VzdCBkb25qb246IExhIGd1ZXJyZSBkZSBzacOoZ2UgZGUgUm95YXVtZSBkZXMgVmFsa3lyaWVzIGEgY29tbWVuY8OpLiBMZSBkb25qb24gZGUgZ3VpbGRlIGVzdCBmZXJtw6ku,TWFuYWplciBEdW5nZW9uOiBQZXJhbmcgS2FzdGlsIFZhbGt5cmllIFJlYWxtIHRlbGFoIGRpbXVsYWkuIER1bmdlb24gZ3VpbGQgYWthbiBkaXR1dHVwLg==,WmluZGFuIFnDtm5ldGljaXNpOiBWYWxreXJpZSBEaXlhcsSxIEt1xZ9hdG1hIFNhdmHFn8SxIGJhxZ9sYWTEsS4gTG9uY2EgemluZGFuxLFuxLEga2FwYXTEsXlvcnVtLg==
FpdJAQ,642Y7KCEIOq0gOumrOyduDog7J6g7IucIO2bhCDquLjrk5zrjZjsoIQg7JWI7J2YIOuqqOuRkOqwgCDrsJbsnLzroZwg7J2064+Z65Cp64uI64ukLg==,RHVuZ2VvbiBNYW5hZ2VyOiBJbiBhIG1vbWVudCwgZXZlcnlvbmUgaW5zaWRlIHRoZSBHdWlsZCBEdW5nZW9uIHdpbGwgYmUgbW92ZWQgb3V0c2lkZS4=,,5Zyw5LiL5Z+O566h55CG5ZGYOiDnqI3lkI7vvIzlhazkvJrlia/mnKzlhoXnmoTmiYDmnInkurrpg73kvJrnp7vliqjliLDlpJbpnaLjgII=,,RHVuZ2VvbiBNYW5hZ2VyOiDguK3guLXguIHguKrguLHguIHguITguKPguLnguYgg4LiX4Li44LiB4LiE4LiZ4LmD4LiZ4LiU4Lix4LiZ4LmA4LiI4Li14LmJ4Lii4LiZ4LiB4Li04Lil4LiU4LmM4LiI4Liw4LiW4Li54LiB4Lii4LmJ4Liy4Lii4Lit4Lit4LiB4LmE4Lib4LiC4LmJ4Liy4LiH4LiZ4Lit4LiB,,,,RHVuZ2VvbiBNYW5hZ2VyOiBJbiBLw7xyemUgd2VyZGVuIGFsbGUgaW0gR2lsZGVuZHVuZ2VvbiBuYWNoIGRyYXXDn2VuIHZlcmxlZ3Qu,R2VzdCBkb25qb246IERhbnMgdW4gaW5zdGFudCwgdG91dCBsZSBtb25kZSBkYW5zIGxlIGRvbmpvbiBkZSBndWlsZGUgc2VyYSBkw6lwbGFjw6kgw6AgbCdleHTDqXJpZXVyLg==,TWFuYWplciBEdW5nZW9uOiBTZWJlbnRhciBsYWdpLCBzZW11YSBvcmFuZyBkaSBkYWxhbSBHdWlsZCBEdW5nZW9uIGFrYW4gZGlwaW5kYWhrYW4ga2UgbHVhci4=,WmluZGFuIFnDtm5ldGljaXNpOiBCaXJhemRhbiBsb25jYSB6aW5kYW7EsW5kYWtpIGhlcmtlcyBkxLHFn2FyxLEgdGHFn8SxbmFjYWsu
F5dJAQ,642Y7KCEIOq0gOumrOyduDogNQ==,RHVuZ2VvbiBNYW5hZ2VyOiA1,,5Zyw5LiL5Z+O566h55CG5ZGYOiA1,,RHVuZ2VvbiBNYW5hZ2VyOiA1,,,,RHVuZ2VvbiBNYW5hZ2VyOiA1,R2VzdCBkb25qb246IDU=,TWFuYWplciBEdW5nZW9uOiA1,WmluZGFuIFnDtm5ldGljaXNpOiA1
GJdJAQ,642Y7KCEIOq0gOumrOyduDogNA==,RHVuZ2VvbiBNYW5hZ2VyOiA0,,5Zyw5LiL5Z+O566h55CG5ZGYOiA0,,RHVuZ2VvbiBNYW5hZ2VyOiA0,,,,RHVuZ2VvbiBNYW5hZ2VyOiA0,R2VzdCBkb25qb246IDQ=,TWFuYWplciBEdW5nZW9uOiA0,WmluZGFuIFnDtm5ldGljaXNpOiA0
GZdJAQ,642Y7KCEIOq0gOumrOyduDogMw==,RHVuZ2VvbiBNYW5hZ2VyOiAz,,5Zyw5LiL5Z+O566h55CG5ZGYOiAz,,RHVuZ2VvbiBNYW5hZ2VyOiAz,,,,RHVuZ2VvbiBNYW5hZ2VyOiAz,R2VzdCBkb25qb246IDM=,TWFuYWplciBEdW5nZW9uOiAz,WmluZGFuIFnDtm5ldGljaXNpOiAz
GpdJAQ,642Y7KCEIOq0gOumrOyduDogMg==,RHVuZ2VvbiBNYW5hZ2VyOiAy,,5Zyw5LiL5Z+O566h55CG5ZGYOiAy,,RHVuZ2VvbiBNYW5hZ2VyOiAy,,,,RHVuZ2VvbiBNYW5hZ2VyOiAy,R2VzdCBkb25qb246IDI=,TWFuYWplciBEdW5nZW9uOiAy,WmluZGFuIFnDtm5ldGljaXNpOiAy
G5dJAQ,642Y7KCEIOq0gOumrOyduDogMQ==,RHVuZ2VvbiBNYW5hZ2VyOiAx,,5Zyw5LiL5Z+O566h55CG5ZGYOiAx,,RHVuZ2VvbiBNYW5hZ2VyOiAx,,,,RHVuZ2VvbiBNYW5hZ2VyOiAx,R2VzdCBkb25qb246IDE=,TWFuYWplciBEdW5nZW9uOiAx,WmluZGFuIFnDtm5ldGljaXNpOiAx
HJdJAQ,642Y7KCEIOq0gOumrOyduDog7JWI64WV7Z6IIOqwgOyEuOyalC4g6ri465Oc642Y7KCE7J2EIOydtOyaqe2VtOyjvOyFlOyEnCDqsJDsgqztlanri4jri6Qu,RHVuZ2VvbiBNYW5hZ2VyOiBHb29kYnllLiBUaGFuayB5b3UgZm9yIHVzaW5nIHRoZSBHdWlsZCBEdW5nZW9uLg==,,5Zyw5LiL5Z+O566h55CG5ZGYOiDlho3op4HjgILmhJ/osKLkvaDkvb/nlKjlhazkvJrlnLDkuIvln47jgII=,,RHVuZ2VvbiBNYW5hZ2VyOiDguYDguJTguLTguJnguJfguLLguIfguYLguJTguKLguKrguKfguLHguKrguJTguLTguKDguLLguJ4g4LiC4Lit4Lia4LmD4LiI4LiX4Li14LmI4LmD4LiK4LmJ4LiB4Li04Lil4LiU4LmM4LiU4Lix4LiZ4LmA4LiI4Li14LmJ4Lii4LiZ,,,,RHVuZ2VvbiBNYW5hZ2VyOiBBdWYgV2llZGVyc2VoZW4uIFZpZWxlbiBEYW5rLCBkYXNzIGR1IGRlbiBHaWxkZW5kdW5nZW9uIGdlbnV0enQgaGFzdC4=,R2VzdCBkb25qb246IEF1IHJldm9pci4gTWVyY2kgZCdhdm9pciB1dGlsaXPDqSBsZSBkb25qb24gZGUgZ3VpbGRlLg==,TWFuYWplciBEdW5nZW9uOiBTZWxhbWF0IGphbGFuLiBUZXJpbWEga2FzaWggdGVsYWggbWVuZ2d1bmFrYW4gR3VpbGQgRHVuZ2Vvbi4=,WmluZGFuIFnDtm5ldGljaXNpOiBIb8Wfw6dhIGthbMSxbi4gTG9uY2EgemluZGFuxLFuxLEga3VsbGFuZMSxxJ/EsW7EsXogacOnaW4gdGXFn2Vra8O8ciBlZGVyaXou
