AEeG,6ri465OcIOyCrOustOyngeybkA==,R3VpbGQgQ2xlcms=,,5YWs5Lya5LqL5Yqh5Lq65ZGY,,R3VpbGQgQ2xlcms=,,,UGVyc29uYWwgYWRtaW5pc3RyYXRpdm8gZGVsIEdyZW1pbw==,R2lsZGVuYW5nZXN0ZWxsdGVy,RW1wbG95w6kgZGUgZ3VpbGRl,R3VpbGQgQ2xlcms=,TG9uY2EgTWVtdXJ1
AUeG,W+q4uOuTnCDsgqzrrLTsp4Hsm5BdCuyggO2drCDquLjrk5wg7IKs66y07IaM7JeQ7ISc64qUIOuqqO2XmOqwgOuLmOuTpOydmCDsm5DtmZztlZwg66qo7J6E7J2EIOyggeq3uSDsp4Dsp4Dtlanri4jri6Q=,W0d1aWxkIENsZXJrXQpPdXIgR3VpbGQgT2ZmaWNlIGFjdGl2ZWx5IHN1cHBvcnRzIGFkdmVudHVyZXJzIGluIGZvcm1pbmcgYW5kIG1hbmFnaW5nIHRoZWlyIGd1aWxkcy4=,,W+WFrOS8muS6i+WKoeS6uuWRmF0K5oiR5Lus5YWs5Lya5LqL5Yqh5omA56ev5p6B5pSv5oyB5YaS6Zmp6ICF5Lus6aG65Yip6ZuG5Lya44CC,,W0d1aWxkIENsZXJrXQrguJfguLXguYjguIHguLTguKXguJTguYzguILguK3guIfguYDguKPguLLguKrguJnguLHguJrguKrguJnguLjguJnguIHguLLguKPguKPguKfguKHguJXguLHguKfguILguK3guIfguJnguLHguIHguJzguIjguI3guKDguLHguKLguK3guKLguYjguLLguIfguYDguJXguYfguKHguJfguLXguYg=,,,W1BlcnNvbmFsIGFkbWluaXN0cmF0aXZvIGRlbCBHcmVtaW9dCk51ZXN0cmEgb2ZpY2luYSBkZWwgR3JlbWlvIGFwb3lhIGFjdGl2YW1lbnRlIHF1ZSBsb3MgYXZlbnR1cmVyb3MgcHVlZGFuIHJldW5pcnNlIHNpbiBwcm9ibGVtYXMu,W0dpbGRlbmFuZ2VzdGVsbHRlcl0KVW5zZXIgR2lsZGVuYsO8cm8gdW50ZXJzdMO8dHp0IGFrdGl2IGVpbiByZWlidW5nc2xvc2VzIFp1c2FtbWVua29tbWVuIHZvbiBBYmVudGV1cmVybi4=,W0VtcGxvecOpIGRlIGd1aWxkZV0KTGUgYnVyZWF1IGRlIGd1aWxkZSBzb3V0aWVudCBsZXMgcmFzc2VtYmxlbWVudHMgZOKAmWF2ZW50dXJpZXJzLg==,W0d1aWxkIENsZXJrXQpEaSBrYW50b3IgZ3VpbGQga2FtaSwga2FtaSBha3RpZiBtZW5kdWt1bmcgcGVydGVtdWFuIHBhcmEgQWR2ZW50dXJlciBhZ2FyIGJlcmphbGFuIGxhbmNhci4=,W0xvbmNhIE1lbXVydV0KTG9uY2Egb2Zpc2ltaXpkZSwgbWFjZXJhY8SxbGFyxLFuIHNvcnVuc3V6Y2EgYmlyIGFyYXlhIGdlbG1lc2luaSBha3RpZiBvbGFyYWsgZGVzdGVrbGl5b3J1ei4=
AkeG,W+q4uOuTnCDsgqzrrLTsp4Hsm5BdCuq3uCDsnbztmZjsnLzroZwgXjAwMDBGRuyblOyalOydvH7thqDsmpTsnbxeMDAwMDAwCuunpOydvCAxMDDqsJwg7ZWc7KCV7IiY65+J7J2YIDxJVEVNPuyXoO2OoOumrOybgDxJTkZPPjcxNDwvSU5GTz48L0lURU0+7J2ECuyYpO2bhCBeMDAwMEZGMTg6MDB+MjM6NTleMDAwMDAwIOq5jOyngCDtjJDrp6TtlZjqs6Ag7J6I7Iq164uI64ukLg==,W0d1aWxkIENsZXJrXQpBcyBwYXJ0IG9mIHRoYXQgc3VwcG9ydCwgZnJvbSBeMDAwMEZGTW9uZGF5IHRvIFNhdHVyZGF5XjAwMDAwMCwKd2Ugc2VsbCBhIGxpbWl0ZWQgcXVhbnRpdHkgb2YgMTAwIDxJVEVNPkVtcGVsaXVtPElORk8+NzE0PC9JTkZPPjwvSVRFTT4gcGVyIGRheSwKZnJvbSBeMDAwMEZGMTg6MDAgdG8gMjM6NTleMDAwMDAwLg==,,W+WFrOS8muS6i+WKoeS6uuWRmF0K5L2c5Li65YW25Lit5LiA546v77yMXjAwMDBGRuWRqOS4gH7lkajlha1eMDAwMDAwCuavj+WkqemZkOmHjzEwMOS4queahDxJVEVNPuWNjuS4vemHkeWxnjxJTkZPPjcxNDwvSU5GTz48L0lURU0+CuWcqOS4i+WNiF4wMDAwRkYxODogMDB+MjM6IDU5XjAwMDAwMOacn+mXtOWHuuWUruOAgg==,,W0d1aWxkIENsZXJrXQrguJTguYnguKfguKLguYDguKvguJXguLjguJnguLXguYkg4LmD4LiZ4LiK4LmI4Lin4LiHIF4wMDAwRkbguKfguLHguJnguK3guLHguIfguITguLLguKPigJPguKfguLHguJnguK3guLLguJfguLTguJXguKLguYxeMDAwMDAwCuC4iOC4sOC4oeC4teC4geC4suC4o+C4iOC4s+C4q+C4meC5iOC4suC4oiA8SVRFTT5FbXBlcml1bTxJTkZPPjcxNDwvSU5GTz48L0lURU0+CuC4iOC4s+C4meC4p+C4meC4iOC4s+C4geC4seC4lOC4p+C4seC4meC4peC4sCAxMDAg4LiK4Li04LmJ4LiZIOC5gOC4p+C4peC4siBeMDAwMEZGMDE6MDDigJMwNjo1OSBBTV4wMDAwMDA=,,,W1BlcnNvbmFsIGFkbWluaXN0cmF0aXZvIGRlbCBHcmVtaW9dCkNvbW8gcGFydGUgZGUgZWxsbywgZGUgXjAwMDBGRmx1bmVzIGEgc8OhYmFkb14wMDAwMDAKdmVuZGVtb3MgdW4gbcOheGltbyBkZSAxMDAgdW5pZGFkZXMgZGlhcmlhcyBkZSA8SVRFTT5FbXBlcml1bTxJTkZPPjcxNDwvSU5GTz48L0lURU0+CmRlIF4wMDAwRkYxODowMCBhIDIzOjU5XjAwMDAwMC4=,W0dpbGRlbmFuZ2VzdGVsbHRlcl0KSW0gUmFobWVuIGRlc3NlbiB2ZXJrYXVmZW4gd2lyIHZvbiBeMDAwMEZGTW9udGFnflNhbXN0YWdeMDAwMDAwCnTDpGdsaWNoIGluIGJlZ3Jlbnp0ZXIgTWVuZ2UgMTAwIFN0w7xjayA8SVRFTT5FbXBlcml1bTxJTkZPPjcxNDwvSU5GTz48L0lURU0+CmJpcyBeMDAwMEZGMTg6MDB+MjM6NTleMDAwMDAwLg==,W0VtcGxvecOpIGRlIGd1aWxkZV0KRGFucyBjZSBjYWRyZSwgZHUgXjAwMDBGRmx1bmRpIGF1IHNhbWVkaV4wMDAwMDAKdmVudGUgcXVvdGlkaWVubmUgOiA8SVRFTT5FbXBlcml1bTxJTkZPPjcxNDwvSU5GTz48L0lURU0+ICgxMDAgZXguIG1heCkKaG9yYWlyZXMgOiBeMDAwMEZGMTg6MDB+MjM6NTleMDAwMDAwLg==,W0d1aWxkIENsZXJrXQpTZWJhZ2FpIGJhZ2lhbiBkYXJpIGl0dSwgXjAwMDBGRlNlbmluflNhYnR1XjAwMDAwMApzZXRpYXAgaGFyaSBrYW1pIG1lbmp1YWwgPElURU0+RW1wZXJpdW08SU5GTz43MTQ8L0lORk8+PC9JVEVNPiBkZW5nYW4ganVtbGFoIHRlcmJhdGFzIDEwMCBidWFoCmhpbmdnYSBwdWt1bCBeMDAwMEZGMTg6MDB+MjM6NTleMDAwMDAwLg==,W0xvbmNhIE1lbXVydV0KQnVudW4gYmlyIHBhcsOnYXPEsSBvbGFyYWsgXjAwMDBGRlBhemFydGVzaX5DdW1hcnRlc2leMDAwMDAwCmhlciBnw7xuIDEwMCBhZGV0bGUgc8SxbsSxcmzEsSA8SVRFTT5FbXBlcnl1bTxJTkZPPjcxNDwvSU5GTz48L0lURU0+IMO8csO8bsO8bsO8CsO2xJ9sZWRlbiBzb25yYSBeMDAwMEZGMTg6MDB+MjM6NTleMDAwMDAwIHNhYXRsZXJpIGFyYXPEsW5kYSBzYXTEsXlvcnV6Lg==
A0eG,W+q4uOuTnCDsgqzrrLTsp4Hsm5BdCuydtOyZuOydmCDsi5zqsITsl5DripQg7KCA7Z2sIOq4uOuTnOyCrOustOyGjOuPhCDsl6DtjqDrpqzsm4Ag7IiY6riJ7J2EIOychO2VtOyEnCDrm7DslrTri6TrhYDslbwg7ZWY6riwIOuVjOusuOyXkCDtjJDrp6Trpbwg7ZWY7KeAIOyViuycvOuLiCDssLjqs6DtlZjsi63si5zsmKQu,W0d1aWxkIENsZXJrXQpQbGVhc2Ugbm90ZSB0aGF0IG91dHNpZGUgdGhlc2UgaG91cnMsIHdlIGRvIG5vdCBzZWxsIEVtcGVsaXVtLAphcyBvdXIgR3VpbGQgT2ZmaWNlIG11c3QgYWxzbyB3b3JrIHRvIHNlY3VyZSBzdXBwbGllcy4=,,W+WFrOS8muS6i+WKoeS6uuWRmF0K5YW25LuW5pe26Ze05oiR5Lus5YWs5Lya5LqL5Yqh5omA5Lmf5b6X5Li65Y2O5Li96YeR5bGe55qE5L6b57uZ5Zub5aSE5aWU6LWw77yM5omA5Lul5LiN6L+b6KGM5Ye65ZSu77yM6K+355+l5oKJ44CC,,W0d1aWxkIENsZXJrXQrguKrguYjguKfguJnguYDguKfguKXguLLguK3guLfguYjguJkg4LiX4Liy4LiH4LiB4Li04Lil4LiU4LmM4LiV4LmJ4Lit4LiH4Lit4Lit4LiB4LmE4Lib4LiI4Lix4LiU4Lir4LiyIEVtcGVyaXVtCuC4iOC4tuC4h+C5hOC4oeC5iOC4quC4suC4oeC4suC4o+C4luC4iOC4s+C4q+C4meC5iOC4suC4ouC5hOC4lOC5iSDguYLguJvguKPguJTguJfguKPguLLguJrguYTguKfguYnguJTguYnguKfguKI=,,,W1BlcnNvbmFsIGFkbWluaXN0cmF0aXZvIGRlbCBHcmVtaW9dClRlbmdhIGVuIGN1ZW50YSBxdWUgZnVlcmEgZGUgZXNlIGhvcmFyaW8gbm8gdmVuZGVtb3MgbmFkYSwgcG9ycXVlIG51ZXN0cmEgb2ZpY2luYSBkZWwgR3JlbWlvIHRhbWJpw6luIGRlYmUgb2N1cGFyc2UgZGUgY29uc2VndWlyIEVtcGVyaXVtLg==,W0dpbGRlbmFuZ2VzdGVsbHRlcl0KQXXDn2VyaGFsYiBkaWVzZXIgWmVpdGVuIHZlcmthdWZlbiB3aXIgbmljaHQg4oCTIHdpciBtw7xzc2VuIHNjaGxpZcOfbGljaCBzZWxic3QgbG9zemllaGVuIHVuZCBFbXBlcml1bSBiZXNjaGFmZmVuLiBBbHNvIG1lcmt0IGV1Y2ggZGFzLg==,W0VtcGxvecOpIGRlIGd1aWxkZV0KSG9ycyBob3JhaXJlcywgcGFzIGRlIHZlbnRlIDogbGUgYnVyZWF1IGRvaXQgYXVzc2kgc+KAmWFwcHJvdmlzaW9ubmVyIGVuIEVtcGVyaXVtLg==,W0d1aWxkIENsZXJrXQpEaSBsdWFyIGphbSB0ZXJzZWJ1dCwga2FudG9yIGd1aWxkIGthbWkganVnYSBoYXJ1cyBiZXJrZWxpbGluZyB1bnR1ayBtZW5kYXBhdGthbiBFbXBlcml1bSwgamFkaSBrYW1pIHRpZGFrIGJlcmp1YWxhbiwgaGFyYXAgZGlwZXJoYXRpa2FuLg==,W0xvbmNhIE1lbXVydV0KRGnEn2VyIHNhYXRsZXJkZSBpc2UgbG9uY2Egb2Zpc2ltaXogZGUgRW1wZXJ5dW0gdGVkYXJpa2kgacOnaW4ga2/Fn3R1cm1hayB6b3J1bmRhIG9sZHXEn3VuZGFuIHNhdMSxxZ8geWFwbcSxeW9ydXosIGzDvHRmZW4gYnVudSBkaWtrYXRlIGFsxLFuLg==
BEeG,W+q4uOuTnCDsgqzrrLTsp4Hsm5BdCuq4uOuTnCDsgqzrrLTshozsl5Ag7Jik64qYIO2VmOujqCDrsLDtj6zrkKAg7Jeg7Y6g66as7JuA7J20IOuPhOywqe2WiOyKteuLiOuLpC4g6rWs66ek66W8IOybkO2VmOyLnOuptCDsm5DtlZjripQg66eM7YG8IOuLtOyVhOyjvOyEuOyalH4=,W0d1aWxkIENsZXJrXQpUb2RheeKAmXMgc3VwcGx5IG9mIEVtcGVsaXVtIGZvciB0aGUgR3VpbGQgT2ZmaWNlIGhhcyBhcnJpdmVkLgpJZiB5b3Ugd2lzaCB0byBwdXJjaGFzZSBzb21lLCBwbGVhc2UgdGFrZSBhcyBtYW55IGFzIHlvdSBuZWVkfg==,,W+WFrOS8muS6i+WKoeS6uuWRmF0K5YWs5Lya5LqL5Yqh5omA5LuK5aSp6KaB5Y+R5pS+55qE5Y2O5Li96YeR5bGe5bey57uP5Yiw5LqG44CC5oOz6LSt5Lmw55qE6K+d77yM6K+35oyJ5L2g5oOz6KaB55qE5pWw6YeP5pS+6L+b5Y675ZCnfg==,,W0d1aWxkIENsZXJrXQpFbXBlcml1bSDguKrguLPguKvguKPguLHguJrguKfguLHguJnguJnguLXguYnguKHguLLguJbguLbguIfguYHguKXguYnguKcK4Lir4Liy4LiB4LiV4LmJ4Lit4LiH4LiB4Liy4Lij4LiL4Li34LmJ4LitIOC4geC5h+C5gOC4peC4t+C4reC4geC4leC4suC4oeC4iOC4s+C4meC4p+C4meC4l+C4teC5iOC4leC5ieC4reC4h+C4geC4suC4o+C5hOC4lOC5ieC5gOC4peC4on4=,,,W1BlcnNvbmFsIGFkbWluaXN0cmF0aXZvIGRlbCBHcmVtaW9dCkhhIGxsZWdhZG8gRW1wZXJpdW0sIHF1ZSBzZSBkaXN0cmlidWlyw6EgaG95IGVuIGxhIG9maWNpbmEgZGVsIEdyZW1pby4gU2kgZGVzZWEgY29tcHJhcmxvLCBsbMOpdmVzZSBsYSBjYW50aWRhZCBxdWUgZGVzZWV+,W0dpbGRlbmFuZ2VzdGVsbHRlcl0KRGFzIEVtcGVyaXVtLCBkYXMgaGV1dGUgaW0gR2lsZGVuYsO8cm8gdmVydGVpbHQgd2lyZCwgaXN0IGVpbmdldHJvZmZlbi4gV2VubiBJaHIgd2VsY2hlcyBrYXVmZW4gbcO2Y2h0ZXQsIG5laG10IGVpbmZhY2ggc28gdmllbCwgd2llIElociBicmF1Y2h0fg==,W0VtcGxvecOpIGRlIGd1aWxkZV0KTGVzIEVtcGVyaXVtIMOgIGRpc3RyaWJ1ZXIgYXVqb3VyZCdodWkgc29udCBhcnJpdsOpcyBhdSBidXJlYXUgZGUgZ3VpbGRlLiBTaSB2b3VzIHNvdWhhaXRleiBlbiBhY2hldGVyLCBwcmVuZXotZW4gYXV0YW50IHF1ZSB2b3VzIHZvdWxlen4=,W0d1aWxkIENsZXJrXQpFbXBlcml1bSB5YW5nIGFrYW4gZGliYWdpa2FuIGhhcmkgaW5pIHRlbGFoIHRpYmEgZGkga2FudG9yIGd1aWxkLiBKaWthIGluZ2luIG1lbWJlbGksIHNpbGFrYW4gYW1iaWwgc2ViYW55YWsgeWFuZyBLYW11IG1hdX4=,W0xvbmNhIE1lbXVydV0KTG9uY2Egb2Zpc2luZSBidWfDvG4gZGHEn8SxdMSxbGFjYWsgRW1wZXJ5dW0gdWxhxZ90xLEuIFNhdMSxbiBhbG1hayBpc3RpeW9yc2FuxLF6LCBpc3RlZGnEn2luaXoga2FkYXIgc2VwZXRlIGtveXVufg==
BUeG,W+q4uOuTnCDsgqzrrLTsp4Hsm5BdCuq3uOuCmOyggOuCmCDsm5TsmpTsnbzsnYAg7KCV66eQIO2UvOqzpO2VmOq1sOyalC4=,W0d1aWxkIENsZXJrXQpCeSB0aGUgd2F5LCBNb25kYXlzIGFyZSByZWFsbHkgZXhoYXVzdGluZy4=,,W+WFrOS8muS6i+WKoeS6uuWRmF0K6K+d6K+05Zue5p2l77yM5ZGo5LiA55yf5piv57Sv5ZWK44CC,,W0d1aWxkIENsZXJrXQrguKfguYjguLLguYHguJXguYgg4Lin4Lix4LiZ4LiI4Lix4LiZ4LiX4Lij4LmM4LiZ4Li14LmI4LiK4LmI4Liy4LiH4LmA4Lir4LiZ4Li34LmI4Lit4Lii4Lil4LmJ4Liy4LiI4Lij4Li04LiHIOC5hg==,,,W1BlcnNvbmFsIGFkbWluaXN0cmF0aXZvIGRlbCBHcmVtaW9dClBvciBjaWVydG8sIGxvcyBsdW5lcyBzb24gcmVhbG1lbnRlIGFnb3RhZG9yZXMu,W0dpbGRlbmFuZ2VzdGVsbHRlcl0KUHVoIOKApiBNb250YWdlIHNpbmQgZWNodCB6w6RoLg==,W0VtcGxvecOpIGRlIGd1aWxkZV0KQ2VsYSBkaXQsIGxlIGx1bmRpIGVzdCB2cmFpbWVudCBmYXRpZ2FudC4=,W0d1aWxkIENsZXJrXQpOZ29tb25nLW5nb21vbmcsIGhhcmkgU2VuaW4gYmVuYXItYmVuYXIgbWVsZWxhaGthbiB5YS4=,W0xvbmNhIE1lbXVydV0KWWluZSBkZSBQYXphcnRlc2kgZ2Vyw6dla3RlbiB5b3J1Y3Ugb2x1eW9yLg==
BkeG,W+q4uOuTnCDsgqzrrLTsp4Hsm5BdCuyYpOuKmOydgCDsmaDsp4Ag7Jeg7Y6g66as7JuA7J2EIOywvuuKlOu2hOuTpOydtCDrp47snYQg6rKDIOqwmeq1sOyalC4g6re464OlIOqwnOyduOyggeyduCDquLDrtoTsnoXri4jri6Qu,W0d1aWxkIENsZXJrXQpGb3Igc29tZSByZWFzb24sIEkgaGF2ZSBhIGZlZWxpbmcgbWFueSBwZW9wbGUgd2lsbCBiZSBsb29raW5nIGZvciBFbXBlbGl1bSB0b2RheS4KSnVzdCBhIHBlcnNvbmFsIGh1bmNoLg==,,W+WFrOS8muS6i+WKoeS6uuWRmF0K5LuK5aSp5LiN55+l5oCO5LmI55qE77yM5oSf6KeJ5p2l5om+5Y2O5Li96YeR5bGe55qE5Lq65Lya5b6I5aSa5ZGi44CC5Y+q5piv5oiR5Liq5Lq655qE5oSf6KeJ44CC,,W0d1aWxkIENsZXJrXQrguKfguLHguJnguJnguLXguYnguKPguLnguYnguKrguLbguIHguYDguKvguKHguLfguK3guJnguIjguLDguKHguLXguITguJnguKHguLLguKvguLIgRW1wZXJpdW0g4LmA4Lii4Lit4Liw4LmA4Lib4LmH4LiZ4Lie4Li04LmA4Lio4LipCuC4geC5h+C5geC4hOC5iOC4hOC4p+C4suC4oeC4o+C4ueC5ieC4quC4tuC4geC4quC5iOC4p+C4meC4leC4seC4p+C4meC5iOC4sOC4meC4sA==,,,W1BlcnNvbmFsIGFkbWluaXN0cmF0aXZvIGRlbCBHcmVtaW9dCkhveSBwYXJlY2UgcXVlIGhhYnLDoSBtdWNoYSBnZW50ZSBidXNjYW5kbyBFbXBlcml1bS4gRXMgc29sbyB1bmEgaW1wcmVzacOzbiBwZXJzb25hbC4=,W0dpbGRlbmFuZ2VzdGVsbHRlcl0KSGV1dGUgd2VyZGVuIHdvaGwgd2llZGVyIHZpZWxlIG5hY2ggRW1wZXJpdW0gZnJhZ2VuLiBOdXIgc28gZWluIEdlZsO8aGwu,W0VtcGxvecOpIGRlIGd1aWxkZV0KQXVqb3VyZOKAmWh1aSwgauKAmWFpIGzigJlpbXByZXNzaW9uIHF1ZSBiZWF1Y291cCB2b250IGNoZXJjaGVyIGRlIGzigJlFbXBlcml1bS4gU2ltcGxlIGludHVpdGlvbi4=,W0d1aWxkIENsZXJrXQpFbnRhaCBrZW5hcGEsIHNlcGVydGlueWEgaGFyaSBpbmkgYWthbiBiYW55YWsgb3JhbmcgeWFuZyBtZW5jYXJpIEVtcGVyaXVtLiBJbmkgaGFueWEgcGVyYXNhYW5rdSBzYWphLg==,W0xvbmNhIE1lbXVydV0KQnVnw7xuIG5lZGVuc2UgRW1wZXJ5dW0gYXJheWFubGFyxLFuIMOnb2sgb2xhY2HEn8SxbsSxIGTDvMWfw7xuw7x5b3J1bS4gU2FkZWNlIGtpxZ9pc2VsIGJpciBoaXMu
B0eG,W+q4uOuTnCDsgqzrrLTsp4Hsm5BdCuyVnuycvOuhnCDsnbTti4Drp4wg642UIOuztOuCtOuptCDtnLTsnbzsnbTrnbzri4guLi4g7JWELCDsoIDripQg65Sx7Z6IIO2ctOydvOydtCDrkJjslrTrj4Qg7Ims7KeEIOuqu+2VqeuLiOuLpCDtlZjtlZjtlZgu,W0d1aWxkIENsZXJrXQpPbmx5IHR3byBtb3JlIGRheXMgdW50aWwgdGhlIHdlZWtlbmQuLi4KQWgsIHRob3VnaCBJIGRvbuKAmXQgcmVhbGx5IGdldCB0byByZXN0IGV2ZW4gb24gaG9saWRheXMuIEhhaGFoYS4=,,W+WFrOS8muS6i+WKoeS6uuWRmF0K5YaN6L+H5Lik5aSp5bCx5piv5LyR5oGv5pel5LqG4oCm4oCm5ZWK77yM5LiN6L+H5bCx566X5Yiw5LqG5LyR5oGv5pel77yM5oiR5Lmf5rKh5rOV5LyR5oGv77yM5ZOI5ZOI5ZOI44CC,,W0d1aWxkIENsZXJrXQrguK3guLXguIHguYHguITguYjguKrguK3guIfguKfguLHguJnguIHguYfguIjguLDguYTguJTguYnguKvguKLguLjguJTguYHguKXguYnguKcuLi4K4Lit4LiyIOC5geC4leC5iOC4quC4s+C4q+C4o+C4seC4muC4guC5ieC4siDguJXguYjguK3guYPguKvguYnguYDguJvguYfguJnguKfguLHguJnguKvguKLguLjguJTguIHguYfguYTguKHguYjguYTguJTguYnguJ7guLHguIHguKvguKPguK3guIEg4Liu4LmI4Liy4Liu4LmI4Liy,,,W1BlcnNvbmFsIGFkbWluaXN0cmF0aXZvIGRlbCBHcmVtaW9dCkRlbnRybyBkZSBzb2xvIGRvcyBkw61hcyBzZXLDoSBmZXN0aXZvLi4uIEFoLCBhdW5xdWUgc2VhIGZlc3Rpdm8sIHlvIG5vIHBvZHLDqSBkZXNjYW5zYXIsIGphamFqYS4=,W0dpbGRlbmFuZ2VzdGVsbHRlcl0KTnVyIG5vY2ggendlaSBUYWdlLCBkYW5uIGlzdCBmcmVpIOKApiBUamEsIGljaCBrYW5uIHNlbGJzdCBhbiBmcmVpZW4gVGFnZW4gbmljaHQgd2lya2xpY2ggYXVzc3Bhbm5lbi4gSGFoYWhhLg==,W0VtcGxvecOpIGRlIGd1aWxkZV0KRW5jb3JlIGRldXggam91cnMgYXZhbnQgbGUgcmVwb3MuLi4gRW5maW4sIG3Dqm1lIGVuIGNvbmfDqSwgamUgbmUgbWUgcmVwb3NlIHBhcyB2cmFpbWVudC4gSGEgaGEu,W0d1aWxkIENsZXJrXQpUaW5nZ2FsIGR1YSBoYXJpIGxhZ2kgc2FtcGFpIGhhcmkgbGlidXIuLi4gQWgsIGFrdSBzZW5kaXJpIHRpZGFrIGJpc2EgYmVuYXItYmVuYXIgYmVyaXN0aXJhaGF0IG1lc2tpIHN1ZGFoIGhhcmkgbGlidXIsIGhhaGFoYS4=,W0xvbmNhIE1lbXVydV0Kw5Zuw7xtw7x6ZGUgc2FkZWNlIGlraSBnw7xuIGRhaGEgdmFyLCBzb25yYSB0YXRpbC4uLiBBaCwgYmVuIHRhdGlsIG9sc2EgYmlsZSBwZWsgZGlubGVuZW1peW9ydW0sIGhhaGFoYWhhLg==
CEeG,W+q4uOuTnCDsgqzrrLTsp4Hsm5BdCuq3uOqxtCDqt7jroIfqs6Ag6riI7JqU7J2867Ck7J24642wIOyWtOuUlCDrgpjqsIDsp4Qg7JWK7Jy87Iuc64KY67SQ7JqUPw==,W0d1aWxkIENsZXJrXQpCeSB0aGUgd2F5LCBpdOKAmXMgRnJpZGF5IG5pZ2h04oCUYXJlbuKAmXQgeW91IGhlYWRpbmcgb3V0IHNvbWV3aGVyZT8=,,W+WFrOS8muS6i+WKoeS6uuWRmF0K6K+d6K+05Zue5p2l77yM5ZGo5LqU5pma5LiK5LqG77yM5L2g5aW95YOP5Lmf5LiN5omT566X5Ye65Y675ZGi77yf,,W0d1aWxkIENsZXJrXQrguKfguYjguLLguYHguJXguYjguITguLfguJnguJnguLXguYnguKfguLHguJnguKjguLjguIHguKPguYzguYHguKXguYnguKcg4LmE4Lih4LmI4Lit4Lit4LiB4LmE4Lib4LmE4Lir4LiZ4Lia4LmJ4Liy4LiH4Lir4Lij4Li34LitPw==,,,W1BlcnNvbmFsIGFkbWluaXN0cmF0aXZvIGRlbCBHcmVtaW9dClBvciBjaWVydG8sIGVzIHZpZXJuZXMgcG9yIGxhIG5vY2hlLiDCv05vIHZhIGEgc2FsaXI/,W0dpbGRlbmFuZ2VzdGVsbHRlcl0Kw5xicmlnZW5zLCBlcyBpc3QgRnJlaXRhZ2FiZW5kLiBJaHIgZ2VodCB3b2hsIGhldXRlIG5pY2h0IG1laHIgYXVzPw==,W0VtcGxvecOpIGRlIGd1aWxkZV0KQ2VsYSBkaXQsIGMnZXN0IHZlbmRyZWRpIHNvaXIsIG1haXMgb24gZGlyYWl0IHF1ZSB2b3VzIG5lIHNvcnRleiBwYXMgPw==,W0d1aWxkIENsZXJrXQpOZ29tb25nLW5nb21vbmcsIGluaSBtYWxhbSBKdW1hdCwgdGFwaSBzZXBlcnRpbnlhIEthbXUgdGlkYWsgYWthbiBrZWx1YXI/,W0xvbmNhIE1lbXVydV0KQnUgYXJhZGEgQ3VtYSBnZWNlc2kgYW1hIGTEscWfYXLEsSDDp8Sxa21heWFjYWsgZ2liaXNpbml6Pw==
CUeG,W+q4uOuTnCDsgqzrrLTsp4Hsm5BdCuymkOqxsOyatCDthqDsmpTsnbwg65CY7Iuc6riwIOuwlOuejeuLiOuLpC4=,W0d1aWxkIENsZXJrXQpIYXZlIGEgcGxlYXNhbnQgU2F0dXJkYXku,,W+WFrOS8muS6i+WKoeS6uuWRmF0K56Wd5L2g5bqm6L+H5oSJ5b+r55qE5ZGo5YWt44CC,,W0d1aWxkIENsZXJrXQrguILguK3guYPguKvguYnguYDguJvguYfguJnguKfguLHguJnguYDguKrguLLguKPguYzguJfguLXguYjguKrguJnguLjguIHguJnguLA=,,,W1BlcnNvbmFsIGFkbWluaXN0cmF0aXZvIGRlbCBHcmVtaW9dClF1ZSB0ZW5nYSB1biBmZWxpeiBzw6FiYWRvLg==,W0dpbGRlbmFuZ2VzdGVsbHRlcl0KSWNoIHfDvG5zY2hlIEV1Y2ggZWluZW4gc2Now7ZuZW4gU2Ftc3RhZy4=,W0VtcGxvecOpIGRlIGd1aWxkZV0KSmUgdm91cyBzb3VoYWl0ZSB1biBhZ3LDqWFibGUgc2FtZWRpLg==,W0d1aWxkIENsZXJrXQpTZW1vZ2EgS2FtdSBtZW5pa21hdGkgaGFyaSBTYWJ0dSB5YW5nIG1lbnllbmFuZ2thbi4=,W0xvbmNhIE1lbXVydV0KS2V5aWZsaSBiaXIgQ3VtYXJ0ZXNpIGdlw6dpcm1lbml6aSBkaWxlcmltLg==
CkeG,W+q4uOuTnCDsgqzrrLTsp4Hsm5BdCuuvuOyViO2VmOyngOunjCDsnbzsmpTsnbzsl5Qg7Jeg7Y6g66as7JuAIO2MkOunpCDsp4Dsm5DsnYQg7ZWY7KeAIOyViuyKteuLiOuLpC4=,W0d1aWxkIENsZXJrXQpTb3JyeSwgYnV0IHdlIGRvIG5vdCBwcm92aWRlIEVtcGVsaXVtIHNhbGVzIHN1cHBvcnQgb24gU3VuZGF5cy4=,,W+WFrOS8muS6i+WKoeS6uuWRmF0K5oqx5q2J77yM5ZGo5pel5LiN5o+Q5L6b5Y2O5Li96YeR5bGe55qE6ZSA5ZSu5pSv5o+044CC,,W0d1aWxkIENsZXJrXQrguILguK3guK3guKDguLHguKIg4LmB4LiV4LmI4Lin4Lix4LiZ4LiI4Lix4LiZ4LiX4Lij4LmM4LmE4Lih4LmI4Lih4Li14LiB4Liy4Lij4LiI4Liz4Lir4LiZ4LmI4Liy4LiiIEVtcGVyaXVt,,,W1BlcnNvbmFsIGFkbWluaXN0cmF0aXZvIGRlbCBHcmVtaW9dCkxvIHNpZW50bywgcGVybyBsb3MgZG9taW5nb3Mgbm8gdmVuZGVtb3MgRW1wZXJpdW0u,W0dpbGRlbmFuZ2VzdGVsbHRlcl0KVHV0IG1pciBsZWlkLCBhYmVyIHNvbm50YWdzIHVudGVyc3TDvHR6ZW4gd2lyIGRlbiBFbXBlcml1bS1WZXJrYXVmIG5pY2h0Lg==,W0VtcGxvecOpIGRlIGd1aWxkZV0KRMOpc29sw6ksIGxlIGRpbWFuY2hlIDogcGFzIGRlIHZlbnRlIGTigJlFbXBlcml1bS4=,W0d1aWxkIENsZXJrXQpNYWFmLCB0YXBpIHBhZGEgaGFyaSBNaW5nZ3Uga2FtaSB0aWRhayBtZW1iZXJpa2FuIGR1a3VuZ2FuIHBlbmp1YWxhbiBFbXBlcml1bS4=,W0xvbmNhIE1lbXVydV0Kw5x6Z8O8bsO8bSBhbWEgUGF6YXIgZ8O8bmxlcmkgRW1wZXJ5dW0gc2F0xLHFnyBkZXN0ZcSfaSB2ZXJtaXlvcnV6Lg==
C0eG,W+q4uOuTnCDsgqzrrLTsp4Hsm5BdCuyblH7thqDsmpTsnbwgMTg6MDB+MjM6NTkg6rmM7KeA66eMIO2VnOyglSDsiJjrn4nsnLzroZwg7YyQ66ekIOyngOybkOydhCDtlZjqs6Ag7J6I7Jy864uIIOywuOqzoO2VmOyLreyLnOyYpC4=,W0d1aWxkIENsZXJrXQpQbGVhc2Ugbm90ZSB0aGF0IHNhbGVzIHN1cHBvcnQgaXMgYXZhaWxhYmxlIG9ubHkgZnJvbSBNb25kYXkgdG8gU2F0dXJkYXksCmJldHdlZW4gMTg6MDAgYW5kIDIzOjU5LCBhbmQgaW4gbGltaXRlZCBxdWFudGl0aWVzLg==,,W+WFrOS8muS6i+WKoeS6uuWRmF0K5LuF5Zyo5ZGo5LiAfuWRqOWFrTE4OiAwMH4yMzogNTnmnJ/pl7TvvIzku6XpmZDlrprmlbDph4/mj5DkvpvplIDllK7mlK/mj7TvvIzor7fnn6XmgonjgII=,,W0d1aWxkIENsZXJrXQrguIjguLDguKHguLXguIHguLLguKPguIjguLPguKvguJnguYjguLLguKLguYDguInguJ7guLLguLDguKfguLHguJnguK3guLHguIfguITguLLguKPigJPguK3guLLguJfguLTguJXguKLguYwg4LmA4Lin4Lil4LiyIDAxOjAw4oCTMDY6NTkgQU0g4LmA4LiX4LmI4Liy4LiZ4Lix4LmJ4LiZCuC5guC4m+C4o+C4lOC4l+C4o+C4suC4muC5hOC4p+C5ieC4lOC5ieC4p+C4og==,,,W1BlcnNvbmFsIGFkbWluaXN0cmF0aXZvIGRlbCBHcmVtaW9dClRlbmdhIGVuIGN1ZW50YSBxdWUgc29sbyBzZSB2ZW5kZW4gY2FudGlkYWRlcyBsaW1pdGFkYXMgZGUgbHVuZXMgYSBzw6FiYWRvLCBkZSAxODowMCBhIDIzOjU5Lg==,W0dpbGRlbmFuZ2VzdGVsbHRlcl0KQml0dGUgYmVhY2h0ZXQsIGRhc3Mgd2lyIGRlbiBWZXJrYXVmIG51ciB2b24gTW9udGFnIGJpcyBTYW1zdGFnIHp3aXNjaGVuIDE4OjAwIHVuZCAyMzo1OSBVaHIgdW5kIG51ciBpbiBiZWdyZW56dGVyIFN0w7xja3phaGwgdW50ZXJzdMO8dHplbi4=,W0VtcGxvecOpIGRlIGd1aWxkZV0KVmV1aWxsZXogbm90ZXIgcXVlIG5vdXMgZm91cm5pc3NvbnMgdW5lIGFzc2lzdGFuY2Ugw6AgbGEgdmVudGUgZW4gcXVhbnRpdMOpIGxpbWl0w6llIHVuaXF1ZW1lbnQgZHUgbHVuZGkgYXUgc2FtZWRpLCBkZSAxODowMCDDoCAyMzo1OS4=,W0d1aWxkIENsZXJrXQpIYXJhcCBkaXBlcmhhdGlrYW4sIGR1a3VuZ2FuIHBlbmp1YWxhbiBoYW55YSB0ZXJzZWRpYSBkYWxhbSBqdW1sYWggdGVyYmF0YXMgcGFkYSBTZW5pbn5TYWJ0dSBwdWt1bCAxODowMH4yMzo1OS4=,W0xvbmNhIE1lbXVydV0KUGF6YXJ0ZXNpfkN1bWFydGVzaSAxODowMH4yMzo1OSBzYWF0bGVyaSBhcmFzxLFuZGEgeWFsbsSxemNhIHPEsW7EsXJsxLEgbWlrdGFyZGEgc2F0xLHFnyBkZXN0ZcSfaSB2ZXJpeW9ydXosIGzDvHRmZW4gYnVudSBkaWtrYXRlIGFsxLFuLg==
DEeG,W+q4uOuTnCDsgqzrrLTsp4Hsm5BdCuyXkO2ctCwg64KY64+EIOywuCDtnLTsnbzsl5Ag7J206rKMIOustOyKqCDsnbzsnbTrnowu,W0d1aWxkIENsZXJrXQoqU2lnaCrigKYgV2hhdCBhbSBJIGV2ZW4gZG9pbmcgd29ya2luZyBvbiBhIGhvbGlkYXk/,,W+WFrOS8muS6i+WKoeS6uuWRmF0K5ZSJ77yM5oiR5Lmf5piv77yM5LyR5oGv5pel6L+Y6KaB5bmy6L+Z5Liq566X5LuA5LmI5LqL5ZWK44CC,,W0d1aWxkIENsZXJrXQrguYDguK7guYnguK0uLi4g4Lin4Lix4LiZ4Lir4Lii4Li44LiU4LmB4LiX4LmJIOC5hiDguKLguLHguIfguJXguYnguK3guIfguKHguLLguJfguLPguIfguLLguJnguK3guLXguIE=,,,W1BlcnNvbmFsIGFkbWluaXN0cmF0aXZvIGRlbCBHcmVtaW9dCkF5LCB2YXlhIGZvcm1hIGRlIHBhc2FyIGVsIGTDrWEgbGlicmUu,W0dpbGRlbmFuZ2VzdGVsbHRlcl0KQWNoIG1hbiDigKYgYXVzZ2VyZWNobmV0IGFtIGZyZWllbiBUYWcuIFdhcyBzb2xs4oCZcy4=,W0VtcGxvecOpIGRlIGd1aWxkZV0KUGZmLi4uIE1vaSBhdXNzaSwgcXXigJllc3QtY2UgcXVlIGplIGZhaXMgbMOgIHVuIGpvdXIgZGUgcmVwb3MuLi4=,W0d1aWxkIENsZXJrXQpBZHVoLCBha3UganVnYS4uLiBhZGEtYWRhIHNhamEgdXJ1c2FuIGJlZ2luaSBkaSBoYXJpIGxpYnVyLg==,W0xvbmNhIE1lbXVydV0KT2ZmLCBiZW5pbSBkZSB0YXRpbGRlIGJhxZ/EsW1hIGdlbGVuIGnFn2UgYmFrLg==
