AN1t,6ri465Oc7JuQ,R3VpbGQgTWVtYmVy,,5YWs5Lya5oiQ5ZGY,,R3VpbGQgTWVtYmVy,,,TWllbWJybyBkZWwgR3JlbWlv,R2lsZGVubWl0Z2xpZWQ=,TWVtYnJlIGRlIGd1aWxkZQ==,R3VpbGQgTWVtYmVy,R3VpbGQgw5x5ZXNp
Ad1t,LSDshozsp4DtlZjqs6Ag6rOE7IugIOyVhOydtO2FnOydtCDrp47slYQg7YCY7Iqk7Yq466W8IOynhO2Wie2VoCDsiJgg7JeG7Iq164uI64ukLiAt,LSBZb3UgYXJlIGNhcnJ5aW5nIHRvbyBtYW55IGl0ZW1zIHRvIHByb2NlZWQgd2l0aCB0aGUgcXVlc3QuIC0=,,LeWboOS4uuaQuuW4pueahOmBk+WFt+WkquWkmu+8jOaXoOazlei/m+ihjOS7u+WKoeOAgi0=,,LSDguYTguKHguYjguKrguLLguKHguLLguKPguJbguJTguLPguYDguJnguLTguJnguKDguLLguKPguIHguLTguIjguYTguJTguYkg4LmA4LiZ4Li34LmI4Lit4LiH4LiI4Liy4LiB4Lih4Li14LmE4Lit4LmA4LiX4Lih4LmD4LiZ4LiE4Lij4Lit4Lia4LiE4Lij4Lit4LiH4Lih4Liy4LiB4LmA4LiB4Li04LiZ4LmE4LibIC0=,,,LSBObyBzZSBwdWVkZSBjb250aW51YXIgbGEgbWlzacOzbiBwb3JxdWUgbGxldmFzIGRlbWFzaWFkb3Mgb2JqZXRvcy4gLQ==,LSBEdSBoYXN0IHp1IHZpZWxlIEdlZ2Vuc3TDpG5kZSBiZWkgZGlyLCBkYWhlciBrYW5uc3QgZHUgZGllIFF1ZXN0IG5pY2h0IGZvcnRzZXR6ZW4uIC0=,LSBWb3VzIG5lIHBvdXZleiBwYXMgcG91cnN1aXZyZSBsYSBxdcOqdGUgY2FyIHZvdXMgYXZleiB0cm9wIGQnb2JqZXRzIHN1ciB2b3VzLiAt,LSBJdGVtIHlhbmcgS2FtdSBiYXdhIHRlcmxhbHUgYmFueWFrIHNlaGluZ2dhIHF1ZXN0IHRpZGFrIGRhcGF0IGRpbGFuanV0a2FuLiAt,LSDDnHplcmluaXpkZSDDp29rIGZhemxhIGXFn3lhIG9sZHXEn3UgacOnaW4gZ8O2cmV2aSBpbGVybGV0ZW1lenNpbml6LiAt
At1t,W+2ctOydtF0K7JWE64uIIOyekOuEpCwg7Ja07IyU7Iug7J20IOydtOufsCDspJHsmpTtlZwg6riw7Iig64+EIOuqqOultOuptCDslrTsqYzrgpg/,W0h1Z2hdCk5vLCByZWFsbHnigJRIb3cgY2FuIHlvdSBjYWxsIHlvdXJzZWxmIGFuIEFzc2Fzc2luIGlmIHlvdSBkb27igJl0IGV2ZW4ga25vdyBhIHNraWxsIHRoaXMgaW1wb3J0YW50Pw==,,W+S8keS8il0K5LiN77yM5L2g5ZWK77yM6Lqr5Li65Yi65a6i6L+e6L+Z5LmI6YeN6KaB55qE5oqA5pyv6YO95LiN55+l6YGT5Y+v5oCO5LmI5Yqe77yf,,W0h1Z2hdCuC4meC4teC5iOC5gOC4iOC5ieC4si4uLiDguYDguJvguYfguJkgQXNzYXNzaW4g4LmB4LiX4LmJIOC5hiDguYHguJXguYjguIHguKXguLHguJrguYTguKHguYjguKPguLnguYnguJfguLHguIHguKnguLDguKrguLPguITguLHguI3guYHguJrguJrguJnguLXguYnguYTguJTguYnguK3guKLguYjguLLguIfguYTguKM=,,,W0h1Z2hdClBlcm8sIGFtaWdvLCDCv2PDs21vIHB1ZWRlIHVuIEFzZXNpbm8gbm8gY29ub2NlciB1bmEgdMOpY25pY2EgdGFuIGltcG9ydGFudGU/,W0h1ZXldCkFsc28gd2lya2xpY2gsIHdlbm4gZWluIEFzc2Fzc2luZSBuaWNodCBtYWwgc28gZWluZSB3aWNodGlnZSBUZWNobmlrIGtlbm50LCB3YXMgc29sbCBtYW4gZGEgbnVyIG1hY2hlbj8=,W0h1ZXldCkVoIGJpZW7igKYgVW4gQXNzYXNzaW4gcXVpIG5lIGNvbm5hw650IG3Dqm1lIHBhcyB1bmUgdGVjaG5pcXVlIGF1c3NpIGltcG9ydGFudGUgPyE=,W0h1Z2hdClRpZGFrLCBrYXdhbiwgYmFnYWltYW5hIGthbGF1IEFzc2Fzc2luIHRpZGFrIHRhaHUgdGVrbmlrIHNlcGVudGluZyBpbmk/,W0h1Z2hdCkhhecSxciwgc2VuLi4uIFN1aWthc3TDp8SxIG9sdXAgZGEgYsO2eWxlIMO2bmVtbGkgYmlyIHRla25pxJ9pIGJpbG1lenNlbiBuZSB5YXBhcnPEsW4/
A91t,W+2ctOydtF0K7J2067KI7JeUIOuCtOqwgCDtirnrs4Ttnogg7JWM66Ck7KO86rKg64SkLg==,W0h1Z2hdClRoaXMgdGltZSwgSeKAmWxsIGdpdmUgeW91IHNvbWUgc3BlY2lhbCBhZHZpY2Uu,,W+S8keS8il0K6L+Z5qyh5oiR5bCx54m55Yir5pWZ5L2g5ZCn44CC,,W0h1Z2hdCuC4hOC4o+C4seC5ieC4h+C4meC4teC5ieC4guC5ieC4suC4iOC4sOC4quC4reC4meC5g+C4q+C5ieC5gOC4m+C5h+C4meC4nuC4tOC5gOC4qOC4qQ==,,,W0h1Z2hdCkVzdGEgdmV6IHNlIGxhIGVuc2XDsWFyw6kgcGVyc29uYWxtZW50ZS4=,W0h1ZXldCkRpZXNtYWwgd2VyZGUgaWNoIGVzIGRpciBhdXNuYWhtc3dlaXNlIGJlaWJyaW5nZW4u,W0h1ZXldCkNldHRlIGZvaXMsIGplIHZhaXMgdGUgbCdhcHByZW5kcmUsIHJpZW4gcXVlIHBvdXIgdG9pLg==,W0h1Z2hdCkthbGkgaW5pIGFrYW4ga3VhamFya2FuIHNlY2FyYSBraHVzdXMu,W0h1Z2hdCkJ1IHNlZmVyIHNhbmEgw7Z6ZWwgb2xhcmFrIGJlbiDDtsSfcmV0ZWNlxJ9pbS4=
BN1t,W+2ctOydtF0K7JWE7JWELiDsnpDrhKTsmIDqtbAuCuyVhOuniCDsnbTrpoTsnbQuLi4uezB9IOydtOyXiOuNmOqwgD8=,W0h1Z2hdCkFoLi4uIHNvIGl0IHdhcyB5b3UuCklmIEkgcmVtZW1iZXIgcmlnaHQsIHlvdXIgbmFtZSB3YXMuLi4gezB9LCB3YXMgaXQ/,,W+S8keS8il0K5ZWK5ZWK44CC5Y6f5p2l5piv5L2g44CCCuS9oOeahOWQjeWtl+Wkp+amguaYry4uLi57MH3mnaXnnYDvvJ8=,,W0h1Z2hdCuC4reC4si4uLiDguYDguIjguYnguLLguYDguK3guIfguKrguLTguJnguLAK4LiK4Li34LmI4LitLi4uIHswfSDguYPguIrguYjguYTguKvguKE/,,,W0h1Z2hdCkFoLCBlcmEgdXN0ZWQuClN1IG5vbWJyZSBlcmEuLi4gezB9LCDCv3ZlcmRhZD8=,W0h1ZXldCkFoLCBkdSBiaXN0IGVzLgpEZWluIE5hbWUgd2FyIHdvaGwgLi4uezB9LCBuaWNodCB3YWhyPw==,W0h1ZXldCkFoLiBDJ2VzdCB0b2kuClRvbiBub20sIGMnZXN04oCmIHswfSwgYydlc3Qgw6dhID8=,W0h1Z2hdCkFoaC4gVGVybnlhdGEga2FtdS4KTXVuZ2tpbiBuYW1hbXUuLi4uezB9IHlhPw==,W0h1Z2hdCkFoaC4gU2VubWnFn3Npbi4KU2FuxLFyxLFtIGFkxLFuLi4uLnswfSBpZGksIGRlxJ9pbCBtaT8=
Bd1t,W+uyoO2FjOuekSDslrTsjJTsi6AgJ+2ctOydtCddCuyVhOyJveyngOunjCDtmITsnqwg6ri465Oc7JeQIO2KueuzhO2VnCDsnbzsnYAg7JeG64uk64SkLgrrjZTsmrEg7IiY66Co7JeQIOygleynhO2VmOq4uCDrsJTrnbzrhKQu,W1ZldGVyYW4gQXNzYXNzaW4gJ0h1Z2gnXQpJdOKAmXMgYSBzaGFtZSwgYnV0IHRoZXJl4oCZcyBub3RoaW5nIHNwZWNpYWwgZ29pbmcgb24gaW4gdGhlIGd1aWxkIHJpZ2h0IG5vdy4KSSBob3BlIHlvdeKAmWxsIGRldm90ZSB5b3Vyc2VsZiB0byB5b3VyIHRyYWluaW5nIGV2ZW4gbW9yZS4=,,W+i1hOa3seWIuuWuoifkvJHkvIonXQrlvojpgZfmhr7vvIznm67liY3lhazkvJrmsqHmnInku4DkuYjnibnliKvnmoTkuovjgIIK5biM5pyb5L2g6IO95pu05Yqg5LiT5b+D5L+u54K844CC,,W0h1Z2hdCuC4meC5iOC4suC5gOC4quC4teC4ouC4lOC4suC4oiDguJXguK3guJnguJnguLXguYnguIHguLTguKXguJTguYzguYTguKHguYjguKHguLXguYDguITguKfguKrguJXguYzguJ7guLTguYDguKjguKkK4LiI4LiH4Lih4Li44LmI4LiH4Lih4Lix4LmI4LiZ4Lid4Li24LiB4Lid4LiZ4LmD4Lir4LmJ4Lih4Liy4LiB4Lii4Li04LmI4LiH4LiC4Li24LmJ4LiZ4LmA4LiW4Li04LiU,,,W1ZldGVyYW5vIEFzZXNpbm8gJ0h1Z2gnXQpQb3IgZGVzZ3JhY2lhLCBhY3R1YWxtZW50ZSBubyBoYXkgbmFkYSBlc3BlY2lhbCBxdWUgaGFjZXIgZW4gZWwgR3JlbWlvLgpFc3Blcm8gcXVlIGNvbnRpbsO6ZSBjb24gc3UgZW50cmVuYW1pZW50by4=,W1ZldGVyYW4gQXNzYXNzaW5lICdIdWV5J10KTGVpZGVyIGdpYnQgZXMgZGVyemVpdCBuaWNodHMgQmVzb25kZXJlcyBpbiBkZXIgR2lsZGUuCkljaCBob2ZmZSwgZHUgd2lkbWVzdCBkaWNoIHdlaXRlcmhpbiBtaXQgYWxsZXIgS3JhZnQgZGVpbmVtIFRyYWluaW5nLg==,W1bDqXTDqXJhbiBBc3Nhc3NpbiAnSHVleSddCkRvbW1hZ2UsIG1haXMgbGEgZ3VpbGRlIG4nYSByaWVuIGRlIHNww6ljaWFsIHBvdXIgbGUgbW9tZW50LgpDb250aW51ZSDDoCB0J2VudHJhw65uZXIu,W1ZldGVyYW4gQXNzYXNzaW4gJ0h1Z2gnXQpTYXlhbmcgc2VrYWxpLCBzYWF0IGluaSB0aWRhayBhZGEgdXJ1c2FuIGtodXN1cyBkaSBndWlsZC4KS3VoYXJhcCBrYW11IHNlbWFraW4gdGVrdW4gYmVybGF0aWgu,W0dhemkgU3Vpa2FzdMOnxLEgJ0h1Z2gnXQpOZSB5YXrEsWsga2kgxZ91IGFuZGEgbG9uY2FkYSDDtnplbCBiaXIgacWfIHlvay4KRGFoYSBkYSDDp29rIGFudHJlbm1hbsSxbmEgb2Rha2xhbm1hbsSxIGlzdGVyaW0u
Bt1t,W+2ctOydtF0KLi7snYw/IOyekOuEpD8KLi4u64KY66W8IOywvuyVhOyZlOuLqCDqsbQu,W0h1Z2hdCi4uLkh1aD8gWW91PwouLi5TbyB5b3UgY2FtZSBsb29raW5nIGZvciBtZS4=,,W+S8keS8il0KLi7ll6/vvJ/kvaDvvJ8KLi4u5L2g5p2l5om+5oiR77yM6K+05piO44CC,,W0h1Z2hdCuC4q+C4t+C4oT8g4LmA4LiI4LmJ4LiyPwouLi7guKHguLXguJjguLjguKPguLDguK3guLDguYTguKPguJbguLbguIfguKHguLLguKvguLLguILguYnguLI=,,,W0h1Z2hdCi4uLsK/SG0/IMK/VMO6PwouLi5RdWUgaGF5YXMgdmVuaWRvIGEgYnVzY2FybWUgc2lnbmlmaWNhIHF1ZS4uLg==,W0h1ZXldCi4uLkhtPyBEdT8KLi4uRGFzcyBkdSBtaWNoIGF1Zmdlc3VjaHQgaGFzdCwgaGVpw590IHdvaGwgLi4u,W0h1ZXldCuKApkhtID8gVG9pID8K4oCmU2kgdHUgZXMgdmVudSBtZSB2b2lyLCBj4oCZZXN0IHF1ZeKApi4=,W0h1Z2hdCi4uSG0/IEthbXU/Ci4uLkthbGF1IGthbXUgbWVuY2FyaWt1LCBiZXJhcnRpLg==,W0h1Z2hdCi4uSMSxbT8gU2VuPwouLi5CZW5pIGFyYW1heWEgZ2VsZGnEn2luZSBnw7ZyZS4=
B91t,7KCE7KeB7ZWY65+sIOyZlOyKteuLiOuLpC4=,SeKAmW0gaGVyZSB0byBjaGFuZ2Ugam9icy4=,,5oiR5piv5p2l6L2s6IGM55qE44CC,,4LiV4LmJ4Lit4LiH4LiB4Liy4Lij4LmA4Lib4Lil4Li14LmI4Lii4LiZ4Lit4Liy4LiK4Li14Lie,,,SGUgdmVuaWRvIGEgY2FtYmlhciBkZSBwcm9mZXNpw7NuLg==,SWNoIGJpbiBnZWtvbW1lbiwgdW0gZGVuIEpvYiB6dSB3ZWNoc2Vsbi4=,SmUgc3VpcyB2ZW51IGNoYW5nZXIgZGUgY2xhc3NlLg==,QWt1IGRhdGFuZyB1bnR1ayBiZXJnYW50aSBqb2Iu,U8SxbsSxZiBkZcSfacWfdGlybWV5ZSBnZWxkaW0u
CN1t,6re464OlIOyZlOyKteuLiOuLpC4=,SSBqdXN0IGNhbWUgYnku,,5Y+q5piv6Lev6L+H44CC,,4Lih4Liy4LmA4LiU4Li04LiZ4LmA4Lil4LmI4LiZ4LmA4LiJ4LiiIOC5hg==,,,U29sbyBoZSB2ZW5pZG8u,SWNoIGJpbiBlaW5mYWNoIHNvIGdla29tbWVuLg==,SmUgcGFzc2FpcyBqdXN0ZS4=,QWt1IGhhbnlhIG1hbXBpci4=,w5Z5bGVzaW5lIGdlbGRpbS4=
Cd1t,W+2ctOydtF0K7J6Q64SkLi4uCuyghOyngeydhCDtlZjroKTrqbQg7LWc7IaMIOuyoOydtOyKpOugiOuyqCA1MCwg7KeB7JeF66CI67KoIDUw7J20IOuQmOyWtOyVvCDtlZjrhKQu,W0h1Z2hdCllvdS4uLgpUbyBjaGFuZ2Ugam9icywgeW91IG5lZWQgdG8gYmUgYXQgbGVhc3QgQmFzZSBMZXZlbCA1MCBhbmQgSm9iIExldmVsIDUwLg==,,W+S8keS8il0K5L2gLi4uCuaDs+imgei9rOiBjOeahOivne+8jOiHs+Wwkeimgei+vuWIsOWfuuehgOetiee6pzUw44CB6IGM5Lia562J57qnNTDjgII=,,W0h1Z2hdCuC5gOC4iOC5ieC4si4uLgrguKvguLLguIHguJXguYnguK3guIfguIHguLLguKPguYDguJvguKXguLXguYjguKLguJnguK3guLLguIrguLXguJ4g4LiV4LmJ4Lit4LiH4Lih4Li1IEJhc2UgTGV2ZWwg4LiB4Lix4LiaIEpvYiBMZXZlbCDguK3guKLguYjguLLguIfguJnguYnguK3guKLguYDguKXguYDguKfguKUgNTAg4LiZ4Liw,,,W0h1Z2hdClTDui4uLgpQYXJhIGNhbWJpYXIgZGUgY2xhc2UsIGRlYmVzIGFsY2FuemFyIGNvbW8gbcOtbmltbyBlbCBuaXZlbCBiYXNlIDUwIHkgZWwgbml2ZWwgZGUgcHJvZmVzacOzbiA1MC4=,W0h1ZXldCkR1IC4uLgpVbSBkZW4gSm9iIHp1IHdlY2hzZWxuLCBtdXNzdCBkdSBtaW5kZXN0ZW5zIEJhc2lzbGV2ZWwgNTAgdW5kIEpvYmxldmVsIDUwIGVycmVpY2h0IGhhYmVuLg==,W0h1ZXldClRvaeKApgpQb3VyIGNoYW5nZXIgZGUgY2xhc3NlLCBpbCB0ZSBmYXV0IGF1IG1vaW5zIGxlIG5pdmVhdSBkZSBiYXNlIDUwIGV0IGxlIG5pdmVhdSBkZSBtw6l0aWVyIDUwLg==,W0h1Z2hdCkthbXUuLi4KVW50dWsgYmVyZ2FudGkgam9iLCBzZXRpZGFrbnlhIEJhc2UgTGV2ZWwgNTAgZGFuIEpvYiBMZXZlbCA1MC4=,W0h1Z2hdClNlbi4uLgpTxLFuxLFmIGRlxJ9pxZ90aXJtZWsgacOnaW4gZW4gYXogQmFzZSBTZXZpeWUgNTAsIEpvYiBTZXZpeWUgNTAgb2xtYWzEsXPEsW4u
Ct1t,XjAwMDBGRuyKpO2CrCDtj6zsnbjtirjqsIAg64Ko7JWEIOyeiOyKteuLiOuLpC4g7Iqk7YKs7Y+s7J247Yq466W8IOuqqOuRkCDsgqzsmqntlZjsi6Ag7ZuEIOuLpOyLnCDsi5zsnpHtlbTso7zsi5zquLAg67CU656N64uI64ukLl4wMDAwMDA=,XjAwMDBGRllvdSBzdGlsbCBoYXZlIFNraWxsIFBvaW50cyByZW1haW5pbmcuIFBsZWFzZSBzcGVuZCBhbGwgeW91ciBTa2lsbCBQb2ludHMsIHRoZW4gdHJ5IGFnYWluLl4wMDAwMDA=,,XjAwMDBGRui/mOacieWJqeS9meeahOaKgOiDveeCueOAguivt+WcqOeUqOWujOaJgOacieaKgOiDveeCueWQjuWGjemHjeaWsOW8gOWni+OAgl4wMDAwMDA=,,XjAwMDBGRuC4ouC4seC4h+C4oeC4teC5geC4leC5ieC4oeC4quC4geC4tOC4peC5gOC4q+C4peC4t+C4reC4reC4ouC4ueC5iCDguYLguJvguKPguJTguYPguIrguYnguYHguJXguYnguKHguKrguIHguLTguKXguYPguKvguYnguKvguKHguJTguIHguYjguK3guJleMDAwMDAw,,,XjAwMDBGRkHDum4gdGUgcXVlZGFuIHB1bnRvcyBkZSBoYWJpbGlkYWQuIFVzYSB0b2RvcyBsb3MgcHVudG9zIGRlIGhhYmlsaWRhZCB5IHZ1ZWx2ZSBhIGludGVudGFybG8uXjAwMDAwMA==,XjAwMDBGRkR1IGhhc3Qgbm9jaCBGw6RoaWdrZWl0c3B1bmt0ZSDDvGJyaWcuIEJpdHRlIHZlcndlbmRlIGFsbGUgRsOkaGlna2VpdHNwdW5rdGUgdW5kIHZlcnN1Y2ggZXMgZGFubiBlcm5ldXQuXjAwMDAwMA==,XjAwMDBGRklsIHZvdXMgcmVzdGUgZGVzIHBvaW50cyBkZSBjb21ww6l0ZW5jZS4gVmV1aWxsZXogdXRpbGlzZXIgdG91cyB2b3MgcG9pbnRzIGRlIGNvbXDDqXRlbmNlLCBwdWlzIHJlY29tbWVuY2VyLl4wMDAwMDA=,XjAwMDBGRk1hc2loIGFkYSBTa2lsbCBQb2ludCB5YW5nIHRlcnNpc2EuIEhhcmFwIGd1bmFrYW4gc2VtdWEgU2tpbGwgUG9pbnQgbGFsdSBtdWxhaSBsYWdpLl4wMDAwMDA=,XjAwMDBGRkthbGFuIGJlY2VyaSBwdWFuxLFuxLF6IHZhci4gTMO8dGZlbiB0w7xtIGJlY2VyaSBwdWFubGFyxLFuxLEga3VsbGFuZMSxa3RhbiBzb25yYSB5ZW5pZGVuIGJhxZ9sYXnEsW4uXjAwMDAwMA==
C91t,XjAwMDBGRu2DiOqyg+ydhCDtg4Qg7IOB7YOc66Gc64qUIOyghOyngeydhCDtlaAg7IiYIOyXhuyKteuLiOuLpC4g7YOI6rKD7JeQ7IScIOuCtOumrOyLoCDtm4Qg64uk7IucIOyLnOyeke2VtOyjvOyLnOq4sCDrsJTrno3ri4jri6QuXjAwMDAwMA==,XjAwMDBGRllvdSBjYW7igJl0IGNoYW5nZSBqb2JzIHdoaWxlIG1vdW50ZWQuIFBsZWFzZSBkaXNtb3VudCBhbmQgdHJ5IGFnYWluLl4wMDAwMDA=,,XjAwMDBGRumqkeS5mOeKtuaAgeS4i+aXoOazlei9rOiBjOOAguivt+S7juWdkOmqkeS4iuS4i+adpeWQjuWGjemHjeaWsOW8gOWni+OAgl4wMDAwMDA=,,XjAwMDBGRuC5hOC4oeC5iOC4quC4suC4oeC4suC4o+C4luC5gOC4m+C4peC4teC5iOC4ouC4meC4reC4suC4iuC4teC4nuC4guC4k+C4sOC4guC4teC5iOC4nuC4suC4q+C4meC4sOC5hOC4lOC5iSDguYLguJvguKPguJTguKXguIfguIjguLLguIHguJ7guLLguKvguJnguLDguIHguYjguK3guJleMDAwMDAw,,,XjAwMDBGRk5vIHB1ZWRlcyBjYW1iaWFyIGRlIGNsYXNlIG1pZW50cmFzIG1vbnRhcy4gRGVzbW9udGEgeSB2dWVsdmUgYSBpbnRlbnRhcmxvLl4wMDAwMDA=,XjAwMDBGRkF1ZiBlaW5lbSBSZWl0dGllciBrYW5uc3QgZHUga2VpbmVuIEpvYndlY2hzZWwgZHVyY2hmw7xocmVuLiBCaXR0ZSBzdGVpZyBhYiB1bmQgdmVyc3VjaCBlcyBkYW5uIGVybmV1dC5eMDAwMDAw,XjAwMDBGRlZvdXMgbmUgcG91dmV6IHBhcyBjaGFuZ2VyIGRlIGNsYXNzZSBlbiDDqXRhbnQgc3VyIHVuZSBtb250dXJlLiBWZXVpbGxleiBkZXNjZW5kcmUgZGUgdm90cmUgbW9udHVyZSwgcHVpcyByZWNvbW1lbmNlci5eMDAwMDAw,XjAwMDBGRkthbXUgdGlkYWsgZGFwYXQgYmVyZ2FudGkgam9iIHNhYXQgc2VkYW5nIG1lbmFpa2kgdHVuZ2dhbmdhbi4gSGFyYXAgdHVydW4gZGFyaSB0dW5nZ2FuZ2FuIGxhbHUgbXVsYWkgbGFnaS5eMDAwMDAw,XjAwMDBGRkJpbmVrIMO8emVyaW5kZXlrZW4gc8SxbsSxZiBkZcSfacWfaWtsacSfaSB5YXBhbWF6c8SxbsSxei4gTMO8dGZlbiBiaW5la3RlbiBpbmRpa3RlbiBzb25yYSB5ZW5pZGVuIGJhxZ9sYXnEsW4uXjAwMDAwMA==
DN1t,W+2ctOydtF0K7Ja065SU67O07J6QLAouLi4KLi4uCu2bjOulre2VmOq1sC4g6ri46rKMIOunkO2VoCDtlYTsmpQg7JeG7J20IOunjuydgCDqsr3tl5jsnYQg7ZW0IOyYqCDqsoPsnbQg64qQ6ru07KeA64SkLg==,W0h1Z2hdCkxldOKAmXMgc2VlLAouLi4KLi4uCkV4Y2VsbGVudC4gSSBjYW4gdGVsbCB5b3XigJl2ZSBiZWVuIHRocm91Z2ggYSBsb3TigJRubyBuZWVkIGZvciBhIGxvbmcgZXhwbGFuYXRpb24u,,W+S8keS8il0K5oiR55yL55yL77yMCi4uLgouLi4K5b6I5LiN6ZSZ44CC5peg6ZyA5aSa6KiA77yM5oiR6IO95oSf6KeJ5Yiw5L2g57uP5Y6G5LqG5LiN5bCR44CC,,W0h1Z2hdCuC5hOC4q+C4meC4lOC4ueC4quC4tC4uLgouLi4KLi4uCuC4ouC4reC4lOC5gOC4ouC4teC5iOC4ouC4oSDguYTguKHguYjguIjguLPguYDguJvguYfguJnguJXguYnguK3guIfguJ7guLnguJTguKHguLLguIEK4LiC4LmJ4Liy4Liq4Lix4Lih4Lic4Lix4Liq4LmE4LiU4LmJ4Lin4LmI4Liy4LmA4LiI4LmJ4Liy4Lic4LmI4Liy4LiZ4Lib4Lij4Liw4Liq4Lia4LiB4Liy4Lij4LiT4LmM4Lih4Liy4Lih4Liy4LiB,,,W0h1Z2hdClZlYW1vcywKLi4uCi4uLgpFeGNlbGVudGUuIE5vIGhhY2UgZmFsdGEgZGVjaXIgbcOhczsgc2Ugbm90YSBxdWUgaGFzIGFjdW11bGFkbyBtdWNoYSBleHBlcmllbmNpYS4=,W0h1ZXldCk1hbCBzZWhlbiwKLi4uCi4uLgpBdXNnZXplaWNobmV0LiBJY2ggbXVzcyBuaWNodCB2aWVsZSBXb3J0ZSBtYWNoZW4g4oCTIG1hbiBtZXJrdCwgZGFzcyBkdSBzY2hvbiBlaW5lIE1lbmdlIEVyZmFocnVuZyBnZXNhbW1lbHQgaGFzdC4=,W0h1ZXldClZveW9ucyB2b2ly4oCmCi4uLgouLi4KRXhjZWxsZW50LiBQYXMgYmVzb2luIGQnZW4gZGlyZSBwbHVzIDogb24gdm9pdCBxdWUgdHUgYXMgZGUgbCdleHDDqXJpZW5jZS4=,W0h1Z2hdCk1hcmkga3VsaWhhdCwKLi4uCi4uLgpIZWJhdC4gVGFucGEgcGVybHUgYmFueWFrIGJpY2FyYSwgdGVyYXNhIGJhaHdhIEthbXUgc3VkYWggbWVsYWx1aSBiYW55YWsgcGVuZ2FsYW1hbi4=,W0h1Z2hdCkJha2FsxLFtLAouLi4KLi4uCk3DvGtlbW1lbC4gVXp1biB1enVuIGtvbnXFn21heWEgZ2VyZWsgeW9rOyDDp29rIGRlbmV5aW0ga2F6YW5kxLHEn8SxbiBiZWxsaSBvbHV5b3Iu
Dd1t,W+2ctOydtF0=,W0h1Z2hd,,W+S8keS8il0=,,W0h1Z2hd,,,W0h1Z2hd,W0h1ZXld,W0h1ZXld,W0h1Z2hd,W0h1Z2hd
Dt1t,65Sw65287IScLCDsnpDrhKTqsIAg7JuQ7ZWc64uk66m0IOyngOq4iCDrsJTroZwg7Ja07IyU7Iug7Jy866GcIOyghOyngeydhCDsi5zsvJzso7zqs6DsnpAg7ZWY64qU642wLA==,U28sIGlmIHlvdeKAmWQgbGlrZSwgSSBjYW4gY2hhbmdlIHlvdXIgam9iIHRvIEFzc2Fzc2luIHJpZ2h0IG5vdyw=,,5omA5Lul77yM5aaC5p6c5L2g5oS/5oSP55qE6K+d77yM5oiR5oOz546w5Zyo5bCx6K6p5L2g6L2s6IGM5Li65Yi65a6i77yM,,4LiU4Lix4LiH4LiZ4Lix4LmJ4LiZIOC4q+C4suC4geC5gOC4iOC5ieC4suC4leC5ieC4reC4h+C4geC4suC4owrguILguYnguLLguKrguLLguKHguLLguKPguJbguYDguJvguKXguLXguYjguKLguJnguK3guLLguIrguLXguJ7guYPguKvguYnguYDguIjguYnguLIK4LmA4Lib4LmH4LiZIEFzc2Fzc2luIOC5hOC4lOC5ieC4l+C4seC4meC4l+C4tQ==,,,UG9yIHRhbnRvLCBzaSBsbyBkZXNlYSwgcHVlZG8gY2FtYmlhcmxlIGRlIGNsYXNlIGEgQXNlc2lubyBhaG9yYSBtaXNtbywgcGVyby4uLg==,QWxzbywgd2VubiBkdSB3aWxsc3QsIGthbm4gaWNoIGRpY2ggc29mb3J0IHp1bSBBc3Nhc3NpbmVuIG1hY2hlbiw=,QWxvcnMsIHNpIHR1IGxlIHZldXgsIGplIHBldXggdGUgZmFpcmUgZGV2ZW5pciBBc3Nhc3NpbiB0b3V0IGRlIHN1aXRlLg==,SmFkaSwgamlrYSBLYW11IG1lbmdpbmdpbmthbm55YSwgYWt1IGluZ2luIHNlZ2VyYSBtZW5nZ2FudGkgam9iLW11IG1lbmphZGkgQXNzYXNzaW4s,QnUgecO8emRlbiwgaXN0ZXJzZW5peiBzaXppIGhlbWVuIMWfaW1kaSBTdWlrYXN0w6fEsSBvbGFyYWsgc8SxbsSxZiBkZcSfacWfdGlydGViaWxpcmltLA==
D91t,65Sw65287IScLCDsnpDrhKTqsIAg7JuQ7ZWc64uk66m0IOyngOq4iCDrsJTroZwg7Ja07IyU7Iug7YGs66Gc7Iqk66GcIOyghOyngeydhCDsi5zsvJzso7zqs6DsnpAg7ZWY64qU642wLA==,U28sIGlmIHlvdeKAmWQgbGlrZSwgSSBjYW4gY2hhbmdlIHlvdXIgam9iIHRvIEFzc2Fzc2luIENyb3NzIHJpZ2h0IG5vdyw=,,5omA5Lul77yM5aaC5p6c5L2g5oS/5oSP55qE6K+d77yM5oiR5oOz546w5Zyo5bCx6K6p5L2g6L2s6IGM5Li65Yi65a6i5Y2B5a2X5Yi65a6i77yM,,4LiU4Lix4LiH4LiZ4Lix4LmJ4LiZIOC4q+C4suC4geC5gOC4iOC5ieC4suC4leC5ieC4reC4h+C4geC4suC4owrguILguYnguLLguKrguLLguKHguLLguKPguJbguYDguJvguKXguLXguYjguKLguJnguK3guLLguIrguLXguJ7guYPguKvguYnguYDguIjguYnguLIK4LmA4Lib4LmH4LiZIEFzc2Fzc2luIENyb3NzIOC5hOC4lOC5ieC4l+C4seC4meC4l+C4tQ==,,,UG9yIHRhbnRvLCBzaSBsbyBkZXNlYSwgcHVlZG8gY2FtYmlhcmxlIGRlIGNsYXNlIGEgQXNlc2lubyBDcnV6YWRvIGFob3JhIG1pc21vLCBwZXJvLi4u,QWxzbywgd2VubiBkdSB3aWxsc3QsIGthbm4gaWNoIGRpY2ggc29mb3J0IHp1bSBBc3Nhc3NpbmUgQ3Jvc3MgbWFjaGVuLA==,QWxvcnMsIHNpIHR1IGxlIHZldXgsIGplIHBldXggdGUgZmFpcmUgZGV2ZW5pciBBc3Nhc3NpbiBDcm9zcyB0b3V0IGRlIHN1aXRlLg==,SmFkaSwgamlrYSBLYW11IG1lbmdpbmdpbmthbm55YSwgYWt1IGluZ2luIHNlZ2VyYSBtZW5nZ2FudGkgam9iLW11IG1lbmphZGkgQXNzYXNzaW4gQ3Jvc3Ms,QnUgecO8emRlbiwgaXN0ZXJzZW5peiBzaXppIGhlbWVuIMWfaW1kaSBTdWlrYXN0w6fEsSBDcm9zcyBvbGFyYWsgc8SxbsSxZiBkZcSfacWfdGlydGViaWxpcmltLA==
EN1t,7KeA6riIIOuwlOuhnCDsoITsp4HsnYQg7ZWY6rKg64qU6rCAPw==,RG8geW91IHdhbnQgdG8gY2hhbmdlIGpvYnMgcmlnaHQgbm93Pw==,,6KaB546w5Zyo5bCx6L2s6IGM5ZCX77yf,,4LiV4LmJ4Lit4LiH4LiB4Liy4Lij4LmA4Lib4Lil4Li14LmI4Lii4LiZ4Lit4Liy4LiK4Li14Lie4LiV4Lit4LiZ4LiZ4Li14LmJ4LmA4Lil4Lii4Lir4Lij4Li34Lit4LmE4Lih4LmIPw==,,,wr9EZXNlYSBjYW1iaWFyIGRlIGNsYXNlIGFob3JhIG1pc21vPw==,V2lsbHN0IGR1IGpldHp0IHNvZm9ydCBkZW4gSm9iIHdlY2hzZWxuPw==,Q2hhbmdlciBkZSBjbGFzc2UgbWFpbnRlbmFudCA/,TWF1a2FoIEthbXUgYmVyZ2FudGkgam9iIHNla2FyYW5nIGp1Z2E/,SGVtZW4gxZ9pbWRpIHPEsW7EsWYgZGXEn2nFn2lrbGnEn2kgeWFwbWFrIGlzdGVyIG1pc2luaXo/
Ed1t,64SkLCDsp4DquIgg67CU66GcIOyghOynge2VmOqyoOyKteuLiOuLpC4=,WWVzLCBJ4oCZbGwgY2hhbmdlIGpvYnMgcmlnaHQgYXdheS4=,,5piv55qE77yM5oiR546w5Zyo5bCx6L2s6IGM44CC,,4LmA4Lib4Lil4Li14LmI4Lii4LiZ4Lit4Liy4LiK4Li14Lie4LiV4Lit4LiZ4LiZ4Li14LmJ,,,U8OtLCBjYW1iaWFyw6kgZGUgY2xhc2UgYWhvcmEgbWlzbW8u,SmEuIEljaCB3ZWNoc2xlIGRlbiBKb2Igc29mb3J0Lg==,T3VpLCBqZSBjaGFuZ2UgZGUgY2xhc3NlIHRvdXQgZGUgc3VpdGUu,WWEsIEFrdSBha2FuIGJlcmdhbnRpIGpvYiBzZWthcmFuZyBqdWdhLg==,RXZldCwgaGVtZW4gxZ9pbWRpIHPEsW7EsWYgZGXEn2nFn2lrbGnEn2kgeWFwYWNhxJ/EsW0u
Et1t,66i87KCALCDtlbTslbztlaAg7J287J20IOyeiOyKteuLiOuLpC4=,Rmlyc3QsIHRoZXJl4oCZcyBzb21ldGhpbmcgd2UgbmVlZCB0byB0YWtlIGNhcmUgb2Yu,,6aaW5YWI77yM5pyJ5Lu25LqL6KaB5YGa44CC,,4LiC4LmJ4Liy4Lii4Lix4LiH4Lih4Li14LiY4Li44Lij4Liw4LiX4Li14LmI4LiV4LmJ4Lit4LiH4LiX4Liz4LiB4LmI4Lit4LiZ,,,UHJpbWVybywgaGF5IGFsZ28gcXVlIGRlYmUgaGFjZXIu,Vm9yaGVyIGhhYmUgaWNoIG5vY2ggZXR3YXMgenUgZXJsZWRpZ2VuLg==,RCdhYm9yZCwgaidhaSBxdWVscXVlIGNob3NlIMOgIGZhaXJlLg==,UGVydGFtYSwgYWRhIHlhbmcgaGFydXMgZGlsYWt1a2FuLg==,w5ZuY2UgeWFwbWFuxLF6IGdlcmVrZW4gYmlyIMWfZXkgdmFyLg==
E91t,W+2ctOydtF0K6re465+8IOq4uOqyjCDrp5DtlaAg6rKDIOyXhuydtC4=,W0h1Z2hdClRoZW4gdGhlcmXigJlzIG5vIG5lZWQgdG8gZHJhZyB0aGlzIG91dC4=,,W+S8keS8il0K6YKj5bCx5LiN5aSa6K+05LqG44CC,,W0h1Z2hdCuC5gOC4iuC5iOC4meC4meC4seC5ieC4mSDguILguYnguLLguIjguLDguYTguKHguYjguJ7guLnguJTguYPguKvguYnguKLguLfguJTguKLguLLguKc=,,,W0h1Z2hdCkVudG9uY2VzLCBzaW4gbcOhcyBkaWxhY2nDs24u,W0h1ZXldCkRhbm4gbWFjaGVuIHdpciBlcyBrdXJ6Lg==,W0h1ZXldCkFsb3JzLCBzYW5zIHBsdXMgYXR0ZW5kcmUu,W0h1Z2hdCkthbGF1IGJlZ2l0dSwgdGFucGEgcGVybHUgYmFueWFrIGJpY2FyYS4=,W0h1Z2hdCsOWeWxleXNlLCBsYWbEsSB1emF0bWF5YSBnZXJlayB5b2su
FN1t,W+2ctOydtF0K7IKs66eJ7J2YIO2SiOycvOuhnCDrk6TslrTsmKgg6rKD7J2EIO2ZmOyYge2VmOuEpC4=,W0h1Z2hdCldlbGNvbWUgdG8gdGhlIGVtYnJhY2Ugb2YgdGhlIGRlc2VydC4=,,W+S8keS8il0K5qyi6L+O5p2l5Yiw5rKZ5ryg55qE5oCA5oqx44CC,,W0h1Z2hdCuC4ouC4tOC4meC4lOC4teC4leC5ieC4reC4meC4o+C4seC4muC4quC4ueC5iOC4reC5ieC4reC4oeC4geC4reC4lOC5geC4q+C5iOC4h+C4l+C4sOC5gOC4peC4l+C4o+C4suC4og==,,,W0h1Z2hdClRlIGRveSBsYSBiaWVudmVuaWRhIGFsIHNlbm8gZGVsIGRlc2llcnRvLg==,W0h1ZXldCldpbGxrb21tZW4gaW0gU2Nob8OfIGRlciBXw7xzdGUu,W0h1ZXldCkJpZW52ZW51ZSBkYW5zIGwnw6l0cmVpbnRlIGR1IGTDqXNlcnQu,W0h1Z2hdClNlbGFtYXQgZGF0YW5nIGRpIHBlbHVrYW4gZ3VydW4u,W0h1Z2hdCsOHw7Zsw7xuIGt1Y2HEn8SxbmEgaG/FnyBnZWxkaW5pei4=
Fd1t,W+2ctOydtF0K7Jes6riw6rmM7KeAIOywvuyVhOyZgOyEnCDrrZgg66ed7ISk7J2064KYLg==,W0h1Z2hdCllvdSBjYW1lIGFsbCB0aGUgd2F5IGhlcmXigJRzbyB3aGF0IGFyZSB5b3UgaGVzaXRhdGluZyBmb3I/,,W+S8keS8il0K6YO95om+5Yiw6L+Z6YeM5p2l5LqG77yM6L+Y54q56LGr5LuA5LmI44CC,,W0h1Z2hdCuC4oeC4suC4luC4tuC4h+C4l+C4teC5iOC4meC4teC5iOC5geC4peC5ieC4pyDguKLguLHguIfguIjguLDguKXguLHguIfguYDguKXguK3guLDguYTguKPguK3guLXguIE=,,,W0h1Z2hdCsK/UXXDqSBkdWRhIHRlIHF1ZWRhIGRlc3B1w6lzIGRlIHZlbmlyIGhhc3RhIGFxdcOtPw==,W0h1ZXldCkR1IGJpc3Qgc2Nob24gYmlzIGhpZXJoZXIgZ2Vrb21tZW4g4oCTIHdhcyB6w7ZnZXJzdCBkdSBub2NoPw==,W0h1ZXldClR1IGVzIHZlbnUganVzcXUnaWNp4oCmIGFsb3JzLCBwb3VycXVvaSBow6lzaXRlciA/,W0h1Z2hdClN1ZGFoIGRhdGFuZyBzZWphdWggaW5pLCB1bnR1ayBhcGEgcmFndS4=,W0h1Z2hdCkJ1cmF5YSBrYWRhciBnZWxpcCBkZSBuZSBkaXllIHRlcmVkZMO8dCBlZGl5b3JzdW51ei4=
Ft1t,W+2ctOydtF0K7Jes6ri0IOuGgOydtO2EsOqwgCDslYTri4jrhKQuCuuzvOydvOydtCDsl4bri6TrqbQg64+M7JWE6rCA6rKMLg==,W0h1Z2hdClRoaXMgaXNu4oCZdCBhIHBsYXlncm91bmQuCklmIHlvdeKAmXZlIGdvdCBubyBidXNpbmVzcyBoZXJlLCB0aGVuIGdvIGJhY2su,,W+S8keS8il0K6L+Z6YeM5LiN5piv5ri45LmQ5Zy644CCCuayoeS6i+eahOivneWwseWbnuWOu+WQp+OAgg==,,W0h1Z2hdCuC4l+C4teC5iOC4meC4teC5iOC5hOC4oeC5iOC5g+C4iuC5iOC4quC4meC4suC4oeC5gOC4lOC5h+C4geC5gOC4peC5iOC4mQrguKvguLLguIHguYDguIjguYnguLLguYTguKHguYjguKHguLXguJjguLjguKPguLDguIHguYfguIjguIfguIHguKXguLHguJrguYTguJvguYDguKrguLXguKI=,,,W0h1Z2hdCkVzdGUgbm8gZXMgdW4gbHVnYXIgZGUganVlZ29zLgpTaSBubyB0aWVuZXMgbmFkYSBxdWUgaGFjZXIsIHZ1ZWx2ZSBwb3IgZG9uZGUgaGFzIHZlbmlkby4=,W0h1ZXldCkRhcyBoaWVyIGlzdCBrZWluIFNwaWVscGxhdHouCldlbm4gZHUgbmljaHRzIHp1IGVybGVkaWdlbiBoYXN0LCBkYW5uIGdlaCB3aWVkZXIu,W0h1ZXldCkNlIG7igJllc3QgcGFzIHVuIHRlcnJhaW4gZGUgamV1LgpTaSB0dSBu4oCZYXMgcmllbiDDoCBmYWlyZSwgcmVudHJlLg==,W0h1Z2hdCkluaSBidWthbiB0YW1hbiBiZXJtYWluLgpLYWxhdSB0aWRhayBhZGEgdXJ1c2FuLCBwdWxhbmdsYWgu,W0h1Z2hdCkJ1cmFzxLEgb3l1biBhbGFuxLEgZGXEn2lsLgrEsMWfaW5peiB5b2tzYSBnZXJpIGTDtm7DvG4u
F91t,W+yWtOuUmOyngCDsgrTquLDqsIAg64qQ6ru07KeA64qUIOyekF0K66y07IqoIOyXsOycoOuhnCDsl6zquLDquYzsp4Ag7JmU64qU7KeAIOuqqOultOqyoOuLpOunjCwg7J20IOqzs+yXkOyEnCDrgpjqsIDso7zrqbQg7KKL6rKg6rWwLgrtl5jtlZwg6ry0IOuLue2VtOuPhCDrgpjripQg7LGF7J6EIOuqu+yguC4=,W1NvbWVvbmUgd2hvIHNlZW1zIHRvIGhhdmUgYSBkYW5nZXJvdXMgZWRnZSB0byB0aGVtXQpJIGRvbuKAmXQga25vdyB3aGF0IGJyb3VnaHQgeW91IGFsbCB0aGUgd2F5IGhlcmUsIGJ1dCBJ4oCZZCBhcHByZWNpYXRlIGl0IGlmIHlvdeKAmWQgbGVhdmUgdGhpcyBwbGFjZS4KSWYgeW91IGdldCBodXJ0LCBJIHdvbuKAmXQgYmUgcmVzcG9uc2libGUgZm9yIHdoYXQgaGFwcGVucy4=,,W+eci+i1t+adpeW+iOWNsemZqeeahOS6ul0K5oiR5LiN55+l6YGT5L2g5piv5Zug5Li65LuA5LmI5p2l5Yiw6L+Z6YeM55qE77yM5L2G5biM5pyb5L2g6IO956a75byA6L+Z6YeM44CCCuWwseeul+S9oOmBreS6hue9qu+8jOaIkeS5n+S4jei0n+i0o+OAgg==,,W+C4muC4uOC4hOC4hOC4peC4peC4tuC4geC4peC4seC4muC5geC4nOC5iOC5hOC4reC4reC4seC4meC4leC4o+C4suC4ol0K4LiC4LmJ4Liy4LmE4Lih4LmI4Lij4Li54LmJ4Lin4LmI4Liy4LmA4LiI4LmJ4Liy4Lih4Liy4LiX4Li14LmI4LiZ4Li14LmI4LiU4LmJ4Lin4Lii4LmA4Lir4LiV4Li44LmD4LiUCuC5geC4leC5iOC4iOC4sOC5gOC4m+C5h+C4meC4geC4suC4o+C4lOC4teC4geC4p+C5iOC4suC4q+C4suC4geC5gOC4iOC5ieC4suC4reC4reC4geC5hOC4m+C4iOC4suC4geC4l+C4teC5iOC4meC4teC5iArguKvguLLguIHguYDguIHguLTguJTguK3guLDguYTguKPguILguLbguYnguJnguILguYnguLLguYTguKHguYjguKPguLHguJrguJzguLTguJTguIrguK3guJo=,,,W0FsZ3VpZW4gcXVlIGRlc3ByZW5kZSB1biBhdXJhIGFzZXNpbmFdCk5vIHPDqSBxdcOpIGxlIHRyYWUgaGFzdGEgYXF1w60sIHBlcm8gc2Vyw61hIG1lam9yIHF1ZSBzZSBtYXJjaGFyYSBkZSBlc3RlIGx1Z2FyLgpTaSBsZSBvY3VycmUgYWxnbywgbm8gbWUgaGFyw6kgcmVzcG9uc2FibGUu,W0plbWFuZCBtaXQgdMO2ZGxpY2hlciBBdXJhXQpJY2ggd2Vpw58gbmljaHQsIGF1cyB3ZWxjaGVtIEdydW5kIGR1IGJpcyBoaWVyaGVyIGdla29tbWVuIGJpc3QsIGFiZXIgaWNoIHfDpHJlIGRpciBkYW5rYmFyLCB3ZW5uIGR1IGRpZXNlbiBPcnQgdmVybGFzc2VuIHfDvHJkZXN0LgpXZW5uIGRpciBldHdhcyB6dXN0w7bDn3QsIMO8YmVybmVobWUgaWNoIGtlaW5lIFZlcmFudHdvcnR1bmcu,W1F1ZWxxdSd1biDDoCBsJ2F1cmEgbWVuYcOnYW50ZV0KSmUgbmUgc2FpcyBwYXMgcG91cnF1b2kgdHUgZXMgdmVudSBqdXNxdSdpY2ksIG1haXMgamUgcHLDqWbDqHJlIHF1ZSB0dSBkw6lnYWdlcy4KU2kgw6dhIHRvdXJuZSBtYWwsIGNlIG5lIHNlcmEgcGFzIG1vbiBwcm9ibMOobWUu,W1NvbWVvbmUgd2hvIHNlZW1zIHRvIGhhdmUgYSBkYW5nZXJvdXMgZWRnZSB0byB0aGVtXQpBa3UgdGlkYWsgdGFodSBhcGEgYWxhc2FubXUgc2FtcGFpIGRhdGFuZyBrZSBzaW5pLCB0YXBpIHNlYmFpa255YSBLYW11IHBlcmdpIGRhcmkgdGVtcGF0IGluaS4KS2FsYXUgc2FtcGFpIG1lbmdhbGFtaSBoYWwgYnVydWssIGFrdSB0aWRhayBiaXNhIGJlcnRhbmdndW5nIGphd2FiLg==,W1RlaGxpa2VsaSBiaXIgaGF2YXPEsSB2YXJtxLHFnyBnaWJpIGfDtnLDvG5lbiBiaXJpXQpCdXJheWEga2FkYXIgaGFuZ2kgc2ViZXBsZSBnZWxkacSfaW5pemkgYmlsbWl5b3J1bSBhbWEsIGJ1cmFkYW4gw6fEsWvEsXAgZ2l0bWVuaXppIGlzdGVyaW0uCkvDtnTDvCBiaXIgxZ9leSB5YcWfYXJzYW7EsXogYmVuIHNvcnVtbHVsdWsgYWxhbWFtLg==
