oJCgAQ,7JWE7J2066as7Iqk,SXJpcw==,,6Im+5Li95Lid,,SXJpcw==,,,SXJpcw==,SXJpcw==,SXJpcw==,SXJpcw==,SXJpcw==
oZCgAQ,7Iuc6re466Os,U2lncnVu,,6KW/5qC85Lym,,U2lncnVu,,,U2lncnVu,U2lncnVu,U2lncnVu,U2lncnVu,U2lncnVu
opCgAQ,7ZSE66Gg7YWM6528IOyhsOyCrOq0gA==,UHJvbnRlcmEgSW52ZXN0aWdhdG9y,,5pmu6ZqG5b635ouJ6LCD5p+l5a6Y,,UHJvbnRlcmEgSW52ZXN0aWdhdG9y,,,QWdlbnRlIGRlIGludmVzdGlnYWNpw7NuIGRlIFByb250ZXJh,UHJvbnRlcmEtRXJtaXR0bGVy,RW5xdcOqdGV1ciBkZSBQcm9udGVyYQ==,UHJvbnRlcmEgSW52ZXN0aWdhdG9y,UHJvbnRlcmEgTcO8ZmV0dGnFn2k=
o5CgAQ,7LyA7J207JWE7Iqk,Q2hhb3M=,,5Yev5LyK6Zi/5pav,,Q2hhb3M=,,,Q2hhb3M=,Q2hhb3M=,Q2hhb3M=,Q2hhb3M=,S2Fvcw==
pJCgAQ,XkU1QzgxRVvsvIDsnbTslYTsiqRdXkZGRkZGRg==,XkU1QzgxRVtDaGFvc11eRkZGRkZG,,XkU1QzgxRVvlh6/kvIrpmL/mlq9dXkZGRkZGRg==,,XkU1QzgxRVtDaGFvc11eRkZGRkZG,,,XkU1QzgxRVtDaGFvc11eRkZGRkZG,XkU1QzgxRVtDaGFvc11eRkZGRkZG,XkU1QzgxRVtDaGFvc11eRkZGRkZG,XkU1QzgxRVtDaGFvc11eRkZGRkZG,XkU1QzgxRVtLYW9zXV5GRkZGRkY=
pZCgAQ,7Jes6riw6rCAIO2UhOuhoO2FjOudvOq1rOuCmD8K7JeE7LKtIOuEk+qzoCDsgqzrnozrj4Qg66eO7J2A6rG4Pw==,U28gdGhpcyBpcyBQcm9udGVyYT8KSXTigJlzIGh1Z2UsIGFuZCB0aGVyZSBhcmUgc28gbWFueSBwZW9wbGUgaGVyZS4=,,6L+Z6YeM5bCx5piv5pmu6ZqG5b635ouJ5ZCX77yfCuWlveWkp+WViu+8jOS6uuS5n+WlveWkmuOAgg==,,4LiX4Li14LmI4LiZ4Li14LmI4LiE4Li34LitIFByb250ZXJhIOC4quC4tOC4meC4sD8K4LiB4Lin4LmJ4Liy4LiH4Lih4Liy4LiB4LmA4Lil4LiiIOC5geC4luC4oeC4hOC4meC4geC5h+C5gOC4ouC4reC4sOC4lOC5ieC4p+C4og==,,,wr9Bc8OtIHF1ZSBlc3RvIGVzIFByb250ZXJhPwrCoUVzIGVub3JtZSB5IGVzdMOhIGxsZW5hIGRlIGdlbnRlIQ==,SXN0IGRhcyBhbHNvIFByb250ZXJhPwpHYW56IHNjaMO2biBncm/DnywgdW5kIHNvIHZpZWxlIE1lbnNjaGVuIHNpbmQgYXVjaCBoaWVyLg==,Qydlc3QgZG9uYyBpY2ksIFByb250ZXJhID8KQydlc3QgaW1tZW5zZSwgZXQgaWwgeSBhIMOpbm9ybcOpbWVudCBkZSBtb25kZS4=,SmFkaSwgaW5pIFByb250ZXJhPwpCZXNhciBzZWthbGksIGRhbiBvcmFuZy1vcmFuZ255YSBqdWdhIGJhbnlhay4=,RGVtZWsgYnVyYXPEsSBQcm9udGVyYT8KTmUga2FkYXIgYsO8ecO8aywgaGVtIGJpciBzw7xyw7wgaW5zYW4gZGEgdmFyLg==
ppCgAQ,XkU1QzgxRVvslYTsnbTrpqzsiqRdXkZGRkZGRg==,XkU1QzgxRVtJcmlzXV5GRkZGRkY=,,XkU1QzgxRVvoib7kuL3kuJ1dXkZGRkZGRg==,,XkU1QzgxRVtJcmlzXV5GRkZGRkY=,,,XkU1QzgxRVtJcmlzXV5GRkZGRkY=,XkU1QzgxRVtJcmlzXV5GRkZGRkY=,XkU1QzgxRVtJcmlzXV5GRkZGRkY=,XkU1QzgxRVtJcmlzXV5GRkZGRkY=,XkU1QzgxRVtJcmlzXV5GRkZGRkY=
p5CgAQ,7Jqw7Jy8Li4uIOydtOuemOyEnOyVvCDslrTrlrvqsowg7ZW066Oh64+E66W8IO2blOyzkOqwhCDrj4TrkZHsnYQg7J6h7KeAPw==,VWdoLi4uIEF0IHRoaXMgcmF0ZSwgaG93IGFyZSB3ZSBzdXBwb3NlZCB0byBjYXRjaCB0aGUgdGhpZWYgd2hvIHN0b2xlIHRoZSBTZWEgRHJhZ29uIEJsYWRlPw==,,5ZGc4oCm4oCm6L+Z5qC35LiL5Y6777yM6KaB5oCO5LmI5oqT5L2P5YG36LWw5rW36b6Z5YiA55qE5bCP5YG35ZWK77yf,,4Lit4Li34LmJ4LitLi4uIOC5geC4muC4muC4meC4teC5ieC4iOC4sOC4iOC4seC4muC4q+C4seC4p+C4guC5guC4oeC4ouC4l+C4teC5iOC4guC5guC4oeC4oiBIYWVyeW9uZ2RvIOC5hOC4m+C5hOC4lOC5ieC4ouC4seC4h+C5hOC4h+C4peC5iOC4sD8=,,,VWYuLi4gwr9Dw7NtbyB2b3kgYSBhdHJhcGFyIGFzw60gYWwgbGFkcsOzbiBxdWUgcm9iw7MgZWwgU2FibGUgZGVsIGRyYWfDs24gbWFyaW5vPw==,VWdoLi4uIFdpZSBzb2xsZW4gd2lyIHNvIG51ciBkZW4gRGllYiBzY2huYXBwZW4sIGRlciBkaWUgU2VlZHJhY2hlbi1LbGluZ2UgZ2VzdG9obGVuIGhhdD8=,T3VoLi4uIMOAIGNlIHJ5dGhtZSwgY29tbWVudCBvbiB2YSBhdHRyYXBlciBsZSB2b2xldXIgcXVpIGEgZMOpcm9iw6kgbGEgTGFtZSBkdSBEcmFnb24gZGVzIG1lcnMgPw==,QWR1aC4uLiBLYWxhdSBiZWdpbmksIGJhZ2FpbWFuYSBraXRhIGJpc2EgbWVuYW5na2FwIHRoaWVmIHlhbmcgbWVuZ2FtYmlsIFNlYSBEcmFnb24gQmxhZGU/,T2ZmLi4uIELDtnlsZSBnaWRlcnNlIERlbml6IEVqZGVyaGFzxLEgQsSxw6dhxJ/EsW7EsSDDp2FsYW4gaMSxcnPEsXrEsSBuYXPEsWwgeWFrYWxheWFjYcSfxLF6Pw==
qJCgAQ,6rGx7KCV7ZWY7KeA66eILiDrgpgg7LyA7J207JWE7Iqk7JW8LiDstpTqsqnsl5DripQg7J6Q7Iug7J20IOyeiOuLpOqzoC4K64uo,RG9u4oCZdCB3b3JyeS4gSeKAmW0gQ2hhb3MuIEnigJltIGNvbmZpZGVudCB3aGVuIGl0IGNvbWVzIHRvIHRyYWNraW5nIHBlb3BsZSBkb3duLgpCdXQ=,,5Yir5ouF5b+D77yM5oiR5piv5Yev5LyK6Zi/5pav44CC6L+96Liq6L+Z56eN5LqL5oiR5b6I5pyJ5oqK5o+h44CCCuS4jei/hw==,,4LmE4Lih4LmI4LiV4LmJ4Lit4LiH4Lir4LmI4Lin4LiHIOC4guC5ieC4suC4hOC4t+C4rSBDaGFvcyDguYDguIrguLXguKLguKfguJnguLAg4LmA4Lij4Li34LmI4Lit4LiH4LiV4Liy4Lih4Lij4Lit4Lii4Lih4Lix4LmI4LiZ4LmD4LiI4LiC4LmJ4Liy4LmE4LiU4LmJ4LmA4Lil4LiiIOC5geC4leC5iC4uLg==,,,Tm8gdGUgcHJlb2N1cGVzLiBTb3kgQ2hhb3MuIFNlIG1lIGRhIGJpZW4gcGVyc2VndWlyIGEgbGEgZ2VudGUuClBlcm8uLi4=,S2VpbmUgU29yZ2UuIEljaCBiaW4gQ2hhb3MuIEltIFZlcmZvbGdlbiBiaW4gaWNoIHppZW1saWNoIGd1dC4KQWJlcg==,TmUgdCdpbnF1acOodGUgcGFzLiBNb2ksIGMnZXN0IENoYW9zLiBKZSBzdWlzIHBsdXTDtHQgZG91w6kgcG91ciBsZXMgcG91cnN1aXRlcy4KTWFpcw==,SmFuZ2FuIGtoYXdhdGlyLiBBa3UgQ2hhb3MuIEFrdSBjdWt1cCBwZXJjYXlhIGRpcmkgZGFsYW0gaGFsIHBlbmdlamFyYW4uClRhcGk=,TWVyYWsgZXRtZS4gQmVuIEthb3MndW0uIFRha2lwIGtvbnVzdW5kYSBrZW5kaW1lIGfDvHZlbmlyaW0uCkFtYQ==
qZCgAQ,4pa2IOyWtOuWu+qyjCDrj4TsmYDso7zrqbQg64+8Pw==,4pa2IEhvdyBjYW4gSSBoZWxwPw==,,4pa2IOimgeaIkeaAjuS5iOW4ruS9oO+8nw==,,4pa2IOC4iOC4sOC5g+C4q+C5ieC4guC5ieC4suC4iuC5iOC4p+C4ouC4reC4ouC5iOC4suC4h+C5hOC4ow==,,,4pa2IMK/Q8OzbW8gcHVlZG8gYXl1ZGFydGU/,4pa2IFdpZSBrYW5uIGljaCBoZWxmZW4/,4pa2IENvbW1lbnQgamUgcGV1eCB0J2FpZGVyID8=,4pa2IEFrdSBoYXJ1cyBtZW1iYW50dSBiYWdhaW1hbmE/,4pa2IFNhbmEgbmFzxLFsIHlhcmTEsW0gZWRlYmlsaXJpbT8=
qpCgAQ,7Jqw7ISgIOyEseusuCDrgqjsqr3snLzroZwg64KY6rCA7IScIOyImOyDie2VtOykmC4=,Rmlyc3QsIGhlYWQgc291dGggb2YgdGhlIGNhc3RsZSBnYXRlIGFuZCBzZWFyY2ggdGhlIGFyZWEu,,5YWI5Yiw5Z+O6Zeo5Y2X6L655Y675pCc57Si5LiA5LiL5ZCn44CC,,4LmA4Lij4Li04LmI4Lih4LiI4Liy4LiB4Lit4Lit4LiB4LmE4Lib4LiX4Liy4LiH4LmD4LiV4LmJ4LiC4Lit4LiH4Lib4Lij4Liw4LiV4Li54LmA4Lih4Li34Lit4LiH4LmB4Lil4LmJ4Lin4LiK4LmI4Lin4Lii4LiE4LmJ4LiZ4Lir4Liy4LiU4Li54Lir4LiZ4LmI4Lit4Lii,,,UHJpbWVybywgc2FsIHBvciBsYSBwdWVydGEgc3VyIGRlbCBjYXN0aWxsbyB5IGJ1c2NhIHBvciBhbGzDrS4=,R2VoIHp1ZXJzdCBzw7xkbGljaCBhdXMgZGVtIFN0YWR0dG9yIGhpbmF1cyB1bmQgc3VjaCBkb3J0Lg==,Q29tbWVuY2UgcGFyIHNvcnRpciBhdSBzdWQgZGUgbGEgcG9ydGUgZHUgY2jDonRlYXUgZXQgZm91aWxsZSBsZXMgZW52aXJvbnMu,UGVydGFtYSwga2VsdWFybGFoIGtlIHNlbGF0YW4gZ2VyYmFuZyBrYXN0ZWwgZGFuIGNhcmkgZGkgc2FuYS4=,w5ZuY2Uga2FsZW5pbiBnw7xuZXkga2FwxLFzxLFuZGFuIMOnxLFrxLFwIGV0cmFmxLEgYXJhxZ90xLFyLg==
q5CgAQ,4pa2IOq3uOqxsOuptCDrkJjrgpg/,4pa2IFdpbGwgdGhhdCBiZSBlbm91Z2g/,,4pa2IOi/meagt+WwseWkn+S6huWQl++8nw==,,4pa2IOC5geC4hOC5iOC4meC4seC5ieC4meC5gOC4reC4h+C4q+C4o+C4t+C4rQ==,,,4pa2IMK/Q29uIGVzbyBiYXN0YXLDoT8=,4pa2IFJlaWNodCBkYXM/,4pa2IMOHYSBzdWZmaXJhID8=,4pa2IEN1bWEgaXR1IHNhamE/,4pa2IEJ1IGthZGFyIHlldGVyIG1pPw==
rJCgAQ,6riw7JmVIOuCmOqwhCDquYDsl5Ag7IKs656M65Ok7J2EIOuPhOyauCDqsrgsCuuqrOyKpO2EsOudvOuPhCDsgqzrg6XtlbQg67O064qUIOqxtCDslrTrlYw/IOyasOyEoCDsiJjspI3snYAg7Y+s66eB67aA7YSwIOyLnOyeke2VmOyekOqzoC4=,U2luY2UgeW914oCZcmUgaGVhZGluZyBvdXQgYW55d2F5LCB3aHkgbm90IGhlbHAgc29tZSBwZW9wbGUKYW5kIGh1bnQgYSBmZXcgbW9uc3RlcnMgd2hpbGUgeW914oCZcmUgYXQgaXQ/IExldOKAmXMgc3RhcnQgd2l0aCB0aGUgU2h5IFBvcmluZy4=,,5pei54S26YO95Ye65p2l5LqG77yM5LiN5aaC6aG65L6/5biu5biu5aSn5a6277yMCumhuuaJi+eMjuWHoOWPqumtlOeJqeaAjuS5iOagt++8n+WFiOS7juWus+e+nueahOazouWIqeW8gOWni+WQp+OAgg==,,4LmE4Lir4LiZIOC5hiDguIHguYfguK3guK3guIHguKHguLLguYHguKXguYnguKcg4LiW4Li34Lit4LmC4Lit4LiB4Liy4Liq4LiK4LmI4Lin4Lii4LmA4Lir4Lil4Li34Lit4Lic4Li54LmJ4LiE4LiZ4Lie4Lij4LmJ4Lit4Lih4LiB4Lix4Lia4Lil4LmI4Liy4Lih4Lit4LiZ4Liq4LmA4LiV4Lit4Lij4LmM4LiU4Li54Lir4LiZ4LmI4Lit4Lii4LmA4Lib4LmH4LiZ4LmE4LiHPyAK4LmA4Lit4Liy4LmA4Lib4LmH4LiZ4Lin4LmI4Liy4LmA4Lij4Li04LmI4Lih4LiI4Liy4LiBIFNoeSBQb3Jpbmcg4LiB4LmI4Lit4LiZ4LiB4LmH4LmB4Lil4LmJ4Lin4LiB4Lix4LiZ,,,WWEgcXVlIHZhcyBhIHNhbGlyLCDCv3F1w6kgdGUgcGFyZWNlIGF5dWRhciBhIGxhIGdlbnRlCmNhemFuZG8gYWxndW5vcyBtb25zdHJ1b3M/IEVtcGVjZW1vcyBwb3IgY2F6YXIgUG9yaW5nIFTDrW1pZG9zLg==,V2VubiBkdSBzY2hvbiB1bnRlcndlZ3MgYmlzdCwga8O2bm50ZXN0IGR1IGRvY2ggbmViZW5iZWkgYXVjaCBkZW4gTGV1dGVuIGhlbGZlbgp1bmQgZWluIHBhYXIgTW9uc3RlciBqYWdlbi4gRmFuZyBlcnN0IG1hbCBtaXQgZGVtIHNjaMO8Y2h0ZXJuZW4gUG9yaW5nIGFuLg==,UHVpc3F1ZSB0dSBzb3JzIGTDqWrDoCwgcG91cnF1b2kgbmUgcGFzIGVuIHByb2ZpdGVyIHBvdXIgYWlkZXIgbGVzIGdlbnMKZXQgY2hhc3NlciBxdWVscXVlcyBtb25zdHJlcyA/IE9uIHZhIGNvbW1lbmNlciBwYXIgbGVzIFBvcmluZyB0aW1pZGVzLg==,S2FyZW5hIGthbXUgc3VkYWgga2VsdWFyLCBiYWdhaW1hbmEga2FsYXUgc2VrYWxpYW4gbWVtYmFudHUgb3Jhbmctb3JhbmcKZGFuIGJlcmJ1cnUgbW9uc3RlciBqdWdhPyBLaXRhIG11bGFpIGRhcmkgUG9yaW5nIFBlbWFsdSBkdWx1Lg==,TmFzxLFsIG9sc2EgZMSxxZ9hcsSxIMOnxLFrbcSxxZ9rZW4sIGluc2FubGFyYSB5YXJkxLFtIGV0bWnFnyBvbG1hayBpw6dpbgpiaXJrYcOnIGNhbmF2YXIgZGEgYXZsYXNhbiBuYXPEsWwgb2x1cj8gw5ZuY2UgdXRhbmdhw6cgUG9yaW5nIGlsZSBiYcWfbGF5YWzEsW0u
rZCgAQ,7JWE7KeBIOyCrOuDpeydtCDrp4jrrLTrpqzrkJjsp4Ag7JWK7J2AIOqygyDqsJnsnYDrjbA/,SXQgbG9va3MgbGlrZSB5b3UgaGF2ZW7igJl0IGZpbmlzaGVkIGh1bnRpbmcgeWV0Lg==,,55yL5p2l54up54yO6L+Y5rKh57uT5p2f5ZGi77yf,,4LiU4Li54LmA4Lir4Lih4Li34Lit4LiZ4LiI4Liw4Lii4Lix4LiH4Lil4LmI4Liy4Lih4Lit4LiZ4Liq4LmA4LiV4Lit4Lij4LmM4LmE4Lih4LmI4LmA4Liq4Lij4LmH4LiI4LmA4Lil4Lii4LiZ4LiwPw==,,,UGFyZWNlIHF1ZSBhw7puIG5vIGhhcyB0ZXJtaW5hZG8gZGUgY2F6YXIsIMK/dmVyZGFkPw==,U2llaHQgc28gYXVzLCBhbHMgd8OkcnN0IGR1IG1pdCBkZXIgSmFnZCBub2NoIG5pY2h0IGZlcnRpZywgb2Rlcj8=,T24gZGlyYWl0IHF1ZSB0dSBuJ2FzIHBhcyBlbmNvcmUgdGVybWluw6kgbGEgY2hhc3NlID8=,U2VwZXJ0aW55YSBwZXJidXJ1YW5ueWEgbWFzaWggYmVsdW0gc2VsZXNhaT8=,R8O2csO8bsO8xZ9lIGfDtnJlIGF2xLFuIGRhaGEgYml0bWVtacWfLCBkZcSfaWwgbWk/
rpCgAQ,7J2MLiDrgqjsqr3sl5DripQg7JeG64qUIOuqqOyWkeyduOqwgCDrs7TrhKQuCuydtOuyiOyXkOuKlCDrj5nsqr0g7ISx66y4IOuwluydhCDssL7slYTrtJAg7KO86rKg7Ja0PwrqsIDripQg6rmA7JeQIOyWtOumsCDro6jrgpjti7HsnYQg7IKs64Ol7ZW0IOykmC4=,SG1tLiBJIGd1ZXNzIGl04oCZcyBub3QgaW4gdGhlIHNvdXRoLgpDb3VsZCB5b3UgY2hlY2sgb3V0c2lkZSB0aGUgZWFzdCBnYXRlIHRoaXMgdGltZT8KQW5kIGh1bnQgc29tZSBZb3VuZyBMdW5hdGljcyBvbiB0aGUgd2F5Lg==,,5Zev77yM55yL5p2l5Y2X6L655rKh5pyJ44CCCui/measoeiDveW4ruaIkeWOu+S4nOi+ueWfjumXqOWkluaJvuaJvuWQl++8nwrpobrkvr/njI7mnYDlh6Dlj6rlubTlubznmoTnlq/lhZTlkKfjgII=,,4Lit4Li34LihLi4uIOC4lOC4ueC5gOC4q+C4oeC4t+C4reC4meC4l+C4suC4h+C5g+C4leC5ieC4iOC4sOC5hOC4oeC5iOC4oeC4teC4meC4sArguIfguLHguYnguJnguITguKPguLLguKfguJnguLXguYnguKXguK3guIfguYTguJvguJTguLnguJnguK3guIHguJvguKPguLDguJXguLnguYDguKHguLfguK3guIfguJfguLLguIfguJXguLDguKfguLHguJnguK3guK3guIHguYPguKvguYnguKvguJnguYjguK3guKIK4LmB4Lil4LmJ4Lin4LiB4LmH4Lij4Liw4Lir4Lin4LmI4Liy4LiH4LiX4Liy4LiH4LiK4LmI4Lin4Lii4Lil4LmI4LiyIFlvdW5nIEx1bmF0aWMg4LmE4Lib4LiU4LmJ4Lin4Lii4LiZ4Liw,,,TW1tLiBQYXJlY2UgcXVlIG5vIGVzdMOhIGVuIGVsIHN1ci4Kwr9Qb2Ryw61hcyBidXNjYXIgZnVlcmEgZGUgbGEgcHVlcnRhIG9yaWVudGFsIGVzdGEgdmV6PwpEZSBwYXNvLCBjYXphIGEgdW4gTHVuw6F0aWNvIGpvdmVuLg==,SG0uIFNpZWh0IHNvIGF1cywgYWxzIHfDpHJlIGRvcnQgaW0gU8O8ZGVuIG5pY2h0cy4KS8O2bm50ZXN0IGR1IGRpZXNlcyBNYWwgw7ZzdGxpY2ggdm9yIGRlbSBTdGFkdHRvciBuYWNoc2VoZW4/ClVuZCB1bnRlcndlZ3MgZWluIHBhYXIganVuZ2UgTHVuYXRpY3MgamFnZW4u,SG1tLiBPbiBkaXJhaXQgcXUnaWwgbid5IGEgcmllbiBhdSBzdWQuClR1IHBvdXJyYWlzIGFsbGVyIHZvaXIgw6AgbCdleHTDqXJpZXVyIGRlIGxhIHBvcnRlIGVzdCwgY2V0dGUgZm9pcyA/CkV0IGF1IHBhc3NhZ2UsIGNoYXNzZSBxdWVscXVlcyBqZXVuZXMgTHVuYXRpYy4=,SG0uIFNlcGVydGlueWEgbWVtYW5nIHRpZGFrIGFkYSBkaSBzZWxhdGFuLgpLYWxpIGluaSwgbWF1a2FoIGthbXUgbWVuY2FyaSBkaSBsdWFyIGdlcmJhbmcgdGltdXI/ClNla2FsaWFuIGJ1cnUgTHVuYXRpYyBNdWRhIGp1Z2Eu,SG1tLiBHw7Zyw7xuw7zFn2UgZ8O2cmUgZ8O8bmV5ZGUgZGXEn2lsLgpCdSBrZXogZG/En3Uga2FwxLFzxLFuxLFuIGTEscWfxLFuYSBiYWthciBtxLFzxLFuPwpHaWRlcmtlbiBnZW7DpyBMdW5hdGljbGVyaSBkZSBhdmxhLg==
r5CgAQ,7J2MLiDrj5nsqr3sl5Drj4Qg7JeG64qUIOqxtOqwgD8K7J2067KI7JeQ64qUIOyEnOyqveydhCDsiJjsg4ntlbQg7KSYLgrrsozqv4Ag7Zi464S3IOyCrOuDpeuPhCDrtoDtg4HtlbQu,SG1tLiBTbyBpdOKAmXMgbm90IGluIHRoZSBlYXN0IGVpdGhlcj8KVGhlbiBzZWFyY2ggdGhlIHdlc3QgdGhpcyB0aW1lLgpBbmQgcGxlYXNlIGh1bnQgc29tZSBIb25leSBIb3JuZXRzIHRvby4=,,5Zev77yM5Lic6L655Lmf5rKh5pyJ5ZCX77yfCumCo+i/measoeWwseWOu+ilv+i+ueaQnOe0ouWQp+OAggrkuZ/mi5zmiZjkvaDnjI7mnYDlh6Dlj6ronJzns5bonILlhbXjgII=,,4Lit4Li34LihLi4uIOC4l+C4suC4h+C4leC4sOC4p+C4seC4meC4reC4reC4geC4geC5h+C5hOC4oeC5iOC4oeC4teC5gOC4q+C4oeC4t+C4reC4meC4geC4seC4meC5gOC4q+C4o+C4rQrguIfguLHguYnguJnguITguKPguLLguKfguJnguLXguYnguKXguK3guIfguYTguJvguITguYnguJnguKvguLLguJfguLLguIfguJXguLDguKfguLHguJnguJXguIHguYPguKvguYnguKvguJnguYjguK3guKIK4LmB4Lil4LmJ4Lin4LiB4LmH4LiK4LmI4Lin4Lii4Lil4LmI4LiyIEhvbmV5IEhvcm5ldCDguYPguKvguYnguKvguJnguYjguK3guKLguJnguLA=,,,TW1tLiDCv1RhbXBvY28gZXN0w6EgZW4gZWwgZXN0ZT8KRXN0YSB2ZXosIGJ1c2NhIHBvciBlbCBvZXN0ZS4KVGFtYmnDqW4gdGUgcGlkbyBxdWUgY2FjZXMgYSB1biBBdmlzcMOzbiBkZSBNaWVsLg==,SG0uIEFsc28gYXVjaCBpbSBPc3RlbiBuaWNodHM/CkRhbm4gZHVyY2hzdWNoIGRpZXNlcyBNYWwgZGVuIFdlc3Rlbi4KVW5kIGphZ2UgYml0dGUgYXVjaCBlaW4gcGFhciBIb25pZy1Ib3JuZXRzLg==,SG1tLiBJbCBuJ3kgYSByaWVuIG5vbiBwbHVzIMOgIGwnZXN0ID8KQWxvcnMgZm91aWxsZSBsJ291ZXN0IGNldHRlIGZvaXMuCkV0IGpldHRlIGF1c3NpIHRvbiBkw6l2b2x1IHN1ciBxdWVscXVlcyBGcmVsb25zIMOgIG1pZWwu,SG0uIEphZGkgZGkgdGltdXIganVnYSB0aWRhayBhZGE/CkthbGF1IGJlZ2l0dSwga2FsaSBpbmkgY2FyaSBkaSBiYXJhdC4KVG9sb25nIGJ1cnUgSG9uZXkgSG9ybmV0IGp1Z2Eu,SG1tLiBEb8SfdWRhIGRhIG3EsSB5b2s/Ck8gemFtYW4gYnUga2V6IGJhdMSxecSxIGFyYcWfdMSxci4KQmFsbMSxIEXFn2VrYXLEsXPEsSBhdsSxbsSxIGRhIHNhbmEgYsSxcmFrxLF5b3J1bS4=
sJCgAQ,4pa2IC4uLuyZnCDrgpjrp4wuLi4=,4pa2IC4uLldoeSBhbSBJIHRoZSBvbmx5IG9uZS4uLj8=,,4pa2IOKApuKApuS4uuS7gOS5iOaAu+aYr+aIkeKApuKApg==,,4pa2IC4uLuC4l+C4s+C5hOC4oeC4leC5ieC4reC4h+C5gOC4m+C5h+C4meC4guC5ieC4suC4lOC5ieC4p+C4ouC5gOC4peC5iOC4si4uLg==,,,4pa2IC4uLsK/UG9yIHF1w6kgc29sbyB5by4uLj8=,4pa2IC4uLldhcnVtIGltbWVyIGljaC4uLj8=,4pa2IC4uLlBvdXJxdW9pIGlsIG4neSBhIHF1ZSBtb2kuLi4=,4pa2IC4uLktlbmFwYSBjdW1hIGFrdS4uLj8=,4pa2IC4uLk5lZGVuIGhlcCBiZW4uLi4/
sZCgAQ,7ZWY7ZWY7ZWYLiDsiJjroKjsnbTrnbzqs6Ag7IOd6rCB7ZWY7J6Q6rOgLgrsgqzrnozrk6Trj4Qg64+V6rOgIOyii+yngCwg662QLgrsnpgg67aA7YOB7ZW0Lg==,SGFoYWhhLiBUaGluayBvZiBpdCBhcyB0cmFpbmluZy4KWW914oCZbGwgYmUgaGVscGluZyBwZW9wbGUgdG9vLCBzbyBpdOKAmXMgbm90IGEgYmFkIGRlYWwuCknigJltIGNvdW50aW5nIG9uIHlvdS4=,,5ZOI5ZOI5ZOI77yM5bCx5b2T5piv5Zyo5L+u6KGM5ZCn44CCCui/mOiDvemhuuS+v+W4ruWKqeWIq+S6uu+8jOS4jeS5n+aMuuWlveWQl+OAggrmi5zmiZjkvaDllabjgII=,,4Liu4LmI4LiyIOC5hiDguYYg4LiE4Li04LiU4LiL4Liw4Lin4LmI4Liy4LmA4Lib4LmH4LiZ4LiB4Liy4Lij4Lid4Li24LiB4Lid4LiZ4LiB4LmH4LmB4Lil4LmJ4Lin4LiB4Lix4LiZ4LiZ4LiwCuC5hOC4lOC5ieC4iuC5iOC4p+C4ouC4iuC4suC4p+C4muC5ieC4suC4meC4lOC5ieC4p+C4oiDguJbguLfguK3guKfguYjguLLguYDguJvguYfguJnguYDguKPguLfguYjguK3guIfguJTguLUK4LiC4LmJ4Liy4LiC4Lit4Lid4Liy4LiB4LiU4LmJ4Lin4Lii4Lil4LmI4Liw,,,SmFqYWphLiBQaWVuc2EgcXVlIGVzIHVuIGVudHJlbmFtaWVudG8uCkFkZW3DoXMsIGF5dWRhcyBhIGxhIGdlbnRlLCBhc8OtIHF1ZSBubyBlc3TDoSBtYWwuCkN1ZW50byBjb250aWdvLg==,SGEsIGhhLCBoYS4gU2llaCBlcyBlaW5mYWNoIGFscyBUcmFpbmluZy4KQXXDn2VyZGVtIGhpbGZzdCBkdSBkYW1pdCBhdWNoIGRlbiBMZXV0ZW4uIElzdCBkb2NoIGd1dC4KSWNoIHrDpGhsZSBhdWYgZGljaC4=,SGEgaGEgaGEuIERpcy10b2kgcXVlIGMnZXN0IHVuIGVudHJhw65uZW1lbnQuCkVuIHBsdXMsIHR1IGFpZGVzIGF1c3NpIGxlcyBnZW5zLCBjZSBuJ2VzdCBwYXMgc2kgbWFsLgpKZSBjb21wdGUgc3VyIHRvaS4=,SGFoYWhhLiBBbmdnYXAgc2FqYSBpbmkgbGF0aWhhbi4KTHVtYXlhbiBqdWdhLCBzZWthbGlhbiBiaXNhIG1lbWJhbnR1IG9yYW5nLW9yYW5nLgpBa3UgbWVuZ2FuZGFsa2FubXUu,SGEgaGEgaGEuIEJ1bnUgZcSfaXRpbSBnaWJpIGTDvMWfw7xuLgpIZW0gaW5zYW5sYXJhIHlhcmTEsW0gZXRtacWfIG9sdXJzdW4sIGZlbmEgbcSxPwpTYW5hIGfDvHZlbml5b3J1bS4=
spCgAQ,7JWE7KeBIOyCrOuDpeydtCDrp4jrrLTrpqzrkJjsp4Ag7JWK7J2AIOqygyDqsJnsnYDrjbA/Cuq3uOumrOqzoCDrgpjrj4Qg64+M7JWE64uk64uI66m07IScIOyImOyGjOusuO2VmOqzoCDsnojslrQuIO2emOuCtOudvOqzoC4=,SXQgbG9va3MgbGlrZSB5b3Ugc3RpbGwgaGF2ZW7igJl0IGZpbmlzaGVkIGh1bnRpbmcuCknigJl2ZSBiZWVuIGFza2luZyBhcm91bmQgdG9vLiBLZWVwIGl0IHVwLg==,,55yL5p2l54up54yO6L+Y5rKh57uT5p2f5ZGi77yfCuiAjOS4lOaIkeS5n+WcqOWbm+WkhOaJk+WQrOOAguWKoOayueWQp+OAgg==,,4LiU4Li54LmA4Lir4Lih4Li34Lit4LiZ4LiI4Liw4Lii4Lix4LiH4Lil4LmI4Liy4Lih4Lit4LiZ4Liq4LmA4LiV4Lit4Lij4LmM4LmE4Lih4LmI4LmA4Liq4Lij4LmH4LiI4LmA4Lil4Lii4LiZ4LiwPwrguILguYnguLLguYDguK3guIfguIHguYfguIHguLPguKXguLHguIfguKrguLfguJrguKvguLLguILguYnguK3guKHguLnguKXguK3guKLguLnguYjguYDguKvguKHguLfguK3guJnguIHguLHguJkg4Lie4Lii4Liy4Lii4Liy4Lih4LmA4LiC4LmJ4Liy4LiZ4Liw,,,UGFyZWNlIHF1ZSBhw7puIG5vIGhhcyB0ZXJtaW5hZG8gZGUgY2F6YXIsIMK/dmVyZGFkPwpZbyB0YW1iacOpbiBlc3RveSBwcmVndW50YW5kbyBwb3IgYWjDrSBtaWVudHJhcyByZWNvcnJvIGxhIHpvbmEuIMOBbmltby4=,U2llaHQgc28gYXVzLCBhbHMgd8OkcnN0IGR1IG1pdCBkZXIgSmFnZCBub2NoIG5pY2h0IGZlcnRpZywgb2Rlcj8KVW5kIGljaCBmcmFnZSBhdWNoIMO8YmVyYWxsIGhlcnVtLiBHaWIgbmljaHQgYXVmLg==,T24gZGlyYWl0IHF1ZSB0dSBuJ2FzIHBhcyBlbmNvcmUgdGVybWluw6kgbGEgY2hhc3NlID8KTW9pIGF1c3NpLCBqZSBmYWlzIGxlIHRvdXIgcG91ciBtZSByZW5zZWlnbmVyLiBDb3VyYWdlLg==,U2VwZXJ0aW55YSBwZXJidXJ1YW5ueWEgbWFzaWggYmVsdW0gc2VsZXNhaT8KQWt1IGp1Z2Egc2VkYW5nIGJlcmtlbGlsaW5nIHNhbWJpbCBtZW5jYXJpIGluZm9ybWFzaS4gVGV0YXAgc2VtYW5nYXQu,R8O2csO8bsO8xZ9lIGfDtnJlIGF2xLFuIGRhaGEgYml0bWVtacWfLCBkZcSfaWwgbWk/CkJlbiBkZSBldHJhZnRhIGRvbGHFn8SxcCBzb3J1xZ90dXJ1eW9ydW0uIEhhZGksIGdheXJldC4=
s5CgAQ,64uk64WA7JmU7Ja0PyDsg4jroZzsmrQg7IaM7Iud7J20IOyeiOyWtC4=,WW914oCZcmUgYmFjaz8gSeKAmXZlIGdvdCBzb21lIG5ld3Mu,,5Zue5p2l5ZWm77yf5pyJ5paw5raI5oGv5LqG44CC,,4LiB4Lil4Lix4Lia4Lih4Liy4LmB4Lil4LmJ4Lin4LmA4Lir4Lij4LitPyDguILguYnguLLguKHguLXguILguYjguLLguKfguYPguKvguKHguYjguKHguLLguJrguK3guIE=,,,wr9IYXMgdnVlbHRvPyBIYXkgbm90aWNpYXMu,RHUgYmlzdCB6dXLDvGNrPyBJY2ggaGFiZSBOZXVpZ2tlaXRlbi4=,VGUgdm9pbMOgIHJldmVudSA/IEonYWkgZHUgbm91dmVhdS4=,S2FtdSBzdWRhaCBrZW1iYWxpPyBBZGEga2FiYXIgYmFydS4=,R2VsZGluIG1pPyBZZW5pIGhhYmVybGVyIHZhci4=
tJCgAQ,4pa2IOuPhOuRkeydmCDtlonrsKnsnYQg7LC+7JWY7Ja0Pw==,4pa2IERpZCB5b3UgZmluZCBvdXQgd2hlcmUgdGhlIHRoaWVmIHdlbnQ/,,4pa2IOaJvuWIsOmCo+S4quWwj+WBt+eahOS4i+iQveS6huWQl++8nw==,,4pa2IOC5gOC4iOC4reC5gOC4muC4suC4sOC5geC4quC4guC4reC4h+C4q+C4seC4p+C4guC5guC4oeC4ouC5geC4peC5ieC4p+C4q+C4o+C4t+C4rQ==,,,4pa2IMK/SGFzIGVuY29udHJhZG8gZWwgcGFyYWRlcm8gZGVsIExhZHLDs24/,4pa2IEhhc3QgZHUgZGllIFNwdXIgZGVzIERpZWJzIGdlZnVuZGVuPw==,4pa2IFR1IGFzIHRyb3V2w6kgbGEgdHJhY2UgZHUgdm9sZXVyID8=,4pa2IFN1ZGFoIG1lbmVtdWthbiBqZWphayBwZW5jdXJpbnlhPw==,4pa2IEjEsXJzxLF6xLFuIGl6aW5pIGJ1bGR1biBtdT8=
tZCgAQ,6rKM7Y6cIOuwqe2WpeycvOuhnCDqsJTri6TrgpjrtJAuIOyasOumrOuPhCDqt7jsqr3snLzroZwg6rCA7JW86rKg7Ja0Lg==,TG9va3MgbGlrZSB0aGV5IGhlYWRlZCB0b3dhcmQgR2VmZmVuLiBXZSBzaG91bGQgZ28gdGhhdCB3YXkgdG9vLg==,,5aW95YOP5piv5b6A5ZCJ6Iqs5pa55ZCR5Y675LqG44CC5oiR5Lus5Lmf5b6X5b6A6YKj6L656LWw44CC,,4LmA4Lir4LmH4LiZ4Lin4LmI4Liy4LmE4Lib4LiX4Liy4LiHIEdlZmZlbiDguJnguYjguLAg4LmA4Lij4Liy4LmA4Lit4LiH4LiB4LmH4LiV4LmJ4Lit4LiH4LmE4Lib4LiX4Liy4LiH4LiZ4Lix4LmJ4LiZ4LmA4Lir4Lih4Li34Lit4LiZ4LiB4Lix4LiZ,,,UGFyZWNlIHF1ZSBzZSBmdWUgZW4gZGlyZWNjacOzbiBhIEdlZmZlbi4gRGViZXLDrWFtb3MgaXIgdGFtYmnDqW4gaGFjaWEgYWxsw60u,QW5zY2hlaW5lbmQgaXN0IGVyIGluIFJpY2h0dW5nIEdlZmZlbiBnZWdhbmdlbi4gV2lyIHNvbGx0ZW4gYXVjaCBkb3J0aGluLg==,SWwgcGFyYcOudCBxdSdpbCBlc3QgcGFydGkgZW4gZGlyZWN0aW9uIGRlIEdlZmZlbi4gTm91cyBhdXNzaSwgaWwgdmEgZmFsbG9pciBhbGxlciBwYXIgbMOgLg==,S2F0YW55YSBkaWEgcGVyZ2kga2UgYXJhaCBHZWZmZW4uIEtpdGEganVnYSBoYXJ1cyBrZSBzYW5hLg==,R2FsaWJhIEdlZmZlbiB5w7Zuw7xuZSBnaXRtacWfLiBCaXppbSBkZSBvcmF5YSBnaXRtZW1peiBnZXJlay4=
tpCgAQ,4pa2IOq3uOufsOuNsCDsnbQg67OR7IKs64uY7J2APw==,4pa2IEFuZCB0aGlzIHNvbGRpZXI/,,4pa2IOS4jei/h++8jOi/meS9jeWjq+WFteaYr++8nw==,,4pa2IOC5geC4peC5ieC4p+C4l+C4q+C4suC4o+C4hOC4meC4meC4teC5ieC4peC5iOC4sD8=,,,4pa2IMK/WSBlc3RlIHNvbGRhZG8/,4pa2IFVuZCB3ZXIgaXN0IGRpZXNlciBTb2xkYXQ/,4pa2IEV0IGNlIHNvbGRhdCwgYWxvcnMgPw==,4pa2IFRhcGksIHNpYXBhIFNvbGRpZXIgaW5pPw==,4pa2IFBla2kgYnUgYXNrZXIgZGUga2ltPw==
t5CgAQ,64+E65GR7J2EIOywvuydhCDqsrgg7ZW066CI7J207Iqk7J2YIO2WieuwqeuPhCDqsJnsnbQg7LC+7JWE67Sk6rGw65OgLgrqt7jrn7DrjbAg7J2067aE7J20IOyVhOuKlCDqsowg7J6I7Jy87Iuc64yALg==,V2hpbGUgSSB3YXMgbG9va2luZyBmb3IgdGhlIHRoaWVmLCBJIGFsc28gYXNrZWQgYXJvdW5kIGFib3V0IEhlcmFlc+KAmXMgd2hlcmVhYm91dHMuCkFuZCB0aGlzIHBlcnNvbiBzYXlzIHRoZXkga25vdyBzb21ldGhpbmcu,,5oiR5Zyo5a+75om+5bCP5YG355qE5ZCM5pe277yM5Lmf6aG65L6/5p+l5LqG6LWr6I6x5Z+D5pav55qE5LiL6JC944CCCui/meS9jeWlveWDj+efpemBk+S6m+S7gOS5iOOAgg==,,4LiC4LmJ4Liy4LiB4Liz4Lil4Lix4LiH4LiV4Liy4Lih4Lil4LmI4Liy4LmA4LiI4LmJ4Liy4Lir4Lix4Lin4LiC4LmC4Lih4Lii4Lie4Lij4LmJ4Lit4Lih4LiB4Lix4Lia4Liq4Li34Lia4LmA4Lij4Li34LmI4Lit4LiH4LiC4Lit4LiHIEhlcmFlcyDguYTguJvguJTguYnguKfguKLguJnguYjguLAK4LmB4Lil4LmJ4Lin4LiB4LmH4oCmIOC4lOC4ueC5gOC4q+C4oeC4t+C4reC4meC4hOC4meC4nOC4ueC5ieC4meC4teC5ieC4iOC4sOC4o+C4ueC5ieC4reC4sOC5hOC4o+C4muC4suC4h+C4reC4ouC5iOC4suC4hw==,,,TWllbnRyYXMgYnVzY2FiYSBhbCBMYWRyw7NuLCB0YW1iacOpbiBpbnZlc3RpZ3XDqSBlbCBwYXJhZGVybyBkZSBIZXJhaXNlLgpZIHJlc3VsdGEgcXVlIGVzdGEgcGVyc29uYSBzYWJlIGFsZ28u,SWNoIGhhYmUgbmFjaCBkZW0gRGllYiBnZXN1Y2h0IHVuZCBtaWNoIGdsZWljaHplaXRpZyBhdWNoIG5hY2ggZGVtIFZlcmJsZWliIHZvbiBIZXJhZXMgZXJrdW5kaWd0LgpVbmQgZGllc2VyIEhlcnIgaGllciBzb2xsIGV0d2FzIHdpc3Nlbi4=,RW4gY2hlcmNoYW50IGxlIHZvbGV1ciwgaidlbiBhaSBwcm9maXTDqSBwb3VyIG1lIHJlbnNlaWduZXIgYXVzc2kgc3VyIEhlcmFlcy4KRXQgaWwgcGFyYcOudCBxdWUgY2V0dGUgcGVyc29ubmUgc2FpdCBxdWVscXVlIGNob3NlLg==,U2FtYmlsIG1lbmNhcmkgcGVuY3VyaW55YSwgYWt1IGp1Z2Egc2VrYWxpYW4gbWVuY2FyaSB0YWh1IGtlYmVyYWRhYW4gSGVyYWVzLgpEYW4ga2F0YW55YSwgb3JhbmcgaW5pIHRhaHUgc2VzdWF0dS4=,SMSxcnPEsXrEsSBhcmFya2VuIGJpciB5YW5kYW4gSGVyYWVzaW4gaXppbmkgZGUgYXJhxZ90xLFyZMSxbS4KQnUga2nFn2kgZGUgYmlyIMWfZXlsZXIgYmlsaXlvcm11xZ8u
uJCgAQ,XkU1QzgxRVvsmZXqtoEg7KGw7IKs64uo7JuQXV5GRkZGRkY=,XkU1QzgxRVtSb3lhbCBJbnZlc3RpZ2F0b3JdXkZGRkZGRg==,,XkU1QzgxRVvnjovlrqvosIPmn6XlkZhdXkZGRkZGRg==,,XkU1QzgxRVvguYDguIjguYnguLLguKvguJnguYnguLLguJfguLXguYjguKrguLfguJrguKrguKfguJnguYHguKvguYjguIfguJ7guKPguLDguKPguLLguIrguKfguLHguIddXkZGRkZGRg==,,,XkU1QzgxRVtJbnZlc3RpZ2Fkb3IgUmVhbF1eRkZGRkZG,XkU1QzgxRVtLw7ZuaWdsaWNoZXIgRXJtaXR0bGVyXV5GRkZGRkY=,XkU1QzgxRVtFbnF1w6p0ZXVyIHJveWFsXV5GRkZGRkY=,XkU1QzgxRVtQZW55ZWxpZGlrIElzdGFuYV1eRkZGRkZG,XkU1QzgxRVtTYXJheSBBcmHFn3TEsXJtYWPEsXPEsV1eRkZGRkZG
uZCgAQ,7Lmc6rWsIOykkeyXkCDsi6TsooXsnpDqsIAg7J6I64uk6rOgIOuTpOyXiOuKlOuNsCDrp57sirXri4jquYw/,SSBoZWFyZCBvbmUgb2YgeW91ciBmcmllbmRzIGlzIG1pc3NpbmcuIElzIHRoYXQgY29ycmVjdD8=,,5ZCs6K+05L2g55qE5pyL5Y+L6YeM5pyJ5Lq65aSx6Liq5LqG77yM5piv55yf55qE5ZCX77yf,,4LmE4LiU4LmJ4Lii4Li04LiZ4Lin4LmI4Liy4Liq4Lir4Liy4Lii4LiE4LiZ4Lir4LiZ4Li24LmI4LiH4LiC4Lit4LiH4LiX4LmI4Liy4LiZ4Lir4Liy4Lii4LiV4Lix4Lin4LmE4LibIOC5g+C4iuC5iOC4q+C4o+C4t+C4reC5hOC4oeC5iD8=,,,SGUgb8OtZG8gcXVlIGhheSB1bmEgcGVyc29uYSBkZXNhcGFyZWNpZGEgZW50cmUgc3VzIGFtaXN0YWRlcy4gwr9FcyBjaWVydG8/,SWNoIGhhYmUgZ2Vow7ZydCwgZGFzcyBlaW5lciBkZWluZXIgRnJldW5kZSB2ZXJtaXNzdCB3aXJkLiBTdGltbXQgZGFzPw==,SidhaSBlbnRlbmR1IGRpcmUgcXVlIGwndW4gZGUgdGVzIGFtaXMgYSBkaXNwYXJ1LiBFc3QtY2UgdnJhaSA/,QWt1IGRlbmdhciBzYWxhaCBzYXR1IHRlbWFubXUgYWRhIHlhbmcgaGlsYW5nLiBCZW5hcmthaD8=,QXJrYWRhxZ9sYXLEsW5kYW4gYmlyaW5pbiBrYXlib2xkdcSfdW51IGR1eWR1bS4gRG/En3J1IG11Pw==
upCgAQ,4pa2IOuEpA==,4pa2IFllcw==,,4pa2IOaYrw==,,4pa2IOC5g+C4iuC5iA==,,,4pa2IFPDrQ==,4pa2IEph,4pa2IE91aQ==,4pa2IFlh,4pa2IEV2ZXQ=
u5CgAQ,7LWc6re8IOyZleq1reyXkCDsi6TsooXsnpAg7IKs6rG07J20IOuKmOyWtOuCmOqzoCDsnojslrQK7JmV6raBIOyhsOyCrOuLqOyXkOyEnOuPhCDsiJjsgqwg7KSR7J6F64uI64ukLgrsnbTspojro6jrk5zsnZgg67Kg66as7Yag66W8IOywvuyVhOqwgCDrs7Tsi63si5zsmKQuIOuPhOybgCDrkJjripQg7KCV67O066W8IOyWu+ydhCDqsoHri4jri6Qu,UmVjZW50bHksIHRoZSBudW1iZXIgb2YgbWlzc2luZyBwZXJzb24gY2FzZXMgaW4gdGhlIGtpbmdkb20gaGFzIGJlZW4gaW5jcmVhc2luZy4KVGhlIFJveWFsIEludmVzdGlnYXRpb24gVGVhbSBpcyBsb29raW5nIGludG8gaXQgYXMgd2VsbC4KR28gc3BlYWsgdG8gQmVyaXRvIGluIEl6bHVkZS4gWW91IG1heSBnZXQgc29tZSB1c2VmdWwgaW5mb3JtYXRpb24u,,5pyA6L+R546L5Zu95YaF55qE5aSx6Liq5qGI5Lu26LaK5p2l6LaK5aSa77yM546L5a6r6LCD5p+l6Zif5Lmf5q2j5Zyo6LCD5p+l44CCCuivt+WOu+aJvuS+neaWr+mygeW+l+eahOi0nemHjOaJmO+8jOS9oOW6lOivpeiDveW+l+WIsOacieeUqOeahOaDheaKpeOAgg==,,4LiK4LmI4Lin4LiH4LiZ4Li14LmJ4LmD4LiZ4Lit4Liy4LiT4Liy4LiI4Lix4LiB4Lij4Lih4Li14LiE4LiU4Li14LiE4LiZ4Lir4Liy4Lii4LmA4Lie4Li04LmI4Lih4LiC4Li24LmJ4LiZCuC4hOC4k+C4sOC4quC4t+C4muC4quC4p+C4meC5geC4q+C5iOC4h+C4nuC4o+C4sOC4o+C4suC4iuC4p+C4seC4h+C5gOC4reC4h+C4geC5h+C4geC4s+C4peC4seC4h+C4quC4t+C4muC4quC4p+C4meC4reC4ouC4ueC5iOC5gOC4iuC5iOC4meC4geC4seC4mQrguKXguK3guIfguYTguJvguJ7guJogQmVyaXRvIOC4l+C4teC5iCBJemx1ZGUg4LiU4Li54Liq4Li0IOC4l+C5iOC4suC4meC4meC5iOC4suC4iOC4sOC5hOC4lOC5ieC4guC5ieC4reC4oeC4ueC4peC4l+C4teC5iOC5gOC4m+C5h+C4meC4m+C4o+C4sOC5guC4ouC4iuC4meC5jOC4meC4sA==,,,w5psdGltYW1lbnRlIGhhbiBhdW1lbnRhZG8gbG9zIGNhc29zIGRlIGRlc2FwYXJpY2nDs24gZW4gZWwgcmVpbm8uCkVsIGVxdWlwbyBkZSBpbnZlc3RpZ2FjacOzbiByZWFsIHRhbWJpw6luIGVzdMOhIGludmVzdGlnYW5kbyBlbCBhc3VudG8uClZheWEgYSB2ZXIgYSBCZXJpdG8gZW4gSXpsdWRlLiBBbGzDrSBvYnRlbmRyw6EgaW5mb3JtYWNpw7NuIMO6dGlsLg==,SW4gbGV0enRlciBaZWl0IG5laG1lbiBkaWUgVmVybWlzc3RlbmbDpGxsZSBpbSBLw7ZuaWdyZWljaCB6dS4KQXVjaCBkaWUga8O2bmlnbGljaGUgRXJtaXR0bHVuZ3NncnVwcGUgZXJtaXR0ZWx0IGJlcmVpdHMuClN1Y2h0IEJlcml0byBpbiBJemx1ZGUgYXVmLiBEb3J0IHdlcmRldCBpaHIgc2ljaGVyIGhpbGZyZWljaGUgSW5mb3JtYXRpb25lbiBiZWtvbW1lbi4=,Q2VzIGRlcm5pZXJzIHRlbXBzLCBsZXMgZGlzcGFyaXRpb25zIHNlIG11bHRpcGxpZW50IGRhbnMgbGUgcm95YXVtZS4KTCfDqXF1aXBlIGTigJllbnF1w6p0ZSByb3lhbGUgbcOobmUgZWxsZSBhdXNzaSBsJ2VucXXDqnRlLgpBbGxleiB2b2lyIEJlcml0byDDoCBJemx1ZGUuIFZvdXMgZGV2cmlleiBwb3V2b2lyIG9idGVuaXIgZGVzIGluZm9ybWF0aW9ucyB1dGlsZXMu,QWtoaXItYWtoaXIgaW5pLCBrYXN1cyBvcmFuZyBoaWxhbmcgZGkga2VyYWphYW4gc2VtYWtpbiBiZXJ0YW1iYWguClRpbSBQZW55ZWxpZGlrIElzdGFuYSBqdWdhIHNlZGFuZyBtZW55ZWxpZGlraW55YS4KUGVyZ2lsYWggbWVuZW11aSBCZXJpdG8gZGkgSXpsdWRlLiBLYW11IG11bmdraW4gYWthbiBtZW5kYXBhdCBpbmZvcm1hc2kgeWFuZyBiZXJndW5hLg==,U29uIHphbWFubGFyZGEga3JhbGzEsWt0YSBrYXnEsXAgdmFrYWxhcsSxIGFydMSxeW9yLgpzYXJheSBhcmHFn3TEsXJtYSBla2liaSBkZSBidSBvbGF5xLEgc29ydcWfdHVydXlvci4KSXpsdWRlZGVraSBCZXJpdG95dSBidWwuIEZheWRhbMSxIGJpbGdpbGVyIGVkaW5lYmlsaXJzaW4u
vJCgAQ,7JWE66y0656Y64+EIOyXrOq4sOyEnCDqsIjrnbzsoLjslbwg7ZWgIOqygyDqsJnslYQu,SSB0aGluayB0aGlzIGlzIHdoZXJlIHdlIHNwbGl0IHVwLg==,,55yL5p2l5oiR5Lus5b6X5Zyo6L+Z6YeM5YiG5aS06KGM5Yqo5LqG44CC,,4LiU4Li54LmA4Lir4Lih4Li34Lit4LiZ4Lin4LmI4Liy4LmA4Lij4Liy4LiE4LiH4LiV4LmJ4Lit4LiH4LmB4Lii4LiB4LiB4Lix4LiZ4LiV4Lij4LiH4LiZ4Li14LmJ,,,Q3JlbyBxdWUgZGViZXLDrWFtb3Mgc2VwYXJhcm5vcyBhcXXDrS4=,SWNoIGdsYXViZSwgd2lyIHNvbGx0ZW4gdW5zIGhpZXIgdHJlbm5lbi4=,SmUgY3JvaXMgcXUnaWwgdmF1dCBtaWV1eCBxdSdvbiBzZSBzw6lwYXJlIGljaS4=,U2VwZXJ0aW55YSBraXRhIGhhcnVzIGJlcnBpc2FoIGRpIHNpbmku,U2FuxLFyxLFtIGJ1cmFkYSBheXLEsWxtYW3EsXogZ2VyZWtlY2VrLg==
vZCgAQ,64KY656RIOyVhOydtOumrOyKpOuKlCDqsoztjpzsnLzroZwg6rCA7IScIOuPhOuRkeydhCDsq5PsnYTqsowu,SXJpcyBhbmQgSSB3aWxsIGhlYWQgdG8gR2VmZmVuIGFuZCBnbyBhZnRlciB0aGUgdGhpZWYu,,5oiR5ZKM6Im+5Li95Lid5Y675ZCJ6Iqs57un57ut6L+96YKj5Liq5bCP5YG344CC,,4LiC4LmJ4Liy4LiB4Lix4LiaIElyaXMg4LiI4Liw4LmE4Lib4LiX4Li14LmIIEdlZmZlbiDguYHguKXguYnguKfguJXguLLguKHguKXguYjguLLguKvguLHguKfguILguYLguKHguKLguJXguYjguK3guYDguK3guIc=,,,SXJpcyB5IHlvIGlyZW1vcyBhIEdlZmZlbiBwYXJhIHBlcnNlZ3VpciBhbCBMYWRyw7NuLg==,SXJpcyB1bmQgaWNoIGdlaGVuIG5hY2ggR2VmZmVuIHVuZCB2ZXJmb2xnZW4gZGVuIERpZWIgd2VpdGVyLg==,SXJpcyBldCBtb2ksIG9uIHZhIGFsbGVyIMOgIEdlZmZlbiBwb3VyIGNvbnRpbnVlciDDoCBwb3Vyc3VpdnJlIGxlIHZvbGV1ci4=,QWt1IGRhbiBJcmlzIGFrYW4gcGVyZ2kga2UgR2VmZmVuIHVudHVrIG1lbmdlamFyIFRoaWVmIGl0dS4=,QmVuIHZlIElyaXMsIEdlZmZlbmUgZ2lkaXAgaMSxcnPEsXrEsW4gcGXFn2luZSBkw7zFn2VjZcSfaXou
vpCgAQ,4pa2IOyVjOyVmOyWtC4g7ZaJ7Jq07J2EIOu5jOyWtC4=,4pa2IEdvdCBpdC4gR29vZCBsdWNrLg==,,4pa2IOefpemBk+S6huOAguelneS9oOWlvei/kOOAgg==,,4pa2IOC5gOC4guC5ieC4suC5g+C4iOC5geC4peC5ieC4pyDguILguK3guYPguKvguYnguYLguIrguITguJTguLU=,,,4pa2IERlIGFjdWVyZG8uIFRlIGRlc2VvIHN1ZXJ0ZS4=,4pa2IFZlcnN0YW5kZW4uIFZpZWwgR2zDvGNrLg==,4pa2IEQnYWNjb3JkLiBCb25uZSBjaGFuY2Uu,4pa2IEJhaWsuIFNlbW9nYSBiZXJ1bnR1bmcu,4pa2IEFubGFkxLFtLiBCb2wgxZ9hbnMu
v5CgAQ,64SI64+EIO2WieyatOydhCDruYzslrQu,R29vZCBsdWNrIHRvIHlvdSB0b28u,,5Lmf56Wd5L2g5aW96L+Q44CC,,4LiC4Lit4LmD4Lir4LmJ4LmA4LiI4LmJ4Liy4LmC4LiK4LiE4LiU4Li14LmA4LiK4LmI4LiZ4LiB4Lix4LiZ,,,VGUgZGVzZW8gc3VlcnRlIGEgdGkgdGFtYmnDqW4u,RGlyIGF1Y2ggdmllbCBHbMO8Y2su,Qm9ubmUgY2hhbmNlIMOgIHRvaSBhdXNzaS4=,U2Vtb2dhIGthbXUganVnYSBiZXJ1bnR1bmcu,U2FuYSBkYSBib2wgxZ9hbnMu
wJCgAQ,XkU1QzgxRVvsi5zqt7jro6xdXkZGRkZGRg==,XkU1QzgxRVtTaWdydW5dXkZGRkZGRg==,,XkU1QzgxRVvopb/moLzkvKZdXkZGRkZGRg==,,XkU1QzgxRVtTaWdydW5dXkZGRkZGRg==,,,XkU1QzgxRVtTaWdydW5dXkZGRkZGRg==,XkU1QzgxRVtTaWdydW5dXkZGRkZGRg==,XkU1QzgxRVtTaWdydW5dXkZGRkZGRg==,XkU1QzgxRVtTaWdydW5dXkZGRkZGRg==,XkU1QzgxRVtTaWdydW5dXkZGRkZGRg==
wZCgAQ,7J2067KI7JeUIOydtOymiOujqOuTnOudvOuKlCDqs7PsnbjqsIAu,U28gdGhpcyBwbGFjZSBpcyBjYWxsZWQgSXpsdWRlLg==,,6L+Z5qyh5piv5Y+r5L6d5pav6bKB5b6X55qE5Zyw5pa55ZCX44CC,,4LiE4Lij4Liy4Lin4LiZ4Li14LmJ4LmA4Lib4LmH4LiZ4LiX4Li14LmI4LiX4Li14LmI4LmA4Lij4Li14Lii4LiB4Lin4LmI4LiyIEl6bHVkZSDguIfguLHguYnguJnguKvguKPguLfguK0=,,,wr9Fc3RhIHZleiB2YW1vcyBhIHVuIGx1Z2FyIGxsYW1hZG8gSXpsdWRlPw==,RGllc21hbCBhbHNvIGVpbiBPcnQgbmFtZW5zIEl6bHVkZS4=,Q2V0dGUgZm9pcywgYydlc3QgdW4gZW5kcm9pdCBhcHBlbMOpIEl6bHVkZS4i,SmFkaSBrYWxpIGluaSB0ZW1wYXQgaW5pIGJlcm5hbWEgSXpsdWRlLg==,RGVtZWsgYnUga2V6IGFkxLEgSXpsdWRlIG9sYW4gYmlyIHllcmUgZ2VsZGlrLg==
wpCgAQ,7Y6Y7J207JqYIOyhsOyCrOq0gA==,UGF5b24gSW52ZXN0aWdhdG9y,,5paQ5oms6LCD5p+l5a6Y,,UGF5b24gSW52ZXN0aWdhdG9y,,,SW52ZXN0aWdhZG9yIGRlIFBheW9u,UGF5b24tRXJtaXR0bGVy,RW5xdcOqdGV1ciBkZSBQYXlvbg==,UGF5b24gSW52ZXN0aWdhdG9y,UGF5b24gTcO8ZmV0dGnFn2k=
w5CgAQ,7JeE66eI7ZWc7YWMIOuTpO2CpOyngCDslYrqs6Ag7J6YIOu5oOyguOuCmOyZlOuEpC4K7J207KCcIOyWtOuWu+qyjCDtlZjsp4Au,SSBtYW5hZ2VkIHRvIHNsaXAgb3V0IHdpdGhvdXQgbXkgbW90aGVyIG5vdGljaW5nLgpOb3cgd2hhdCBzaG91bGQgSSBkbz8=,,5rKh6KKr5aaI5aaI5Y+R546w77yM6aG65Yip6LeR5Ye65p2l5LqG44CCCuaOpeS4i+adpeivpeaAjuS5iOWKnuWRouOAgg==,,4LmB4Lit4Lia4Lit4Lit4LiB4Lih4Liy4LmE4LiU4LmJ4LmC4LiU4Lii4LmE4Lih4LmI4LmC4LiU4LiZ4LmB4Lih4LmI4LiI4Lix4Lia4LmE4LiU4LmJ4LiU4LmJ4Lin4LiiCuC4l+C4teC4meC4teC5ieC4iOC4sOC4l+C4s+C4ouC4seC4h+C5hOC4h+C4leC5iOC4reC4lOC4teC4peC5iOC4sA==,,,SGUgY29uc2VndWlkbyBlc2NhYnVsbGlybWUgc2luIHF1ZSBtYW3DoSBtZSBwaWxsYXJhLgrCv1kgYWhvcmEgcXXDqSBoYWdvPw==,SWNoIGJpbiBndXQgcmF1c2dla29tbWVuLCBvaG5lIGRhc3MgbWVpbmUgTXV0dGVyIGVzIGdlbWVya3QgaGF0LgpXYXMgbWFjaGUgaWNoIGpldHp0Pw==,SidhaSByw6l1c3NpIMOgIHNvcnRpciBzYW5zIHF1ZSBtYSBtw6hyZSBtZSBzdXJwcmVubmUuClF1J2VzdC1jZSBxdWUgamUgdmFpcyBmYWlyZSBtYWludGVuYW50ID8=,QWt1IGJlcmhhc2lsIGtlbHVhciB0YW5wYSBrZXRhaHVhbiBJYnUuClNla2FyYW5nIGhhcnVzIGJhZ2FpbWFuYSB5YT8=,QW5uZW1lIGZhcmsgZXR0aXJtZWRlbiBpeWkgc8SxeXLEsWxkxLFtLgrFnmltZGkgbmUgeWFwYWNhxJ/EsW0/
xJCgAQ,7Jqw7ISgIOuCqOyqvSDsiLLsnLzroZwg64KY6rCA7IScIOyImOyDie2VtCDspJgu,Rmlyc3QsIGhlYWQgaW50byB0aGUgc291dGhlcm4gZm9yZXN0IGFuZCBzZWFyY2ggdGhlIGFyZWEu,,5YWI5Y675Y2X6L6555qE5qOu5p6X5pCc57Si5LiA5LiL5ZCn44CC,,4LiB4LmI4Lit4LiZ4Lit4Li34LmI4LiZ4Lit4Lit4LiB4LmE4Lib4LiE4LmJ4LiZ4Lir4Liy4LiX4Li14LmI4Lib4LmI4Liy4LiX4Liy4LiH4LmD4LiV4LmJ4LiB4LmI4Lit4LiZ4LiZ4Liw,,,UHJpbWVybywgdmUgYWwgYm9zcXVlIGRlbCBzdXIgeSBidXNjYSBhbGzDrS4=,R2VoIHp1ZXJzdCBpbiBkZW4gV2FsZCBpbSBTw7xkZW4gdW5kIHN1Y2ggZG9ydC4=,Q29tbWVuY2UgcGFyIGFsbGVyIGZvdWlsbGVyIGxhIGZvcsOqdCBhdSBzdWQu,UGVydGFtYSwgcGVyZ2lsYWgga2UgaHV0YW4gZGkgc2VsYXRhbiBkYW4gY2FyaSBkaSBzYW5hLg==,w5ZuY2UgZ8O8bmV5ZGVraSBvcm1hbmEgw6fEsWvEsXAgZXRyYWbEsSBhcmHFn3TEsXIu
xZCgAQ,6riw7JmVIOuCmOqwhCDquYDsl5Ag7IKs656M65Ok7J2EIOuPhOyauCDqsrgsCuuqrOyKpO2EsOudvOuPhCDsgqzrg6XtlbQg67O064qUIOqxtCDslrTrlYw/IOyasOyEoCDrqrvsg53quLQg7JyM66Gc7Jqw67aA7YSwIOyLnOyeke2VmOyekOqzoC4=,U2luY2UgeW914oCZcmUgaGVhZGluZyBvdXQgYW55d2F5LCB3aHkgbm90IGhlbHAgc29tZSBwZW9wbGUKYW5kIGh1bnQgYSBmZXcgbW9uc3RlcnMgd2hpbGUgeW914oCZcmUgYXQgaXQ/IExldOKAmXMgc3RhcnQgd2l0aCB0aGUgVWdseSBXaWxsb3cu,,5pei54S26YO95Ye65p2l5LqG77yM5LiN5aaC6aG65L6/5biu5biu5aSn5a6277yMCumhuuaJi+eMjuWHoOWPqumtlOeJqeaAjuS5iOagt++8nwrlhYjku47kuJHkuJHnmoTmoJHnsr7lvIDlp4vlkKfjgII=,,4LmE4Lir4LiZIOC5hiDguIHguYfguK3guK3guIHguKHguLLguYHguKXguYnguKcg4LiW4Li34Lit4LmC4Lit4LiB4Liy4Liq4LiK4LmI4Lin4Lii4LmA4Lir4Lil4Li34Lit4Lic4Li54LmJ4LiE4LiZ4LmE4Lib4Lie4Lij4LmJ4Lit4Lih4LiB4Lix4Lia4Lil4LmI4Liy4Lih4Lit4LiZ4Liq4LmA4LiV4Lit4Lij4LmM4LiU4Li54Lir4LiZ4LmI4Lit4Lii4LmA4Lib4LmH4LiZ4LmE4LiHPyAK4LmA4Lit4Liy4LmA4Lib4LmH4LiZ4Lin4LmI4Liy4LmA4Lij4Li04LmI4Lih4LiI4Liy4LiBIFVnbHkgV2lsbG93IOC4geC5iOC4reC4meC4geC5h+C5geC4peC5ieC4p+C4geC4seC4mQ==,,,WWEgcXVlIGVzdMOhcyBmdWVyYSwgwr9xdcOpIHRlIHBhcmVjZSBjYXphciBhbGd1bm9zIG1vbnN0cnVvcyBtaWVudHJhcyBheXVkYXMgYSBsYSBnZW50ZT8KRW1wZWNlbW9zIHBvciBXaWxsb3cgRmVvLg==,V2VubiBkdSBzY2hvbiB1bnRlcndlZ3MgYmlzdCwga8O2bm50ZXN0IGR1IGRvY2ggbmViZW5iZWkgYXVjaCBkZW4gTGV1dGVuIGhlbGZlbgp1bmQgZWluIHBhYXIgTW9uc3RlciBqYWdlbi4gRmFuZyBlcnN0IG1hbCBtaXQgZGVyIGjDpHNzbGljaGVuIFdlaWRlIGFuLg==,UHVpc3F1ZSB0dSBzb3JzIGTDqWrDoCwgcG91cnF1b2kgbmUgcGFzIGVuIHByb2ZpdGVyIHBvdXIgYWlkZXIgbGVzIGdlbnMKZXQgY2hhc3NlciBxdWVscXVlcyBtb25zdHJlcyA/IE9uIHZhIGNvbW1lbmNlciBwYXIgbGVzIFdpbGxvdyBhZmZyZXV4Lg==,S2FyZW5hIGthbXUgc3VkYWgga2VsdWFyLCBiYWdhaW1hbmEga2FsYXUgc2VrYWxpYW4gbWVtYmFudHUgb3Jhbmctb3JhbmcKZGFuIGJlcmJ1cnUgbW9uc3RlciBqdWdhPyBLaXRhIG11bGFpIGRhcmkgV2lsbG93IEplbGVrIGR1bHUu,TWFkZW0gZMSxxZ9hcsSxIMOnxLFrdMSxbiwgaGF6xLFyIGluc2FubGFyYSBkYSB5YXJkxLFtIGV0bWnFn2tlbgpiaXJrYcOnIGNhbmF2YXIgYXZsYW1heWEgbmUgZGVyc2luPyDDlm5jZSDDp2lya2luIFPDtsSfw7x0IGlsZSBiYcWfbGF5YWzEsW0u
xpCgAQ,7J2MLiDrgqjsqr3sl5DripQg7JeG64qUIOuqqOyWkeyduOqwgCDrs7TrhKQuCuydtOuyiOyXlCDrjZQg64Ko7Kq9IOyIsuydhCDssL7slYTrtJAg7KO86rKg7Ja0PwrqsIDripQg6rmA7JeQIOyDiOuBvCDrsYDsnYQg7IKs64Ol7ZW0IOykmC4=,SG1tLiBJIGd1ZXNzIGl04oCZcyBub3QgaW4gdGhlIHNvdXRoLgpDb3VsZCB5b3UgY2hlY2sgdGhlIGZvcmVzdCBmYXJ0aGVyIHNvdXRoIHRoaXMgdGltZT8KQW5kIGh1bnQgc29tZSBCYWJ5IFNuYWtlcyBvbiB0aGUgd2F5Lg==,,5Zev77yM55yL5p2l5Y2X6L655rKh5pyJ44CCCui/measoeiDveW4ruaIkeWOu+abtOWNl+i+ueeahOajruael+aJvuaJvuWQl++8nwrpobrkvr/njI7mnYDlh6Dlj6rlsI/om4flkKfjgII=,,4Lit4Li34LihIOC4lOC4ueC5gOC4q+C4oeC4t+C4reC4meC4p+C5iOC4suC4l+C4suC4h+C5g+C4leC5ieC4iOC4sOC5hOC4oeC5iOC4oeC4teC5geC4ruC4sArguITguKPguLLguKfguJnguLXguYnguIrguYjguKfguKLguYTguJvguKvguLLguYPguJnguJvguYjguLLguJfguLLguIfguYPguJXguYnguJfguLXguYjguYTguIHguKXguK3guK3guIHguYTguJvguYTguJTguYnguYTguKvguKEK4Lij4Liw4Lir4Lin4LmI4Liy4LiH4LiX4Liy4LiH4LiB4LmH4LiK4LmI4Lin4Lii4Lil4LmI4LiyIEJhYnkgQm9hIOC4lOC5ieC4p+C4ouC4meC4sA==,,,TW1tLiBQYXJlY2UgcXVlIG5vIGVzdMOhIGFsIHN1ci4Kwr9Qb2Ryw61hcyBidXNjYXIgZW4gZWwgYm9zcXVlIG3DoXMgYWwgc3VyPwpZIGRlIHBhc28sIGNhemEgU2VycGllbnRlIGJlYsOpLg==,SG0uIFNpZWh0IHNvIGF1cywgYWxzIHfDpHJlIGRvcnQgaW0gU8O8ZGVuIG5pY2h0cy4KS8O2bm50ZXN0IGR1IGRpZXNlcyBNYWwgaW0gV2FsZCB3ZWl0ZXIgc8O8ZGxpY2ggbmFjaHNlaGVuPwpVbmQgdW50ZXJ3ZWdzIGVpbiBwYWFyIEJhYnlzY2hsYW5nZW4gamFnZW4u,SG1tLiBPbiBkaXJhaXQgcXUnaWwgbid5IGEgcmllbiBhdSBzdWQuClR1IHBvdXJyYWlzIGFsbGVyIHZvaXIgZGFucyBsYSBmb3LDqnQsIGVuY29yZSBwbHVzIGF1IHN1ZCwgY2V0dGUgZm9pcyA/CkV0IGF1IHBhc3NhZ2UsIGNoYXNzZSBxdWVscXVlcyBiw6liw6lzIHNlcnBlbnRzLg==,SG0uIFNlcGVydGlueWEgbWVtYW5nIHRpZGFrIGFkYSBkaSBzZWxhdGFuLgpLYWxpIGluaSwgbWF1a2FoIGthbXUgbWVuY2FyaSBkaSBodXRhbiB5YW5nIGxlYmloIGphdWgga2Ugc2VsYXRhbj8KU2VrYWxpYW4gYnVydSBCYXlpIFVsYXIganVnYS4=,SG1tLiBHw7Zyw7xuw7zFn2UgZ8O2cmUgZ8O8bmV5ZGUgZGXEn2lsLgpCdSBrZXogZGFoYSBnw7xuZXlkZWtpIG9ybWFuYSBiYWthciBtxLFzxLFuPwpHaWRlcmtlbiB5YXZydSB5xLFsYW5sYXLEsSBkYSBhdmxhLg==
x5CgAQ,7J2MLiDqt7jsqr0g7Iiy7JeQ64+EIOyXhuuKlCDqsbTqsIA/CuydtOuyiOyXkOuKlCDtjpjsnbTsmpgg64+Z7Kq9IOyIsuydhCDsiJjsg4ntlbQg7KSYLgrrmpzrsoXsnbQg7Iqk7Y+s7JWE64+EIOu2gO2Dge2VtC4=,SG1tLiBTbyBpdOKAmXMgbm90IGluIHRoYXQgZm9yZXN0IGVpdGhlcj8KVGhlbiBzZWFyY2ggdGhlIGZvcmVzdCBlYXN0IG9mIFBheW9uIHRoaXMgdGltZS4KQW5kIHBsZWFzZSBodW50IHNvbWUgUGxvZGRpbmcgU3BvcmVzIHRvby4=,,5Zev77yM6YKj54mH5qOu5p6X6YeM5Lmf5rKh5pyJ5ZCX77yfCui/measoeivt+WOu+aQnOe0ouaWkOaJrOS4nOi+ueeahOajruael+OAggrkuZ/mi5zmiZjkvaDlr7nku5jkuIDkuIvmhaLlkJ7lkJ7nmoTprZToj4fjgII=,,4Lit4Li34LihIOC4m+C5iOC4suC4l+C4suC4h+C4meC4seC5ieC4meC4geC5h+C5hOC4oeC5iOC4oeC4teC5gOC4q+C4oeC4t+C4reC4meC4geC4seC4meC4q+C4o+C4t+C4rQrguIfguLHguYnguJnguITguKPguLLguKfguJnguLXguYnguIrguYjguKfguKLguITguYnguJnguKvguLLguJvguYjguLLguJfguLLguIfguJXguLDguKfguLHguJnguK3guK3guIHguILguK3guIcgUGF5b24g4LmD4Lir4LmJ4Lir4LiZ4LmI4Lit4Lii4LiZ4LiwCuC5geC4peC5ieC4p+C4geC5h+C4neC4suC4geC4iOC4seC4lOC4geC4suC4oyBQbG9kZGluZyBTcG9yZSDguJTguYnguKfguKLguKXguLA=,,,TW1tLiDCv1RhbXBvY28gZXN0w6EgZW4gZXNlIGJvc3F1ZT8KRXN0YSB2ZXosIGJ1c2NhIGVuIGVsIGJvc3F1ZSBhbCBlc3RlIGRlIFBheW9uLgpUYW1iacOpbiB0ZSBlbmNhcmdvIHF1ZSBjYWNlcyBFc3BvcmEgY2FtaW5hbnRlLg==,SG0uIEFsc28gYXVjaCBpbiBkZW0gV2FsZCBkb3J0IG5pY2h0cz8KRGFubiBkdXJjaHN1Y2ggZGllc2VzIE1hbCBkZW4gV2FsZCDDtnN0bGljaCB2b24gUGF5b24uClVuZCBrw7xtbWVyZSBkaWNoIGJpdHRlIGF1Y2ggdW0gZWluIHBhYXIgbGFuZ3NhbSB0cm90dGVuZGUgU3BvcmVuLg==,SG1tLiBJbCBuJ3kgYSByaWVuIG5vbiBwbHVzIGRhbnMgY2V0dGUgZm9yw6p0ID8KQWxvcnMgZm91aWxsZSBsYSBmb3LDqnQgw6AgbCdlc3QgZGUgUGF5b24sIGNldHRlIGZvaXMuCkV0IG9jY3VwZS10b2kgYXVzc2kgZGVzIFNwb3JlIHRyYcOubmFyZHMu,SG0uIEphZGkgZGkgaHV0YW4gaXR1IGp1Z2EgdGlkYWsgYWRhPwpLYWxhdSBiZWdpdHUsIGthbGkgaW5pIGNhcmlsYWggZGkgaHV0YW4gc2ViZWxhaCB0aW11ciBQYXlvbi4KVG9sb25nIGJ1cnUgU3BvcmUgTGFtYmFuIGp1Z2Eu,SG1tLiBPIG9ybWFuZGEgZGEgbcSxIHlvaz8KQnUga2V6IFBheW9uJ3VuIGRvxJ91c3VuZGFraSBvcm1hbsSxIGFyYcWfdMSxci4KQcSfxLFyIEHEn8SxciBBZMSxbWzEsSBTcG9ybGFyxLEgZGEgc2FuYSBixLFyYWvEsXlvcnVtLg==
yJCgAQ,7J207KaI66Oo65OcPw==,SXpsdWRlPw==,,5L6d5pav6bKB5b6X77yf,,SXpsdWRlPw==,,,wr9Jemx1ZGU/,SXpsdWRlPw==,SXpsdWRlID8=,SXpsdWRlPw==,SXpsdWRlPw==
yZCgAQ,6rKM7Y6cIOyhsOyCrOq0gA==,R2VmZmVuIEludmVzdGlnYXRvcg==,,5ZCJ6Iqs6LCD5p+l5a6Y,,R2VmZmVuIEludmVzdGlnYXRvcg==,,,SW52ZXN0aWdhZG9yIGRlIEdlZmZlbg==,R2VmZmVuLUVybWl0dGxlcg==,RW5xdcOqdGV1ciBkZSBHZWZmZW4=,R2VmZmVuIEludmVzdGlnYXRvcg==,R2VmZmVuIE3DvGZldHRpxZ9p
ypCgAQ,7Jes6riw6rCAIOqyjO2OnOydtOq1rOuCmD8K66eI67KV7IKs7J2YIOuPhOyLnOudvOyEnCDqt7jrn7DqsIA/CuyhsOyaqe2VmOqzoCDrrZTqsIAg67mE67CA7Iqk65+s7Jq0IOu2hOychOq4sOyVvC4=,U28gdGhpcyBpcyBHZWZmZW4/Ck1heWJlIGl04oCZcyBiZWNhdXNlIGl04oCZcyB0aGUgY2l0eSBvZiBtYWdlcywKYnV0IGl0IGZlZWxzIHF1aWV0IGFuZCBzb21laG93IG15c3RlcmlvdXMu,,6L+Z6YeM5bCx5piv5ZCJ6Iqs5ZWK77yfCuaYr+WboOS4uui/memHjOaYr+mtlOazleW4iOS5i+WfjuWQl++8nwrmhJ/op4nlvojlronpnZnvvIzov5jluKbnnYDkuIDngrnnpZ7np5jnmoTmsJTmsJvjgII=,,4LiX4Li14LmI4LiZ4Li14LmI4LiE4Li34LitIEdlZmZlbiDguKrguLTguJnguLA/CuC5gOC4nuC4o+C4suC4sOC5gOC4m+C5h+C4meC5gOC4oeC4t+C4reC4h+C4guC4reC4hyBNYWdlIOC4q+C4o+C4t+C4reC5gOC4m+C4peC5iOC4suC4luC4tuC4h+C5hOC4lOC5ieC4lOC4ueC5gOC4h+C4teC4ouC4miDguYYg4LmB4Lid4LiH4LiB4Lil4Li04LmI4LiZ4Lit4Liy4Lii4Lil4Li24LiB4Lil4Lix4Lia4LmA4LiI4Li34Lit4LiI4Liy4LiH,,,wr9Bc8OtIHF1ZSBlc3RvIGVzIEdlZmZlbj8Kwr9TZXLDoSBwb3Igc2VyIGxhIGNpdWRhZCBkZSBsb3MgTWFnb3M/CkVzIHRyYW5xdWlsYSB5IHRpZW5lIHVuIGFpcmUgbWlzdGVyaW9zby4=,RGFzIGhpZXIgaXN0IGFsc28gR2VmZmVuPwpMaWVndCBlcyBkYXJhbiwgZGFzcyBlcyBkaWUgU3RhZHQgZGVyIE1hZ2llciBpc3Q/CklyZ2VuZHdpZSBpc3QgZXMgc3RpbGwgaGllciB1bmQgd2lya3QgZ2VoZWltbmlzdm9sbC4=,Qydlc3QgZG9uYyBpY2ksIEdlZmZlbiA/CkMnZXN0IHBldXQtw6p0cmUgcGFyY2UgcXVlIGMnZXN0IGxhIHZpbGxlIGRlcyBNYWdlID8KQydlc3QgY2FsbWUsIGF2ZWMgdW5lIGRyw7RsZSBkJ2F0bW9zcGjDqHJlIG15c3TDqXJpZXVzZS4=,SmFkaSwgaW5pIEdlZmZlbj8KTXVuZ2tpbiBrYXJlbmEgaW5pIGtvdGEgcGFyYSBNYWdlIHlhPwpUZW1wYXQgaW5pIHRlcmFzYSB0ZW5hbmcgZGFuIGVudGFoIGtlbmFwYSBzdWFzYW5hbnlhIG1pc3Rlcml1cy4=,RGVtZWsgYnVyYXPEsSBHZWZmZW4/CkLDvHnDvGPDvGxlcmluIMWfZWhyaSBvbGR1xJ91IGnDp2luIG1pIGFjYWJhPwpTZXNzaXogdmUgYmlyYXogZGEgZ2l6ZW1saSBiaXIgaGF2YXPEsSB2YXIu
y5CgAQ,7Jqw7Jy8Li4uIOuniOq1rCDtl6Tsp5HsnLzrqbQg7Iur7Ja07ZWgIOqxsCDqsJnsnYDrjbAuCu2VtOujoeuPhOulvCDtm5Tss5Ag6rCEIOuPhOuRkeydhCDssL7snYQg7IiYIOyeiOydhOq5jD8=,VWdoLi4uIEkgZG9u4oCZdCB0aGluayB0aGV54oCZZCBhcHByZWNpYXRlIGl0IGlmIHdlIHN0YXJ0ZWQgcG9raW5nIGFyb3VuZCBldmVyeXdoZXJlLgpEbyB5b3UgdGhpbmsgd2UgY2FuIGZpbmQgdGhlIHRoaWVmIHdobyBzdG9sZSB0aGUgU2VhIERyYWdvbiBCbGFkZT8=,,5ZGc4oCm4oCm6KaB5piv5Yiw5aSE5Lmx57+75Lmx5om+77yM5LuW5Lus5bqU6K+l5Lya5LiN6auY5YW05ZCn44CCCuS4jeefpemBk+iDveS4jeiDveaJvuWIsOWBt+i1sOa1t+m+meWIgOeahOWwj+WBt++8nw==,,4Lit4Li34LmJ4LitLi4uIOC4luC5ieC4suC5hOC4m+C4o+C4t+C5ieC4reC4hOC5ieC4meC4oeC4seC5iOC4pyDguYYg4LiE4LiH4LiI4Liw4LmE4Lih4LmI4LiK4Lit4Lia4LiB4Lix4LiZ4LmB4LiZ4LmICuC4iOC4sOC4q+C4suC4q+C4seC4p+C4guC5guC4oeC4ouC4l+C4teC5iOC4guC5guC4oeC4oiBIYWVyeW9uZ2RvIOC5hOC4m+C5gOC4iOC4reC5hOC4q+C4oeC4meC4sD8=,,,VWdoLi4uIE5vIGNyZW8gcXVlIGxlIGd1c3RlIHF1ZSBsbyByZXZvbHZhbW9zIHRvZG8uCsK/UG9kcmVtb3MgZW5jb250cmFyIGFsIExhZHLDs24gcXVlIHJvYsOzIGVsIFNhYmxlIGRlbCBkcmFnw7NuIG1hcmlubz8=,VWdoLi4uIEljaCBnbGF1YmUsIGVzIHfDvHJkZSBpaG5lbiBuaWNodCBnZWZhbGxlbiwgd2VubiB3aXIgYWxsZXMgZHVyY2h3w7xobGVuLgpPYiB3aXIgZGVuIERpZWIgZmluZGVuIGvDtm5uZW4sIGRlciBkaWUgU2VlZHJhY2hlbi1LbGluZ2UgZ2VzdG9obGVuIGhhdD8=,T3VoLi4uIEplIGNyb2lzIHF1J2lscyBuJ2FwcHLDqWNpZXJhaWVudCBwYXMgcXUnb24gZm91aWxsZSBwYXJ0b3V0LgpUdSBwZW5zZXMgcXUnb24gcGV1dCByZXRyb3V2ZXIgbGUgdm9sZXVyIHF1aSBhIGTDqXJvYsOpIGxhIExhbWUgZHUgRHJhZ29uIGRlcyBtZXJzID8=,QWR1aC4uLiBLdXJhc2EgbWVyZWthIHRpZGFrIGFrYW4gc3VrYSBrYWxhdSBraXRhIG1lbmdvYnJhay1hYnJpayB0ZW1wYXQgaW5pLgpBcGEga2l0YSBiaXNhIG1lbmVtdWthbiB0aGllZiB5YW5nIG1lbmdhbWJpbCBTZWEgRHJhZ29uIEJsYWRlPw==,T2ZmLi4uIEV0cmFmxLEgZ2VsacWfaWfDvHplbCBkaWRpa2xlcnNlayBob8WfbGFyxLFuYSBnaXRtZXogZ2liaS4KRGVuaXogRWpkZXJoYXPEsSBCxLHDp2HEn8SxJ27EsSDDp2FsYW4gaMSxcnPEsXrEsSBidWxhYmlsZWNlayBtaXlpeiBhY2FiYT8=
zJCgAQ,7Jqw7ISgIOuPhOyLnCDshJzsqr3snLzroZwg64KY6rCA7IScIOyImOyDie2VtOykmC4=,Rmlyc3QsIGhlYWQgd2VzdCBvZiB0aGUgY2l0eSBhbmQgc2VhcmNoIHRoZSBhcmVhLg==,,5YWI5Yiw5Z+O5biC6KW/6L655Y675pCc57Si5ZCn44CC,,4LiB4LmI4Lit4LiZ4Lit4Li34LmI4LiZ4Lit4Lit4LiB4LmE4Lib4LiE4LmJ4LiZ4Lir4Liy4LiX4Liy4LiH4LiV4Liw4Lin4Lix4LiZ4LiV4LiB4LiB4LmI4Lit4LiZ4LmA4LiW4Lit4Liw,,,UHJpbWVybywgc2FsIGFsIG9lc3RlIGRlIGxhIGNpdWRhZCB5IGJ1c2NhIGFsbMOtLg==,R2VoIHp1ZXJzdCB3ZXN0bGljaCBhdXMgZGVyIFN0YWR0IGhpbmF1cyB1bmQgc3VjaCBkb3J0Lg==,Q29tbWVuY2UgcGFyIHNvcnRpciDDoCBsJ291ZXN0IGRlIGxhIHZpbGxlIGV0IGZvdWlsbGUgbGVzIGVudmlyb25zLg==,UGVydGFtYSwga2VsdWFybGFoIGtlIHNlYmVsYWggYmFyYXQga290YSBkYW4gY2FyaSBkaSBzYW5hLg==,w5ZuY2UgxZ9laHJpbiBiYXTEsXPEsW5hIMOnxLFrxLFwIGV0cmFmxLEgYXJhxZ90xLFyLg==
zZCgAQ,6riw7JmVIOuCmOqwhCDquYDsl5Ag7IKs656M65Ok7J2EIOuPhOyauCDqsrgsCuuqrOyKpO2EsOudvOuPhCDsgqzrg6XtlbQg67O064qUIOqxtCDslrTrlYw/IOyasOyEoCDsnpjsg53quLQg7YyM67iM66W067aA7YSwIOyLnOyeke2VmOyekOqzoC4K6re465+s66m0IOqyjO2OnCDsgqzrnozrk6Trj4Qg7Jqw66as66W8IOyii+qyjCDrtJDspIQg6rGw7JW8Lg==,U2luY2UgeW914oCZcmUgaGVhZGluZyBvdXQgYW55d2F5LCB3aHkgbm90IGhlbHAgc29tZSBwZW9wbGUKYW5kIGh1bnQgYSBmZXcgbW9uc3RlcnMgd2hpbGUgeW914oCZcmUgYXQgaXQ/IExldOKAmXMgc3RhcnQgd2l0aCB0aGUgSGFuZHNvbWUgRmFicmUuClRoZW4gdGhlIHBlb3BsZSBvZiBHZWZmZW4gd2lsbCBsb29rIG9uIHVzIG1vcmUgZmF2b3JhYmx5IHRvby4=,,5pei54S26YO95Ye65p2l5LqG77yM5LiN5aaC6aG65L6/5biu5biu5aSn5a6277yMCumhuuaJi+eMjuWHoOWPqumtlOeJqeaAjuS5iOagt++8nwrlhYjku47luIXmsJTnmoTnu7/mo4nomavlvIDlp4vlkKfjgIIK6L+Z5qC35ZCJ6Iqs55qE5Lq65Lus5Lmf5Lya5a+55oiR5Lus5pu05pyJ5aW95oSf44CC,,4LmE4Lir4LiZIOC5hiDguIHguYfguK3guK3guIHguKHguLLguYHguKXguYnguKcg4LiB4LmH4LiW4Li34Lit4LmC4Lit4LiB4Liy4Liq4LiK4LmI4Lin4Lii4LmA4Lir4Lil4Li34Lit4Lic4Li54LmJ4LiE4LiZ4LmE4Lib4Lie4Lij4LmJ4Lit4Lih4LiB4Lix4Lia4Lil4LmI4Liy4Lih4Lit4LiZ4Liq4LmA4LiV4Lit4Lij4LmM4LiU4Li54Lir4LiZ4LmI4Lit4Lii4LmA4Lib4LmH4LiZ4LmE4LiHPyDguYDguKPguLTguYjguKHguIjguLLguIEgSGFuZHNvbWUgRmFicmUg4LiB4LmI4Lit4LiZ4LiB4LmH4LmB4Lil4LmJ4Lin4LiB4Lix4LiZCuC5geC4muC4muC4meC4seC5ieC4meC4iuC4suC4pyBHZWZmZW4g4LiB4LmH4LiZ4LmI4Liy4LiI4Liw4Lih4Lit4LiH4Lie4Lin4LiB4LmA4Lij4Liy4LmD4LiZ4LiX4Liy4LiH4LiX4Li14LmI4LiU4Li14LiC4Li24LmJ4LiZ4LiU4LmJ4Lin4Lii,,,WWEgcXVlIGVzdMOhcyBmdWVyYSwgwr9xdcOpIHRlIHBhcmVjZSBjYXphciBhbGd1bm9zIG1vbnN0cnVvcyBtaWVudHJhcyBheXVkYXMgYSBsYSBnZW50ZT8KRW1wZWNlbW9zIHBvciBGYWJyZSBBcHVlc3RvLgpBc8OtLCBsYSBnZW50ZSBkZSBHZWZmZW4gbm9zIHZlcsOhIGNvbiBidWVub3Mgb2pvcy4=,V2VubiBkdSBzY2hvbiB1bnRlcndlZ3MgYmlzdCwga8O2bm50ZXN0IGR1IGRvY2ggbmViZW5iZWkgYXVjaCBkZW4gTGV1dGVuIGhlbGZlbgp1bmQgZWluIHBhYXIgTW9uc3RlciBqYWdlbi4gRmFuZyBlcnN0IG1hbCBtaXQgZGVtIGjDvGJzY2hlbiBGYWJyZSBhbi4KRGFubiB3ZXJkZW4gZGllIExldXRlIGluIEdlZmZlbiB1bnMgc2ljaGVyIGF1Y2ggd29obGdlc29ubmVuZXIgc2Vpbi4=,UHVpc3F1ZSB0dSBzb3JzIGTDqWrDoCwgcG91cnF1b2kgbmUgcGFzIGVuIHByb2ZpdGVyIHBvdXIgYWlkZXIgbGVzIGdlbnMKZXQgY2hhc3NlciBxdWVscXVlcyBtb25zdHJlcyA/IE9uIHZhIGNvbW1lbmNlciBwYXIgbGVzIGJlYXV4IEZhYnJlLgpDb21tZSDDp2EsIGxlcyBnZW5zIGRlIEdlZmZlbiBub3VzIHZlcnJvbnQgYXVzc2kgZCd1biBtZWlsbGV1ciDFk2lsLg==,S2FyZW5hIGthbXUgc3VkYWgga2VsdWFyLCBiYWdhaW1hbmEga2FsYXUgc2VrYWxpYW4gbWVtYmFudHUgb3Jhbmctb3JhbmcKZGFuIGJlcmJ1cnUgbW9uc3RlciBqdWdhPyBLaXRhIG11bGFpIGRhcmkgRmFicmUgVGFtcGFuIGR1bHUuCkthbGF1IGJlZ2l0dSwgb3Jhbmctb3JhbmcgR2VmZmVuIGp1Z2EgYWthbiBtZW1hbmRhbmcga2l0YSBkZW5nYW4gbGViaWggYmFpay4=,TWFkZW0gZMSxxZ9hcsSxIMOnxLFrdMSxbiwgaGF6xLFyIGluc2FubGFyYSBkYSB5YXJkxLFtIGV0bWnFn2tlbgpiaXJrYcOnIGNhbmF2YXIgYXZsYW1heWEgbmUgZGVyc2luPyDDlm5jZSB5YWvEscWfxLFrbMSxIEZhYnJlIGlsZSBiYcWfbGF5YWzEsW0uCkLDtnlsZWNlIEdlZmZlbiBoYWxrxLEgZGEgYml6ZSBkYWhhIHPEsWNhayBiYWthci4=
zpCgAQ,7J2MLiDshJzsqr3sl5DripQg7JeG64qUIOuqqOyWkeyduOqwgCDrs7TrhKQuCuydtOuyiOyXkOuKlCDrj5nsqr0g67CW7J2EIOywvuyVhOu0kCDso7zqsqDslrQ/CuqwgOuKlCDquYDsl5Ag7Iuc64GE65+s7Jq0IOy0jOy0jOydhCDsgqzrg6XtlbQg7KSYLg==,SG1tLiBJIGd1ZXNzIGl04oCZcyBub3QgaW4gdGhlIHdlc3QuCkNvdWxkIHlvdSBjaGVjayBvdXRzaWRlIHRoZSBlYXN0IHNpZGUgdGhpcyB0aW1lPwpBbmQgaHVudCBzb21lIE5vaXN5IENob25jaG9ucyBvbiB0aGUgd2F5Lg==,,5Zev77yM55yL5p2l6KW/6L655rKh5pyJ44CCCui/measoeiDveW4ruaIkeWOu+S4nOi+ueWklumdouaJvuaJvuWQl++8nwrpobrkvr/njI7mnYDlh6Dlj6rlkLXpl7nnmoToi43onYflkKfjgII=,,4Lit4Li34LihIOC4lOC4ueC5gOC4q+C4oeC4t+C4reC4meC4p+C5iOC4suC4l+C4suC4h+C4leC4sOC4p+C4seC4meC4leC4geC4iOC4sOC5hOC4oeC5iOC4oeC4teC5geC4ruC4sArguITguKPguLLguKfguJnguLXguYnguIrguYjguKfguKLguYTguJvguKvguLLguJfguLLguIfguJXguLDguKfguLHguJnguK3guK3guIHguYTguJTguYnguKvguKPguLfguK3guYTguKHguYgK4Lij4Liw4Lir4Lin4LmI4Liy4LiH4LiX4Liy4LiH4LiB4LmH4LiK4LmI4Lin4Lii4Lil4LmI4LiyIE5vaXN5IENob25jaG9uIOC4lOC5ieC4p+C4ouC4peC4sA==,,,TW1tLiBQYXJlY2UgcXVlIG5vIGVzdMOhIGFsIG9lc3RlLgrCv1BvZHLDrWFzIGJ1c2NhciBlc3RhIHZleiBhbCBlc3RlLCBmdWVyYSBkZSBsYSBjaXVkYWQ/ClkgZGUgcGFzbywgY2F6YSBDaG9uY2hvbiBydWlkb3NvLg==,SG0uIFNpZWh0IHNvIGF1cywgYWxzIHfDpHJlIGRvcnQgaW0gV2VzdGVuIG5pY2h0cy4KS8O2bm50ZXN0IGR1IGRpZXNlcyBNYWwgZHJhdcOfZW4gaW0gT3N0ZW4gbmFjaHNlaGVuPwpVbmQgdW50ZXJ3ZWdzIGVpbiBwYWFyIGxhdXRlIENob25jaG9ucyBqYWdlbi4=,SG1tLiBPbiBkaXJhaXQgcXUnaWwgbid5IGEgcmllbiDDoCBsJ291ZXN0LgpUdSBwb3VycmFpcyBhbGxlciB2b2lyIMOgIGwnZXh0w6lyaWV1ciwgw6AgbCdlc3QsIGNldHRlIGZvaXMgPwpFdCBhdSBwYXNzYWdlLCBjaGFzc2UgcXVlbHF1ZXMgQ2hvbmNob24gYnJ1eWFudHMu,SG0uIFNlcGVydGlueWEgbWVtYW5nIHRpZGFrIGFkYSBkaSBiYXJhdC4KS2FsaSBpbmksIG1hdWthaCBrYW11IG1lbmNhcmkgZGkgbHVhciBzaXNpIHRpbXVyPwpTZWthbGlhbiBidXJ1IENob25jaG9uIEJlcmlzaWsganVnYS4=,SG1tLiBHw7Zyw7xuw7zFn2UgZ8O2cmUgYmF0xLFkYSBkZcSfaWwuCkJ1IGtleiBkb8SfdSBkxLHFn8SxbmEgYmFrYXIgbcSxc8Sxbj8KR2lkZXJrZW4gZ8O8csO8bHTDvGPDvCBDaG9uY2hvbmxhcsSxIGRhIGF2bGEu
z5CgAQ,7J2MLiDrj5nsqr3sl5Drj4Qg7JeG64qUIOqxtOqwgD8K7J2067KI7JeQ64qUIOu2geyqveydhCDsiJjsg4ntlbQg7KSYLgrsobDsmqntlZwg66Oo64KY7YuxIOyCrOuDpeuPhCDrtoDtg4HtlbQu,SG1tLiBTbyBpdOKAmXMgbm90IGluIHRoZSBlYXN0IGVpdGhlcj8KVGhlbiBzZWFyY2ggdGhlIG5vcnRoIHRoaXMgdGltZS4KQW5kIHBsZWFzZSBodW50IHNvbWUgUXVpZXQgTHVuYXRpY3MgdG9vLg==,,5Zev77yM5Lic6L655Lmf5rKh5pyJ5ZCX77yfCumCo+i/measoeWwseWOu+WMl+i+ueaQnOe0ouWQp+OAggrkuZ/mi5zmiZjkvaDnjI7mnYDlh6Dlj6rlronpnZnnmoTnlq/lhZTjgII=,,4Lit4Li34LihIOC4l+C4suC4h+C4leC4sOC4p+C4seC4meC4reC4reC4geC4geC5h+C5hOC4oeC5iOC4oeC4teC5gOC4q+C4oeC4t+C4reC4meC4geC4seC4meC5gOC4q+C4o+C4rT8K4LiH4Lix4LmJ4LiZ4LiE4Lij4Liy4Lin4LiZ4Li14LmJ4LiK4LmI4Lin4Lii4LiE4LmJ4LiZ4Lir4Liy4LiX4Liy4LiH4LmA4Lir4LiZ4Li34Lit4LmD4Lir4LmJ4Lir4LiZ4LmI4Lit4LiiCuC5geC4peC5ieC4p+C4geC5h+C4neC4suC4geC4peC5iOC4siBRdWlldCBMdW5hdGljIOC4lOC5ieC4p+C4ouC4peC4sA==,,,TW1tLiDCv1RhbXBvY28gZXN0w6EgYWwgZXN0ZT8KRXN0YSB2ZXosIGJ1c2NhIGFsIG5vcnRlLgpUYW1iacOpbiB0ZSBlbmNhcmdvIHF1ZSBjYWNlcyBMdW7DoXRpY28gc2lsZW5jaW9zby4=,SG0uIEFsc28gYXVjaCBpbSBPc3RlbiBuaWNodHM/CkRhbm4gZHVyY2hzdWNoIGRpZXNlcyBNYWwgZGVuIE5vcmRlbi4KVW5kIGphZ2UgYml0dGUgYXVjaCBlaW4gcGFhciBzdGlsbGUgTHVuYXRpY3Mu,SG1tLiBJbCBuJ3kgYSByaWVuIG5vbiBwbHVzIMOgIGwnZXN0ID8KQWxvcnMgZm91aWxsZSBsZSBub3JkIGNldHRlIGZvaXMuCkV0IGpldHRlIGF1c3NpIHRvbiBkw6l2b2x1IHN1ciBxdWVscXVlcyBMdW5hdGljIHNpbGVuY2lldXgu,SG0uIEphZGkgZGkgdGltdXIganVnYSB0aWRhayBhZGE/CkthbGF1IGJlZ2l0dSwga2FsaSBpbmkgY2FyaWxhaCBkaSB1dGFyYS4KVG9sb25nIGJ1cnUgTHVuYXRpYyBQZW5kaWFtIGp1Z2Eu,SG1tLiBEb8SfdWRhIGRhIG3EsSB5b2s/CkJ1IGtleiBrdXpleWkgYXJhxZ90xLFyLgpTZXNzaXogTHVuYXRpY2xlcmkgZGUgYXZsYW1hbsSxIGlzdGl5b3J1bS4=
0JCgAQ,7ZWY7ZWY7ZWYLiDsiJjroKjsnbTrnbzqs6Ag7IOd6rCB7ZWY7J6Q6rOgLgrtj4ntjJDsnbQg7KKL7JWE7KeA66m0IOuPhOuRkSDsiJjsg4nsl5Drj4Qg64+E7JuA7J20IOuQmOuLiOq5jC4K7J6YIOu2gO2Dge2VtC4=,SGFoYWhhLiBUaGluayBvZiBpdCBhcyB0cmFpbmluZy4KSWYgb3VyIHJlcHV0YXRpb24gaW1wcm92ZXMsIGl04oCZbGwgbWFrZSBzZWFyY2hpbmcgZm9yIHRoZSB0aGllZiBlYXNpZXIgdG9vLgpJ4oCZbSBjb3VudGluZyBvbiB5b3Uu,,5ZOI5ZOI5ZOI77yM5bCx5b2T5piv5Zyo5L+u6KGM5ZCn44CCCuWQjeWjsOWPmOWlveS6hu+8jOWvueaQnOe0oumCo+S4quWwj+WBt+S5n+S8muacieW4ruWKqeOAggrmi5zmiZjkvaDllabjgII=,,4Liu4LmI4LiyIOC5hiDguITguLTguJTguIvguLDguKfguYjguLLguYDguJvguYfguJnguIHguLLguKPguJ3guLbguIHguIHguYfguYHguKXguYnguKfguIHguLHguJkK4LiW4LmJ4Liy4LiK4Li34LmI4Lit4LmA4Liq4Li14Lii4LiH4LiU4Li14LiC4Li24LmJ4LiZIOC4geC5h+C4iOC4sOC4iuC5iOC4p+C4ouC5g+C4meC4geC4suC4o+C4leC4suC4oeC4q+C4suC4q+C4seC4p+C4guC5guC4oeC4ouC4lOC5ieC4p+C4ogrguJ3guLLguIHguJTguYnguKfguKLguKXguYjguLA=,,,SmEsIGphLCBqYS4gUGllbnNhIHF1ZSBlcyBlbnRyZW5hbWllbnRvLgpNZWpvcmFyIG51ZXN0cmEgcmVwdXRhY2nDs24gdGFtYmnDqW4gYXl1ZGFyw6EgYSBidXNjYXIgYWwgTGFkcsOzbi4KQ3VlbnRvIGNvbnRpZ28u,SGEsIGhhLCBoYS4gU2llaCBlcyBlaW5mYWNoIGFscyBUcmFpbmluZy4KV2VubiB1bnNlciBSdWYgYmVzc2VyIHdpcmQsIGhpbGZ0IGRhcyBhdWNoIGJlaSBkZXIgU3VjaGUgbmFjaCBkZW0gRGllYi4KSWNoIHrDpGhsZSBhdWYgZGljaC4=,SGEgaGEgaGEuIERpcy10b2kgcXVlIGMnZXN0IHVuIGVudHJhw65uZW1lbnQuClNpIG5vdHJlIHLDqXB1dGF0aW9uIHMnYW3DqWxpb3JlLCDDp2EgYWlkZXJhIGF1c3NpIHBvdXIgcmV0cm91dmVyIGxlIHZvbGV1ci4KSmUgY29tcHRlIHN1ciB0b2ku,SGFoYWhhLiBBbmdnYXAgc2FqYSBpbmkgbGF0aWhhbi4KS2FsYXUgcmVwdXRhc2kga2l0YSBtZW1iYWlrLCBpdHUganVnYSBha2FuIG1lbWJhbnR1IGRhbGFtIG1lbmNhcmkgcGVuY3VyaS4KQWt1IG1lbmdhbmRhbGthbm11Lg==,SGEgaGEgaGEuIEJ1bnUgZcSfaXRpbSBnaWJpIGTDvMWfw7xuLgrEsHRpYmFyxLFtxLF6IGFydGFyc2EgaMSxcnPEsXrEsSBhcmFya2VuIGRlIGnFn2ltaXplIHlhcmFyLgpTYW5hIGfDvHZlbml5b3J1bS4=
0ZCgAQ,7J20IOq3vOyymOyXkOyEnCDrqqnqsqnrkJjsl4jrjIAuCuutlOqwgOulvCDssL7ri6TqsIAg7Iio7Ja067KE66awIOuqqOyWkeydtOyVvC4K7JWE7KeBIOuPhOyLnOulvCDruaDsoLjrgpjqsIDsp4Qg66q77ZWcIOqxsCDqsJnslYQu,VGhleSBzYXkgaXQgd2FzIHNwb3R0ZWQgYXJvdW5kIGhlcmUuCkxvb2tzIGxpa2UgaXQgd2FzIHNlYXJjaGluZyBmb3Igc29tZXRoaW5nLCB0aGVuIHdlbnQgaW50byBoaWRpbmcuCkkgZG9u4oCZdCB0aGluayBpdOKAmXMgbWFuYWdlZCB0byBsZWF2ZSB0aGUgY2l0eSB5ZXQu,,5ZCs6K+05pyJ5Lq65Zyo6L+Z6ZmE6L+R6KeB6L+H44CCCuWug+WlveWDj+aYr+WcqOaJvuS7gOS5iOS4nOilv+eahOaXtuWAmei6sui1t+adpeS6huOAggrnnIvmnaXov5jmsqHog73pgIPlh7rov5nluqfln47luILjgII=,,4LmE4LiU4LmJ4Lii4Li04LiZ4Lin4LmI4Liy4Lih4Li14LiE4LiZ4LmA4Lir4LmH4LiZ4LmB4LiW4Lin4LiZ4Li14LmJCuC4lOC4ueC5gOC4q+C4oeC4t+C4reC4meC4oeC4seC4meC4geC4s+C4peC4seC4h+C4q+C4suC4reC4sOC5hOC4o+C4muC4suC4h+C4reC4ouC5iOC4suC4hyDguYHguKXguYnguKfguIHguYfguKvguKXguJrguIvguYjguK3guJnguJXguLHguKfguYTguJsK4LiE4LiH4Lii4Lix4LiH4Lir4LiZ4Li14Lit4Lit4LiB4LiI4Liy4LiB4LmA4Lih4Li34Lit4LiH4LmE4Lib4LmE4Lih4LmI4LmE4LiU4LmJ4Lir4Lij4Lit4LiB,,,RGljZW4gcXVlIGxvIHZpZXJvbiBjZXJjYSBkZSBhcXXDrS4KUGFyZWNlIHF1ZSBzZSBlc2NvbmRpw7MgbWllbnRyYXMgYnVzY2FiYSBhbGdvLgpDcmVvIHF1ZSBhw7puIG5vIGhhIHBvZGlkbyBzYWxpciBkZSBsYSBjaXVkYWQu,TWFuIHNhZ3QsIGVyIHd1cmRlIGlyZ2VuZHdvIGhpZXIgaW4gZGVyIE7DpGhlIGdlc2VoZW4uCkFuc2NoZWluZW5kIGhhdCBlciBuYWNoIGlyZ2VuZGV0d2FzIGdlc3VjaHQgdW5kIHNpY2ggZGFubiB2ZXJzdGVja3QuCkljaCBnbGF1YmUgbmljaHQsIGRhc3MgZXIgZGllIFN0YWR0IHNjaG9uIHZlcmxhc3NlbiBrb25udGUu,SWwgcGFyYcOudCBxdSdvbiBsJ2EgYXBlcsOndSBkYW5zIGxlcyBlbnZpcm9ucy4KT24gZGlyYWl0IHF1J2lsIGNoZXJjaGFpdCBxdWVscXVlIGNob3NlIGF2YW50IGQnYWxsZXIgc2UgY2FjaGVyLgpKZSBuZSBwZW5zZSBwYXMgcXUnaWwgYWl0IGVuY29yZSByw6l1c3NpIMOgIHF1aXR0ZXIgbGEgdmlsbGUu,S3VkZW5nYXIgZGlhIHRlcmxpaGF0IGRpIHNla2l0YXIgc2luaS4KU2VwZXJ0aW55YSBkaWEgc2VkYW5nIG1lbmNhcmkgc2VzdWF0dSwgbGFsdSBiZXJzZW1idW55aS4KS3VyYXNhIGRpYSBtYXNpaCBiZWx1bSBiZXJoYXNpbCBrZWx1YXIgZGFyaSBrb3RhIGluaS4=,T251IGJ1IGNpdmFyZGEgZ8O2cm3DvMWfbGVyLgpHYWxpYmEgYmlyIMWfZXkgYXJhcmtlbiBzYWtsYW7EsXZlcm1pxZ8uCkhlbsO8eiDFn2VoaXJkZW4gw6fEsWthYmlsbWnFnyBnaWJpIGfDtnLDvG5tw7x5b3Iu
0pCgAQ,64KY656RIOyVhOydtOumrOyKpOuKlCDsl6zquLDshJwg6rOE7IaNIOuPhOuRkeydhCDssL7slYTrs7zqsowu,SXJpcyBhbmQgSSB3aWxsIGtlZXAgbG9va2luZyBmb3IgdGhlIHRoaWVmIGhlcmUu,,5oiR5ZKM6Im+5Li95Lid5Lya57un57ut55WZ5Zyo6L+Z6YeM5om+6YKj5Liq5bCP5YG344CC,,4LiC4LmJ4Liy4LiB4Lix4LiaIElyaXMg4LiI4Liw4Lit4Lii4Li54LmI4LiE4LmJ4LiZ4Lir4Liy4Lir4Lix4Lin4LiC4LmC4Lih4Lii4LiX4Li14LmI4LiZ4Li14LmI4LiV4LmI4Lit4LmA4Lit4LiH,,,SXJpcyB5IHlvIHNlZ3VpcmVtb3MgYnVzY2FuZG8gYWwgTGFkcsOzbiBhcXXDrS4=,SXJpcyB1bmQgaWNoIHN1Y2hlbiBoaWVyIHdlaXRlciBuYWNoIGRlbSBEaWViLg==,SXJpcyBldCBtb2ksIG9uIHZhIGNvbnRpbnVlciDDoCBjaGVyY2hlciBsZSB2b2xldXIgaWNpLg==,QWt1IGRhbiBJcmlzIGFrYW4gdGVydXMgbWVuY2FyaSB0aGllZiBpdHUgZGkgc2luaS4=,QmVuIHZlIElyaXMgYnVyYWRhIGjEsXJzxLF6xLEgYXJhbWF5YSBkZXZhbSBlZGVjZcSfaXou
05CgAQ,66qo66Gc7YGsIOyhsOyCrOq0gA==,TW9ycm9jIEludmVzdGlnYXRvcg==,,5qKm572X5YWL6LCD5p+l5a6Y,,TW9ycm9jIEludmVzdGlnYXRvcg==,,,QWdlbnRlIGRlIGludmVzdGlnYWNpw7NuIGRlIE1vcnJvYw==,TW9ycm9jLUVybWl0dGxlcg==,RW5xdcOqdGV1ciBkZSBNb3Jyb2M=,TW9ycm9jIEludmVzdGlnYXRvcg==,TW9ycm9jIE3DvGZldHRpxZ9p
1JCgAQ,7Jes6riw6rCAIOuqqOuhnO2BrOq1rOuCmD8g6rWJ7J6l7Z6IIOuEk+ydgOqxuD8=,U28gdGhpcyBpcyBNb3Jyb2M/IEl04oCZcyBlbm9ybW91cy4=,,6L+Z6YeM5bCx5piv5qKm572X5YWL5ZCX77yf5aW95aSn5ZWK44CC,,4LiX4Li14LmI4LiZ4Li14LmI4LiE4Li34LitIE1vcnJvYyDguKrguLTguJnguLA/IOC4geC4p+C5ieC4suC4h+C4oeC4suC4geC5gOC4peC4og==,,,wr9Bc8OtIHF1ZSBlc3RvIGVzIE1vcnJvYz8gRXMgZW5vcm1lLCDCv25vPw==,RGFzIGhpZXIgaXN0IGFsc28gTW9ycm9jPyBHYW56IHNjaMO2biBncm/Dny4=,Qydlc3QgZG9uYyBpY2ksIE1vcnJvYyA/IEMnZXN0IGltbWVuc2Uu,SmFkaSwgaW5pIE1vcnJvYz8gTHVhcyBzZWthbGku,RGVtZWsgYnVyYXPEsSBNb3Jyb2M/IE9sZHVrw6dhIGdlbmnFn21pxZ8u
1ZCgAQ,6rO86rGw7JeQIOuLpOuluCDsmZXqta3snZgg7IiY64+E7JiA7Jy864uIIOq3uOugh+qyoOyngC4K7J2066CH6rKMIOuEk+ydgOuNsCDrj4TrkZHsnYQg7Ja065a76rKMIOywvuyngD8=,SXQgdXNlZCB0byBiZSB0aGUgY2FwaXRhbCBvZiBhbm90aGVyIGtpbmdkb20sIHNvIEkgc3VwcG9zZSB0aGF0IG1ha2VzIHNlbnNlLgpCdXQgd2l0aCBhIHBsYWNlIHRoaXMgYmlnLCBob3cgYXJlIHdlIHN1cHBvc2VkIHRvIGZpbmQgdGhlIHRoaWVmPw==,,6L+H5Y676L+Z6YeM5pu+5piv5YW25LuW546L5Zu955qE6aaW6YO977yM5Lmf6Zq+5oCq44CCCuWcsOaWuei/meS5iOWkp++8jOimgeaAjuS5iOaJvumCo+S4quWwj+WBt+WViu+8nw==,,4LmA4Lie4Lij4Liy4Liw4LmA4Lih4Li34LmI4Lit4LiB4LmI4Lit4LiZ4LmA4LiE4Lii4LmA4Lib4LmH4LiZ4LmA4Lih4Li34Lit4LiH4Lir4Lil4Lin4LiH4LiC4Lit4LiH4Lit4Li14LiB4Lit4Liy4LiT4Liy4LiI4Lix4LiB4Lij4Lil4LmI4Liw4Lih4Lix4LmJ4LiHCuC4geC4p+C5ieC4suC4h+C4guC4meC4suC4lOC4meC4teC5iSDguIjguLDguKvguLLguKvguLHguKfguILguYLguKHguKLguYTguJTguYnguKLguLHguIfguYTguIfguIHguLHguJk/,,,QW50ZXMgZnVlIGxhIGNhcGl0YWwgZGUgb3RybyByZWlubywgYXPDrSBxdWUgc2Vyw6EgcG9yIGVzby4Kwr9Dw7NtbyB2YW1vcyBhIGVuY29udHJhciBhIHVuIExhZHLDs24gZW4gdW4gc2l0aW8gdGFuIGdyYW5kZT8=,RnLDvGhlciB3YXIgZXMgd29obCBkaWUgSGF1cHRzdGFkdCBlaW5lcyBhbmRlcmVuIEvDtm5pZ3JlaWNocy4KQWJlciB3aWUgc29sbGVuIHdpciBhbiBlaW5lbSBzbyBncm/Dn2VuIE9ydCBkZW4gRGllYiBmaW5kZW4/,w4dhIHNlIGNvbXByZW5kLCBwdWlzcXVlIGMnw6l0YWl0IGF1dHJlZm9pcyBsYSBjYXBpdGFsZSBkJ3VuIGF1dHJlIHJveWF1bWUuCk1haXMgZGFucyB1biBlbmRyb2l0IGF1c3NpIHZhc3RlLCBjb21tZW50IHJldHJvdXZlciBsZSB2b2xldXIgPw==,V2FqYXIgc2FqYSwga2FyZW5hIGR1bHUgaW5pIGlidSBrb3RhIGtlcmFqYWFuIGxhaW4uClRhcGksIGRpIHRlbXBhdCBzZWx1YXMgaW5pIGJhZ2FpbWFuYSBraXRhIGJpc2EgbWVuZW11a2FuIHRoaWVmIGl0dT8=,RXNraWRlbiBiYcWfa2EgYmlyIGtyYWxsxLHEn8SxbiBiYcWfa2VudGl5ZGksIG5vcm1hbGRpci4KQW1hIGLDtnlsZXNpbmUgZ2VuacWfIGJpciB5ZXJkZSBoxLFyc8SxesSxIG5hc8SxbCBidWxhY2HEn8Sxej8=
1pCgAQ,7Jqw7ISgIOuPhOyLnCDrtoHsqr3snLzroZwg64KY6rCA7IScIOyImOyDie2VtOykmC4=,Rmlyc3QsIGhlYWQgbm9ydGggb2YgdGhlIGNpdHkgYW5kIHNlYXJjaCB0aGUgYXJlYS4=,,5YWI5Yiw5Z+O5biC5YyX6L655Y675pCc57Si5ZCn44CC,,4LiB4LmI4Lit4LiZ4Lit4Li34LmI4LiZ4Lit4Lit4LiB4LmE4Lib4LiE4LmJ4LiZ4Lir4Liy4LiX4Liy4LiH4LmA4Lir4LiZ4Li34Lit4LiB4LmI4Lit4LiZ4LmA4LiW4Lit4Liw,,,UHJpbWVybywgc2FsIGFsIG5vcnRlIGRlIGxhIGNpdWRhZCB5IGJ1c2NhIGFsbMOtLg==,R2VoIHp1ZXJzdCBuw7ZyZGxpY2ggYXVzIGRlciBTdGFkdCBoaW5hdXMgdW5kIHN1Y2ggZG9ydC4=,Q29tbWVuY2UgcGFyIHNvcnRpciBhdSBub3JkIGRlIGxhIHZpbGxlIGV0IGZvdWlsbGUgbGVzIGVudmlyb25zLg==,UGVydGFtYSwga2VsdWFybGFoIGtlIHNlYmVsYWggdXRhcmEga290YSBkYW4gY2FyaSBkaSBzYW5hLg==,w5ZuY2UgxZ9laHJpbiBrdXpleWluZSDDp8Sxa8SxcCBldHJhZsSxIGFyYcWfdMSxci4=
15CgAQ,6riw7JmVIOuCmOqwhCDquYDsl5Ag7IKs656M65Ok7J2EIOuPhOyauCDqsrgsIOuqrOyKpO2EsOudvOuPhCDsgqzrg6XtlbQg67O064qUIOqxtCDslrTrlYw/CuyasOyEoCDsi5zrgpjrqqwg65Oc66Gt7ZSE7Iqk67aA7YSwIOyLnOyeke2VmOyekOqzoC4=,U2luY2UgeW914oCZcmUgaGVhZGluZyBvdXQgYW55d2F5LCB3aHkgbm90IGhlbHAgc29tZSBwZW9wbGUgYW5kIGh1bnQgYSBmZXcgbW9uc3RlcnMgd2hpbGUgeW914oCZcmUgYXQgaXQ/CkxldOKAmXMgc3RhcnQgd2l0aCB0aGUgQ2lubmFtb24gRHJvcHMu,,5pei54S26YO95Ye65p2l5LqG77yM5LiN5aaC6aG65L6/5biu5biu5aSn5a6277yM6aG65omL54yO5Yeg5Y+q6a2U54mp5oCO5LmI5qC377yfCuWFiOS7juiCieahguWcn+azouWIqeW8gOWni+WQp+OAgg==,,4LmD4LiZ4LmA4Lih4Li34LmI4Lit4Lit4Lit4LiB4Lih4Liy4LmB4Lil4LmJ4LinIOC4geC5h+C4peC4reC4h+C4iuC5iOC4p+C4ouC5gOC4q+C4peC4t+C4reC4nOC4ueC5ieC4hOC4mSDguKXguYjguLLguKHguK3guJnguKrguYDguJXguK3guKPguYzguYTguJvguJTguYnguKfguKLguYDguJvguYfguJnguYTguIc/IOC5gOC4reC4suC5gOC4m+C5h+C4meC4p+C5iOC4suC5gOC4o+C4tOC5iOC4oeC4iOC4suC4gSBDaW5uYW1vbiBEcm9wcyDguIHguYjguK3guJnguIHguYfguYHguKXguYnguKfguIHguLHguJk=,,,WWEgcXVlIGVzdMOhcyBmdWVyYSwgwr9xdcOpIHRlIHBhcmVjZSBjYXphciBhbGd1bm9zIG1vbnN0cnVvcyBtaWVudHJhcyBheXVkYXMgYSBsYSBnZW50ZT8KRW1wZWNlbW9zIHBvciBsb3MgRHJvcHMgZGUgY2FuZWxhLg==,V2VubiBkdSBzY2hvbiB1bnRlcndlZ3MgYmlzdCwga8O2bm50ZXN0IGR1IGRvY2ggbmViZW5iZWkgYXVjaCBkZW4gTGV1dGVuIGhlbGZlbiB1bmQgZWluIHBhYXIgTW9uc3RlciBqYWdlbi4KRmFuZyBlcnN0IG1hbCBtaXQgZGVuIFppbXQtRHJvcHMgYW4u,UHVpc3F1ZSB0dSBzb3JzIGTDqWrDoCwgcG91cnF1b2kgbmUgcGFzIGVuIHByb2ZpdGVyIHBvdXIgYWlkZXIgbGVzIGdlbnMgZXQgY2hhc3NlciBxdWVscXVlcyBtb25zdHJlcyA/Ck9uIHZhIGNvbW1lbmNlciBwYXIgbGVzIERyb3BzIMOgIGxhIGNhbm5lbGxlLg==,S2FyZW5hIGthbXUgc3VkYWgga2VsdWFyLCBiYWdhaW1hbmEga2FsYXUgc2VrYWxpYW4gbWVtYmFudHUgb3Jhbmctb3JhbmcgZGFuIGJlcmJ1cnUgbW9uc3RlciBqdWdhPwpLaXRhIG11bGFpIGRhcmkgQ2lubmFtb24gRHJvcHMgZHVsdS4=,TWFkZW0gZMSxxZ9hcsSxIMOnxLFrdMSxbiwgaGF6xLFyIGluc2FubGFyYSBkYSB5YXJkxLFtIGV0bWnFn2tlbiBiaXJrYcOnIGNhbmF2YXIgYXZsYW1heWEgbmUgZGVyc2luPwrDlm5jZSBUYXLDp8SxbmzEsSBEcm9wcyBpbGUgYmHFn2xheWFsxLFtLg==
2JCgAQ,7J2MLiDrtoHsqr3sl5DripQg7JeG64qUIOuqqOyWkeyduOqwgCDrs7TrhKQuCuydtOuyiOyXkOuKlCDrgqjsqr0g67CW7J2EIOywvuyVhOu0kCDso7zqsqDslrQ/CuqwgOuKlCDquYDsl5Ag6r2B7ZWcIO2Uve2CpOulvCDsgqzrg6XtlbQg7KSYLg==,SG1tLiBJIGd1ZXNzIGl04oCZcyBub3QgaW4gdGhlIG5vcnRoLgpDb3VsZCB5b3UgY2hlY2sgb3V0c2lkZSB0aGUgc291dGggdGhpcyB0aW1lPwpBbmQgaHVudCBzb21lIFN1bGt5IFBpY2tpZXMgb24gdGhlIHdheS4=,,5Zev77yM55yL5p2l5YyX6L655rKh5pyJ44CCCui/measoeiDveW4ruaIkeWOu+WNl+i+ueWklumdouaJvuaJvuWQl++8nwrpobrkvr/njI7mnYDlh6Dlj6rpl7fpl7fkuI3kuZDnmoTlsI/puKHlkKfjgII=,,4Lit4Li34LihIOC4lOC4ueC5gOC4q+C4oeC4t+C4reC4meC4p+C5iOC4suC4l+C4suC4h+C5gOC4q+C4meC4t+C4reC4iOC4sOC5hOC4oeC5iOC4oeC4teC5geC4ruC4sArguITguKPguLLguKfguJnguLXguYnguIrguYjguKfguKLguYTguJvguKvguLLguYHguJbguKfguJfguLLguIfguYPguJXguYnguYTguJTguYnguYTguKvguKE/CuC4o+C4sOC4q+C4p+C5iOC4suC4h+C4l+C4suC4h+C4geC5h+C4iuC5iOC4p+C4ouC4peC5iOC4siBTdWxreSBQaWNreSDguJTguYnguKfguKLguKXguLA=,,,TW1tLiBQYXJlY2UgcXVlIG5vIGVzdMOhIGFsIG5vcnRlLgrCv1BvZHLDrWFzIGJ1c2NhciBhbCBzdXIgZXN0YSB2ZXo/CkRlIHBhc28sIGNhemEgdW5vcyBQaWNreSBBbXVhZG8u,SG0uIFNpZWh0IHNvIGF1cywgYWxzIHfDpHJlIGRvcnQgaW0gTm9yZGVuIG5pY2h0cy4KS8O2bm50ZXN0IGR1IGRpZXNlcyBNYWwgZHJhdcOfZW4gaW0gU8O8ZGVuIG5hY2hzZWhlbj8KVW5kIHVudGVyd2VncyBlaW4gcGFhciBtw7xycmlzY2hlIFBpY2t5cyBqYWdlbi4=,SG1tLiBPbiBkaXJhaXQgcXUnaWwgbid5IGEgcmllbiBhdSBub3JkLgpUdSBwb3VycmFpcyBhbGxlciB2b2lyIMOgIGwnZXh0w6lyaWV1ciwgYXUgc3VkLCBjZXR0ZSBmb2lzID8KRXQgYXUgcGFzc2FnZSwgY2hhc3NlIHF1ZWxxdWVzIFBpY2t5IGJvdWRldXJzLg==,SG0uIFNlcGVydGlueWEgbWVtYW5nIHRpZGFrIGFkYSBkaSB1dGFyYS4KS2FsaSBpbmksIG1hdWthaCBrYW11IG1lbmNhcmkgZGkgbHVhciBzaXNpIHNlbGF0YW4/ClNla2FsaWFuIGJ1cnUgUGlja3kgQ2VtYmVydXQganVnYS4=,SG1tLiBHw7Zyw7xuw7zFn2UgZ8O2cmUga3V6ZXlkZSBkZcSfaWwuCkJ1IGtleiBnw7xuZXkgZMSxxZ/EsW5hIGJha2FyIG3EsXPEsW4/CkdpZGVya2VuIGvDvHNrw7xuIFBpY2t5bGVyaSBkZSBhdmxhLg==
2ZCgAQ,7J2MLiDrgqjsqr3sl5Drj4Qg7JeG64qUIOqxtOqwgD8K7J2067KI7JeQ64qUIOuCqOuPmeyqveydmCDshozqt7jrnbztirgg7IKs66eJ64+EIOyImOyDie2VtCDspJguCuuMgOuouOumrCDsvZjrj4TrpbQg7IKs64Ol64+EIOu2gO2Dge2VtC4=,SG1tLiBTbyBpdOKAmXMgbm90IGluIHRoZSBzb3V0aCBlaXRoZXI/ClRoZW4gc2VhcmNoIHRoZSBTb2dyYXQgRGVzZXJ0IHRvIHRoZSBzb3V0aGVhc3QgdGhpcyB0aW1lLgpBbmQgcGxlYXNlIGh1bnQgc29tZSBCYWxkIENvbmRvcnMgdG9vLg==,,5Zev77yM5Y2X6L655Lmf5rKh5pyJ5ZCX77yfCui/measoeivt+WOu+aQnOe0ouS4nOWNl+i+ueeahOe0ouagvOaLieeJueaymea8oOOAggrkuZ/mi5zmiZjkvaDnjI7mnYDlh6Dlj6rnp4PlpLTnp4PpubDjgII=,,4Lit4Li34LihIOC4l+C4suC4h+C5g+C4leC5ieC4geC5h+C5hOC4oeC5iOC4oeC4teC5gOC4q+C4oeC4t+C4reC4meC4geC4seC4meC4q+C4o+C4t+C4rQrguIfguLHguYnguJnguITguKPguLLguKfguJnguLXguYnguIrguYjguKfguKLguITguYnguJnguKvguLIgU29ncmF0IERlc2VydCDguJfguLLguIfguJXguLDguKfguLHguJnguK3guK3guIHguYDguInguLXguKLguIfguYPguJXguYnguYPguKvguYnguKvguJnguYjguK3guKIK4LmB4Lil4LmJ4Lin4LiB4LmH4Lid4Liy4LiB4Lil4LmI4LiyIEJhbGQgQ29uZG9yIOC4lOC5ieC4p+C4ouC4peC4sA==,,,TW1tLiDCv1RhbXBvY28gZXN0w6EgYWwgc3VyPwpFc3RhIHZleiwgYnVzY2EgdGFtYmnDqW4gZW4gZWwgRGVzaWVydG8gU29ncmF0LCBhbCBzdXJlc3RlLgpDYXphIHRhbWJpw6luIHVub3MgQ8OzbmRvciBDYWx2bywgcG9yIGZhdm9yLg==,SG0uIEFsc28gYXVjaCBpbSBTw7xkZW4gbmljaHRzPwpEYW5uIGR1cmNoc3VjaCBkaWVzZXMgTWFsIGRpZSBTb2dyYXQtV8O8c3RlIGltIFPDvGRvc3Rlbi4KVW5kIGphZ2UgYml0dGUgYXVjaCBlaW4gcGFhciBnbGF0emvDtnBmaWdlIEtvbmRvcmUu,SG1tLiBJbCBuJ3kgYSByaWVuIG5vbiBwbHVzIGF1IHN1ZCA/CkFsb3JzIGZvdWlsbGUgYXVzc2kgbGUgRMOpc2VydCBkZSBTb2dyYXQsIGF1IHN1ZC1lc3QsIGNldHRlIGZvaXMuCkV0IGpldHRlIGF1c3NpIHRvbiBkw6l2b2x1IHN1ciBxdWVscXVlcyBDb25kb3IgY2hhdXZlcy4=,SG0uIEphZGkgZGkgc2VsYXRhbiBqdWdhIHRpZGFrIGFkYT8KS2FsYXUgYmVnaXR1LCBrYWxpIGluaSBjYXJpbGFoIGp1Z2EgZGkgU29ncmF0IERlc2VydCBzZWJlbGFoIHRlbmdnYXJhLgpUb2xvbmcgYnVydSBDb25kb3IgQm90YWsganVnYS4=,SG1tLiBHw7xuZXlkZSBkZSBtaSB5b2s/CkJ1IGtleiBnw7xuZXlkb8SfdWRha2kgU29ncmF0IMOHw7Zsw7wnbsO8IGRlIGFyYcWfdMSxci4KS2VsIEtvbmRvcmxhcsSxIGRhIGF2bGFtYW7EsSBpc3RpeW9ydW0u
2pCgAQ,6rKM7Y6cIOuwqe2WpeycvOuhnCDqsJTri6Trgpgg67SQLiDsmrDrpqzrj4Qg6re47Kq97Jy866GcIOqwgOyVvOqyoOyWtC4=,TG9va3MgbGlrZSB0aGV5IGhlYWRlZCB0b3dhcmQgR2VmZmVuLiBXZSBzaG91bGQgZ28gdGhhdCB3YXkgdG9vLg==,,55yL5p2l5piv5b6A5ZCJ6Iqs5pa55ZCR5Y675LqG44CC5oiR5Lus5Lmf5b6X5b6A6YKj6L656LWw44CC,,4LmA4Lir4LmH4LiZ4Lin4LmI4Liy4LmE4Lib4LiX4Liy4LiHIEdlZmZlbiDguJnguYjguLAg4Lie4Lin4LiB4LmA4Lij4Liy4LiB4LmH4LiV4LmJ4Lit4LiH4LmE4Lib4LiX4Liy4LiH4LiZ4Lix4LmJ4LiZ4LmA4Lir4Lih4Li34Lit4LiZ4LiB4Lix4LiZ,,,UGFyZWNlIHF1ZSBzZSBoYSBpZG8gaGFjaWEgR2VmZmVuLiBUZW5kcmVtb3MgcXVlIGlyIGFsbMOtIHRhbWJpw6luLg==,QW5zY2hlaW5lbmQgaXN0IGVyIGluIFJpY2h0dW5nIEdlZmZlbiBnZWdhbmdlbi4gV2lyIHNvbGx0ZW4gYXVjaCBkb3J0aGluLg==,SWwgcGFyYcOudCBxdSdpbCBlc3QgcGFydGkgZW4gZGlyZWN0aW9uIGRlIEdlZmZlbi4gTm91cyBhdXNzaSwgaWwgdmEgZmFsbG9pciBhbGxlciBwYXIgbMOgLg==,S2F0YW55YSBkaWEgcGVyZ2kga2UgYXJhaCBHZWZmZW4uIEtpdGEganVnYSBoYXJ1cyBrZSBzYW5hLg==,R2FsaWJhIEdlZmZlbiB5w7Zuw7xuZSBnaXRtacWfLiBCaXppbSBkZSBvIHRhcmFmYSBnaXRtZW1peiBnZXJlay4=
25CgAQ,6rCA67CpIOyigCDruYTsmrDqs6Ag64uk7IucIOyYpOyngCDqt7jrnpgu,WW91IG1pZ2h0IHdhbnQgdG8gZW1wdHkgeW91ciBiYWcgYW5kIGNvbWUgYmFjaw==,,5oqK6IOM5YyF5riF5LiA5riF5YaN5p2l5ZCn44CC,,4Lil4Lit4LiH4LmA4Lit4Liy4LmE4Lit4LmA4LiX4Lih4Lit4Lit4LiB4LiI4Liy4LiB4LiB4Lij4Liw4LmA4Lib4LmL4Liy4LiB4LmI4Lit4LiZIOC5geC4peC5ieC4p+C4hOC5iOC4reC4ouC4geC4peC4seC4muC4oeC4suC5g+C4q+C4oeC5iOC4meC4sA==,,,wr9Qb3IgcXXDqSBubyB2YWPDrWFzIHVuIHBvY28gbGEgbW9jaGlsYSB5IHZ1ZWx2ZXM/,V2llIHfDpHLigJlzLCB3ZW5uIGR1IGVyc3QgbWFsIGRlaW5lIFRhc2NoZSBsZWVyc3QgdW5kIGRhbm4gd2llZGVya29tbXN0Pw==,UG91cnF1b2kgbmUgcGFzIHZpZGVyIHVuIHBldSB2b3RyZSBzYWMgZXQgcmV2ZW5pciA/,U2ViYWlrbnlhIGtvc29uZ2thbiB0YXNtdSBkdWx1IGxhbHUga2VtYmFsaS4=,w4dhbnRhbsSxIGJpcmF6IGJvxZ9hbHQgZGEgw7Z5bGUgZ2VsLg==
